task,method,prefix,seed_count,metric,mean,standard_error,median,q10,q25,q75,q90,iqr
covtype_label_bandit,frozen_reference_corrected_cholesky,32,1,D_Q_minus_d_Th,0.004818896499438671,0.0,0.004818896499438671,0.004818896499438671,0.004818896499438671,0.004818896499438671,0.004818896499438671,0.0
covtype_label_bandit,frozen_reference_corrected_cholesky,32,1,D_Q_over_d_Th,20090.81871784787,0.0,20090.81871784787,20090.81871784787,20090.81871784787,20090.81871784787,20090.81871784787,0.0
covtype_label_bandit,frozen_reference_corrected_cholesky,32,1,action_accuracy,0.03125,0.0,0.03125,0.03125,0.03125,0.03125,0.03125,0.0
covtype_label_bandit,frozen_reference_corrected_cholesky,32,1,action_scoring_seconds,0.0036476600798778236,0.0,0.0036476600798778236,0.0036476600798778236,0.0036476600798778236,0.0036476600798778236,0.0036476600798778236,0.0
covtype_label_bandit,frozen_reference_corrected_cholesky,32,1,algorithm_seconds,1.2799101629061624,0.0,1.2799101629061624,1.2799101629061624,1.2799101629061624,1.2799101629061624,1.2799101629061624,0.0
covtype_label_bandit,frozen_reference_corrected_cholesky,32,1,cg_iterations,0.0,0.0,0.0,0.0,0.0,0.0,0.0,0.0
covtype_label_bandit,frozen_reference_corrected_cholesky,32,1,cg_matvecs,0.0,0.0,0.0,0.0,0.0,0.0,0.0,0.0
covtype_label_bandit,frozen_reference_corrected_cholesky,32,1,cumulative_regret,24.80000000000001,0.0,24.80000000000001,24.80000000000001,24.80000000000001,24.80000000000001,24.80000000000001,0.0
covtype_label_bandit,frozen_reference_corrected_cholesky,32,1,current_misspecification_envelope,0.0,0.0,0.0,0.0,0.0,0.0,0.0,0.0
covtype_label_bandit,frozen_reference_corrected_cholesky,32,1,data_loading_seconds,0.015451621962711215,0.0,0.015451621962711215,0.015451621962711215,0.015451621962711215,0.015451621962711215,0.015451621962711215,0.0
covtype_label_bandit,frozen_reference_corrected_cholesky,32,1,diagnostic_seconds,0.05954838893376291,0.0,0.05954838893376291,0.05954838893376291,0.05954838893376291,0.05954838893376291,0.05954838893376291,0.0
covtype_label_bandit,frozen_reference_corrected_cholesky,32,1,end_to_end_round_seconds,1.3458290401031263,0.0,1.3458290401031263,1.3458290401031263,1.3458290401031263,1.3458290401031263,1.3458290401031263,0.0
covtype_label_bandit,frozen_reference_corrected_cholesky,32,1,fraction_bonus_below_gap,0.0,0.0,0.0,0.0,0.0,0.0,0.0,0.0
covtype_label_bandit,frozen_reference_corrected_cholesky,32,1,fraction_bonus_exceeds_range,1.0,0.0,1.0,1.0,1.0,1.0,1.0,0.0
covtype_label_bandit,frozen_reference_corrected_cholesky,32,1,historical_misspecification_envelope,0.0,0.0,0.0,0.0,0.0,0.0,0.0,0.0
covtype_label_bandit,frozen_reference_corrected_cholesky,32,1,kappa_minus,1.0,0.0,1.0,1.0,1.0,1.0,1.0,0.0
covtype_label_bandit,frozen_reference_corrected_cholesky,32,1,logical_operator_bytes,276768.0,0.0,276768.0,276768.0,276768.0,276768.0,276768.0,0.0
covtype_label_bandit,frozen_reference_corrected_cholesky,32,1,operator_construction_seconds,0.0,0.0,0.0,0.0,0.0,0.0,0.0,0.0
covtype_label_bandit,frozen_reference_corrected_cholesky,32,1,peak_rss_bytes,475742208.0,0.0,475742208.0,475742208.0,475742208.0,475742208.0,475742208.0,0.0
covtype_label_bandit,frozen_reference_corrected_cholesky,32,1,preprocessing_seconds,0.03642051498172805,0.0,0.03642051498172805,0.03642051498172805,0.03642051498172805,0.03642051498172805,0.03642051498172805,0.0
covtype_label_bandit,frozen_reference_corrected_cholesky,32,1,representation_update_seconds,0.22259350994136184,0.0,0.22259350994136184,0.22259350994136184,0.22259350994136184,0.22259350994136184,0.22259350994136184,0.0
covtype_label_bandit,frozen_reference_corrected_cholesky,32,1,solver_alpha,1.0,0.0,1.0,1.0,1.0,1.0,1.0,0.0
covtype_label_bandit,frozen_reference_corrected_cholesky,32,1,solver_seconds,0.48388719698414207,0.0,0.48388719698414207,0.48388719698414207,0.48388719698414207,0.48388719698414207,0.48388719698414207,0.0
covtype_label_bandit,frozen_reference_corrected_cholesky,32,1,teacher_environment_seconds,0.008029669988900423,0.0,0.008029669988900423,0.008029669988900423,0.008029669988900423,0.008029669988900423,0.008029669988900423,0.0
covtype_label_bandit,frozen_reference_corrected_cholesky,32,1,transport_certificate_seconds,0.0,0.0,0.0,0.0,0.0,0.0,0.0,0.0
covtype_label_bandit,frozen_reference_corrected_cholesky,32,1,width_upper_over_exact,1.0,0.0,1.0,1.0,1.0,1.0,1.0,0.0
covtype_label_bandit,greedy_corrected,32,1,D_Q_minus_d_Th,0.005938483490386188,0.0,0.005938483490386188,0.005938483490386188,0.005938483490386188,0.005938483490386188,0.005938483490386188,0.0
covtype_label_bandit,greedy_corrected,32,1,D_Q_over_d_Th,12622.48131046838,0.0,12622.48131046838,12622.48131046838,12622.48131046838,12622.48131046838,12622.48131046838,0.0
covtype_label_bandit,greedy_corrected,32,1,action_accuracy,0.125,0.0,0.125,0.125,0.125,0.125,0.125,0.0
covtype_label_bandit,greedy_corrected,32,1,action_scoring_seconds,0.0029617808177135885,0.0,0.0029617808177135885,0.0029617808177135885,0.0029617808177135885,0.0029617808177135885,0.0029617808177135885,0.0
covtype_label_bandit,greedy_corrected,32,1,algorithm_seconds,0.7851298056775704,0.0,0.7851298056775704,0.7851298056775704,0.7851298056775704,0.7851298056775704,0.7851298056775704,0.0
covtype_label_bandit,greedy_corrected,32,1,cg_iterations,0.0,0.0,0.0,0.0,0.0,0.0,0.0,0.0
covtype_label_bandit,greedy_corrected,32,1,cg_matvecs,0.0,0.0,0.0,0.0,0.0,0.0,0.0,0.0
covtype_label_bandit,greedy_corrected,32,1,cumulative_regret,22.40000000000001,0.0,22.40000000000001,22.40000000000001,22.40000000000001,22.40000000000001,22.40000000000001,0.0
covtype_label_bandit,greedy_corrected,32,1,current_misspecification_envelope,0.0,0.0,0.0,0.0,0.0,0.0,0.0,0.0
covtype_label_bandit,greedy_corrected,32,1,data_loading_seconds,0.015451621962711215,0.0,0.015451621962711215,0.015451621962711215,0.015451621962711215,0.015451621962711215,0.015451621962711215,0.0
covtype_label_bandit,greedy_corrected,32,1,diagnostic_seconds,0.5259745579678565,0.0,0.5259745579678565,0.5259745579678565,0.5259745579678565,0.5259745579678565,0.5259745579678565,0.0
covtype_label_bandit,greedy_corrected,32,1,end_to_end_round_seconds,1.3174182659713551,0.0,1.3174182659713551,1.3174182659713551,1.3174182659713551,1.3174182659713551,1.3174182659713551,0.0
covtype_label_bandit,greedy_corrected,32,1,fraction_bonus_below_gap,1.0,0.0,1.0,1.0,1.0,1.0,1.0,0.0
covtype_label_bandit,greedy_corrected,32,1,fraction_bonus_exceeds_range,0.0,0.0,0.0,0.0,0.0,0.0,0.0,0.0
covtype_label_bandit,greedy_corrected,32,1,historical_misspecification_envelope,0.0,0.0,0.0,0.0,0.0,0.0,0.0,0.0
covtype_label_bandit,greedy_corrected,32,1,kappa_minus,1.0,0.0,1.0,1.0,1.0,1.0,1.0,0.0
covtype_label_bandit,greedy_corrected,32,1,logical_operator_bytes,0.0,0.0,0.0,0.0,0.0,0.0,0.0,0.0
covtype_label_bandit,greedy_corrected,32,1,operator_construction_seconds,0.0,0.0,0.0,0.0,0.0,0.0,0.0,0.0
covtype_label_bandit,greedy_corrected,32,1,peak_rss_bytes,426119168.0,0.0,426119168.0,426119168.0,426119168.0,426119168.0,426119168.0,0.0
covtype_label_bandit,greedy_corrected,32,1,preprocessing_seconds,0.03642051498172805,0.0,0.03642051498172805,0.03642051498172805,0.03642051498172805,0.03642051498172805,0.03642051498172805,0.0
covtype_label_bandit,greedy_corrected,32,1,representation_update_seconds,0.20463728002505377,0.0,0.20463728002505377,0.20463728002505377,0.20463728002505377,0.20463728002505377,0.20463728002505377,0.0
covtype_label_bandit,greedy_corrected,32,1,solver_seconds,0.0,0.0,0.0,0.0,0.0,0.0,0.0,0.0
covtype_label_bandit,greedy_corrected,32,1,teacher_environment_seconds,0.008029669988900423,0.0,0.008029669988900423,0.008029669988900423,0.008029669988900423,0.008029669988900423,0.008029669988900423,0.0
covtype_label_bandit,greedy_corrected,32,1,transport_certificate_seconds,0.0,0.0,0.0,0.0,0.0,0.0,0.0,0.0
covtype_label_bandit,linucb_fixed_features,32,1,action_accuracy,0.1875,0.0,0.1875,0.1875,0.1875,0.1875,0.1875,0.0
covtype_label_bandit,linucb_fixed_features,32,1,action_scoring_seconds,0.0032661676523275673,0.0,0.0032661676523275673,0.0032661676523275673,0.0032661676523275673,0.0032661676523275673,0.0032661676523275673,0.0
covtype_label_bandit,linucb_fixed_features,32,1,algorithm_seconds,0.933628985832911,0.0,0.933628985832911,0.933628985832911,0.933628985832911,0.933628985832911,0.933628985832911,0.0
covtype_label_bandit,linucb_fixed_features,32,1,cg_iterations,0.0,0.0,0.0,0.0,0.0,0.0,0.0,0.0
covtype_label_bandit,linucb_fixed_features,32,1,cg_matvecs,0.0,0.0,0.0,0.0,0.0,0.0,0.0,0.0
covtype_label_bandit,linucb_fixed_features,32,1,cumulative_regret,20.800000000000008,0.0,20.800000000000008,20.800000000000008,20.800000000000008,20.800000000000008,20.800000000000008,0.0
covtype_label_bandit,linucb_fixed_features,32,1,data_loading_seconds,0.015451621962711215,0.0,0.015451621962711215,0.015451621962711215,0.015451621962711215,0.015451621962711215,0.015451621962711215,0.0
covtype_label_bandit,linucb_fixed_features,32,1,diagnostic_seconds,0.0,0.0,0.0,0.0,0.0,0.0,0.0,0.0
covtype_label_bandit,linucb_fixed_features,32,1,end_to_end_round_seconds,0.9717912341584451,0.0,0.9717912341584451,0.9717912341584451,0.9717912341584451,0.9717912341584451,0.9717912341584451,0.0
covtype_label_bandit,linucb_fixed_features,32,1,fraction_bonus_below_gap,0.125,0.0,0.125,0.125,0.125,0.125,0.125,0.0
covtype_label_bandit,linucb_fixed_features,32,1,fraction_bonus_exceeds_range,0.875,0.0,0.875,0.875,0.875,0.875,0.875,0.0
covtype_label_bandit,linucb_fixed_features,32,1,logical_operator_bytes,276768.0,0.0,276768.0,276768.0,276768.0,276768.0,276768.0,0.0
covtype_label_bandit,linucb_fixed_features,32,1,operator_construction_seconds,0.0,0.0,0.0,0.0,0.0,0.0,0.0,0.0
covtype_label_bandit,linucb_fixed_features,32,1,peak_rss_bytes,432160768.0,0.0,432160768.0,432160768.0,432160768.0,432160768.0,432160768.0,0.0
covtype_label_bandit,linucb_fixed_features,32,1,preprocessing_seconds,0.03642051498172805,0.0,0.03642051498172805,0.03642051498172805,0.03642051498172805,0.03642051498172805,0.03642051498172805,0.0
covtype_label_bandit,linucb_fixed_features,32,1,representation_update_seconds,0.01453820097958669,0.0,0.01453820097958669,0.01453820097958669,0.01453820097958669,0.01453820097958669,0.01453820097958669,0.0
covtype_label_bandit,linucb_fixed_features,32,1,solver_alpha,1.0,0.0,1.0,1.0,1.0,1.0,1.0,0.0
covtype_label_bandit,linucb_fixed_features,32,1,solver_seconds,0.9158246172009967,0.0,0.9158246172009967,0.9158246172009967,0.9158246172009967,0.9158246172009967,0.9158246172009967,0.0
covtype_label_bandit,linucb_fixed_features,32,1,teacher_environment_seconds,0.008029669988900423,0.0,0.008029669988900423,0.008029669988900423,0.008029669988900423,0.008029669988900423,0.008029669988900423,0.0
covtype_label_bandit,linucb_fixed_features,32,1,transport_certificate_seconds,0.0,0.0,0.0,0.0,0.0,0.0,0.0,0.0
covtype_label_bandit,linucb_fixed_features,32,1,width_upper_over_exact,1.0,0.0,1.0,1.0,1.0,1.0,1.0,0.0
covtype_label_bandit,naive_current_corrected_cholesky,32,1,D_Q_minus_d_Th,0.004763656150409572,0.0,0.004763656150409572,0.004763656150409572,0.004763656150409572,0.004763656150409572,0.004763656150409572,0.0
covtype_label_bandit,naive_current_corrected_cholesky,32,1,D_Q_over_d_Th,16776.77617880058,0.0,16776.77617880058,16776.77617880058,16776.77617880058,16776.77617880058,16776.77617880058,0.0
covtype_label_bandit,naive_current_corrected_cholesky,32,1,action_accuracy,0.09375,0.0,0.09375,0.09375,0.09375,0.09375,0.09375,0.0
covtype_label_bandit,naive_current_corrected_cholesky,32,1,action_scoring_seconds,0.003794176795054227,0.0,0.003794176795054227,0.003794176795054227,0.003794176795054227,0.003794176795054227,0.003794176795054227,0.0
covtype_label_bandit,naive_current_corrected_cholesky,32,1,algorithm_seconds,1.7555995238944888,0.0,1.7555995238944888,1.7555995238944888,1.7555995238944888,1.7555995238944888,1.7555995238944888,0.0
covtype_label_bandit,naive_current_corrected_cholesky,32,1,cg_iterations,0.0,0.0,0.0,0.0,0.0,0.0,0.0,0.0
covtype_label_bandit,naive_current_corrected_cholesky,32,1,cg_matvecs,0.0,0.0,0.0,0.0,0.0,0.0,0.0,0.0
covtype_label_bandit,naive_current_corrected_cholesky,32,1,cumulative_regret,23.20000000000001,0.0,23.20000000000001,23.20000000000001,23.20000000000001,23.20000000000001,23.20000000000001,0.0
covtype_label_bandit,naive_current_corrected_cholesky,32,1,current_misspecification_envelope,0.0,0.0,0.0,0.0,0.0,0.0,0.0,0.0
covtype_label_bandit,naive_current_corrected_cholesky,32,1,data_loading_seconds,0.015451621962711215,0.0,0.015451621962711215,0.015451621962711215,0.015451621962711215,0.015451621962711215,0.015451621962711215,0.0
covtype_label_bandit,naive_current_corrected_cholesky,32,1,diagnostic_seconds,0.5227911491529085,0.0,0.5227911491529085,0.5227911491529085,0.5227911491529085,0.5227911491529085,0.5227911491529085,0.0
covtype_label_bandit,naive_current_corrected_cholesky,32,1,end_to_end_round_seconds,2.2848416230408475,0.0,2.2848416230408475,2.2848416230408475,2.2848416230408475,2.2848416230408475,2.2848416230408475,0.0
covtype_label_bandit,naive_current_corrected_cholesky,32,1,fraction_bonus_below_gap,0.0,0.0,0.0,0.0,0.0,0.0,0.0,0.0
covtype_label_bandit,naive_current_corrected_cholesky,32,1,fraction_bonus_exceeds_range,1.0,0.0,1.0,1.0,1.0,1.0,1.0,0.0
covtype_label_bandit,naive_current_corrected_cholesky,32,1,historical_misspecification_envelope,0.0,0.0,0.0,0.0,0.0,0.0,0.0,0.0
covtype_label_bandit,naive_current_corrected_cholesky,32,1,kappa_minus,1.0,0.0,1.0,1.0,1.0,1.0,1.0,0.0
covtype_label_bandit,naive_current_corrected_cholesky,32,1,logical_operator_bytes,276768.0,0.0,276768.0,276768.0,276768.0,276768.0,276768.0,0.0
covtype_label_bandit,naive_current_corrected_cholesky,32,1,operator_construction_seconds,0.48701770190382376,0.0,0.48701770190382376,0.48701770190382376,0.48701770190382376,0.48701770190382376,0.48701770190382376,0.0
covtype_label_bandit,naive_current_corrected_cholesky,32,1,peak_rss_bytes,469786624.0,0.0,469786624.0,469786624.0,469786624.0,469786624.0,469786624.0,0.0
covtype_label_bandit,naive_current_corrected_cholesky,32,1,preprocessing_seconds,0.03642051498172805,0.0,0.03642051498172805,0.03642051498172805,0.03642051498172805,0.03642051498172805,0.03642051498172805,0.0
covtype_label_bandit,naive_current_corrected_cholesky,32,1,representation_update_seconds,0.22685498313512653,0.0,0.22685498313512653,0.22685498313512653,0.22685498313512653,0.22685498313512653,0.22685498313512653,0.0
covtype_label_bandit,naive_current_corrected_cholesky,32,1,solver_alpha,1.0,0.0,1.0,1.0,1.0,1.0,1.0,0.0
covtype_label_bandit,naive_current_corrected_cholesky,32,1,solver_seconds,0.4826123539824039,0.0,0.4826123539824039,0.4826123539824039,0.4826123539824039,0.4826123539824039,0.4826123539824039,0.0
covtype_label_bandit,naive_current_corrected_cholesky,32,1,teacher_environment_seconds,0.008029669988900423,0.0,0.008029669988900423,0.008029669988900423,0.008029669988900423,0.008029669988900423,0.008029669988900423,0.0
covtype_label_bandit,naive_current_corrected_cholesky,32,1,transport_certificate_seconds,0.0,0.0,0.0,0.0,0.0,0.0,0.0,0.0
covtype_label_bandit,naive_current_corrected_cholesky,32,1,width_upper_over_exact,1.0,0.0,1.0,1.0,1.0,1.0,1.0,0.0
covtype_label_bandit,transport_endpoint_corrected_cholesky,32,1,D_Q_minus_d_Th,0.0036976530007905403,0.0,0.0036976530007905403,0.0036976530007905403,0.0036976530007905403,0.0036976530007905403,0.0036976530007905403,0.0
covtype_label_bandit,transport_endpoint_corrected_cholesky,32,1,D_Q_over_d_Th,29559.178978483786,0.0,29559.178978483786,29559.178978483786,29559.178978483786,29559.178978483786,29559.178978483786,0.0
covtype_label_bandit,transport_endpoint_corrected_cholesky,32,1,action_accuracy,0.09375,0.0,0.09375,0.09375,0.09375,0.09375,0.09375,0.0
covtype_label_bandit,transport_endpoint_corrected_cholesky,32,1,action_scoring_seconds,0.00376856786897406,0.0,0.00376856786897406,0.00376856786897406,0.00376856786897406,0.00376856786897406,0.00376856786897406,0.0
covtype_label_bandit,transport_endpoint_corrected_cholesky,32,1,algorithm_seconds,2.074066035449505,0.0,2.074066035449505,2.074066035449505,2.074066035449505,2.074066035449505,2.074066035449505,0.0
covtype_label_bandit,transport_endpoint_corrected_cholesky,32,1,cg_iterations,0.0,0.0,0.0,0.0,0.0,0.0,0.0,0.0
covtype_label_bandit,transport_endpoint_corrected_cholesky,32,1,cg_matvecs,0.0,0.0,0.0,0.0,0.0,0.0,0.0,0.0
covtype_label_bandit,transport_endpoint_corrected_cholesky,32,1,cumulative_regret,23.20000000000001,0.0,23.20000000000001,23.20000000000001,23.20000000000001,23.20000000000001,23.20000000000001,0.0
covtype_label_bandit,transport_endpoint_corrected_cholesky,32,1,current_misspecification_envelope,0.0,0.0,0.0,0.0,0.0,0.0,0.0,0.0
covtype_label_bandit,transport_endpoint_corrected_cholesky,32,1,data_loading_seconds,0.015451621962711215,0.0,0.015451621962711215,0.015451621962711215,0.015451621962711215,0.015451621962711215,0.015451621962711215,0.0
covtype_label_bandit,transport_endpoint_corrected_cholesky,32,1,diagnostic_seconds,0.48163803783245385,0.0,0.48163803783245385,0.48163803783245385,0.48163803783245385,0.48163803783245385,0.48163803783245385,0.0
covtype_label_bandit,transport_endpoint_corrected_cholesky,32,1,end_to_end_round_seconds,2.5630315561429597,0.0,2.5630315561429597,2.5630315561429597,2.5630315561429597,2.5630315561429597,2.5630315561429597,0.0
covtype_label_bandit,transport_endpoint_corrected_cholesky,32,1,fraction_bonus_below_gap,0.0,0.0,0.0,0.0,0.0,0.0,0.0,0.0
covtype_label_bandit,transport_endpoint_corrected_cholesky,32,1,fraction_bonus_exceeds_range,1.0,0.0,1.0,1.0,1.0,1.0,1.0,0.0
covtype_label_bandit,transport_endpoint_corrected_cholesky,32,1,historical_misspecification_envelope,0.0,0.0,0.0,0.0,0.0,0.0,0.0,0.0
covtype_label_bandit,transport_endpoint_corrected_cholesky,32,1,kappa_minus,1.0,0.0,1.0,1.0,1.0,1.0,1.0,0.0
covtype_label_bandit,transport_endpoint_corrected_cholesky,32,1,logical_operator_bytes,276768.0,0.0,276768.0,276768.0,276768.0,276768.0,276768.0,0.0
covtype_label_bandit,transport_endpoint_corrected_cholesky,32,1,operator_construction_seconds,0.48983839916763827,0.0,0.48983839916763827,0.48983839916763827,0.48983839916763827,0.48983839916763827,0.48983839916763827,0.0
covtype_label_bandit,transport_endpoint_corrected_cholesky,32,1,peak_rss_bytes,478961664.0,0.0,478961664.0,478961664.0,478961664.0,478961664.0,478961664.0,0.0
covtype_label_bandit,transport_endpoint_corrected_cholesky,32,1,preprocessing_seconds,0.03642051498172805,0.0,0.03642051498172805,0.03642051498172805,0.03642051498172805,0.03642051498172805,0.03642051498172805,0.0
covtype_label_bandit,transport_endpoint_corrected_cholesky,32,1,representation_update_seconds,0.21549325936939567,0.0,0.21549325936939567,0.21549325936939567,0.21549325936939567,0.21549325936939567,0.21549325936939567,0.0
covtype_label_bandit,transport_endpoint_corrected_cholesky,32,1,solver_alpha,1.0,0.0,1.0,1.0,1.0,1.0,1.0,0.0
covtype_label_bandit,transport_endpoint_corrected_cholesky,32,1,solver_seconds,0.48448514693882316,0.0,0.48448514693882316,0.48448514693882316,0.48448514693882316,0.48448514693882316,0.48448514693882316,0.0
covtype_label_bandit,transport_endpoint_corrected_cholesky,32,1,teacher_environment_seconds,0.008029669988900423,0.0,0.008029669988900423,0.008029669988900423,0.008029669988900423,0.008029669988900423,0.008029669988900423,0.0
covtype_label_bandit,transport_endpoint_corrected_cholesky,32,1,transport_certificate_seconds,0.3084854292101227,0.0,0.3084854292101227,0.3084854292101227,0.3084854292101227,0.3084854292101227,0.3084854292101227,0.0
covtype_label_bandit,transport_endpoint_corrected_cholesky,32,1,width_upper_over_exact,1.0,0.0,1.0,1.0,1.0,1.0,1.0,0.0
covtype_label_bandit,transport_exact_corrected_cg_1e-4,32,1,D_Q_minus_d_Th,0.005249538116939091,0.0,0.005249538116939091,0.005249538116939091,0.005249538116939091,0.005249538116939091,0.005249538116939091,0.0
covtype_label_bandit,transport_exact_corrected_cg_1e-4,32,1,D_Q_over_d_Th,23049.911890100582,0.0,23049.911890100582,23049.911890100582,23049.911890100582,23049.911890100582,23049.911890100582,0.0
covtype_label_bandit,transport_exact_corrected_cg_1e-4,32,1,action_accuracy,0.09375,0.0,0.09375,0.09375,0.09375,0.09375,0.09375,0.0
covtype_label_bandit,transport_exact_corrected_cg_1e-4,32,1,action_scoring_seconds,0.0031562208896502852,0.0,0.0031562208896502852,0.0031562208896502852,0.0031562208896502852,0.0031562208896502852,0.0031562208896502852,0.0
covtype_label_bandit,transport_exact_corrected_cg_1e-4,32,1,algorithm_seconds,1.63423218234675,0.0,1.63423218234675,1.63423218234675,1.63423218234675,1.63423218234675,1.63423218234675,0.0
covtype_label_bandit,transport_exact_corrected_cg_1e-4,32,1,cg_iterations,2725.0,0.0,2725.0,2725.0,2725.0,2725.0,2725.0,0.0
covtype_label_bandit,transport_exact_corrected_cg_1e-4,32,1,cg_matvecs,3365.0,0.0,3365.0,3365.0,3365.0,3365.0,3365.0,0.0
covtype_label_bandit,transport_exact_corrected_cg_1e-4,32,1,cumulative_regret,23.20000000000001,0.0,23.20000000000001,23.20000000000001,23.20000000000001,23.20000000000001,23.20000000000001,0.0
covtype_label_bandit,transport_exact_corrected_cg_1e-4,32,1,current_misspecification_envelope,0.0,0.0,0.0,0.0,0.0,0.0,0.0,0.0
covtype_label_bandit,transport_exact_corrected_cg_1e-4,32,1,data_loading_seconds,0.015451621962711215,0.0,0.015451621962711215,0.015451621962711215,0.015451621962711215,0.015451621962711215,0.015451621962711215,0.0
covtype_label_bandit,transport_exact_corrected_cg_1e-4,32,1,diagnostic_seconds,0.551675216818694,0.0,0.551675216818694,0.551675216818694,0.551675216818694,0.551675216818694,0.551675216818694,0.0
covtype_label_bandit,transport_exact_corrected_cg_1e-4,32,1,end_to_end_round_seconds,2.2014610318583436,0.0,2.2014610318583436,2.2014610318583436,2.2014610318583436,2.2014610318583436,2.2014610318583436,0.0
covtype_label_bandit,transport_exact_corrected_cg_1e-4,32,1,fraction_bonus_below_gap,0.0,0.0,0.0,0.0,0.0,0.0,0.0,0.0
covtype_label_bandit,transport_exact_corrected_cg_1e-4,32,1,fraction_bonus_exceeds_range,1.0,0.0,1.0,1.0,1.0,1.0,1.0,0.0
covtype_label_bandit,transport_exact_corrected_cg_1e-4,32,1,historical_misspecification_envelope,0.0,0.0,0.0,0.0,0.0,0.0,0.0,0.0
covtype_label_bandit,transport_exact_corrected_cg_1e-4,32,1,kappa_minus,1.0,0.0,1.0,1.0,1.0,1.0,1.0,0.0
covtype_label_bandit,transport_exact_corrected_cg_1e-4,32,1,logical_operator_bytes,276768.0,0.0,276768.0,276768.0,276768.0,276768.0,276768.0,0.0
covtype_label_bandit,transport_exact_corrected_cg_1e-4,32,1,operator_construction_seconds,0.46675184095511213,0.0,0.46675184095511213,0.46675184095511213,0.46675184095511213,0.46675184095511213,0.46675184095511213,0.0
covtype_label_bandit,transport_exact_corrected_cg_1e-4,32,1,peak_rss_bytes,457363456.0,0.0,457363456.0,457363456.0,457363456.0,457363456.0,457363456.0,0.0
covtype_label_bandit,transport_exact_corrected_cg_1e-4,32,1,preprocessing_seconds,0.03642051498172805,0.0,0.03642051498172805,0.03642051498172805,0.03642051498172805,0.03642051498172805,0.03642051498172805,0.0
covtype_label_bandit,transport_exact_corrected_cg_1e-4,32,1,representation_update_seconds,0.22337182669434696,0.0,0.22337182669434696,0.22337182669434696,0.22337182669434696,0.22337182669434696,0.22337182669434696,0.0
covtype_label_bandit,transport_exact_corrected_cg_1e-4,32,1,solver_alpha,1.0000965128213157,0.0,1.0000965128213157,1.0000965128213157,1.0000965128213157,1.0000965128213157,1.0000965128213157,0.0
covtype_label_bandit,transport_exact_corrected_cg_1e-4,32,1,solver_seconds,0.3337173839681782,0.0,0.3337173839681782,0.3337173839681782,0.3337173839681782,0.3337173839681782,0.3337173839681782,0.0
covtype_label_bandit,transport_exact_corrected_cg_1e-4,32,1,teacher_environment_seconds,0.008029669988900423,0.0,0.008029669988900423,0.008029669988900423,0.008029669988900423,0.008029669988900423,0.008029669988900423,0.0
covtype_label_bandit,transport_exact_corrected_cg_1e-4,32,1,transport_certificate_seconds,0.0,0.0,0.0,0.0,0.0,0.0,0.0,0.0
covtype_label_bandit,transport_exact_corrected_cg_1e-4,32,1,width_upper_over_exact,1.0000331569264136,0.0,1.0000331569264136,1.0000331569264136,1.0000331569264136,1.0000331569264136,1.0000331569264136,0.0
covtype_label_bandit,transport_exact_corrected_cholesky,32,1,D_Q_minus_d_Th,0.004763656150409572,0.0,0.004763656150409572,0.004763656150409572,0.004763656150409572,0.004763656150409572,0.004763656150409572,0.0
covtype_label_bandit,transport_exact_corrected_cholesky,32,1,D_Q_over_d_Th,16776.77617880058,0.0,16776.77617880058,16776.77617880058,16776.77617880058,16776.77617880058,16776.77617880058,0.0
covtype_label_bandit,transport_exact_corrected_cholesky,32,1,action_accuracy,0.09375,0.0,0.09375,0.09375,0.09375,0.09375,0.09375,0.0
covtype_label_bandit,transport_exact_corrected_cholesky,32,1,action_scoring_seconds,0.0037006030324846506,0.0,0.0037006030324846506,0.0037006030324846506,0.0037006030324846506,0.0037006030324846506,0.0037006030324846506,0.0
covtype_label_bandit,transport_exact_corrected_cholesky,32,1,algorithm_seconds,1.747277173853945,0.0,1.747277173853945,1.747277173853945,1.747277173853945,1.747277173853945,1.747277173853945,0.0
covtype_label_bandit,transport_exact_corrected_cholesky,32,1,cg_iterations,0.0,0.0,0.0,0.0,0.0,0.0,0.0,0.0
covtype_label_bandit,transport_exact_corrected_cholesky,32,1,cg_matvecs,0.0,0.0,0.0,0.0,0.0,0.0,0.0,0.0
covtype_label_bandit,transport_exact_corrected_cholesky,32,1,cumulative_regret,23.20000000000001,0.0,23.20000000000001,23.20000000000001,23.20000000000001,23.20000000000001,23.20000000000001,0.0
covtype_label_bandit,transport_exact_corrected_cholesky,32,1,current_misspecification_envelope,0.0,0.0,0.0,0.0,0.0,0.0,0.0,0.0
covtype_label_bandit,transport_exact_corrected_cholesky,32,1,data_loading_seconds,0.015451621962711215,0.0,0.015451621962711215,0.015451621962711215,0.015451621962711215,0.015451621962711215,0.015451621962711215,0.0
covtype_label_bandit,transport_exact_corrected_cholesky,32,1,diagnostic_seconds,0.5306431868229993,0.0,0.5306431868229993,0.5306431868229993,0.5306431868229993,0.5306431868229993,0.5306431868229993,0.0
covtype_label_bandit,transport_exact_corrected_cholesky,32,1,end_to_end_round_seconds,2.2846362109994516,0.0,2.2846362109994516,2.2846362109994516,2.2846362109994516,2.2846362109994516,2.2846362109994516,0.0
covtype_label_bandit,transport_exact_corrected_cholesky,32,1,fraction_bonus_below_gap,0.0,0.0,0.0,0.0,0.0,0.0,0.0,0.0
covtype_label_bandit,transport_exact_corrected_cholesky,32,1,fraction_bonus_exceeds_range,1.0,0.0,1.0,1.0,1.0,1.0,1.0,0.0
covtype_label_bandit,transport_exact_corrected_cholesky,32,1,historical_misspecification_envelope,0.0,0.0,0.0,0.0,0.0,0.0,0.0,0.0
covtype_label_bandit,transport_exact_corrected_cholesky,32,1,kappa_minus,1.0,0.0,1.0,1.0,1.0,1.0,1.0,0.0
covtype_label_bandit,transport_exact_corrected_cholesky,32,1,logical_operator_bytes,276768.0,0.0,276768.0,276768.0,276768.0,276768.0,276768.0,0.0
covtype_label_bandit,transport_exact_corrected_cholesky,32,1,operator_construction_seconds,0.4827261259779334,0.0,0.4827261259779334,0.4827261259779334,0.4827261259779334,0.4827261259779334,0.4827261259779334,0.0
covtype_label_bandit,transport_exact_corrected_cholesky,32,1,peak_rss_bytes,442015744.0,0.0,442015744.0,442015744.0,442015744.0,442015744.0,442015744.0,0.0
covtype_label_bandit,transport_exact_corrected_cholesky,32,1,preprocessing_seconds,0.03642051498172805,0.0,0.03642051498172805,0.03642051498172805,0.03642051498172805,0.03642051498172805,0.03642051498172805,0.0
covtype_label_bandit,transport_exact_corrected_cholesky,32,1,representation_update_seconds,0.23246961482800543,0.0,0.23246961482800543,0.23246961482800543,0.23246961482800543,0.23246961482800543,0.23246961482800543,0.0
covtype_label_bandit,transport_exact_corrected_cholesky,32,1,solver_alpha,1.0,0.0,1.0,1.0,1.0,1.0,1.0,0.0
covtype_label_bandit,transport_exact_corrected_cholesky,32,1,solver_seconds,0.47333274222910404,0.0,0.47333274222910404,0.47333274222910404,0.47333274222910404,0.47333274222910404,0.47333274222910404,0.0
covtype_label_bandit,transport_exact_corrected_cholesky,32,1,teacher_environment_seconds,0.008029669988900423,0.0,0.008029669988900423,0.008029669988900423,0.008029669988900423,0.008029669988900423,0.008029669988900423,0.0
covtype_label_bandit,transport_exact_corrected_cholesky,32,1,transport_certificate_seconds,0.0,0.0,0.0,0.0,0.0,0.0,0.0,0.0
covtype_label_bandit,transport_exact_corrected_cholesky,32,1,width_upper_over_exact,1.0,0.0,1.0,1.0,1.0,1.0,1.0,0.0
covtype_label_bandit,transport_exact_uncorrected_tangent_cholesky,32,1,D_Q_minus_d_Th,0.004763656150409572,0.0,0.004763656150409572,0.004763656150409572,0.004763656150409572,0.004763656150409572,0.004763656150409572,0.0
covtype_label_bandit,transport_exact_uncorrected_tangent_cholesky,32,1,D_Q_over_d_Th,16776.77617880058,0.0,16776.77617880058,16776.77617880058,16776.77617880058,16776.77617880058,16776.77617880058,0.0
covtype_label_bandit,transport_exact_uncorrected_tangent_cholesky,32,1,action_accuracy,0.09375,0.0,0.09375,0.09375,0.09375,0.09375,0.09375,0.0
covtype_label_bandit,transport_exact_uncorrected_tangent_cholesky,32,1,action_scoring_seconds,0.0038351367111317813,0.0,0.0038351367111317813,0.0038351367111317813,0.0038351367111317813,0.0038351367111317813,0.0038351367111317813,0.0
covtype_label_bandit,transport_exact_uncorrected_tangent_cholesky,32,1,algorithm_seconds,1.7743963659740984,0.0,1.7743963659740984,1.7743963659740984,1.7743963659740984,1.7743963659740984,1.7743963659740984,0.0
covtype_label_bandit,transport_exact_uncorrected_tangent_cholesky,32,1,cg_iterations,0.0,0.0,0.0,0.0,0.0,0.0,0.0,0.0
covtype_label_bandit,transport_exact_uncorrected_tangent_cholesky,32,1,cg_matvecs,0.0,0.0,0.0,0.0,0.0,0.0,0.0,0.0
covtype_label_bandit,transport_exact_uncorrected_tangent_cholesky,32,1,cumulative_regret,23.20000000000001,0.0,23.20000000000001,23.20000000000001,23.20000000000001,23.20000000000001,23.20000000000001,0.0
covtype_label_bandit,transport_exact_uncorrected_tangent_cholesky,32,1,current_misspecification_envelope,0.0,0.0,0.0,0.0,0.0,0.0,0.0,0.0
covtype_label_bandit,transport_exact_uncorrected_tangent_cholesky,32,1,data_loading_seconds,0.015451621962711215,0.0,0.015451621962711215,0.015451621962711215,0.015451621962711215,0.015451621962711215,0.015451621962711215,0.0
covtype_label_bandit,transport_exact_uncorrected_tangent_cholesky,32,1,diagnostic_seconds,0.5383599930792116,0.0,0.5383599930792116,0.5383599930792116,0.5383599930792116,0.5383599930792116,0.5383599930792116,0.0
covtype_label_bandit,transport_exact_uncorrected_tangent_cholesky,32,1,end_to_end_round_seconds,2.3194190751528367,0.0,2.3194190751528367,2.3194190751528367,2.3194190751528367,2.3194190751528367,2.3194190751528367,0.0
covtype_label_bandit,transport_exact_uncorrected_tangent_cholesky,32,1,fraction_bonus_below_gap,0.0,0.0,0.0,0.0,0.0,0.0,0.0,0.0
covtype_label_bandit,transport_exact_uncorrected_tangent_cholesky,32,1,fraction_bonus_exceeds_range,1.0,0.0,1.0,1.0,1.0,1.0,1.0,0.0
covtype_label_bandit,transport_exact_uncorrected_tangent_cholesky,32,1,historical_misspecification_envelope,0.0,0.0,0.0,0.0,0.0,0.0,0.0,0.0
covtype_label_bandit,transport_exact_uncorrected_tangent_cholesky,32,1,kappa_minus,1.0,0.0,1.0,1.0,1.0,1.0,1.0,0.0
covtype_label_bandit,transport_exact_uncorrected_tangent_cholesky,32,1,logical_operator_bytes,276768.0,0.0,276768.0,276768.0,276768.0,276768.0,276768.0,0.0
covtype_label_bandit,transport_exact_uncorrected_tangent_cholesky,32,1,operator_construction_seconds,0.48856151895597577,0.0,0.48856151895597577,0.48856151895597577,0.48856151895597577,0.48856151895597577,0.48856151895597577,0.0
covtype_label_bandit,transport_exact_uncorrected_tangent_cholesky,32,1,peak_rss_bytes,428572672.0,0.0,428572672.0,428572672.0,428572672.0,428572672.0,428572672.0,0.0
covtype_label_bandit,transport_exact_uncorrected_tangent_cholesky,32,1,preprocessing_seconds,0.03642051498172805,0.0,0.03642051498172805,0.03642051498172805,0.03642051498172805,0.03642051498172805,0.03642051498172805,0.0
covtype_label_bandit,transport_exact_uncorrected_tangent_cholesky,32,1,representation_update_seconds,0.21929409203585237,0.0,0.21929409203585237,0.21929409203585237,0.21929409203585237,0.21929409203585237,0.21929409203585237,0.0
covtype_label_bandit,transport_exact_uncorrected_tangent_cholesky,32,1,solver_alpha,1.0,0.0,1.0,1.0,1.0,1.0,1.0,0.0
covtype_label_bandit,transport_exact_uncorrected_tangent_cholesky,32,1,solver_seconds,0.47727326810127124,0.0,0.47727326810127124,0.47727326810127124,0.47727326810127124,0.47727326810127124,0.47727326810127124,0.0
covtype_label_bandit,transport_exact_uncorrected_tangent_cholesky,32,1,teacher_environment_seconds,0.008029669988900423,0.0,0.008029669988900423,0.008029669988900423,0.008029669988900423,0.008029669988900423,0.008029669988900423,0.0
covtype_label_bandit,transport_exact_uncorrected_tangent_cholesky,32,1,transport_certificate_seconds,0.0,0.0,0.0,0.0,0.0,0.0,0.0,0.0
covtype_label_bandit,transport_exact_uncorrected_tangent_cholesky,32,1,width_upper_over_exact,1.0,0.0,1.0,1.0,1.0,1.0,1.0,0.0
covtype_label_bandit,transport_nystrom_r16_cg_1e-2,32,1,D_Q_minus_d_Th,0.004618249468645427,0.0,0.004618249468645427,0.004618249468645427,0.004618249468645427,0.004618249468645427,0.004618249468645427,0.0
covtype_label_bandit,transport_nystrom_r16_cg_1e-2,32,1,D_Q_over_d_Th,23628.300359565757,0.0,23628.300359565757,23628.300359565757,23628.300359565757,23628.300359565757,23628.300359565757,0.0
covtype_label_bandit,transport_nystrom_r16_cg_1e-2,32,1,action_accuracy,0.125,0.0,0.125,0.125,0.125,0.125,0.125,0.0
covtype_label_bandit,transport_nystrom_r16_cg_1e-2,32,1,action_scoring_seconds,0.0030235721496865153,0.0,0.0030235721496865153,0.0030235721496865153,0.0030235721496865153,0.0030235721496865153,0.0030235721496865153,0.0
covtype_label_bandit,transport_nystrom_r16_cg_1e-2,32,1,algorithm_seconds,1.1279000602080487,0.0,1.1279000602080487,1.1279000602080487,1.1279000602080487,1.1279000602080487,1.1279000602080487,0.0
covtype_label_bandit,transport_nystrom_r16_cg_1e-2,32,1,cg_iterations,1625.0,0.0,1625.0,1625.0,1625.0,1625.0,1625.0,0.0
covtype_label_bandit,transport_nystrom_r16_cg_1e-2,32,1,cg_matvecs,2265.0,0.0,2265.0,2265.0,2265.0,2265.0,2265.0,0.0
covtype_label_bandit,transport_nystrom_r16_cg_1e-2,32,1,cumulative_regret,22.40000000000001,0.0,22.40000000000001,22.40000000000001,22.40000000000001,22.40000000000001,22.40000000000001,0.0
covtype_label_bandit,transport_nystrom_r16_cg_1e-2,32,1,current_misspecification_envelope,0.0,0.0,0.0,0.0,0.0,0.0,0.0,0.0
covtype_label_bandit,transport_nystrom_r16_cg_1e-2,32,1,data_loading_seconds,0.015451621962711215,0.0,0.015451621962711215,0.015451621962711215,0.015451621962711215,0.015451621962711215,0.015451621962711215,0.0
covtype_label_bandit,transport_nystrom_r16_cg_1e-2,32,1,diagnostic_seconds,0.5737138780532405,0.0,0.5737138780532405,0.5737138780532405,0.5737138780532405,0.5737138780532405,0.5737138780532405,0.0
covtype_label_bandit,transport_nystrom_r16_cg_1e-2,32,1,end_to_end_round_seconds,1.7221010649227537,0.0,1.7221010649227537,1.7221010649227537,1.7221010649227537,1.7221010649227537,1.7221010649227537,0.0
covtype_label_bandit,transport_nystrom_r16_cg_1e-2,32,1,fraction_bonus_below_gap,0.0,0.0,0.0,0.0,0.0,0.0,0.0,0.0
covtype_label_bandit,transport_nystrom_r16_cg_1e-2,32,1,fraction_bonus_exceeds_range,1.0,0.0,1.0,1.0,1.0,1.0,1.0,0.0
covtype_label_bandit,transport_nystrom_r16_cg_1e-2,32,1,historical_misspecification_envelope,0.0,0.0,0.0,0.0,0.0,0.0,0.0,0.0
covtype_label_bandit,transport_nystrom_r16_cg_1e-2,32,1,kappa_minus,0.5833530204379822,0.0,0.5833530204379822,0.5833530204379822,0.5833530204379822,0.5833530204379822,0.5833530204379822,0.0
covtype_label_bandit,transport_nystrom_r16_cg_1e-2,32,1,logical_operator_bytes,23816.0,0.0,23816.0,23816.0,23816.0,23816.0,23816.0,0.0
covtype_label_bandit,transport_nystrom_r16_cg_1e-2,32,1,operator_construction_seconds,0.04718604905065149,0.0,0.04718604905065149,0.04718604905065149,0.04718604905065149,0.04718604905065149,0.04718604905065149,0.0
covtype_label_bandit,transport_nystrom_r16_cg_1e-2,32,1,oracle_kappa_minus,0.6032396643043644,0.0,0.6032396643043644,0.6032396643043644,0.6032396643043644,0.6032396643043644,0.6032396643043644,0.0
covtype_label_bandit,transport_nystrom_r16_cg_1e-2,32,1,peak_rss_bytes,426672128.0,0.0,426672128.0,426672128.0,426672128.0,426672128.0,426672128.0,0.0
covtype_label_bandit,transport_nystrom_r16_cg_1e-2,32,1,preprocessing_seconds,0.03642051498172805,0.0,0.03642051498172805,0.03642051498172805,0.03642051498172805,0.03642051498172805,0.03642051498172805,0.0
covtype_label_bandit,transport_nystrom_r16_cg_1e-2,32,1,representation_update_seconds,0.21972530923085287,0.0,0.21972530923085287,0.21972530923085287,0.21972530923085287,0.21972530923085287,0.21972530923085287,0.0
covtype_label_bandit,transport_nystrom_r16_cg_1e-2,32,1,solver_alpha,1.008656788640362,0.0,1.008656788640362,1.008656788640362,1.008656788640362,1.008656788640362,1.008656788640362,0.0
covtype_label_bandit,transport_nystrom_r16_cg_1e-2,32,1,solver_seconds,0.25779757171403617,0.0,0.25779757171403617,0.25779757171403617,0.25779757171403617,0.25779757171403617,0.25779757171403617,0.0
covtype_label_bandit,transport_nystrom_r16_cg_1e-2,32,1,teacher_environment_seconds,0.008029669988900423,0.0,0.008029669988900423,0.008029669988900423,0.008029669988900423,0.008029669988900423,0.008029669988900423,0.0
covtype_label_bandit,transport_nystrom_r16_cg_1e-2,32,1,trace_tail_over_operator_tail,8.30360193819692,0.0,8.30360193819692,8.30360193819692,8.30360193819692,8.30360193819692,8.30360193819692,0.0
covtype_label_bandit,transport_nystrom_r16_cg_1e-2,32,1,transport_certificate_seconds,0.0,0.0,0.0,0.0,0.0,0.0,0.0,0.0
covtype_label_bandit,transport_nystrom_r16_cg_1e-2,32,1,width_upper_over_exact,1.0032773500272283,0.0,1.0032773500272283,1.0032773500272283,1.0032773500272283,1.0032773500272283,1.0032773500272283,0.0
covtype_label_bandit,transport_nystrom_r16_cg_1e-6,32,1,D_Q_minus_d_Th,0.003952022172734733,0.0,0.003952022172734733,0.003952022172734733,0.003952022172734733,0.003952022172734733,0.003952022172734733,0.0
covtype_label_bandit,transport_nystrom_r16_cg_1e-6,32,1,D_Q_over_d_Th,18808.291169503875,0.0,18808.291169503875,18808.291169503875,18808.291169503875,18808.291169503875,18808.291169503875,0.0
covtype_label_bandit,transport_nystrom_r16_cg_1e-6,32,1,action_accuracy,0.125,0.0,0.125,0.125,0.125,0.125,0.125,0.0
covtype_label_bandit,transport_nystrom_r16_cg_1e-6,32,1,action_scoring_seconds,0.003076830005738884,0.0,0.003076830005738884,0.003076830005738884,0.003076830005738884,0.003076830005738884,0.003076830005738884,0.0
covtype_label_bandit,transport_nystrom_r16_cg_1e-6,32,1,algorithm_seconds,1.300882818934042,0.0,1.300882818934042,1.300882818934042,1.300882818934042,1.300882818934042,1.300882818934042,0.0
covtype_label_bandit,transport_nystrom_r16_cg_1e-6,32,1,cg_iterations,3046.0,0.0,3046.0,3046.0,3046.0,3046.0,3046.0,0.0
covtype_label_bandit,transport_nystrom_r16_cg_1e-6,32,1,cg_matvecs,3686.0,0.0,3686.0,3686.0,3686.0,3686.0,3686.0,0.0
covtype_label_bandit,transport_nystrom_r16_cg_1e-6,32,1,cumulative_regret,22.40000000000001,0.0,22.40000000000001,22.40000000000001,22.40000000000001,22.40000000000001,22.40000000000001,0.0
covtype_label_bandit,transport_nystrom_r16_cg_1e-6,32,1,current_misspecification_envelope,0.0,0.0,0.0,0.0,0.0,0.0,0.0,0.0
covtype_label_bandit,transport_nystrom_r16_cg_1e-6,32,1,data_loading_seconds,0.015451621962711215,0.0,0.015451621962711215,0.015451621962711215,0.015451621962711215,0.015451621962711215,0.015451621962711215,0.0
covtype_label_bandit,transport_nystrom_r16_cg_1e-6,32,1,diagnostic_seconds,0.577897923940327,0.0,0.577897923940327,0.577897923940327,0.577897923940327,0.577897923940327,0.577897923940327,0.0
covtype_label_bandit,transport_nystrom_r16_cg_1e-6,32,1,end_to_end_round_seconds,1.8941250920761377,0.0,1.8941250920761377,1.8941250920761377,1.8941250920761377,1.8941250920761377,1.8941250920761377,0.0
covtype_label_bandit,transport_nystrom_r16_cg_1e-6,32,1,fraction_bonus_below_gap,0.0,0.0,0.0,0.0,0.0,0.0,0.0,0.0
covtype_label_bandit,transport_nystrom_r16_cg_1e-6,32,1,fraction_bonus_exceeds_range,1.0,0.0,1.0,1.0,1.0,1.0,1.0,0.0
covtype_label_bandit,transport_nystrom_r16_cg_1e-6,32,1,historical_misspecification_envelope,0.0,0.0,0.0,0.0,0.0,0.0,0.0,0.0
covtype_label_bandit,transport_nystrom_r16_cg_1e-6,32,1,kappa_minus,0.5834429851287077,0.0,0.5834429851287077,0.5834429851287077,0.5834429851287077,0.5834429851287077,0.5834429851287077,0.0
covtype_label_bandit,transport_nystrom_r16_cg_1e-6,32,1,logical_operator_bytes,23816.0,0.0,23816.0,23816.0,23816.0,23816.0,23816.0,0.0
covtype_label_bandit,transport_nystrom_r16_cg_1e-6,32,1,operator_construction_seconds,0.04665147315245122,0.0,0.04665147315245122,0.04665147315245122,0.04665147315245122,0.04665147315245122,0.04665147315245122,0.0
covtype_label_bandit,transport_nystrom_r16_cg_1e-6,32,1,oracle_kappa_minus,0.6073222437080169,0.0,0.6073222437080169,0.6073222437080169,0.6073222437080169,0.6073222437080169,0.6073222437080169,0.0
covtype_label_bandit,transport_nystrom_r16_cg_1e-6,32,1,peak_rss_bytes,437243904.0,0.0,437243904.0,437243904.0,437243904.0,437243904.0,437243904.0,0.0
covtype_label_bandit,transport_nystrom_r16_cg_1e-6,32,1,preprocessing_seconds,0.03642051498172805,0.0,0.03642051498172805,0.03642051498172805,0.03642051498172805,0.03642051498172805,0.03642051498172805,0.0
covtype_label_bandit,transport_nystrom_r16_cg_1e-6,32,1,representation_update_seconds,0.21634511195588857,0.0,0.21634511195588857,0.21634511195588857,0.21634511195588857,0.21634511195588857,0.21634511195588857,0.0
covtype_label_bandit,transport_nystrom_r16_cg_1e-6,32,1,solver_alpha,1.0000006477551695,0.0,1.0000006477551695,1.0000006477551695,1.0000006477551695,1.0000006477551695,1.0000006477551695,0.0
covtype_label_bandit,transport_nystrom_r16_cg_1e-6,32,1,solver_seconds,0.41238159383647144,0.0,0.41238159383647144,0.41238159383647144,0.41238159383647144,0.41238159383647144,0.41238159383647144,0.0
covtype_label_bandit,transport_nystrom_r16_cg_1e-6,32,1,teacher_environment_seconds,0.008029669988900423,0.0,0.008029669988900423,0.008029669988900423,0.008029669988900423,0.008029669988900423,0.008029669988900423,0.0
covtype_label_bandit,transport_nystrom_r16_cg_1e-6,32,1,trace_tail_over_operator_tail,8.182437337902947,0.0,8.182437337902947,8.182437337902947,8.182437337902947,8.182437337902947,8.182437337902947,0.0
covtype_label_bandit,transport_nystrom_r16_cg_1e-6,32,1,transport_certificate_seconds,0.0,0.0,0.0,0.0,0.0,0.0,0.0,0.0
covtype_label_bandit,transport_nystrom_r16_cg_1e-6,32,1,width_upper_over_exact,1.0000006015505987,0.0,1.0000006015505987,1.0000006015505987,1.0000006015505987,1.0000006015505987,1.0000006015505987,0.0
covtype_label_bandit,transport_nystrom_r32_cg_1e-4,32,1,D_Q_minus_d_Th,0.0042987668529598415,0.0,0.0042987668529598415,0.0042987668529598415,0.0042987668529598415,0.0042987668529598415,0.0042987668529598415,0.0
covtype_label_bandit,transport_nystrom_r32_cg_1e-4,32,1,D_Q_over_d_Th,17204.01595574439,0.0,17204.01595574439,17204.01595574439,17204.01595574439,17204.01595574439,17204.01595574439,0.0
covtype_label_bandit,transport_nystrom_r32_cg_1e-4,32,1,action_accuracy,0.03125,0.0,0.03125,0.03125,0.03125,0.03125,0.03125,0.0
covtype_label_bandit,transport_nystrom_r32_cg_1e-4,32,1,action_scoring_seconds,0.003113082086201757,0.0,0.003113082086201757,0.003113082086201757,0.003113082086201757,0.003113082086201757,0.003113082086201757,0.0
covtype_label_bandit,transport_nystrom_r32_cg_1e-4,32,1,algorithm_seconds,1.2308053479646333,0.0,1.2308053479646333,1.2308053479646333,1.2308053479646333,1.2308053479646333,1.2308053479646333,0.0
covtype_label_bandit,transport_nystrom_r32_cg_1e-4,32,1,cg_iterations,2643.0,0.0,2643.0,2643.0,2643.0,2643.0,2643.0,0.0
covtype_label_bandit,transport_nystrom_r32_cg_1e-4,32,1,cg_matvecs,3283.0,0.0,3283.0,3283.0,3283.0,3283.0,3283.0,0.0
covtype_label_bandit,transport_nystrom_r32_cg_1e-4,32,1,cumulative_regret,24.80000000000001,0.0,24.80000000000001,24.80000000000001,24.80000000000001,24.80000000000001,24.80000000000001,0.0
covtype_label_bandit,transport_nystrom_r32_cg_1e-4,32,1,current_misspecification_envelope,0.0,0.0,0.0,0.0,0.0,0.0,0.0,0.0
covtype_label_bandit,transport_nystrom_r32_cg_1e-4,32,1,data_loading_seconds,0.015451621962711215,0.0,0.015451621962711215,0.015451621962711215,0.015451621962711215,0.015451621962711215,0.015451621962711215,0.0
covtype_label_bandit,transport_nystrom_r32_cg_1e-4,32,1,diagnostic_seconds,0.5846314958762378,0.0,0.5846314958762378,0.5846314958762378,0.5846314958762378,0.5846314958762378,0.5846314958762378,0.0
covtype_label_bandit,transport_nystrom_r32_cg_1e-4,32,1,end_to_end_round_seconds,1.8301485251286067,0.0,1.8301485251286067,1.8301485251286067,1.8301485251286067,1.8301485251286067,1.8301485251286067,0.0
covtype_label_bandit,transport_nystrom_r32_cg_1e-4,32,1,fraction_bonus_below_gap,0.0,0.0,0.0,0.0,0.0,0.0,0.0,0.0
covtype_label_bandit,transport_nystrom_r32_cg_1e-4,32,1,fraction_bonus_exceeds_range,1.0,0.0,1.0,1.0,1.0,1.0,1.0,0.0
covtype_label_bandit,transport_nystrom_r32_cg_1e-4,32,1,historical_misspecification_envelope,0.0,0.0,0.0,0.0,0.0,0.0,0.0,0.0
covtype_label_bandit,transport_nystrom_r32_cg_1e-4,32,1,kappa_minus,0.9999999999999872,0.0,0.9999999999999872,0.9999999999999872,0.9999999999999872,0.9999999999999872,0.9999999999999872,0.0
covtype_label_bandit,transport_nystrom_r32_cg_1e-4,32,1,logical_operator_bytes,46136.0,0.0,46136.0,46136.0,46136.0,46136.0,46136.0,0.0
covtype_label_bandit,transport_nystrom_r32_cg_1e-4,32,1,operator_construction_seconds,0.054782343038823456,0.0,0.054782343038823456,0.054782343038823456,0.054782343038823456,0.054782343038823456,0.054782343038823456,0.0
covtype_label_bandit,transport_nystrom_r32_cg_1e-4,32,1,oracle_kappa_minus,0.999999999999998,0.0,0.999999999999998,0.999999999999998,0.999999999999998,0.999999999999998,0.999999999999998,0.0
covtype_label_bandit,transport_nystrom_r32_cg_1e-4,32,1,peak_rss_bytes,452575232.0,0.0,452575232.0,452575232.0,452575232.0,452575232.0,452575232.0,0.0
covtype_label_bandit,transport_nystrom_r32_cg_1e-4,32,1,preprocessing_seconds,0.03642051498172805,0.0,0.03642051498172805,0.03642051498172805,0.03642051498172805,0.03642051498172805,0.03642051498172805,0.0
covtype_label_bandit,transport_nystrom_r32_cg_1e-4,32,1,representation_update_seconds,0.20901173184392974,0.0,0.20901173184392974,0.20901173184392974,0.20901173184392974,0.20901173184392974,0.20901173184392974,0.0
covtype_label_bandit,transport_nystrom_r32_cg_1e-4,32,1,solver_alpha,1.0001108210267402,0.0,1.0001108210267402,1.0001108210267402,1.0001108210267402,1.0001108210267402,1.0001108210267402,0.0
covtype_label_bandit,transport_nystrom_r32_cg_1e-4,32,1,solver_seconds,0.3461981923901476,0.0,0.3461981923901476,0.3461981923901476,0.3461981923901476,0.3461981923901476,0.3461981923901476,0.0
covtype_label_bandit,transport_nystrom_r32_cg_1e-4,32,1,teacher_environment_seconds,0.008029669988900423,0.0,0.008029669988900423,0.008029669988900423,0.008029669988900423,0.008029669988900423,0.008029669988900423,0.0
covtype_label_bandit,transport_nystrom_r32_cg_1e-4,32,1,trace_tail_over_operator_tail,0.0,0.0,0.0,0.0,0.0,0.0,0.0,0.0
covtype_label_bandit,transport_nystrom_r32_cg_1e-4,32,1,transport_certificate_seconds,0.0,0.0,0.0,0.0,0.0,0.0,0.0,0.0
covtype_label_bandit,transport_nystrom_r32_cg_1e-4,32,1,width_upper_over_exact,1.0000438015896216,0.0,1.0000438015896216,1.0000438015896216,1.0000438015896216,1.0000438015896216,1.0000438015896216,0.0
covtype_label_bandit,transport_nystrom_r64_cg_1e-2,32,1,D_Q_minus_d_Th,0.004493194237065469,0.0,0.004493194237065469,0.004493194237065469,0.004493194237065469,0.004493194237065469,0.004493194237065469,0.0
covtype_label_bandit,transport_nystrom_r64_cg_1e-2,32,1,D_Q_over_d_Th,22116.7119799697,0.0,22116.7119799697,22116.7119799697,22116.7119799697,22116.7119799697,22116.7119799697,0.0
covtype_label_bandit,transport_nystrom_r64_cg_1e-2,32,1,action_accuracy,0.0625,0.0,0.0625,0.0625,0.0625,0.0625,0.0625,0.0
covtype_label_bandit,transport_nystrom_r64_cg_1e-2,32,1,action_scoring_seconds,0.002932583971414715,0.0,0.002932583971414715,0.002932583971414715,0.002932583971414715,0.002932583971414715,0.002932583971414715,0.0
covtype_label_bandit,transport_nystrom_r64_cg_1e-2,32,1,algorithm_seconds,1.1501332381158136,0.0,1.1501332381158136,1.1501332381158136,1.1501332381158136,1.1501332381158136,1.1501332381158136,0.0
covtype_label_bandit,transport_nystrom_r64_cg_1e-2,32,1,cg_iterations,1736.0,0.0,1736.0,1736.0,1736.0,1736.0,1736.0,0.0
covtype_label_bandit,transport_nystrom_r64_cg_1e-2,32,1,cg_matvecs,2376.0,0.0,2376.0,2376.0,2376.0,2376.0,2376.0,0.0
covtype_label_bandit,transport_nystrom_r64_cg_1e-2,32,1,cumulative_regret,24.00000000000001,0.0,24.00000000000001,24.00000000000001,24.00000000000001,24.00000000000001,24.00000000000001,0.0
covtype_label_bandit,transport_nystrom_r64_cg_1e-2,32,1,current_misspecification_envelope,0.0,0.0,0.0,0.0,0.0,0.0,0.0,0.0
covtype_label_bandit,transport_nystrom_r64_cg_1e-2,32,1,data_loading_seconds,0.015451621962711215,0.0,0.015451621962711215,0.015451621962711215,0.015451621962711215,0.015451621962711215,0.015451621962711215,0.0
covtype_label_bandit,transport_nystrom_r64_cg_1e-2,32,1,diagnostic_seconds,0.5859086140408181,0.0,0.5859086140408181,0.5859086140408181,0.5859086140408181,0.5859086140408181,0.5859086140408181,0.0
covtype_label_bandit,transport_nystrom_r64_cg_1e-2,32,1,end_to_end_round_seconds,1.751151911856141,0.0,1.751151911856141,1.751151911856141,1.751151911856141,1.751151911856141,1.751151911856141,0.0
covtype_label_bandit,transport_nystrom_r64_cg_1e-2,32,1,fraction_bonus_below_gap,0.0,0.0,0.0,0.0,0.0,0.0,0.0,0.0
covtype_label_bandit,transport_nystrom_r64_cg_1e-2,32,1,fraction_bonus_exceeds_range,1.0,0.0,1.0,1.0,1.0,1.0,1.0,0.0
covtype_label_bandit,transport_nystrom_r64_cg_1e-2,32,1,historical_misspecification_envelope,0.0,0.0,0.0,0.0,0.0,0.0,0.0,0.0
covtype_label_bandit,transport_nystrom_r64_cg_1e-2,32,1,kappa_minus,0.9999999999999831,0.0,0.9999999999999831,0.9999999999999831,0.9999999999999831,0.9999999999999831,0.9999999999999831,0.0
covtype_label_bandit,transport_nystrom_r64_cg_1e-2,32,1,logical_operator_bytes,46136.0,0.0,46136.0,46136.0,46136.0,46136.0,46136.0,0.0
covtype_label_bandit,transport_nystrom_r64_cg_1e-2,32,1,operator_construction_seconds,0.06702464789850637,0.0,0.06702464789850637,0.06702464789850637,0.06702464789850637,0.06702464789850637,0.06702464789850637,0.0
covtype_label_bandit,transport_nystrom_r64_cg_1e-2,32,1,oracle_kappa_minus,0.9999999999999973,0.0,0.9999999999999973,0.9999999999999973,0.9999999999999973,0.9999999999999973,0.9999999999999973,0.0
covtype_label_bandit,transport_nystrom_r64_cg_1e-2,32,1,peak_rss_bytes,463245312.0,0.0,463245312.0,463245312.0,463245312.0,463245312.0,463245312.0,0.0
covtype_label_bandit,transport_nystrom_r64_cg_1e-2,32,1,preprocessing_seconds,0.03642051498172805,0.0,0.03642051498172805,0.03642051498172805,0.03642051498172805,0.03642051498172805,0.03642051498172805,0.0
covtype_label_bandit,transport_nystrom_r64_cg_1e-2,32,1,representation_update_seconds,0.2050398211576976,0.0,0.2050398211576976,0.2050398211576976,0.2050398211576976,0.2050398211576976,0.2050398211576976,0.0
covtype_label_bandit,transport_nystrom_r64_cg_1e-2,32,1,solver_alpha,1.0102571448973396,0.0,1.0102571448973396,1.0102571448973396,1.0102571448973396,1.0102571448973396,1.0102571448973396,0.0
covtype_label_bandit,transport_nystrom_r64_cg_1e-2,32,1,solver_seconds,0.24933224148117006,0.0,0.24933224148117006,0.24933224148117006,0.24933224148117006,0.24933224148117006,0.24933224148117006,0.0
covtype_label_bandit,transport_nystrom_r64_cg_1e-2,32,1,teacher_environment_seconds,0.008029669988900423,0.0,0.008029669988900423,0.008029669988900423,0.008029669988900423,0.008029669988900423,0.008029669988900423,0.0
covtype_label_bandit,transport_nystrom_r64_cg_1e-2,32,1,trace_tail_over_operator_tail,0.0,0.0,0.0,0.0,0.0,0.0,0.0,0.0
covtype_label_bandit,transport_nystrom_r64_cg_1e-2,32,1,transport_certificate_seconds,0.0,0.0,0.0,0.0,0.0,0.0,0.0,0.0
covtype_label_bandit,transport_nystrom_r64_cg_1e-2,32,1,width_upper_over_exact,1.0026150387754171,0.0,1.0026150387754171,1.0026150387754171,1.0026150387754171,1.0026150387754171,1.0026150387754171,0.0
covtype_label_bandit,transport_nystrom_r64_cg_1e-6,32,1,D_Q_minus_d_Th,0.005159423456926934,0.0,0.005159423456926934,0.005159423456926934,0.005159423456926934,0.005159423456926934,0.005159423456926934,0.0
covtype_label_bandit,transport_nystrom_r64_cg_1e-6,32,1,D_Q_over_d_Th,22726.34979642041,0.0,22726.34979642041,22726.34979642041,22726.34979642041,22726.34979642041,22726.34979642041,0.0
covtype_label_bandit,transport_nystrom_r64_cg_1e-6,32,1,action_accuracy,0.0625,0.0,0.0625,0.0625,0.0625,0.0625,0.0625,0.0
covtype_label_bandit,transport_nystrom_r64_cg_1e-6,32,1,action_scoring_seconds,0.0031522418139502406,0.0,0.0031522418139502406,0.0031522418139502406,0.0031522418139502406,0.0031522418139502406,0.0031522418139502406,0.0
covtype_label_bandit,transport_nystrom_r64_cg_1e-6,32,1,algorithm_seconds,1.2761630978784524,0.0,1.2761630978784524,1.2761630978784524,1.2761630978784524,1.2761630978784524,1.2761630978784524,0.0
covtype_label_bandit,transport_nystrom_r64_cg_1e-6,32,1,cg_iterations,3342.0,0.0,3342.0,3342.0,3342.0,3342.0,3342.0,0.0
covtype_label_bandit,transport_nystrom_r64_cg_1e-6,32,1,cg_matvecs,3982.0,0.0,3982.0,3982.0,3982.0,3982.0,3982.0,0.0
covtype_label_bandit,transport_nystrom_r64_cg_1e-6,32,1,cumulative_regret,24.00000000000001,0.0,24.00000000000001,24.00000000000001,24.00000000000001,24.00000000000001,24.00000000000001,0.0
covtype_label_bandit,transport_nystrom_r64_cg_1e-6,32,1,current_misspecification_envelope,0.0,0.0,0.0,0.0,0.0,0.0,0.0,0.0
covtype_label_bandit,transport_nystrom_r64_cg_1e-6,32,1,data_loading_seconds,0.015451621962711215,0.0,0.015451621962711215,0.015451621962711215,0.015451621962711215,0.015451621962711215,0.015451621962711215,0.0
covtype_label_bandit,transport_nystrom_r64_cg_1e-6,32,1,diagnostic_seconds,0.5719407901633531,0.0,0.5719407901633531,0.5719407901633531,0.5719407901633531,0.5719407901633531,0.5719407901633531,0.0
covtype_label_bandit,transport_nystrom_r64_cg_1e-6,32,1,end_to_end_round_seconds,1.862459241063334,0.0,1.862459241063334,1.862459241063334,1.862459241063334,1.862459241063334,1.862459241063334,0.0
covtype_label_bandit,transport_nystrom_r64_cg_1e-6,32,1,fraction_bonus_below_gap,0.0,0.0,0.0,0.0,0.0,0.0,0.0,0.0
covtype_label_bandit,transport_nystrom_r64_cg_1e-6,32,1,fraction_bonus_exceeds_range,1.0,0.0,1.0,1.0,1.0,1.0,1.0,0.0
covtype_label_bandit,transport_nystrom_r64_cg_1e-6,32,1,historical_misspecification_envelope,0.0,0.0,0.0,0.0,0.0,0.0,0.0,0.0
covtype_label_bandit,transport_nystrom_r64_cg_1e-6,32,1,kappa_minus,0.9999999999999927,0.0,0.9999999999999927,0.9999999999999927,0.9999999999999927,0.9999999999999927,0.9999999999999927,0.0
covtype_label_bandit,transport_nystrom_r64_cg_1e-6,32,1,logical_operator_bytes,46136.0,0.0,46136.0,46136.0,46136.0,46136.0,46136.0,0.0
covtype_label_bandit,transport_nystrom_r64_cg_1e-6,32,1,operator_construction_seconds,0.06200434494530782,0.0,0.06200434494530782,0.06200434494530782,0.06200434494530782,0.06200434494530782,0.06200434494530782,0.0
covtype_label_bandit,transport_nystrom_r64_cg_1e-6,32,1,oracle_kappa_minus,0.999999999999996,0.0,0.999999999999996,0.999999999999996,0.999999999999996,0.999999999999996,0.999999999999996,0.0
covtype_label_bandit,transport_nystrom_r64_cg_1e-6,32,1,peak_rss_bytes,458690560.0,0.0,458690560.0,458690560.0,458690560.0,458690560.0,458690560.0,0.0
covtype_label_bandit,transport_nystrom_r64_cg_1e-6,32,1,preprocessing_seconds,0.03642051498172805,0.0,0.03642051498172805,0.03642051498172805,0.03642051498172805,0.03642051498172805,0.03642051498172805,0.0
covtype_label_bandit,transport_nystrom_r64_cg_1e-6,32,1,representation_update_seconds,0.20677318720845506,0.0,0.20677318720845506,0.20677318720845506,0.20677318720845506,0.20677318720845506,0.20677318720845506,0.0
covtype_label_bandit,transport_nystrom_r64_cg_1e-6,32,1,solver_alpha,1.000000759306205,0.0,1.000000759306205,1.000000759306205,1.000000759306205,1.000000759306205,1.000000759306205,0.0
covtype_label_bandit,transport_nystrom_r64_cg_1e-6,32,1,solver_seconds,0.4086170764057897,0.0,0.4086170764057897,0.4086170764057897,0.4086170764057897,0.4086170764057897,0.4086170764057897,0.0
covtype_label_bandit,transport_nystrom_r64_cg_1e-6,32,1,teacher_environment_seconds,0.008029669988900423,0.0,0.008029669988900423,0.008029669988900423,0.008029669988900423,0.008029669988900423,0.008029669988900423,0.0
covtype_label_bandit,transport_nystrom_r64_cg_1e-6,32,1,trace_tail_over_operator_tail,0.9229376979513569,0.0,0.9229376979513569,0.9229376979513569,0.9229376979513569,0.9229376979513569,0.9229376979513569,0.0
covtype_label_bandit,transport_nystrom_r64_cg_1e-6,32,1,transport_certificate_seconds,0.0,0.0,0.0,0.0,0.0,0.0,0.0,0.0
covtype_label_bandit,transport_nystrom_r64_cg_1e-6,32,1,width_upper_over_exact,1.0000002973565711,0.0,1.0000002973565711,1.0000002973565711,1.0000002973565711,1.0000002973565711,1.0000002973565711,0.0
covtype_semisynthetic_misspecified,frozen_reference_corrected_cholesky,32,1,D_Q_minus_d_Th,0.007838308739491501,0.0,0.007838308739491501,0.007838308739491501,0.007838308739491501,0.007838308739491501,0.007838308739491501,0.0
covtype_semisynthetic_misspecified,frozen_reference_corrected_cholesky,32,1,D_Q_over_d_Th,48191.944613978834,0.0,48191.944613978834,48191.944613978834,48191.944613978834,48191.944613978834,48191.944613978834,0.0
covtype_semisynthetic_misspecified,frozen_reference_corrected_cholesky,32,1,action_scoring_seconds,0.003140222979709506,0.0,0.003140222979709506,0.003140222979709506,0.003140222979709506,0.003140222979709506,0.003140222979709506,0.0
covtype_semisynthetic_misspecified,frozen_reference_corrected_cholesky,32,1,algorithm_seconds,1.2537077040760778,0.0,1.2537077040760778,1.2537077040760778,1.2537077040760778,1.2537077040760778,1.2537077040760778,0.0
covtype_semisynthetic_misspecified,frozen_reference_corrected_cholesky,32,1,cg_iterations,0.0,0.0,0.0,0.0,0.0,0.0,0.0,0.0
covtype_semisynthetic_misspecified,frozen_reference_corrected_cholesky,32,1,cg_matvecs,0.0,0.0,0.0,0.0,0.0,0.0,0.0,0.0
covtype_semisynthetic_misspecified,frozen_reference_corrected_cholesky,32,1,cumulative_regret,3.268610750625823,0.0,3.268610750625823,3.268610750625823,3.268610750625823,3.268610750625823,3.268610750625823,0.0
covtype_semisynthetic_misspecified,frozen_reference_corrected_cholesky,32,1,current_misspecification_envelope,0.049802958164846464,0.0,0.049802958164846464,0.049802958164846464,0.049802958164846464,0.049802958164846464,0.049802958164846464,0.0
covtype_semisynthetic_misspecified,frozen_reference_corrected_cholesky,32,1,data_loading_seconds,0.015451621962711215,0.0,0.015451621962711215,0.015451621962711215,0.015451621962711215,0.015451621962711215,0.015451621962711215,0.0
covtype_semisynthetic_misspecified,frozen_reference_corrected_cholesky,32,1,diagnostic_seconds,0.05182508303551003,0.0,0.05182508303551003,0.05182508303551003,0.05182508303551003,0.05182508303551003,0.05182508303551003,0.0
covtype_semisynthetic_misspecified,frozen_reference_corrected_cholesky,32,1,end_to_end_round_seconds,1.3526660649804398,0.0,1.3526660649804398,1.3526660649804398,1.3526660649804398,1.3526660649804398,1.3526660649804398,0.0
covtype_semisynthetic_misspecified,frozen_reference_corrected_cholesky,32,1,fraction_bonus_below_gap,0.0,0.0,0.0,0.0,0.0,0.0,0.0,0.0
covtype_semisynthetic_misspecified,frozen_reference_corrected_cholesky,32,1,fraction_bonus_exceeds_range,1.0,0.0,1.0,1.0,1.0,1.0,1.0,0.0
covtype_semisynthetic_misspecified,frozen_reference_corrected_cholesky,32,1,historical_misspecification_envelope,0.049802958164846464,0.0,0.049802958164846464,0.049802958164846464,0.049802958164846464,0.049802958164846464,0.049802958164846464,0.0
covtype_semisynthetic_misspecified,frozen_reference_corrected_cholesky,32,1,kappa_minus,1.0,0.0,1.0,1.0,1.0,1.0,1.0,0.0
covtype_semisynthetic_misspecified,frozen_reference_corrected_cholesky,32,1,logical_operator_bytes,276768.0,0.0,276768.0,276768.0,276768.0,276768.0,276768.0,0.0
covtype_semisynthetic_misspecified,frozen_reference_corrected_cholesky,32,1,operator_construction_seconds,0.0,0.0,0.0,0.0,0.0,0.0,0.0,0.0
covtype_semisynthetic_misspecified,frozen_reference_corrected_cholesky,32,1,peak_rss_bytes,446902272.0,0.0,446902272.0,446902272.0,446902272.0,446902272.0,446902272.0,0.0
covtype_semisynthetic_misspecified,frozen_reference_corrected_cholesky,32,1,preprocessing_seconds,0.03642051498172805,0.0,0.03642051498172805,0.03642051498172805,0.03642051498172805,0.03642051498172805,0.03642051498172805,0.0
covtype_semisynthetic_misspecified,frozen_reference_corrected_cholesky,32,1,representation_update_seconds,0.22714615205768496,0.0,0.22714615205768496,0.22714615205768496,0.22714615205768496,0.22714615205768496,0.22714615205768496,0.0
covtype_semisynthetic_misspecified,frozen_reference_corrected_cholesky,32,1,solver_alpha,1.0,0.0,1.0,1.0,1.0,1.0,1.0,0.0
covtype_semisynthetic_misspecified,frozen_reference_corrected_cholesky,32,1,solver_seconds,0.46855662896996364,0.0,0.46855662896996364,0.46855662896996364,0.46855662896996364,0.46855662896996364,0.46855662896996364,0.0
covtype_semisynthetic_misspecified,frozen_reference_corrected_cholesky,32,1,teacher_environment_seconds,0.4358679390279576,0.0,0.4358679390279576,0.4358679390279576,0.4358679390279576,0.4358679390279576,0.4358679390279576,0.0
covtype_semisynthetic_misspecified,frozen_reference_corrected_cholesky,32,1,transport_certificate_seconds,0.0,0.0,0.0,0.0,0.0,0.0,0.0,0.0
covtype_semisynthetic_misspecified,frozen_reference_corrected_cholesky,32,1,width_upper_over_exact,1.0,0.0,1.0,1.0,1.0,1.0,1.0,0.0
covtype_semisynthetic_misspecified,greedy_corrected,32,1,D_Q_minus_d_Th,0.007101553414936708,0.0,0.007101553414936708,0.007101553414936708,0.007101553414936708,0.007101553414936708,0.007101553414936708,0.0
covtype_semisynthetic_misspecified,greedy_corrected,32,1,D_Q_over_d_Th,50512.13798716281,0.0,50512.13798716281,50512.13798716281,50512.13798716281,50512.13798716281,50512.13798716281,0.0
covtype_semisynthetic_misspecified,greedy_corrected,32,1,action_scoring_seconds,0.0026722991024143994,0.0,0.0026722991024143994,0.0026722991024143994,0.0026722991024143994,0.0026722991024143994,0.0026722991024143994,0.0
covtype_semisynthetic_misspecified,greedy_corrected,32,1,algorithm_seconds,0.7622064079041593,0.0,0.7622064079041593,0.7622064079041593,0.7622064079041593,0.7622064079041593,0.7622064079041593,0.0
covtype_semisynthetic_misspecified,greedy_corrected,32,1,cg_iterations,0.0,0.0,0.0,0.0,0.0,0.0,0.0,0.0
covtype_semisynthetic_misspecified,greedy_corrected,32,1,cg_matvecs,0.0,0.0,0.0,0.0,0.0,0.0,0.0,0.0
covtype_semisynthetic_misspecified,greedy_corrected,32,1,cumulative_regret,3.1867173938780877,0.0,3.1867173938780877,3.1867173938780877,3.1867173938780877,3.1867173938780877,3.1867173938780877,0.0
covtype_semisynthetic_misspecified,greedy_corrected,32,1,current_misspecification_envelope,0.049802958164846464,0.0,0.049802958164846464,0.049802958164846464,0.049802958164846464,0.049802958164846464,0.049802958164846464,0.0
covtype_semisynthetic_misspecified,greedy_corrected,32,1,data_loading_seconds,0.015451621962711215,0.0,0.015451621962711215,0.015451621962711215,0.015451621962711215,0.015451621962711215,0.015451621962711215,0.0
covtype_semisynthetic_misspecified,greedy_corrected,32,1,diagnostic_seconds,0.4966055619879626,0.0,0.4966055619879626,0.4966055619879626,0.4966055619879626,0.4966055619879626,0.4966055619879626,0.0
covtype_semisynthetic_misspecified,greedy_corrected,32,1,end_to_end_round_seconds,1.3058862641337328,0.0,1.3058862641337328,1.3058862641337328,1.3058862641337328,1.3058862641337328,1.3058862641337328,0.0
covtype_semisynthetic_misspecified,greedy_corrected,32,1,fraction_bonus_below_gap,1.0,0.0,1.0,1.0,1.0,1.0,1.0,0.0
covtype_semisynthetic_misspecified,greedy_corrected,32,1,fraction_bonus_exceeds_range,0.0,0.0,0.0,0.0,0.0,0.0,0.0,0.0
covtype_semisynthetic_misspecified,greedy_corrected,32,1,historical_misspecification_envelope,0.049802958164846464,0.0,0.049802958164846464,0.049802958164846464,0.049802958164846464,0.049802958164846464,0.049802958164846464,0.0
covtype_semisynthetic_misspecified,greedy_corrected,32,1,kappa_minus,1.0,0.0,1.0,1.0,1.0,1.0,1.0,0.0
covtype_semisynthetic_misspecified,greedy_corrected,32,1,logical_operator_bytes,0.0,0.0,0.0,0.0,0.0,0.0,0.0,0.0
covtype_semisynthetic_misspecified,greedy_corrected,32,1,operator_construction_seconds,0.0,0.0,0.0,0.0,0.0,0.0,0.0,0.0
covtype_semisynthetic_misspecified,greedy_corrected,32,1,peak_rss_bytes,445366272.0,0.0,445366272.0,445366272.0,445366272.0,445366272.0,445366272.0,0.0
covtype_semisynthetic_misspecified,greedy_corrected,32,1,preprocessing_seconds,0.03642051498172805,0.0,0.03642051498172805,0.03642051498172805,0.03642051498172805,0.03642051498172805,0.03642051498172805,0.0
covtype_semisynthetic_misspecified,greedy_corrected,32,1,representation_update_seconds,0.19633490772685036,0.0,0.19633490772685036,0.19633490772685036,0.19633490772685036,0.19633490772685036,0.19633490772685036,0.0
covtype_semisynthetic_misspecified,greedy_corrected,32,1,solver_seconds,0.0,0.0,0.0,0.0,0.0,0.0,0.0,0.0
covtype_semisynthetic_misspecified,greedy_corrected,32,1,teacher_environment_seconds,0.4358679390279576,0.0,0.4358679390279576,0.4358679390279576,0.4358679390279576,0.4358679390279576,0.4358679390279576,0.0
covtype_semisynthetic_misspecified,greedy_corrected,32,1,transport_certificate_seconds,0.0,0.0,0.0,0.0,0.0,0.0,0.0,0.0
covtype_semisynthetic_misspecified,linucb_fixed_features,32,1,action_scoring_seconds,0.0030862990533933043,0.0,0.0030862990533933043,0.0030862990533933043,0.0030862990533933043,0.0030862990533933043,0.0030862990533933043,0.0
covtype_semisynthetic_misspecified,linucb_fixed_features,32,1,algorithm_seconds,0.9407538778614253,0.0,0.9407538778614253,0.9407538778614253,0.9407538778614253,0.9407538778614253,0.9407538778614253,0.0
covtype_semisynthetic_misspecified,linucb_fixed_features,32,1,cg_iterations,0.0,0.0,0.0,0.0,0.0,0.0,0.0,0.0
covtype_semisynthetic_misspecified,linucb_fixed_features,32,1,cg_matvecs,0.0,0.0,0.0,0.0,0.0,0.0,0.0,0.0
covtype_semisynthetic_misspecified,linucb_fixed_features,32,1,cumulative_regret,3.3330667093204394,0.0,3.3330667093204394,3.3330667093204394,3.3330667093204394,3.3330667093204394,3.3330667093204394,0.0
covtype_semisynthetic_misspecified,linucb_fixed_features,32,1,data_loading_seconds,0.015451621962711215,0.0,0.015451621962711215,0.015451621962711215,0.015451621962711215,0.015451621962711215,0.015451621962711215,0.0
covtype_semisynthetic_misspecified,linucb_fixed_features,32,1,diagnostic_seconds,0.0,0.0,0.0,0.0,0.0,0.0,0.0,0.0
covtype_semisynthetic_misspecified,linucb_fixed_features,32,1,end_to_end_round_seconds,0.9794057550025173,0.0,0.9794057550025173,0.9794057550025173,0.9794057550025173,0.9794057550025173,0.9794057550025173,0.0
covtype_semisynthetic_misspecified,linucb_fixed_features,32,1,fraction_bonus_below_gap,0.0,0.0,0.0,0.0,0.0,0.0,0.0,0.0
covtype_semisynthetic_misspecified,linucb_fixed_features,32,1,fraction_bonus_exceeds_range,1.0,0.0,1.0,1.0,1.0,1.0,1.0,0.0
covtype_semisynthetic_misspecified,linucb_fixed_features,32,1,logical_operator_bytes,276768.0,0.0,276768.0,276768.0,276768.0,276768.0,276768.0,0.0
covtype_semisynthetic_misspecified,linucb_fixed_features,32,1,operator_construction_seconds,0.0,0.0,0.0,0.0,0.0,0.0,0.0,0.0
covtype_semisynthetic_misspecified,linucb_fixed_features,32,1,peak_rss_bytes,451436544.0,0.0,451436544.0,451436544.0,451436544.0,451436544.0,451436544.0,0.0
covtype_semisynthetic_misspecified,linucb_fixed_features,32,1,preprocessing_seconds,0.03642051498172805,0.0,0.03642051498172805,0.03642051498172805,0.03642051498172805,0.03642051498172805,0.03642051498172805,0.0
covtype_semisynthetic_misspecified,linucb_fixed_features,32,1,representation_update_seconds,0.014804198930505663,0.0,0.014804198930505663,0.014804198930505663,0.014804198930505663,0.014804198930505663,0.014804198930505663,0.0
covtype_semisynthetic_misspecified,linucb_fixed_features,32,1,solver_alpha,1.0,0.0,1.0,1.0,1.0,1.0,1.0,0.0
covtype_semisynthetic_misspecified,linucb_fixed_features,32,1,solver_seconds,0.9228633798775263,0.0,0.9228633798775263,0.9228633798775263,0.9228633798775263,0.9228633798775263,0.9228633798775263,0.0
covtype_semisynthetic_misspecified,linucb_fixed_features,32,1,teacher_environment_seconds,0.4358679390279576,0.0,0.4358679390279576,0.4358679390279576,0.4358679390279576,0.4358679390279576,0.4358679390279576,0.0
covtype_semisynthetic_misspecified,linucb_fixed_features,32,1,transport_certificate_seconds,0.0,0.0,0.0,0.0,0.0,0.0,0.0,0.0
covtype_semisynthetic_misspecified,linucb_fixed_features,32,1,width_upper_over_exact,1.0,0.0,1.0,1.0,1.0,1.0,1.0,0.0
covtype_semisynthetic_misspecified,naive_current_corrected_cholesky,32,1,D_Q_minus_d_Th,0.007403499358188323,0.0,0.007403499358188323,0.007403499358188323,0.007403499358188323,0.007403499358188323,0.007403499358188323,0.0
covtype_semisynthetic_misspecified,naive_current_corrected_cholesky,32,1,D_Q_over_d_Th,60231.02861144034,0.0,60231.02861144034,60231.02861144034,60231.02861144034,60231.02861144034,60231.02861144034,0.0
covtype_semisynthetic_misspecified,naive_current_corrected_cholesky,32,1,action_scoring_seconds,0.003786275046877563,0.0,0.003786275046877563,0.003786275046877563,0.003786275046877563,0.003786275046877563,0.003786275046877563,0.0
covtype_semisynthetic_misspecified,naive_current_corrected_cholesky,32,1,algorithm_seconds,1.6913993906928226,0.0,1.6913993906928226,1.6913993906928226,1.6913993906928226,1.6913993906928226,1.6913993906928226,0.0
covtype_semisynthetic_misspecified,naive_current_corrected_cholesky,32,1,cg_iterations,0.0,0.0,0.0,0.0,0.0,0.0,0.0,0.0
covtype_semisynthetic_misspecified,naive_current_corrected_cholesky,32,1,cg_matvecs,0.0,0.0,0.0,0.0,0.0,0.0,0.0,0.0
covtype_semisynthetic_misspecified,naive_current_corrected_cholesky,32,1,cumulative_regret,2.893071166594723,0.0,2.893071166594723,2.893071166594723,2.893071166594723,2.893071166594723,2.893071166594723,0.0
covtype_semisynthetic_misspecified,naive_current_corrected_cholesky,32,1,current_misspecification_envelope,0.049802958164846464,0.0,0.049802958164846464,0.049802958164846464,0.049802958164846464,0.049802958164846464,0.049802958164846464,0.0
covtype_semisynthetic_misspecified,naive_current_corrected_cholesky,32,1,data_loading_seconds,0.015451621962711215,0.0,0.015451621962711215,0.015451621962711215,0.015451621962711215,0.015451621962711215,0.015451621962711215,0.0
covtype_semisynthetic_misspecified,naive_current_corrected_cholesky,32,1,diagnostic_seconds,0.5114158968790434,0.0,0.5114158968790434,0.5114158968790434,0.5114158968790434,0.5114158968790434,0.5114158968790434,0.0
covtype_semisynthetic_misspecified,naive_current_corrected_cholesky,32,1,end_to_end_round_seconds,2.2511761518544517,0.0,2.2511761518544517,2.2511761518544517,2.2511761518544517,2.2511761518544517,2.2511761518544517,0.0
covtype_semisynthetic_misspecified,naive_current_corrected_cholesky,32,1,fraction_bonus_below_gap,0.0,0.0,0.0,0.0,0.0,0.0,0.0,0.0
covtype_semisynthetic_misspecified,naive_current_corrected_cholesky,32,1,fraction_bonus_exceeds_range,1.0,0.0,1.0,1.0,1.0,1.0,1.0,0.0
covtype_semisynthetic_misspecified,naive_current_corrected_cholesky,32,1,historical_misspecification_envelope,0.049802958164846464,0.0,0.049802958164846464,0.049802958164846464,0.049802958164846464,0.049802958164846464,0.049802958164846464,0.0
covtype_semisynthetic_misspecified,naive_current_corrected_cholesky,32,1,kappa_minus,1.0,0.0,1.0,1.0,1.0,1.0,1.0,0.0
covtype_semisynthetic_misspecified,naive_current_corrected_cholesky,32,1,logical_operator_bytes,276768.0,0.0,276768.0,276768.0,276768.0,276768.0,276768.0,0.0
covtype_semisynthetic_misspecified,naive_current_corrected_cholesky,32,1,operator_construction_seconds,0.46559804904973134,0.0,0.46559804904973134,0.46559804904973134,0.46559804904973134,0.46559804904973134,0.46559804904973134,0.0
covtype_semisynthetic_misspecified,naive_current_corrected_cholesky,32,1,peak_rss_bytes,454799360.0,0.0,454799360.0,454799360.0,454799360.0,454799360.0,454799360.0,0.0
covtype_semisynthetic_misspecified,naive_current_corrected_cholesky,32,1,preprocessing_seconds,0.03642051498172805,0.0,0.03642051498172805,0.03642051498172805,0.03642051498172805,0.03642051498172805,0.03642051498172805,0.0
covtype_semisynthetic_misspecified,naive_current_corrected_cholesky,32,1,representation_update_seconds,0.21645938092842698,0.0,0.21645938092842698,0.21645938092842698,0.21645938092842698,0.21645938092842698,0.21645938092842698,0.0
covtype_semisynthetic_misspecified,naive_current_corrected_cholesky,32,1,solver_alpha,1.0,0.0,1.0,1.0,1.0,1.0,1.0,0.0
covtype_semisynthetic_misspecified,naive_current_corrected_cholesky,32,1,solver_seconds,0.4514213427901268,0.0,0.4514213427901268,0.4514213427901268,0.4514213427901268,0.4514213427901268,0.4514213427901268,0.0
covtype_semisynthetic_misspecified,naive_current_corrected_cholesky,32,1,teacher_environment_seconds,0.4358679390279576,0.0,0.4358679390279576,0.4358679390279576,0.4358679390279576,0.4358679390279576,0.4358679390279576,0.0
covtype_semisynthetic_misspecified,naive_current_corrected_cholesky,32,1,transport_certificate_seconds,0.0,0.0,0.0,0.0,0.0,0.0,0.0,0.0
covtype_semisynthetic_misspecified,naive_current_corrected_cholesky,32,1,width_upper_over_exact,1.0,0.0,1.0,1.0,1.0,1.0,1.0,0.0
covtype_semisynthetic_misspecified,transport_endpoint_corrected_cholesky,32,1,D_Q_minus_d_Th,0.007121670130425684,0.0,0.007121670130425684,0.007121670130425684,0.007121670130425684,0.007121670130425684,0.007121670130425684,0.0
covtype_semisynthetic_misspecified,transport_endpoint_corrected_cholesky,32,1,D_Q_over_d_Th,74922.64446830313,0.0,74922.64446830313,74922.64446830313,74922.64446830313,74922.64446830313,74922.64446830313,0.0
covtype_semisynthetic_misspecified,transport_endpoint_corrected_cholesky,32,1,action_scoring_seconds,0.003519988269545138,0.0,0.003519988269545138,0.003519988269545138,0.003519988269545138,0.003519988269545138,0.003519988269545138,0.0
covtype_semisynthetic_misspecified,transport_endpoint_corrected_cholesky,32,1,algorithm_seconds,2.023855986306444,0.0,2.023855986306444,2.023855986306444,2.023855986306444,2.023855986306444,2.023855986306444,0.0
covtype_semisynthetic_misspecified,transport_endpoint_corrected_cholesky,32,1,cg_iterations,0.0,0.0,0.0,0.0,0.0,0.0,0.0,0.0
covtype_semisynthetic_misspecified,transport_endpoint_corrected_cholesky,32,1,cg_matvecs,0.0,0.0,0.0,0.0,0.0,0.0,0.0,0.0
covtype_semisynthetic_misspecified,transport_endpoint_corrected_cholesky,32,1,cumulative_regret,3.139208318047346,0.0,3.139208318047346,3.139208318047346,3.139208318047346,3.139208318047346,3.139208318047346,0.0
covtype_semisynthetic_misspecified,transport_endpoint_corrected_cholesky,32,1,current_misspecification_envelope,0.049802958164846464,0.0,0.049802958164846464,0.049802958164846464,0.049802958164846464,0.049802958164846464,0.049802958164846464,0.0
covtype_semisynthetic_misspecified,transport_endpoint_corrected_cholesky,32,1,data_loading_seconds,0.015451621962711215,0.0,0.015451621962711215,0.015451621962711215,0.015451621962711215,0.015451621962711215,0.015451621962711215,0.0
covtype_semisynthetic_misspecified,transport_endpoint_corrected_cholesky,32,1,diagnostic_seconds,0.46519168390659615,0.0,0.46519168390659615,0.46519168390659615,0.46519168390659615,0.46519168390659615,0.46519168390659615,0.0
covtype_semisynthetic_misspecified,transport_endpoint_corrected_cholesky,32,1,end_to_end_round_seconds,2.535765895037912,0.0,2.535765895037912,2.535765895037912,2.535765895037912,2.535765895037912,2.535765895037912,0.0
covtype_semisynthetic_misspecified,transport_endpoint_corrected_cholesky,32,1,fraction_bonus_below_gap,0.0,0.0,0.0,0.0,0.0,0.0,0.0,0.0
covtype_semisynthetic_misspecified,transport_endpoint_corrected_cholesky,32,1,fraction_bonus_exceeds_range,1.0,0.0,1.0,1.0,1.0,1.0,1.0,0.0
covtype_semisynthetic_misspecified,transport_endpoint_corrected_cholesky,32,1,historical_misspecification_envelope,0.049802958164846464,0.0,0.049802958164846464,0.049802958164846464,0.049802958164846464,0.049802958164846464,0.049802958164846464,0.0
covtype_semisynthetic_misspecified,transport_endpoint_corrected_cholesky,32,1,kappa_minus,1.0,0.0,1.0,1.0,1.0,1.0,1.0,0.0
covtype_semisynthetic_misspecified,transport_endpoint_corrected_cholesky,32,1,logical_operator_bytes,276768.0,0.0,276768.0,276768.0,276768.0,276768.0,276768.0,0.0
covtype_semisynthetic_misspecified,transport_endpoint_corrected_cholesky,32,1,operator_construction_seconds,0.4898156650015153,0.0,0.4898156650015153,0.4898156650015153,0.4898156650015153,0.4898156650015153,0.4898156650015153,0.0
covtype_semisynthetic_misspecified,transport_endpoint_corrected_cholesky,32,1,peak_rss_bytes,512729088.0,0.0,512729088.0,512729088.0,512729088.0,512729088.0,512729088.0,0.0
covtype_semisynthetic_misspecified,transport_endpoint_corrected_cholesky,32,1,preprocessing_seconds,0.03642051498172805,0.0,0.03642051498172805,0.03642051498172805,0.03642051498172805,0.03642051498172805,0.03642051498172805,0.0
covtype_semisynthetic_misspecified,transport_endpoint_corrected_cholesky,32,1,representation_update_seconds,0.21909589669667184,0.0,0.21909589669667184,0.21909589669667184,0.21909589669667184,0.21909589669667184,0.21909589669667184,0.0
covtype_semisynthetic_misspecified,transport_endpoint_corrected_cholesky,32,1,solver_alpha,1.0,0.0,1.0,1.0,1.0,1.0,1.0,0.0
covtype_semisynthetic_misspecified,transport_endpoint_corrected_cholesky,32,1,solver_seconds,0.45535192114766687,0.0,0.45535192114766687,0.45535192114766687,0.45535192114766687,0.45535192114766687,0.45535192114766687,0.0
covtype_semisynthetic_misspecified,transport_endpoint_corrected_cholesky,32,1,teacher_environment_seconds,0.4358679390279576,0.0,0.4358679390279576,0.4358679390279576,0.4358679390279576,0.4358679390279576,0.4358679390279576,0.0
covtype_semisynthetic_misspecified,transport_endpoint_corrected_cholesky,32,1,transport_certificate_seconds,0.3075949260382913,0.0,0.3075949260382913,0.3075949260382913,0.3075949260382913,0.3075949260382913,0.3075949260382913,0.0
covtype_semisynthetic_misspecified,transport_endpoint_corrected_cholesky,32,1,width_upper_over_exact,1.0,0.0,1.0,1.0,1.0,1.0,1.0,0.0
covtype_semisynthetic_misspecified,transport_exact_corrected_cg_1e-4,32,1,D_Q_minus_d_Th,0.010709103283871561,0.0,0.010709103283871561,0.010709103283871561,0.010709103283871561,0.010709103283871561,0.010709103283871561,0.0
covtype_semisynthetic_misspecified,transport_exact_corrected_cg_1e-4,32,1,D_Q_over_d_Th,35213.622266242244,0.0,35213.622266242244,35213.622266242244,35213.622266242244,35213.622266242244,35213.622266242244,0.0
covtype_semisynthetic_misspecified,transport_exact_corrected_cg_1e-4,32,1,action_scoring_seconds,0.0029938979423604906,0.0,0.0029938979423604906,0.0029938979423604906,0.0029938979423604906,0.0029938979423604906,0.0029938979423604906,0.0
covtype_semisynthetic_misspecified,transport_exact_corrected_cg_1e-4,32,1,algorithm_seconds,1.7324813007144257,0.0,1.7324813007144257,1.7324813007144257,1.7324813007144257,1.7324813007144257,1.7324813007144257,0.0
covtype_semisynthetic_misspecified,transport_exact_corrected_cg_1e-4,32,1,cg_iterations,3098.0,0.0,3098.0,3098.0,3098.0,3098.0,3098.0,0.0
covtype_semisynthetic_misspecified,transport_exact_corrected_cg_1e-4,32,1,cg_matvecs,3738.0,0.0,3738.0,3738.0,3738.0,3738.0,3738.0,0.0
covtype_semisynthetic_misspecified,transport_exact_corrected_cg_1e-4,32,1,cumulative_regret,2.9433799869751667,0.0,2.9433799869751667,2.9433799869751667,2.9433799869751667,2.9433799869751667,2.9433799869751667,0.0
covtype_semisynthetic_misspecified,transport_exact_corrected_cg_1e-4,32,1,current_misspecification_envelope,0.049802958164846464,0.0,0.049802958164846464,0.049802958164846464,0.049802958164846464,0.049802958164846464,0.049802958164846464,0.0
covtype_semisynthetic_misspecified,transport_exact_corrected_cg_1e-4,32,1,data_loading_seconds,0.015451621962711215,0.0,0.015451621962711215,0.015451621962711215,0.015451621962711215,0.015451621962711215,0.015451621962711215,0.0
covtype_semisynthetic_misspecified,transport_exact_corrected_cg_1e-4,32,1,diagnostic_seconds,0.5595579330692999,0.0,0.5595579330692999,0.5595579330692999,0.5595579330692999,0.5595579330692999,0.5595579330692999,0.0
covtype_semisynthetic_misspecified,transport_exact_corrected_cg_1e-4,32,1,end_to_end_round_seconds,2.353012728795875,0.0,2.353012728795875,2.353012728795875,2.353012728795875,2.353012728795875,2.353012728795875,0.0
covtype_semisynthetic_misspecified,transport_exact_corrected_cg_1e-4,32,1,fraction_bonus_below_gap,0.0,0.0,0.0,0.0,0.0,0.0,0.0,0.0
covtype_semisynthetic_misspecified,transport_exact_corrected_cg_1e-4,32,1,fraction_bonus_exceeds_range,1.0,0.0,1.0,1.0,1.0,1.0,1.0,0.0
covtype_semisynthetic_misspecified,transport_exact_corrected_cg_1e-4,32,1,historical_misspecification_envelope,0.049802958164846464,0.0,0.049802958164846464,0.049802958164846464,0.049802958164846464,0.049802958164846464,0.049802958164846464,0.0
covtype_semisynthetic_misspecified,transport_exact_corrected_cg_1e-4,32,1,kappa_minus,1.0,0.0,1.0,1.0,1.0,1.0,1.0,0.0
covtype_semisynthetic_misspecified,transport_exact_corrected_cg_1e-4,32,1,logical_operator_bytes,276768.0,0.0,276768.0,276768.0,276768.0,276768.0,276768.0,0.0
covtype_semisynthetic_misspecified,transport_exact_corrected_cg_1e-4,32,1,operator_construction_seconds,0.48734133096877486,0.0,0.48734133096877486,0.48734133096877486,0.48734133096877486,0.48734133096877486,0.48734133096877486,0.0
covtype_semisynthetic_misspecified,transport_exact_corrected_cg_1e-4,32,1,peak_rss_bytes,464347136.0,0.0,464347136.0,464347136.0,464347136.0,464347136.0,464347136.0,0.0
covtype_semisynthetic_misspecified,transport_exact_corrected_cg_1e-4,32,1,preprocessing_seconds,0.03642051498172805,0.0,0.03642051498172805,0.03642051498172805,0.03642051498172805,0.03642051498172805,0.03642051498172805,0.0
covtype_semisynthetic_misspecified,transport_exact_corrected_cg_1e-4,32,1,representation_update_seconds,0.21877821499947459,0.0,0.21877821499947459,0.21877821499947459,0.21877821499947459,0.21877821499947459,0.21877821499947459,0.0
covtype_semisynthetic_misspecified,transport_exact_corrected_cg_1e-4,32,1,solver_alpha,1.000095409687509,0.0,1.000095409687509,1.000095409687509,1.000095409687509,1.000095409687509,1.000095409687509,0.0
covtype_semisynthetic_misspecified,transport_exact_corrected_cg_1e-4,32,1,solver_seconds,0.41162525297841057,0.0,0.41162525297841057,0.41162525297841057,0.41162525297841057,0.41162525297841057,0.41162525297841057,0.0
covtype_semisynthetic_misspecified,transport_exact_corrected_cg_1e-4,32,1,teacher_environment_seconds,0.4358679390279576,0.0,0.4358679390279576,0.4358679390279576,0.4358679390279576,0.4358679390279576,0.4358679390279576,0.0
covtype_semisynthetic_misspecified,transport_exact_corrected_cg_1e-4,32,1,transport_certificate_seconds,0.0,0.0,0.0,0.0,0.0,0.0,0.0,0.0
covtype_semisynthetic_misspecified,transport_exact_corrected_cg_1e-4,32,1,width_upper_over_exact,1.0000343456963305,0.0,1.0000343456963305,1.0000343456963305,1.0000343456963305,1.0000343456963305,1.0000343456963305,0.0
covtype_semisynthetic_misspecified,transport_exact_corrected_cholesky,32,1,D_Q_minus_d_Th,0.00927283419731738,0.0,0.00927283419731738,0.00927283419731738,0.00927283419731738,0.00927283419731738,0.00927283419731738,0.0
covtype_semisynthetic_misspecified,transport_exact_corrected_cholesky,32,1,D_Q_over_d_Th,68516.5868296998,0.0,68516.5868296998,68516.5868296998,68516.5868296998,68516.5868296998,68516.5868296998,0.0
covtype_semisynthetic_misspecified,transport_exact_corrected_cholesky,32,1,action_scoring_seconds,0.003696276980917901,0.0,0.003696276980917901,0.003696276980917901,0.003696276980917901,0.003696276980917901,0.003696276980917901,0.0
covtype_semisynthetic_misspecified,transport_exact_corrected_cholesky,32,1,algorithm_seconds,1.708844218053855,0.0,1.708844218053855,1.708844218053855,1.708844218053855,1.708844218053855,1.708844218053855,0.0
covtype_semisynthetic_misspecified,transport_exact_corrected_cholesky,32,1,cg_iterations,0.0,0.0,0.0,0.0,0.0,0.0,0.0,0.0
covtype_semisynthetic_misspecified,transport_exact_corrected_cholesky,32,1,cg_matvecs,0.0,0.0,0.0,0.0,0.0,0.0,0.0,0.0
covtype_semisynthetic_misspecified,transport_exact_corrected_cholesky,32,1,cumulative_regret,3.139208318047346,0.0,3.139208318047346,3.139208318047346,3.139208318047346,3.139208318047346,3.139208318047346,0.0
covtype_semisynthetic_misspecified,transport_exact_corrected_cholesky,32,1,current_misspecification_envelope,0.049802958164846464,0.0,0.049802958164846464,0.049802958164846464,0.049802958164846464,0.049802958164846464,0.049802958164846464,0.0
covtype_semisynthetic_misspecified,transport_exact_corrected_cholesky,32,1,data_loading_seconds,0.015451621962711215,0.0,0.015451621962711215,0.015451621962711215,0.015451621962711215,0.015451621962711215,0.015451621962711215,0.0
covtype_semisynthetic_misspecified,transport_exact_corrected_cholesky,32,1,diagnostic_seconds,0.5282771258498542,0.0,0.5282771258498542,0.5282771258498542,0.5282771258498542,0.5282771258498542,0.5282771258498542,0.0
covtype_semisynthetic_misspecified,transport_exact_corrected_cholesky,32,1,end_to_end_round_seconds,2.2848931049229577,0.0,2.2848931049229577,2.2848931049229577,2.2848931049229577,2.2848931049229577,2.2848931049229577,0.0
covtype_semisynthetic_misspecified,transport_exact_corrected_cholesky,32,1,fraction_bonus_below_gap,0.0,0.0,0.0,0.0,0.0,0.0,0.0,0.0
covtype_semisynthetic_misspecified,transport_exact_corrected_cholesky,32,1,fraction_bonus_exceeds_range,1.0,0.0,1.0,1.0,1.0,1.0,1.0,0.0
covtype_semisynthetic_misspecified,transport_exact_corrected_cholesky,32,1,historical_misspecification_envelope,0.049802958164846464,0.0,0.049802958164846464,0.049802958164846464,0.049802958164846464,0.049802958164846464,0.049802958164846464,0.0
covtype_semisynthetic_misspecified,transport_exact_corrected_cholesky,32,1,kappa_minus,1.0,0.0,1.0,1.0,1.0,1.0,1.0,0.0
covtype_semisynthetic_misspecified,transport_exact_corrected_cholesky,32,1,logical_operator_bytes,276768.0,0.0,276768.0,276768.0,276768.0,276768.0,276768.0,0.0
covtype_semisynthetic_misspecified,transport_exact_corrected_cholesky,32,1,operator_construction_seconds,0.4746109891566448,0.0,0.4746109891566448,0.4746109891566448,0.4746109891566448,0.4746109891566448,0.4746109891566448,0.0
covtype_semisynthetic_misspecified,transport_exact_corrected_cholesky,32,1,peak_rss_bytes,561188864.0,0.0,561188864.0,561188864.0,561188864.0,561188864.0,561188864.0,0.0
covtype_semisynthetic_misspecified,transport_exact_corrected_cholesky,32,1,preprocessing_seconds,0.03642051498172805,0.0,0.03642051498172805,0.03642051498172805,0.03642051498172805,0.03642051498172805,0.03642051498172805,0.0
covtype_semisynthetic_misspecified,transport_exact_corrected_cholesky,32,1,representation_update_seconds,0.22315583407180384,0.0,0.22315583407180384,0.22315583407180384,0.22315583407180384,0.22315583407180384,0.22315583407180384,0.0
covtype_semisynthetic_misspecified,transport_exact_corrected_cholesky,32,1,solver_alpha,1.0,0.0,1.0,1.0,1.0,1.0,1.0,0.0
covtype_semisynthetic_misspecified,transport_exact_corrected_cholesky,32,1,solver_seconds,0.45762986392946914,0.0,0.45762986392946914,0.45762986392946914,0.45762986392946914,0.45762986392946914,0.45762986392946914,0.0
covtype_semisynthetic_misspecified,transport_exact_corrected_cholesky,32,1,teacher_environment_seconds,0.4358679390279576,0.0,0.4358679390279576,0.4358679390279576,0.4358679390279576,0.4358679390279576,0.4358679390279576,0.0
covtype_semisynthetic_misspecified,transport_exact_corrected_cholesky,32,1,transport_certificate_seconds,0.0,0.0,0.0,0.0,0.0,0.0,0.0,0.0
covtype_semisynthetic_misspecified,transport_exact_corrected_cholesky,32,1,width_upper_over_exact,1.0,0.0,1.0,1.0,1.0,1.0,1.0,0.0
covtype_semisynthetic_misspecified,transport_exact_uncorrected_tangent_cholesky,32,1,D_Q_minus_d_Th,0.00927283419731738,0.0,0.00927283419731738,0.00927283419731738,0.00927283419731738,0.00927283419731738,0.00927283419731738,0.0
covtype_semisynthetic_misspecified,transport_exact_uncorrected_tangent_cholesky,32,1,D_Q_over_d_Th,68516.5868296998,0.0,68516.5868296998,68516.5868296998,68516.5868296998,68516.5868296998,68516.5868296998,0.0
covtype_semisynthetic_misspecified,transport_exact_uncorrected_tangent_cholesky,32,1,action_scoring_seconds,0.0033126809867098927,0.0,0.0033126809867098927,0.0033126809867098927,0.0033126809867098927,0.0033126809867098927,0.0033126809867098927,0.0
covtype_semisynthetic_misspecified,transport_exact_uncorrected_tangent_cholesky,32,1,algorithm_seconds,1.631256446824409,0.0,1.631256446824409,1.631256446824409,1.631256446824409,1.631256446824409,1.631256446824409,0.0
covtype_semisynthetic_misspecified,transport_exact_uncorrected_tangent_cholesky,32,1,cg_iterations,0.0,0.0,0.0,0.0,0.0,0.0,0.0,0.0
covtype_semisynthetic_misspecified,transport_exact_uncorrected_tangent_cholesky,32,1,cg_matvecs,0.0,0.0,0.0,0.0,0.0,0.0,0.0,0.0
covtype_semisynthetic_misspecified,transport_exact_uncorrected_tangent_cholesky,32,1,cumulative_regret,3.139208318047346,0.0,3.139208318047346,3.139208318047346,3.139208318047346,3.139208318047346,3.139208318047346,0.0
covtype_semisynthetic_misspecified,transport_exact_uncorrected_tangent_cholesky,32,1,current_misspecification_envelope,0.049802958164846464,0.0,0.049802958164846464,0.049802958164846464,0.049802958164846464,0.049802958164846464,0.049802958164846464,0.0
covtype_semisynthetic_misspecified,transport_exact_uncorrected_tangent_cholesky,32,1,data_loading_seconds,0.015451621962711215,0.0,0.015451621962711215,0.015451621962711215,0.015451621962711215,0.015451621962711215,0.015451621962711215,0.0
covtype_semisynthetic_misspecified,transport_exact_uncorrected_tangent_cholesky,32,1,diagnostic_seconds,0.494442081078887,0.0,0.494442081078887,0.494442081078887,0.494442081078887,0.494442081078887,0.494442081078887,0.0
covtype_semisynthetic_misspecified,transport_exact_uncorrected_tangent_cholesky,32,1,end_to_end_round_seconds,2.17292429698864,0.0,2.17292429698864,2.17292429698864,2.17292429698864,2.17292429698864,2.17292429698864,0.0
covtype_semisynthetic_misspecified,transport_exact_uncorrected_tangent_cholesky,32,1,fraction_bonus_below_gap,0.0,0.0,0.0,0.0,0.0,0.0,0.0,0.0
covtype_semisynthetic_misspecified,transport_exact_uncorrected_tangent_cholesky,32,1,fraction_bonus_exceeds_range,1.0,0.0,1.0,1.0,1.0,1.0,1.0,0.0
covtype_semisynthetic_misspecified,transport_exact_uncorrected_tangent_cholesky,32,1,historical_misspecification_envelope,0.049802958164846464,0.0,0.049802958164846464,0.049802958164846464,0.049802958164846464,0.049802958164846464,0.049802958164846464,0.0
covtype_semisynthetic_misspecified,transport_exact_uncorrected_tangent_cholesky,32,1,kappa_minus,1.0,0.0,1.0,1.0,1.0,1.0,1.0,0.0
covtype_semisynthetic_misspecified,transport_exact_uncorrected_tangent_cholesky,32,1,logical_operator_bytes,276768.0,0.0,276768.0,276768.0,276768.0,276768.0,276768.0,0.0
covtype_semisynthetic_misspecified,transport_exact_uncorrected_tangent_cholesky,32,1,operator_construction_seconds,0.44779931503580883,0.0,0.44779931503580883,0.44779931503580883,0.44779931503580883,0.44779931503580883,0.44779931503580883,0.0
covtype_semisynthetic_misspecified,transport_exact_uncorrected_tangent_cholesky,32,1,peak_rss_bytes,450551808.0,0.0,450551808.0,450551808.0,450551808.0,450551808.0,450551808.0,0.0
covtype_semisynthetic_misspecified,transport_exact_uncorrected_tangent_cholesky,32,1,preprocessing_seconds,0.03642051498172805,0.0,0.03642051498172805,0.03642051498172805,0.03642051498172805,0.03642051498172805,0.03642051498172805,0.0
covtype_semisynthetic_misspecified,transport_exact_uncorrected_tangent_cholesky,32,1,representation_update_seconds,0.20244709076359868,0.0,0.20244709076359868,0.20244709076359868,0.20244709076359868,0.20244709076359868,0.20244709076359868,0.0
covtype_semisynthetic_misspecified,transport_exact_uncorrected_tangent_cholesky,32,1,solver_alpha,1.0,0.0,1.0,1.0,1.0,1.0,1.0,0.0
covtype_semisynthetic_misspecified,transport_exact_uncorrected_tangent_cholesky,32,1,solver_seconds,0.4411274599842727,0.0,0.4411274599842727,0.4411274599842727,0.4411274599842727,0.4411274599842727,0.4411274599842727,0.0
covtype_semisynthetic_misspecified,transport_exact_uncorrected_tangent_cholesky,32,1,teacher_environment_seconds,0.4358679390279576,0.0,0.4358679390279576,0.4358679390279576,0.4358679390279576,0.4358679390279576,0.4358679390279576,0.0
covtype_semisynthetic_misspecified,transport_exact_uncorrected_tangent_cholesky,32,1,transport_certificate_seconds,0.0,0.0,0.0,0.0,0.0,0.0,0.0,0.0
covtype_semisynthetic_misspecified,transport_exact_uncorrected_tangent_cholesky,32,1,width_upper_over_exact,1.0,0.0,1.0,1.0,1.0,1.0,1.0,0.0
covtype_semisynthetic_misspecified,transport_nystrom_r16_cg_1e-2,32,1,D_Q_minus_d_Th,0.00991075788198538,0.0,0.00991075788198538,0.00991075788198538,0.00991075788198538,0.00991075788198538,0.00991075788198538,0.0
covtype_semisynthetic_misspecified,transport_nystrom_r16_cg_1e-2,32,1,D_Q_over_d_Th,61503.74549224266,0.0,61503.74549224266,61503.74549224266,61503.74549224266,61503.74549224266,61503.74549224266,0.0
covtype_semisynthetic_misspecified,transport_nystrom_r16_cg_1e-2,32,1,action_scoring_seconds,0.0031348898191936314,0.0,0.0031348898191936314,0.0031348898191936314,0.0031348898191936314,0.0031348898191936314,0.0031348898191936314,0.0
covtype_semisynthetic_misspecified,transport_nystrom_r16_cg_1e-2,32,1,algorithm_seconds,1.2420465117320418,0.0,1.2420465117320418,1.2420465117320418,1.2420465117320418,1.2420465117320418,1.2420465117320418,0.0
covtype_semisynthetic_misspecified,transport_nystrom_r16_cg_1e-2,32,1,cg_iterations,1966.0,0.0,1966.0,1966.0,1966.0,1966.0,1966.0,0.0
covtype_semisynthetic_misspecified,transport_nystrom_r16_cg_1e-2,32,1,cg_matvecs,2606.0,0.0,2606.0,2606.0,2606.0,2606.0,2606.0,0.0
covtype_semisynthetic_misspecified,transport_nystrom_r16_cg_1e-2,32,1,cumulative_regret,2.950932172847678,0.0,2.950932172847678,2.950932172847678,2.950932172847678,2.950932172847678,2.950932172847678,0.0
covtype_semisynthetic_misspecified,transport_nystrom_r16_cg_1e-2,32,1,current_misspecification_envelope,0.049802958164846464,0.0,0.049802958164846464,0.049802958164846464,0.049802958164846464,0.049802958164846464,0.049802958164846464,0.0
covtype_semisynthetic_misspecified,transport_nystrom_r16_cg_1e-2,32,1,data_loading_seconds,0.015451621962711215,0.0,0.015451621962711215,0.015451621962711215,0.015451621962711215,0.015451621962711215,0.015451621962711215,0.0
covtype_semisynthetic_misspecified,transport_nystrom_r16_cg_1e-2,32,1,diagnostic_seconds,0.5828962185769342,0.0,0.5828962185769342,0.5828962185769342,0.5828962185769342,0.5828962185769342,0.5828962185769342,0.0
covtype_semisynthetic_misspecified,transport_nystrom_r16_cg_1e-2,32,1,end_to_end_round_seconds,1.882363556069322,0.0,1.882363556069322,1.882363556069322,1.882363556069322,1.882363556069322,1.882363556069322,0.0
covtype_semisynthetic_misspecified,transport_nystrom_r16_cg_1e-2,32,1,fraction_bonus_below_gap,0.0,0.0,0.0,0.0,0.0,0.0,0.0,0.0
covtype_semisynthetic_misspecified,transport_nystrom_r16_cg_1e-2,32,1,fraction_bonus_exceeds_range,1.0,0.0,1.0,1.0,1.0,1.0,1.0,0.0
covtype_semisynthetic_misspecified,transport_nystrom_r16_cg_1e-2,32,1,historical_misspecification_envelope,0.049802958164846464,0.0,0.049802958164846464,0.049802958164846464,0.049802958164846464,0.049802958164846464,0.049802958164846464,0.0
covtype_semisynthetic_misspecified,transport_nystrom_r16_cg_1e-2,32,1,kappa_minus,0.5447611229080564,0.0,0.5447611229080564,0.5447611229080564,0.5447611229080564,0.5447611229080564,0.5447611229080564,0.0
covtype_semisynthetic_misspecified,transport_nystrom_r16_cg_1e-2,32,1,logical_operator_bytes,23816.0,0.0,23816.0,23816.0,23816.0,23816.0,23816.0,0.0
covtype_semisynthetic_misspecified,transport_nystrom_r16_cg_1e-2,32,1,operator_construction_seconds,0.04803969175554812,0.0,0.04803969175554812,0.04803969175554812,0.04803969175554812,0.04803969175554812,0.04803969175554812,0.0
covtype_semisynthetic_misspecified,transport_nystrom_r16_cg_1e-2,32,1,oracle_kappa_minus,0.5303264904937701,0.0,0.5303264904937701,0.5303264904937701,0.5303264904937701,0.5303264904937701,0.5303264904937701,0.0
covtype_semisynthetic_misspecified,transport_nystrom_r16_cg_1e-2,32,1,peak_rss_bytes,457482240.0,0.0,457482240.0,457482240.0,457482240.0,457482240.0,457482240.0,0.0
covtype_semisynthetic_misspecified,transport_nystrom_r16_cg_1e-2,32,1,preprocessing_seconds,0.03642051498172805,0.0,0.03642051498172805,0.03642051498172805,0.03642051498172805,0.03642051498172805,0.03642051498172805,0.0
covtype_semisynthetic_misspecified,transport_nystrom_r16_cg_1e-2,32,1,representation_update_seconds,0.22604127594968304,0.0,0.22604127594968304,0.22604127594968304,0.22604127594968304,0.22604127594968304,0.22604127594968304,0.0
covtype_semisynthetic_misspecified,transport_nystrom_r16_cg_1e-2,32,1,solver_alpha,1.0087638781668347,0.0,1.0087638781668347,1.0087638781668347,1.0087638781668347,1.0087638781668347,1.0087638781668347,0.0
covtype_semisynthetic_misspecified,transport_nystrom_r16_cg_1e-2,32,1,solver_seconds,0.33008018194232136,0.0,0.33008018194232136,0.33008018194232136,0.33008018194232136,0.33008018194232136,0.33008018194232136,0.0
covtype_semisynthetic_misspecified,transport_nystrom_r16_cg_1e-2,32,1,teacher_environment_seconds,0.4358679390279576,0.0,0.4358679390279576,0.4358679390279576,0.4358679390279576,0.4358679390279576,0.4358679390279576,0.0
covtype_semisynthetic_misspecified,transport_nystrom_r16_cg_1e-2,32,1,trace_tail_over_operator_tail,8.016274873509982,0.0,8.016274873509982,8.016274873509982,8.016274873509982,8.016274873509982,8.016274873509982,0.0
covtype_semisynthetic_misspecified,transport_nystrom_r16_cg_1e-2,32,1,transport_certificate_seconds,0.0,0.0,0.0,0.0,0.0,0.0,0.0,0.0
covtype_semisynthetic_misspecified,transport_nystrom_r16_cg_1e-2,32,1,width_upper_over_exact,1.0018680271527751,0.0,1.0018680271527751,1.0018680271527751,1.0018680271527751,1.0018680271527751,1.0018680271527751,0.0
covtype_semisynthetic_misspecified,transport_nystrom_r16_cg_1e-6,32,1,D_Q_minus_d_Th,0.010322224000407328,0.0,0.010322224000407328,0.010322224000407328,0.010322224000407328,0.010322224000407328,0.010322224000407328,0.0
covtype_semisynthetic_misspecified,transport_nystrom_r16_cg_1e-6,32,1,D_Q_over_d_Th,48270.57235438861,0.0,48270.57235438861,48270.57235438861,48270.57235438861,48270.57235438861,48270.57235438861,0.0
covtype_semisynthetic_misspecified,transport_nystrom_r16_cg_1e-6,32,1,action_scoring_seconds,0.0029696390847675502,0.0,0.0029696390847675502,0.0029696390847675502,0.0029696390847675502,0.0029696390847675502,0.0029696390847675502,0.0
covtype_semisynthetic_misspecified,transport_nystrom_r16_cg_1e-6,32,1,algorithm_seconds,1.250422002922278,0.0,1.250422002922278,1.250422002922278,1.250422002922278,1.250422002922278,1.250422002922278,0.0
covtype_semisynthetic_misspecified,transport_nystrom_r16_cg_1e-6,32,1,cg_iterations,3258.0,0.0,3258.0,3258.0,3258.0,3258.0,3258.0,0.0
covtype_semisynthetic_misspecified,transport_nystrom_r16_cg_1e-6,32,1,cg_matvecs,3898.0,0.0,3898.0,3898.0,3898.0,3898.0,3898.0,0.0
covtype_semisynthetic_misspecified,transport_nystrom_r16_cg_1e-6,32,1,cumulative_regret,3.2315749486850964,0.0,3.2315749486850964,3.2315749486850964,3.2315749486850964,3.2315749486850964,3.2315749486850964,0.0
covtype_semisynthetic_misspecified,transport_nystrom_r16_cg_1e-6,32,1,current_misspecification_envelope,0.049802958164846464,0.0,0.049802958164846464,0.049802958164846464,0.049802958164846464,0.049802958164846464,0.049802958164846464,0.0
covtype_semisynthetic_misspecified,transport_nystrom_r16_cg_1e-6,32,1,data_loading_seconds,0.015451621962711215,0.0,0.015451621962711215,0.015451621962711215,0.015451621962711215,0.015451621962711215,0.015451621962711215,0.0
covtype_semisynthetic_misspecified,transport_nystrom_r16_cg_1e-6,32,1,diagnostic_seconds,0.5684377718134783,0.0,0.5684377718134783,0.5684377718134783,0.5684377718134783,0.5684377718134783,0.5684377718134783,0.0
covtype_semisynthetic_misspecified,transport_nystrom_r16_cg_1e-6,32,1,end_to_end_round_seconds,1.8717717041145079,0.0,1.8717717041145079,1.8717717041145079,1.8717717041145079,1.8717717041145079,1.8717717041145079,0.0
covtype_semisynthetic_misspecified,transport_nystrom_r16_cg_1e-6,32,1,fraction_bonus_below_gap,0.0,0.0,0.0,0.0,0.0,0.0,0.0,0.0
covtype_semisynthetic_misspecified,transport_nystrom_r16_cg_1e-6,32,1,fraction_bonus_exceeds_range,1.0,0.0,1.0,1.0,1.0,1.0,1.0,0.0
covtype_semisynthetic_misspecified,transport_nystrom_r16_cg_1e-6,32,1,historical_misspecification_envelope,0.049802958164846464,0.0,0.049802958164846464,0.049802958164846464,0.049802958164846464,0.049802958164846464,0.049802958164846464,0.0
covtype_semisynthetic_misspecified,transport_nystrom_r16_cg_1e-6,32,1,kappa_minus,0.5440839818040751,0.0,0.5440839818040751,0.5440839818040751,0.5440839818040751,0.5440839818040751,0.5440839818040751,0.0
covtype_semisynthetic_misspecified,transport_nystrom_r16_cg_1e-6,32,1,logical_operator_bytes,23816.0,0.0,23816.0,23816.0,23816.0,23816.0,23816.0,0.0
covtype_semisynthetic_misspecified,transport_nystrom_r16_cg_1e-6,32,1,operator_construction_seconds,0.041817173652816564,0.0,0.041817173652816564,0.041817173652816564,0.041817173652816564,0.041817173652816564,0.041817173652816564,0.0
covtype_semisynthetic_misspecified,transport_nystrom_r16_cg_1e-6,32,1,oracle_kappa_minus,0.529076435777485,0.0,0.529076435777485,0.529076435777485,0.529076435777485,0.529076435777485,0.529076435777485,0.0
covtype_semisynthetic_misspecified,transport_nystrom_r16_cg_1e-6,32,1,peak_rss_bytes,462393344.0,0.0,462393344.0,462393344.0,462393344.0,462393344.0,462393344.0,0.0
covtype_semisynthetic_misspecified,transport_nystrom_r16_cg_1e-6,32,1,preprocessing_seconds,0.03642051498172805,0.0,0.03642051498172805,0.03642051498172805,0.03642051498172805,0.03642051498172805,0.03642051498172805,0.0
covtype_semisynthetic_misspecified,transport_nystrom_r16_cg_1e-6,32,1,representation_update_seconds,0.19890750688500702,0.0,0.19890750688500702,0.19890750688500702,0.19890750688500702,0.19890750688500702,0.19890750688500702,0.0
covtype_semisynthetic_misspecified,transport_nystrom_r16_cg_1e-6,32,1,solver_alpha,1.000000611439536,0.0,1.000000611439536,1.000000611439536,1.000000611439536,1.000000611439536,1.000000611439536,0.0
covtype_semisynthetic_misspecified,transport_nystrom_r16_cg_1e-6,32,1,solver_seconds,0.41004650917602703,0.0,0.41004650917602703,0.41004650917602703,0.41004650917602703,0.41004650917602703,0.41004650917602703,0.0
covtype_semisynthetic_misspecified,transport_nystrom_r16_cg_1e-6,32,1,teacher_environment_seconds,0.4358679390279576,0.0,0.4358679390279576,0.4358679390279576,0.4358679390279576,0.4358679390279576,0.4358679390279576,0.0
covtype_semisynthetic_misspecified,transport_nystrom_r16_cg_1e-6,32,1,trace_tail_over_operator_tail,8.039687087048556,0.0,8.039687087048556,8.039687087048556,8.039687087048556,8.039687087048556,8.039687087048556,0.0
covtype_semisynthetic_misspecified,transport_nystrom_r16_cg_1e-6,32,1,transport_certificate_seconds,0.0,0.0,0.0,0.0,0.0,0.0,0.0,0.0
covtype_semisynthetic_misspecified,transport_nystrom_r16_cg_1e-6,32,1,width_upper_over_exact,1.000000111887013,0.0,1.000000111887013,1.000000111887013,1.000000111887013,1.000000111887013,1.000000111887013,0.0
covtype_semisynthetic_misspecified,transport_nystrom_r32_cg_1e-4,32,1,D_Q_minus_d_Th,0.008758196542963212,0.0,0.008758196542963212,0.008758196542963212,0.008758196542963212,0.008758196542963212,0.008758196542963212,0.0
covtype_semisynthetic_misspecified,transport_nystrom_r32_cg_1e-4,32,1,D_Q_over_d_Th,38389.68183011271,0.0,38389.68183011271,38389.68183011271,38389.68183011271,38389.68183011271,38389.68183011271,0.0
covtype_semisynthetic_misspecified,transport_nystrom_r32_cg_1e-4,32,1,action_scoring_seconds,0.0030480852001346648,0.0,0.0030480852001346648,0.0030480852001346648,0.0030480852001346648,0.0030480852001346648,0.0030480852001346648,0.0
covtype_semisynthetic_misspecified,transport_nystrom_r32_cg_1e-4,32,1,algorithm_seconds,1.2874438700964674,0.0,1.2874438700964674,1.2874438700964674,1.2874438700964674,1.2874438700964674,1.2874438700964674,0.0
covtype_semisynthetic_misspecified,transport_nystrom_r32_cg_1e-4,32,1,cg_iterations,3088.0,0.0,3088.0,3088.0,3088.0,3088.0,3088.0,0.0
covtype_semisynthetic_misspecified,transport_nystrom_r32_cg_1e-4,32,1,cg_matvecs,3728.0,0.0,3728.0,3728.0,3728.0,3728.0,3728.0,0.0
covtype_semisynthetic_misspecified,transport_nystrom_r32_cg_1e-4,32,1,cumulative_regret,3.2521838108342607,0.0,3.2521838108342607,3.2521838108342607,3.2521838108342607,3.2521838108342607,3.2521838108342607,0.0
covtype_semisynthetic_misspecified,transport_nystrom_r32_cg_1e-4,32,1,current_misspecification_envelope,0.049802958164846464,0.0,0.049802958164846464,0.049802958164846464,0.049802958164846464,0.049802958164846464,0.049802958164846464,0.0
covtype_semisynthetic_misspecified,transport_nystrom_r32_cg_1e-4,32,1,data_loading_seconds,0.015451621962711215,0.0,0.015451621962711215,0.015451621962711215,0.015451621962711215,0.015451621962711215,0.015451621962711215,0.0
covtype_semisynthetic_misspecified,transport_nystrom_r32_cg_1e-4,32,1,diagnostic_seconds,0.5731647402280942,0.0,0.5731647402280942,0.5731647402280942,0.5731647402280942,0.5731647402280942,0.5731647402280942,0.0
covtype_semisynthetic_misspecified,transport_nystrom_r32_cg_1e-4,32,1,end_to_end_round_seconds,1.918969399004709,0.0,1.918969399004709,1.918969399004709,1.918969399004709,1.918969399004709,1.918969399004709,0.0
covtype_semisynthetic_misspecified,transport_nystrom_r32_cg_1e-4,32,1,fraction_bonus_below_gap,0.0,0.0,0.0,0.0,0.0,0.0,0.0,0.0
covtype_semisynthetic_misspecified,transport_nystrom_r32_cg_1e-4,32,1,fraction_bonus_exceeds_range,1.0,0.0,1.0,1.0,1.0,1.0,1.0,0.0
covtype_semisynthetic_misspecified,transport_nystrom_r32_cg_1e-4,32,1,historical_misspecification_envelope,0.049802958164846464,0.0,0.049802958164846464,0.049802958164846464,0.049802958164846464,0.049802958164846464,0.049802958164846464,0.0
covtype_semisynthetic_misspecified,transport_nystrom_r32_cg_1e-4,32,1,kappa_minus,0.99999999999995,0.0,0.99999999999995,0.99999999999995,0.99999999999995,0.99999999999995,0.99999999999995,0.0
covtype_semisynthetic_misspecified,transport_nystrom_r32_cg_1e-4,32,1,logical_operator_bytes,46136.0,0.0,46136.0,46136.0,46136.0,46136.0,46136.0,0.0
covtype_semisynthetic_misspecified,transport_nystrom_r32_cg_1e-4,32,1,operator_construction_seconds,0.05318781203823164,0.0,0.05318781203823164,0.05318781203823164,0.05318781203823164,0.05318781203823164,0.05318781203823164,0.0
covtype_semisynthetic_misspecified,transport_nystrom_r32_cg_1e-4,32,1,oracle_kappa_minus,0.9999999999999971,0.0,0.9999999999999971,0.9999999999999971,0.9999999999999971,0.9999999999999971,0.9999999999999971,0.0
covtype_semisynthetic_misspecified,transport_nystrom_r32_cg_1e-4,32,1,peak_rss_bytes,487849984.0,0.0,487849984.0,487849984.0,487849984.0,487849984.0,487849984.0,0.0
covtype_semisynthetic_misspecified,transport_nystrom_r32_cg_1e-4,32,1,preprocessing_seconds,0.03642051498172805,0.0,0.03642051498172805,0.03642051498172805,0.03642051498172805,0.03642051498172805,0.03642051498172805,0.0
covtype_semisynthetic_misspecified,transport_nystrom_r32_cg_1e-4,32,1,representation_update_seconds,0.21452417760156095,0.0,0.21452417760156095,0.21452417760156095,0.21452417760156095,0.21452417760156095,0.21452417760156095,0.0
covtype_semisynthetic_misspecified,transport_nystrom_r32_cg_1e-4,32,1,solver_alpha,1.0001061135835103,0.0,1.0001061135835103,1.0001061135835103,1.0001061135835103,1.0001061135835103,1.0001061135835103,0.0
covtype_semisynthetic_misspecified,transport_nystrom_r32_cg_1e-4,32,1,solver_seconds,0.4029736985685304,0.0,0.4029736985685304,0.4029736985685304,0.4029736985685304,0.4029736985685304,0.4029736985685304,0.0
covtype_semisynthetic_misspecified,transport_nystrom_r32_cg_1e-4,32,1,teacher_environment_seconds,0.4358679390279576,0.0,0.4358679390279576,0.4358679390279576,0.4358679390279576,0.4358679390279576,0.4358679390279576,0.0
covtype_semisynthetic_misspecified,transport_nystrom_r32_cg_1e-4,32,1,trace_tail_over_operator_tail,0.0,0.0,0.0,0.0,0.0,0.0,0.0,0.0
covtype_semisynthetic_misspecified,transport_nystrom_r32_cg_1e-4,32,1,transport_certificate_seconds,0.0,0.0,0.0,0.0,0.0,0.0,0.0,0.0
covtype_semisynthetic_misspecified,transport_nystrom_r32_cg_1e-4,32,1,width_upper_over_exact,1.0000664970824027,0.0,1.0000664970824027,1.0000664970824027,1.0000664970824027,1.0000664970824027,1.0000664970824027,0.0
covtype_semisynthetic_misspecified,transport_nystrom_r64_cg_1e-2,32,1,D_Q_minus_d_Th,0.010241024763987692,0.0,0.010241024763987692,0.010241024763987692,0.010241024763987692,0.010241024763987692,0.010241024763987692,0.0
covtype_semisynthetic_misspecified,transport_nystrom_r64_cg_1e-2,32,1,D_Q_over_d_Th,47719.56864913469,0.0,47719.56864913469,47719.56864913469,47719.56864913469,47719.56864913469,47719.56864913469,0.0
covtype_semisynthetic_misspecified,transport_nystrom_r64_cg_1e-2,32,1,action_scoring_seconds,0.002991389948874712,0.0,0.002991389948874712,0.002991389948874712,0.002991389948874712,0.002991389948874712,0.002991389948874712,0.0
covtype_semisynthetic_misspecified,transport_nystrom_r64_cg_1e-2,32,1,algorithm_seconds,1.2108938819728792,0.0,1.2108938819728792,1.2108938819728792,1.2108938819728792,1.2108938819728792,1.2108938819728792,0.0
covtype_semisynthetic_misspecified,transport_nystrom_r64_cg_1e-2,32,1,cg_iterations,2206.0,0.0,2206.0,2206.0,2206.0,2206.0,2206.0,0.0
covtype_semisynthetic_misspecified,transport_nystrom_r64_cg_1e-2,32,1,cg_matvecs,2846.0,0.0,2846.0,2846.0,2846.0,2846.0,2846.0,0.0
covtype_semisynthetic_misspecified,transport_nystrom_r64_cg_1e-2,32,1,cumulative_regret,3.325474254715174,0.0,3.325474254715174,3.325474254715174,3.325474254715174,3.325474254715174,3.325474254715174,0.0
covtype_semisynthetic_misspecified,transport_nystrom_r64_cg_1e-2,32,1,current_misspecification_envelope,0.049802958164846464,0.0,0.049802958164846464,0.049802958164846464,0.049802958164846464,0.049802958164846464,0.049802958164846464,0.0
covtype_semisynthetic_misspecified,transport_nystrom_r64_cg_1e-2,32,1,data_loading_seconds,0.015451621962711215,0.0,0.015451621962711215,0.015451621962711215,0.015451621962711215,0.015451621962711215,0.015451621962711215,0.0
covtype_semisynthetic_misspecified,transport_nystrom_r64_cg_1e-2,32,1,diagnostic_seconds,0.5635551470331848,0.0,0.5635551470331848,0.5635551470331848,0.5635551470331848,0.5635551470331848,0.5635551470331848,0.0
covtype_semisynthetic_misspecified,transport_nystrom_r64_cg_1e-2,32,1,end_to_end_round_seconds,1.8306872529210523,0.0,1.8306872529210523,1.8306872529210523,1.8306872529210523,1.8306872529210523,1.8306872529210523,0.0
covtype_semisynthetic_misspecified,transport_nystrom_r64_cg_1e-2,32,1,fraction_bonus_below_gap,0.0,0.0,0.0,0.0,0.0,0.0,0.0,0.0
covtype_semisynthetic_misspecified,transport_nystrom_r64_cg_1e-2,32,1,fraction_bonus_exceeds_range,1.0,0.0,1.0,1.0,1.0,1.0,1.0,0.0
covtype_semisynthetic_misspecified,transport_nystrom_r64_cg_1e-2,32,1,historical_misspecification_envelope,0.049802958164846464,0.0,0.049802958164846464,0.049802958164846464,0.049802958164846464,0.049802958164846464,0.049802958164846464,0.0
covtype_semisynthetic_misspecified,transport_nystrom_r64_cg_1e-2,32,1,kappa_minus,0.9999999999999263,0.0,0.9999999999999263,0.9999999999999263,0.9999999999999263,0.9999999999999263,0.9999999999999263,0.0
covtype_semisynthetic_misspecified,transport_nystrom_r64_cg_1e-2,32,1,logical_operator_bytes,46136.0,0.0,46136.0,46136.0,46136.0,46136.0,46136.0,0.0
covtype_semisynthetic_misspecified,transport_nystrom_r64_cg_1e-2,32,1,operator_construction_seconds,0.07098676002351567,0.0,0.07098676002351567,0.07098676002351567,0.07098676002351567,0.07098676002351567,0.07098676002351567,0.0
covtype_semisynthetic_misspecified,transport_nystrom_r64_cg_1e-2,32,1,oracle_kappa_minus,0.9999999999999951,0.0,0.9999999999999951,0.9999999999999951,0.9999999999999951,0.9999999999999951,0.9999999999999951,0.0
covtype_semisynthetic_misspecified,transport_nystrom_r64_cg_1e-2,32,1,peak_rss_bytes,479567872.0,0.0,479567872.0,479567872.0,479567872.0,479567872.0,479567872.0,0.0
covtype_semisynthetic_misspecified,transport_nystrom_r64_cg_1e-2,32,1,preprocessing_seconds,0.03642051498172805,0.0,0.03642051498172805,0.03642051498172805,0.03642051498172805,0.03642051498172805,0.03642051498172805,0.0
covtype_semisynthetic_misspecified,transport_nystrom_r64_cg_1e-2,32,1,representation_update_seconds,0.22121767624048516,0.0,0.22121767624048516,0.22121767624048516,0.22121767624048516,0.22121767624048516,0.22121767624048516,0.0
covtype_semisynthetic_misspecified,transport_nystrom_r64_cg_1e-2,32,1,solver_alpha,1.0111929517997797,0.0,1.0111929517997797,1.0111929517997797,1.0111929517997797,1.0111929517997797,1.0111929517997797,0.0
covtype_semisynthetic_misspecified,transport_nystrom_r64_cg_1e-2,32,1,solver_seconds,0.3156650863820687,0.0,0.3156650863820687,0.3156650863820687,0.3156650863820687,0.3156650863820687,0.3156650863820687,0.0
covtype_semisynthetic_misspecified,transport_nystrom_r64_cg_1e-2,32,1,teacher_environment_seconds,0.4358679390279576,0.0,0.4358679390279576,0.4358679390279576,0.4358679390279576,0.4358679390279576,0.4358679390279576,0.0
covtype_semisynthetic_misspecified,transport_nystrom_r64_cg_1e-2,32,1,trace_tail_over_operator_tail,1.685337586775275,0.0,1.685337586775275,1.685337586775275,1.685337586775275,1.685337586775275,1.685337586775275,0.0
covtype_semisynthetic_misspecified,transport_nystrom_r64_cg_1e-2,32,1,transport_certificate_seconds,0.0,0.0,0.0,0.0,0.0,0.0,0.0,0.0
covtype_semisynthetic_misspecified,transport_nystrom_r64_cg_1e-2,32,1,width_upper_over_exact,1.003158145317612,0.0,1.003158145317612,1.003158145317612,1.003158145317612,1.003158145317612,1.003158145317612,0.0
covtype_semisynthetic_misspecified,transport_nystrom_r64_cg_1e-6,32,1,D_Q_minus_d_Th,0.00953253907373621,0.0,0.00953253907373621,0.00953253907373621,0.00953253907373621,0.00953253907373621,0.00953253907373621,0.0
covtype_semisynthetic_misspecified,transport_nystrom_r64_cg_1e-6,32,1,D_Q_over_d_Th,50190.80464907371,0.0,50190.80464907371,50190.80464907371,50190.80464907371,50190.80464907371,50190.80464907371,0.0
covtype_semisynthetic_misspecified,transport_nystrom_r64_cg_1e-6,32,1,action_scoring_seconds,0.00309568498050794,0.0,0.00309568498050794,0.00309568498050794,0.00309568498050794,0.00309568498050794,0.00309568498050794,0.0
covtype_semisynthetic_misspecified,transport_nystrom_r64_cg_1e-6,32,1,algorithm_seconds,1.398677312885411,0.0,1.398677312885411,1.398677312885411,1.398677312885411,1.398677312885411,1.398677312885411,0.0
covtype_semisynthetic_misspecified,transport_nystrom_r64_cg_1e-6,32,1,cg_iterations,3820.0,0.0,3820.0,3820.0,3820.0,3820.0,3820.0,0.0
covtype_semisynthetic_misspecified,transport_nystrom_r64_cg_1e-6,32,1,cg_matvecs,4460.0,0.0,4460.0,4460.0,4460.0,4460.0,4460.0,0.0
covtype_semisynthetic_misspecified,transport_nystrom_r64_cg_1e-6,32,1,cumulative_regret,3.4335742365117228,0.0,3.4335742365117228,3.4335742365117228,3.4335742365117228,3.4335742365117228,3.4335742365117228,0.0
covtype_semisynthetic_misspecified,transport_nystrom_r64_cg_1e-6,32,1,current_misspecification_envelope,0.049802958164846464,0.0,0.049802958164846464,0.049802958164846464,0.049802958164846464,0.049802958164846464,0.049802958164846464,0.0
covtype_semisynthetic_misspecified,transport_nystrom_r64_cg_1e-6,32,1,data_loading_seconds,0.015451621962711215,0.0,0.015451621962711215,0.015451621962711215,0.015451621962711215,0.015451621962711215,0.015451621962711215,0.0
covtype_semisynthetic_misspecified,transport_nystrom_r64_cg_1e-6,32,1,diagnostic_seconds,0.5766288278973661,0.0,0.5766288278973661,0.5766288278973661,0.5766288278973661,0.5766288278973661,0.5766288278973661,0.0
covtype_semisynthetic_misspecified,transport_nystrom_r64_cg_1e-6,32,1,end_to_end_round_seconds,2.031014606181998,0.0,2.031014606181998,2.031014606181998,2.031014606181998,2.031014606181998,2.031014606181998,0.0
covtype_semisynthetic_misspecified,transport_nystrom_r64_cg_1e-6,32,1,fraction_bonus_below_gap,0.0,0.0,0.0,0.0,0.0,0.0,0.0,0.0
covtype_semisynthetic_misspecified,transport_nystrom_r64_cg_1e-6,32,1,fraction_bonus_exceeds_range,1.0,0.0,1.0,1.0,1.0,1.0,1.0,0.0
covtype_semisynthetic_misspecified,transport_nystrom_r64_cg_1e-6,32,1,historical_misspecification_envelope,0.049802958164846464,0.0,0.049802958164846464,0.049802958164846464,0.049802958164846464,0.049802958164846464,0.049802958164846464,0.0
covtype_semisynthetic_misspecified,transport_nystrom_r64_cg_1e-6,32,1,kappa_minus,0.9999999999999325,0.0,0.9999999999999325,0.9999999999999325,0.9999999999999325,0.9999999999999325,0.9999999999999325,0.0
covtype_semisynthetic_misspecified,transport_nystrom_r64_cg_1e-6,32,1,logical_operator_bytes,46136.0,0.0,46136.0,46136.0,46136.0,46136.0,46136.0,0.0
covtype_semisynthetic_misspecified,transport_nystrom_r64_cg_1e-6,32,1,operator_construction_seconds,0.06581350503256544,0.0,0.06581350503256544,0.06581350503256544,0.06581350503256544,0.06581350503256544,0.06581350503256544,0.0
covtype_semisynthetic_misspecified,transport_nystrom_r64_cg_1e-6,32,1,oracle_kappa_minus,0.9999999999999962,0.0,0.9999999999999962,0.9999999999999962,0.9999999999999962,0.9999999999999962,0.9999999999999962,0.0
covtype_semisynthetic_misspecified,transport_nystrom_r64_cg_1e-6,32,1,peak_rss_bytes,468865024.0,0.0,468865024.0,468865024.0,468865024.0,468865024.0,468865024.0,0.0
covtype_semisynthetic_misspecified,transport_nystrom_r64_cg_1e-6,32,1,preprocessing_seconds,0.03642051498172805,0.0,0.03642051498172805,0.03642051498172805,0.03642051498172805,0.03642051498172805,0.03642051498172805,0.0
covtype_semisynthetic_misspecified,transport_nystrom_r64_cg_1e-6,32,1,representation_update_seconds,0.20302184583852068,0.0,0.20302184583852068,0.20302184583852068,0.20302184583852068,0.20302184583852068,0.20302184583852068,0.0
covtype_semisynthetic_misspecified,transport_nystrom_r64_cg_1e-6,32,1,solver_alpha,1.0000008794519135,0.0,1.0000008794519135,1.0000008794519135,1.0000008794519135,1.0000008794519135,1.0000008794519135,0.0
covtype_semisynthetic_misspecified,transport_nystrom_r64_cg_1e-6,32,1,solver_seconds,0.5055215517058969,0.0,0.5055215517058969,0.5055215517058969,0.5055215517058969,0.5055215517058969,0.5055215517058969,0.0
covtype_semisynthetic_misspecified,transport_nystrom_r64_cg_1e-6,32,1,teacher_environment_seconds,0.4358679390279576,0.0,0.4358679390279576,0.4358679390279576,0.4358679390279576,0.4358679390279576,0.4358679390279576,0.0
covtype_semisynthetic_misspecified,transport_nystrom_r64_cg_1e-6,32,1,trace_tail_over_operator_tail,2.071812635747282,0.0,2.071812635747282,2.071812635747282,2.071812635747282,2.071812635747282,2.071812635747282,0.0
covtype_semisynthetic_misspecified,transport_nystrom_r64_cg_1e-6,32,1,transport_certificate_seconds,0.0,0.0,0.0,0.0,0.0,0.0,0.0,0.0
covtype_semisynthetic_misspecified,transport_nystrom_r64_cg_1e-6,32,1,width_upper_over_exact,1.0000002929659466,0.0,1.0000002929659466,1.0000002929659466,1.0000002929659466,1.0000002929659466,1.0000002929659466,0.0
covtype_semisynthetic_realizable,frozen_reference_corrected_cholesky,32,1,D_Q_minus_d_Th,0.0075195072044229845,0.0,0.0075195072044229845,0.0075195072044229845,0.0075195072044229845,0.0075195072044229845,0.0075195072044229845,0.0
covtype_semisynthetic_realizable,frozen_reference_corrected_cholesky,32,1,D_Q_over_d_Th,67301.3392752106,0.0,67301.3392752106,67301.3392752106,67301.3392752106,67301.3392752106,67301.3392752106,0.0
covtype_semisynthetic_realizable,frozen_reference_corrected_cholesky,32,1,action_scoring_seconds,0.003309303894639015,0.0,0.003309303894639015,0.003309303894639015,0.003309303894639015,0.003309303894639015,0.003309303894639015,0.0
covtype_semisynthetic_realizable,frozen_reference_corrected_cholesky,32,1,algorithm_seconds,1.2731382808997296,0.0,1.2731382808997296,1.2731382808997296,1.2731382808997296,1.2731382808997296,1.2731382808997296,0.0
covtype_semisynthetic_realizable,frozen_reference_corrected_cholesky,32,1,cg_iterations,0.0,0.0,0.0,0.0,0.0,0.0,0.0,0.0
covtype_semisynthetic_realizable,frozen_reference_corrected_cholesky,32,1,cg_matvecs,0.0,0.0,0.0,0.0,0.0,0.0,0.0,0.0
covtype_semisynthetic_realizable,frozen_reference_corrected_cholesky,32,1,cumulative_regret,2.8643021279001255,0.0,2.8643021279001255,2.8643021279001255,2.8643021279001255,2.8643021279001255,2.8643021279001255,0.0
covtype_semisynthetic_realizable,frozen_reference_corrected_cholesky,32,1,current_misspecification_envelope,0.0,0.0,0.0,0.0,0.0,0.0,0.0,0.0
covtype_semisynthetic_realizable,frozen_reference_corrected_cholesky,32,1,data_loading_seconds,0.015451621962711215,0.0,0.015451621962711215,0.015451621962711215,0.015451621962711215,0.015451621962711215,0.015451621962711215,0.0
covtype_semisynthetic_realizable,frozen_reference_corrected_cholesky,32,1,diagnostic_seconds,0.05489638011204079,0.0,0.05489638011204079,0.05489638011204079,0.05489638011204079,0.05489638011204079,0.05489638011204079,0.0
covtype_semisynthetic_realizable,frozen_reference_corrected_cholesky,32,1,end_to_end_round_seconds,1.375631476053968,0.0,1.375631476053968,1.375631476053968,1.375631476053968,1.375631476053968,1.375631476053968,0.0
covtype_semisynthetic_realizable,frozen_reference_corrected_cholesky,32,1,fraction_bonus_below_gap,0.0,0.0,0.0,0.0,0.0,0.0,0.0,0.0
covtype_semisynthetic_realizable,frozen_reference_corrected_cholesky,32,1,fraction_bonus_exceeds_range,1.0,0.0,1.0,1.0,1.0,1.0,1.0,0.0
covtype_semisynthetic_realizable,frozen_reference_corrected_cholesky,32,1,historical_misspecification_envelope,0.0,0.0,0.0,0.0,0.0,0.0,0.0,0.0
covtype_semisynthetic_realizable,frozen_reference_corrected_cholesky,32,1,kappa_minus,1.0,0.0,1.0,1.0,1.0,1.0,1.0,0.0
covtype_semisynthetic_realizable,frozen_reference_corrected_cholesky,32,1,logical_operator_bytes,276768.0,0.0,276768.0,276768.0,276768.0,276768.0,276768.0,0.0
covtype_semisynthetic_realizable,frozen_reference_corrected_cholesky,32,1,operator_construction_seconds,0.0,0.0,0.0,0.0,0.0,0.0,0.0,0.0
covtype_semisynthetic_realizable,frozen_reference_corrected_cholesky,32,1,peak_rss_bytes,466821120.0,0.0,466821120.0,466821120.0,466821120.0,466821120.0,466821120.0,0.0
covtype_semisynthetic_realizable,frozen_reference_corrected_cholesky,32,1,preprocessing_seconds,0.03642051498172805,0.0,0.03642051498172805,0.03642051498172805,0.03642051498172805,0.03642051498172805,0.03642051498172805,0.0
covtype_semisynthetic_realizable,frozen_reference_corrected_cholesky,32,1,representation_update_seconds,0.21792616677703336,0.0,0.21792616677703336,0.21792616677703336,0.21792616677703336,0.21792616677703336,0.21792616677703336,0.0
covtype_semisynthetic_realizable,frozen_reference_corrected_cholesky,32,1,solver_alpha,1.0,0.0,1.0,1.0,1.0,1.0,1.0,0.0
covtype_semisynthetic_realizable,frozen_reference_corrected_cholesky,32,1,solver_seconds,0.4779608231037855,0.0,0.4779608231037855,0.4779608231037855,0.4779608231037855,0.4779608231037855,0.4779608231037855,0.0
covtype_semisynthetic_realizable,frozen_reference_corrected_cholesky,32,1,teacher_environment_seconds,0.005135304003488272,0.0,0.005135304003488272,0.005135304003488272,0.005135304003488272,0.005135304003488272,0.005135304003488272,0.0
covtype_semisynthetic_realizable,frozen_reference_corrected_cholesky,32,1,transport_certificate_seconds,0.0,0.0,0.0,0.0,0.0,0.0,0.0,0.0
covtype_semisynthetic_realizable,frozen_reference_corrected_cholesky,32,1,width_upper_over_exact,1.0,0.0,1.0,1.0,1.0,1.0,1.0,0.0
covtype_semisynthetic_realizable,greedy_corrected,32,1,D_Q_minus_d_Th,0.005903524936054665,0.0,0.005903524936054665,0.005903524936054665,0.005903524936054665,0.005903524936054665,0.005903524936054665,0.0
covtype_semisynthetic_realizable,greedy_corrected,32,1,D_Q_over_d_Th,52394.61885748032,0.0,52394.61885748032,52394.61885748032,52394.61885748032,52394.61885748032,52394.61885748032,0.0
covtype_semisynthetic_realizable,greedy_corrected,32,1,action_scoring_seconds,0.002747166028711945,0.0,0.002747166028711945,0.002747166028711945,0.002747166028711945,0.002747166028711945,0.002747166028711945,0.0
covtype_semisynthetic_realizable,greedy_corrected,32,1,algorithm_seconds,0.7614140092046,0.0,0.7614140092046,0.7614140092046,0.7614140092046,0.7614140092046,0.7614140092046,0.0
covtype_semisynthetic_realizable,greedy_corrected,32,1,cg_iterations,0.0,0.0,0.0,0.0,0.0,0.0,0.0,0.0
covtype_semisynthetic_realizable,greedy_corrected,32,1,cg_matvecs,0.0,0.0,0.0,0.0,0.0,0.0,0.0,0.0
covtype_semisynthetic_realizable,greedy_corrected,32,1,cumulative_regret,3.1218219189156593,0.0,3.1218219189156593,3.1218219189156593,3.1218219189156593,3.1218219189156593,3.1218219189156593,0.0
covtype_semisynthetic_realizable,greedy_corrected,32,1,current_misspecification_envelope,0.0,0.0,0.0,0.0,0.0,0.0,0.0,0.0
covtype_semisynthetic_realizable,greedy_corrected,32,1,data_loading_seconds,0.015451621962711215,0.0,0.015451621962711215,0.015451621962711215,0.015451621962711215,0.015451621962711215,0.015451621962711215,0.0
covtype_semisynthetic_realizable,greedy_corrected,32,1,diagnostic_seconds,0.5323131970944814,0.0,0.5323131970944814,0.5323131970944814,0.5323131970944814,0.5323131970944814,0.5323131970944814,0.0
covtype_semisynthetic_realizable,greedy_corrected,32,1,end_to_end_round_seconds,1.3409327659755945,0.0,1.3409327659755945,1.3409327659755945,1.3409327659755945,1.3409327659755945,1.3409327659755945,0.0
covtype_semisynthetic_realizable,greedy_corrected,32,1,fraction_bonus_below_gap,1.0,0.0,1.0,1.0,1.0,1.0,1.0,0.0
covtype_semisynthetic_realizable,greedy_corrected,32,1,fraction_bonus_exceeds_range,0.0,0.0,0.0,0.0,0.0,0.0,0.0,0.0
covtype_semisynthetic_realizable,greedy_corrected,32,1,historical_misspecification_envelope,0.0,0.0,0.0,0.0,0.0,0.0,0.0,0.0
covtype_semisynthetic_realizable,greedy_corrected,32,1,kappa_minus,1.0,0.0,1.0,1.0,1.0,1.0,1.0,0.0
covtype_semisynthetic_realizable,greedy_corrected,32,1,logical_operator_bytes,0.0,0.0,0.0,0.0,0.0,0.0,0.0,0.0
covtype_semisynthetic_realizable,greedy_corrected,32,1,operator_construction_seconds,0.0,0.0,0.0,0.0,0.0,0.0,0.0,0.0
covtype_semisynthetic_realizable,greedy_corrected,32,1,peak_rss_bytes,437510144.0,0.0,437510144.0,437510144.0,437510144.0,437510144.0,437510144.0,0.0
covtype_semisynthetic_realizable,greedy_corrected,32,1,preprocessing_seconds,0.03642051498172805,0.0,0.03642051498172805,0.03642051498172805,0.03642051498172805,0.03642051498172805,0.03642051498172805,0.0
covtype_semisynthetic_realizable,greedy_corrected,32,1,representation_update_seconds,0.20149072824278846,0.0,0.20149072824278846,0.20149072824278846,0.20149072824278846,0.20149072824278846,0.20149072824278846,0.0
covtype_semisynthetic_realizable,greedy_corrected,32,1,solver_seconds,0.0,0.0,0.0,0.0,0.0,0.0,0.0,0.0
covtype_semisynthetic_realizable,greedy_corrected,32,1,teacher_environment_seconds,0.005135304003488272,0.0,0.005135304003488272,0.005135304003488272,0.005135304003488272,0.005135304003488272,0.005135304003488272,0.0
covtype_semisynthetic_realizable,greedy_corrected,32,1,transport_certificate_seconds,0.0,0.0,0.0,0.0,0.0,0.0,0.0,0.0
covtype_semisynthetic_realizable,linucb_fixed_features,32,1,action_scoring_seconds,0.003203267988283187,0.0,0.003203267988283187,0.003203267988283187,0.003203267988283187,0.003203267988283187,0.003203267988283187,0.0
covtype_semisynthetic_realizable,linucb_fixed_features,32,1,algorithm_seconds,1.0198510137270205,0.0,1.0198510137270205,1.0198510137270205,1.0198510137270205,1.0198510137270205,1.0198510137270205,0.0
covtype_semisynthetic_realizable,linucb_fixed_features,32,1,cg_iterations,0.0,0.0,0.0,0.0,0.0,0.0,0.0,0.0
covtype_semisynthetic_realizable,linucb_fixed_features,32,1,cg_matvecs,0.0,0.0,0.0,0.0,0.0,0.0,0.0,0.0
covtype_semisynthetic_realizable,linucb_fixed_features,32,1,cumulative_regret,3.313639089512472,0.0,3.313639089512472,3.313639089512472,3.313639089512472,3.313639089512472,3.313639089512472,0.0
covtype_semisynthetic_realizable,linucb_fixed_features,32,1,data_loading_seconds,0.015451621962711215,0.0,0.015451621962711215,0.015451621962711215,0.015451621962711215,0.015451621962711215,0.015451621962711215,0.0
covtype_semisynthetic_realizable,linucb_fixed_features,32,1,diagnostic_seconds,0.0,0.0,0.0,0.0,0.0,0.0,0.0,0.0
covtype_semisynthetic_realizable,linucb_fixed_features,32,1,end_to_end_round_seconds,1.0621941749705002,0.0,1.0621941749705002,1.0621941749705002,1.0621941749705002,1.0621941749705002,1.0621941749705002,0.0
covtype_semisynthetic_realizable,linucb_fixed_features,32,1,fraction_bonus_below_gap,0.0,0.0,0.0,0.0,0.0,0.0,0.0,0.0
covtype_semisynthetic_realizable,linucb_fixed_features,32,1,fraction_bonus_exceeds_range,1.0,0.0,1.0,1.0,1.0,1.0,1.0,0.0
covtype_semisynthetic_realizable,linucb_fixed_features,32,1,logical_operator_bytes,276768.0,0.0,276768.0,276768.0,276768.0,276768.0,276768.0,0.0
covtype_semisynthetic_realizable,linucb_fixed_features,32,1,operator_construction_seconds,0.0,0.0,0.0,0.0,0.0,0.0,0.0,0.0
covtype_semisynthetic_realizable,linucb_fixed_features,32,1,peak_rss_bytes,446750720.0,0.0,446750720.0,446750720.0,446750720.0,446750720.0,446750720.0,0.0
covtype_semisynthetic_realizable,linucb_fixed_features,32,1,preprocessing_seconds,0.03642051498172805,0.0,0.03642051498172805,0.03642051498172805,0.03642051498172805,0.03642051498172805,0.03642051498172805,0.0
covtype_semisynthetic_realizable,linucb_fixed_features,32,1,representation_update_seconds,0.014995272853411734,0.0,0.014995272853411734,0.014995272853411734,0.014995272853411734,0.014995272853411734,0.014995272853411734,0.0
covtype_semisynthetic_realizable,linucb_fixed_features,32,1,solver_alpha,1.0,0.0,1.0,1.0,1.0,1.0,1.0,0.0
covtype_semisynthetic_realizable,linucb_fixed_features,32,1,solver_seconds,1.0016524728853256,0.0,1.0016524728853256,1.0016524728853256,1.0016524728853256,1.0016524728853256,1.0016524728853256,0.0
covtype_semisynthetic_realizable,linucb_fixed_features,32,1,teacher_environment_seconds,0.005135304003488272,0.0,0.005135304003488272,0.005135304003488272,0.005135304003488272,0.005135304003488272,0.005135304003488272,0.0
covtype_semisynthetic_realizable,linucb_fixed_features,32,1,transport_certificate_seconds,0.0,0.0,0.0,0.0,0.0,0.0,0.0,0.0
covtype_semisynthetic_realizable,linucb_fixed_features,32,1,width_upper_over_exact,1.0,0.0,1.0,1.0,1.0,1.0,1.0,0.0
covtype_semisynthetic_realizable,naive_current_corrected_cholesky,32,1,D_Q_minus_d_Th,0.007834033002334416,0.0,0.007834033002334416,0.007834033002334416,0.007834033002334416,0.007834033002334416,0.007834033002334416,0.0
covtype_semisynthetic_realizable,naive_current_corrected_cholesky,32,1,D_Q_over_d_Th,51186.34477497217,0.0,51186.34477497217,51186.34477497217,51186.34477497217,51186.34477497217,51186.34477497217,0.0
covtype_semisynthetic_realizable,naive_current_corrected_cholesky,32,1,action_scoring_seconds,0.003525596985127777,0.0,0.003525596985127777,0.003525596985127777,0.003525596985127777,0.003525596985127777,0.003525596985127777,0.0
covtype_semisynthetic_realizable,naive_current_corrected_cholesky,32,1,algorithm_seconds,1.7087108596460894,0.0,1.7087108596460894,1.7087108596460894,1.7087108596460894,1.7087108596460894,1.7087108596460894,0.0
covtype_semisynthetic_realizable,naive_current_corrected_cholesky,32,1,cg_iterations,0.0,0.0,0.0,0.0,0.0,0.0,0.0,0.0
covtype_semisynthetic_realizable,naive_current_corrected_cholesky,32,1,cg_matvecs,0.0,0.0,0.0,0.0,0.0,0.0,0.0,0.0
covtype_semisynthetic_realizable,naive_current_corrected_cholesky,32,1,cumulative_regret,2.9926865096091118,0.0,2.9926865096091118,2.9926865096091118,2.9926865096091118,2.9926865096091118,2.9926865096091118,0.0
covtype_semisynthetic_realizable,naive_current_corrected_cholesky,32,1,current_misspecification_envelope,0.0,0.0,0.0,0.0,0.0,0.0,0.0,0.0
covtype_semisynthetic_realizable,naive_current_corrected_cholesky,32,1,data_loading_seconds,0.015451621962711215,0.0,0.015451621962711215,0.015451621962711215,0.015451621962711215,0.015451621962711215,0.015451621962711215,0.0
covtype_semisynthetic_realizable,naive_current_corrected_cholesky,32,1,diagnostic_seconds,0.5200232581119053,0.0,0.5200232581119053,0.5200232581119053,0.5200232581119053,0.5200232581119053,0.5200232581119053,0.0
covtype_semisynthetic_realizable,naive_current_corrected_cholesky,32,1,end_to_end_round_seconds,2.2778758118511178,0.0,2.2778758118511178,2.2778758118511178,2.2778758118511178,2.2778758118511178,2.2778758118511178,0.0
covtype_semisynthetic_realizable,naive_current_corrected_cholesky,32,1,fraction_bonus_below_gap,0.0,0.0,0.0,0.0,0.0,0.0,0.0,0.0
covtype_semisynthetic_realizable,naive_current_corrected_cholesky,32,1,fraction_bonus_exceeds_range,1.0,0.0,1.0,1.0,1.0,1.0,1.0,0.0
covtype_semisynthetic_realizable,naive_current_corrected_cholesky,32,1,historical_misspecification_envelope,0.0,0.0,0.0,0.0,0.0,0.0,0.0,0.0
covtype_semisynthetic_realizable,naive_current_corrected_cholesky,32,1,kappa_minus,1.0,0.0,1.0,1.0,1.0,1.0,1.0,0.0
covtype_semisynthetic_realizable,naive_current_corrected_cholesky,32,1,logical_operator_bytes,276768.0,0.0,276768.0,276768.0,276768.0,276768.0,276768.0,0.0
covtype_semisynthetic_realizable,naive_current_corrected_cholesky,32,1,operator_construction_seconds,0.4730019310954958,0.0,0.4730019310954958,0.4730019310954958,0.4730019310954958,0.4730019310954958,0.4730019310954958,0.0
covtype_semisynthetic_realizable,naive_current_corrected_cholesky,32,1,peak_rss_bytes,457474048.0,0.0,457474048.0,457474048.0,457474048.0,457474048.0,457474048.0,0.0
covtype_semisynthetic_realizable,naive_current_corrected_cholesky,32,1,preprocessing_seconds,0.03642051498172805,0.0,0.03642051498172805,0.03642051498172805,0.03642051498172805,0.03642051498172805,0.03642051498172805,0.0
covtype_semisynthetic_realizable,naive_current_corrected_cholesky,32,1,representation_update_seconds,0.21725285577122122,0.0,0.21725285577122122,0.21725285577122122,0.21725285577122122,0.21725285577122122,0.21725285577122122,0.0
covtype_semisynthetic_realizable,naive_current_corrected_cholesky,32,1,solver_alpha,1.0,0.0,1.0,1.0,1.0,1.0,1.0,0.0
covtype_semisynthetic_realizable,naive_current_corrected_cholesky,32,1,solver_seconds,0.4610921547864564,0.0,0.4610921547864564,0.4610921547864564,0.4610921547864564,0.4610921547864564,0.4610921547864564,0.0
covtype_semisynthetic_realizable,naive_current_corrected_cholesky,32,1,teacher_environment_seconds,0.005135304003488272,0.0,0.005135304003488272,0.005135304003488272,0.005135304003488272,0.005135304003488272,0.005135304003488272,0.0
covtype_semisynthetic_realizable,naive_current_corrected_cholesky,32,1,transport_certificate_seconds,0.0,0.0,0.0,0.0,0.0,0.0,0.0,0.0
covtype_semisynthetic_realizable,naive_current_corrected_cholesky,32,1,width_upper_over_exact,1.0,0.0,1.0,1.0,1.0,1.0,1.0,0.0
covtype_semisynthetic_realizable,transport_endpoint_corrected_cholesky,32,1,D_Q_minus_d_Th,0.005955263320055552,0.0,0.005955263320055552,0.005955263320055552,0.005955263320055552,0.005955263320055552,0.005955263320055552,0.0
covtype_semisynthetic_realizable,transport_endpoint_corrected_cholesky,32,1,D_Q_over_d_Th,67932.8840335494,0.0,67932.8840335494,67932.8840335494,67932.8840335494,67932.8840335494,67932.8840335494,0.0
covtype_semisynthetic_realizable,transport_endpoint_corrected_cholesky,32,1,action_scoring_seconds,0.003754938079509884,0.0,0.003754938079509884,0.003754938079509884,0.003754938079509884,0.003754938079509884,0.003754938079509884,0.0
covtype_semisynthetic_realizable,transport_endpoint_corrected_cholesky,32,1,algorithm_seconds,2.0871658017276786,0.0,2.0871658017276786,2.0871658017276786,2.0871658017276786,2.0871658017276786,2.0871658017276786,0.0
covtype_semisynthetic_realizable,transport_endpoint_corrected_cholesky,32,1,cg_iterations,0.0,0.0,0.0,0.0,0.0,0.0,0.0,0.0
covtype_semisynthetic_realizable,transport_endpoint_corrected_cholesky,32,1,cg_matvecs,0.0,0.0,0.0,0.0,0.0,0.0,0.0,0.0
covtype_semisynthetic_realizable,transport_endpoint_corrected_cholesky,32,1,cumulative_regret,3.1270279368201934,0.0,3.1270279368201934,3.1270279368201934,3.1270279368201934,3.1270279368201934,3.1270279368201934,0.0
covtype_semisynthetic_realizable,transport_endpoint_corrected_cholesky,32,1,current_misspecification_envelope,0.0,0.0,0.0,0.0,0.0,0.0,0.0,0.0
covtype_semisynthetic_realizable,transport_endpoint_corrected_cholesky,32,1,data_loading_seconds,0.015451621962711215,0.0,0.015451621962711215,0.015451621962711215,0.015451621962711215,0.015451621962711215,0.015451621962711215,0.0
covtype_semisynthetic_realizable,transport_endpoint_corrected_cholesky,32,1,diagnostic_seconds,0.49591988493921235,0.0,0.49591988493921235,0.49591988493921235,0.49591988493921235,0.49591988493921235,0.49591988493921235,0.0
covtype_semisynthetic_realizable,transport_endpoint_corrected_cholesky,32,1,end_to_end_round_seconds,2.6335921510471962,0.0,2.6335921510471962,2.6335921510471962,2.6335921510471962,2.6335921510471962,2.6335921510471962,0.0
covtype_semisynthetic_realizable,transport_endpoint_corrected_cholesky,32,1,fraction_bonus_below_gap,0.0,0.0,0.0,0.0,0.0,0.0,0.0,0.0
covtype_semisynthetic_realizable,transport_endpoint_corrected_cholesky,32,1,fraction_bonus_exceeds_range,1.0,0.0,1.0,1.0,1.0,1.0,1.0,0.0
covtype_semisynthetic_realizable,transport_endpoint_corrected_cholesky,32,1,historical_misspecification_envelope,0.0,0.0,0.0,0.0,0.0,0.0,0.0,0.0
covtype_semisynthetic_realizable,transport_endpoint_corrected_cholesky,32,1,kappa_minus,1.0,0.0,1.0,1.0,1.0,1.0,1.0,0.0
covtype_semisynthetic_realizable,transport_endpoint_corrected_cholesky,32,1,logical_operator_bytes,276768.0,0.0,276768.0,276768.0,276768.0,276768.0,276768.0,0.0
covtype_semisynthetic_realizable,transport_endpoint_corrected_cholesky,32,1,operator_construction_seconds,0.4831201638444327,0.0,0.4831201638444327,0.4831201638444327,0.4831201638444327,0.4831201638444327,0.4831201638444327,0.0
covtype_semisynthetic_realizable,transport_endpoint_corrected_cholesky,32,1,peak_rss_bytes,497614848.0,0.0,497614848.0,497614848.0,497614848.0,497614848.0,497614848.0,0.0
covtype_semisynthetic_realizable,transport_endpoint_corrected_cholesky,32,1,preprocessing_seconds,0.03642051498172805,0.0,0.03642051498172805,0.03642051498172805,0.03642051498172805,0.03642051498172805,0.03642051498172805,0.0
covtype_semisynthetic_realizable,transport_endpoint_corrected_cholesky,32,1,representation_update_seconds,0.2416569630149752,0.0,0.2416569630149752,0.2416569630149752,0.2416569630149752,0.2416569630149752,0.2416569630149752,0.0
covtype_semisynthetic_realizable,transport_endpoint_corrected_cholesky,32,1,solver_alpha,1.0,0.0,1.0,1.0,1.0,1.0,1.0,0.0
covtype_semisynthetic_realizable,transport_endpoint_corrected_cholesky,32,1,solver_seconds,0.47894985787570477,0.0,0.47894985787570477,0.47894985787570477,0.47894985787570477,0.47894985787570477,0.47894985787570477,0.0
covtype_semisynthetic_realizable,transport_endpoint_corrected_cholesky,32,1,teacher_environment_seconds,0.005135304003488272,0.0,0.005135304003488272,0.005135304003488272,0.005135304003488272,0.005135304003488272,0.005135304003488272,0.0
covtype_semisynthetic_realizable,transport_endpoint_corrected_cholesky,32,1,transport_certificate_seconds,0.3116791349602863,0.0,0.3116791349602863,0.3116791349602863,0.3116791349602863,0.3116791349602863,0.3116791349602863,0.0
covtype_semisynthetic_realizable,transport_endpoint_corrected_cholesky,32,1,width_upper_over_exact,1.0,0.0,1.0,1.0,1.0,1.0,1.0,0.0
covtype_semisynthetic_realizable,transport_exact_corrected_cg_1e-4,32,1,D_Q_minus_d_Th,0.007847961712866528,0.0,0.007847961712866528,0.007847961712866528,0.007847961712866528,0.007847961712866528,0.007847961712866528,0.0
covtype_semisynthetic_realizable,transport_exact_corrected_cg_1e-4,32,1,D_Q_over_d_Th,52305.93833357143,0.0,52305.93833357143,52305.93833357143,52305.93833357143,52305.93833357143,52305.93833357143,0.0
covtype_semisynthetic_realizable,transport_exact_corrected_cg_1e-4,32,1,action_scoring_seconds,0.0031227439758367836,0.0,0.0031227439758367836,0.0031227439758367836,0.0031227439758367836,0.0031227439758367836,0.0031227439758367836,0.0
covtype_semisynthetic_realizable,transport_exact_corrected_cg_1e-4,32,1,algorithm_seconds,1.7006105514010414,0.0,1.7006105514010414,1.7006105514010414,1.7006105514010414,1.7006105514010414,1.7006105514010414,0.0
covtype_semisynthetic_realizable,transport_exact_corrected_cg_1e-4,32,1,cg_iterations,3025.0,0.0,3025.0,3025.0,3025.0,3025.0,3025.0,0.0
covtype_semisynthetic_realizable,transport_exact_corrected_cg_1e-4,32,1,cg_matvecs,3665.0,0.0,3665.0,3665.0,3665.0,3665.0,3665.0,0.0
covtype_semisynthetic_realizable,transport_exact_corrected_cg_1e-4,32,1,cumulative_regret,3.1929792519295246,0.0,3.1929792519295246,3.1929792519295246,3.1929792519295246,3.1929792519295246,3.1929792519295246,0.0
covtype_semisynthetic_realizable,transport_exact_corrected_cg_1e-4,32,1,current_misspecification_envelope,0.0,0.0,0.0,0.0,0.0,0.0,0.0,0.0
covtype_semisynthetic_realizable,transport_exact_corrected_cg_1e-4,32,1,data_loading_seconds,0.015451621962711215,0.0,0.015451621962711215,0.015451621962711215,0.015451621962711215,0.015451621962711215,0.015451621962711215,0.0
covtype_semisynthetic_realizable,transport_exact_corrected_cg_1e-4,32,1,diagnostic_seconds,0.5651622061850503,0.0,0.5651622061850503,0.5651622061850503,0.5651622061850503,0.5651622061850503,0.5651622061850503,0.0
covtype_semisynthetic_realizable,transport_exact_corrected_cg_1e-4,32,1,end_to_end_round_seconds,2.330342435161583,0.0,2.330342435161583,2.330342435161583,2.330342435161583,2.330342435161583,2.330342435161583,0.0
covtype_semisynthetic_realizable,transport_exact_corrected_cg_1e-4,32,1,fraction_bonus_below_gap,0.0,0.0,0.0,0.0,0.0,0.0,0.0,0.0
covtype_semisynthetic_realizable,transport_exact_corrected_cg_1e-4,32,1,fraction_bonus_exceeds_range,1.0,0.0,1.0,1.0,1.0,1.0,1.0,0.0
covtype_semisynthetic_realizable,transport_exact_corrected_cg_1e-4,32,1,historical_misspecification_envelope,0.0,0.0,0.0,0.0,0.0,0.0,0.0,0.0
covtype_semisynthetic_realizable,transport_exact_corrected_cg_1e-4,32,1,kappa_minus,1.0,0.0,1.0,1.0,1.0,1.0,1.0,0.0
covtype_semisynthetic_realizable,transport_exact_corrected_cg_1e-4,32,1,logical_operator_bytes,276768.0,0.0,276768.0,276768.0,276768.0,276768.0,276768.0,0.0
covtype_semisynthetic_realizable,transport_exact_corrected_cg_1e-4,32,1,operator_construction_seconds,0.48693839606130496,0.0,0.48693839606130496,0.48693839606130496,0.48693839606130496,0.48693839606130496,0.48693839606130496,0.0
covtype_semisynthetic_realizable,transport_exact_corrected_cg_1e-4,32,1,peak_rss_bytes,474341376.0,0.0,474341376.0,474341376.0,474341376.0,474341376.0,474341376.0,0.0
covtype_semisynthetic_realizable,transport_exact_corrected_cg_1e-4,32,1,preprocessing_seconds,0.03642051498172805,0.0,0.03642051498172805,0.03642051498172805,0.03642051498172805,0.03642051498172805,0.03642051498172805,0.0
covtype_semisynthetic_realizable,transport_exact_corrected_cg_1e-4,32,1,representation_update_seconds,0.22683761012740433,0.0,0.22683761012740433,0.22683761012740433,0.22683761012740433,0.22683761012740433,0.22683761012740433,0.0
covtype_semisynthetic_realizable,transport_exact_corrected_cg_1e-4,32,1,solver_alpha,1.0000912339778223,0.0,1.0000912339778223,1.0000912339778223,1.0000912339778223,1.0000912339778223,1.0000912339778223,0.0
covtype_semisynthetic_realizable,transport_exact_corrected_cg_1e-4,32,1,solver_seconds,0.3591831902740523,0.0,0.3591831902740523,0.3591831902740523,0.3591831902740523,0.3591831902740523,0.3591831902740523,0.0
covtype_semisynthetic_realizable,transport_exact_corrected_cg_1e-4,32,1,teacher_environment_seconds,0.005135304003488272,0.0,0.005135304003488272,0.005135304003488272,0.005135304003488272,0.005135304003488272,0.005135304003488272,0.0
covtype_semisynthetic_realizable,transport_exact_corrected_cg_1e-4,32,1,transport_certificate_seconds,0.0,0.0,0.0,0.0,0.0,0.0,0.0,0.0
covtype_semisynthetic_realizable,transport_exact_corrected_cg_1e-4,32,1,width_upper_over_exact,1.0000302535563939,0.0,1.0000302535563939,1.0000302535563939,1.0000302535563939,1.0000302535563939,1.0000302535563939,0.0
covtype_semisynthetic_realizable,transport_exact_corrected_cholesky,32,1,D_Q_minus_d_Th,0.007699613253860271,0.0,0.007699613253860271,0.007699613253860271,0.007699613253860271,0.007699613253860271,0.007699613253860271,0.0
covtype_semisynthetic_realizable,transport_exact_corrected_cholesky,32,1,D_Q_over_d_Th,39973.763016597724,0.0,39973.763016597724,39973.763016597724,39973.763016597724,39973.763016597724,39973.763016597724,0.0
covtype_semisynthetic_realizable,transport_exact_corrected_cholesky,32,1,action_scoring_seconds,0.003672514169011265,0.0,0.003672514169011265,0.003672514169011265,0.003672514169011265,0.003672514169011265,0.003672514169011265,0.0
covtype_semisynthetic_realizable,transport_exact_corrected_cholesky,32,1,algorithm_seconds,1.8132075060275383,0.0,1.8132075060275383,1.8132075060275383,1.8132075060275383,1.8132075060275383,1.8132075060275383,0.0
covtype_semisynthetic_realizable,transport_exact_corrected_cholesky,32,1,cg_iterations,0.0,0.0,0.0,0.0,0.0,0.0,0.0,0.0
covtype_semisynthetic_realizable,transport_exact_corrected_cholesky,32,1,cg_matvecs,0.0,0.0,0.0,0.0,0.0,0.0,0.0,0.0
covtype_semisynthetic_realizable,transport_exact_corrected_cholesky,32,1,cumulative_regret,3.1103794873511275,0.0,3.1103794873511275,3.1103794873511275,3.1103794873511275,3.1103794873511275,3.1103794873511275,0.0
covtype_semisynthetic_realizable,transport_exact_corrected_cholesky,32,1,current_misspecification_envelope,0.0,0.0,0.0,0.0,0.0,0.0,0.0,0.0
covtype_semisynthetic_realizable,transport_exact_corrected_cholesky,32,1,data_loading_seconds,0.015451621962711215,0.0,0.015451621962711215,0.015451621962711215,0.015451621962711215,0.015451621962711215,0.015451621962711215,0.0
covtype_semisynthetic_realizable,transport_exact_corrected_cholesky,32,1,diagnostic_seconds,0.5414579692296684,0.0,0.5414579692296684,0.5414579692296684,0.5414579692296684,0.5414579692296684,0.5414579692296684,0.0
covtype_semisynthetic_realizable,transport_exact_corrected_cholesky,32,1,end_to_end_round_seconds,2.4011180659290403,0.0,2.4011180659290403,2.4011180659290403,2.4011180659290403,2.4011180659290403,2.4011180659290403,0.0
covtype_semisynthetic_realizable,transport_exact_corrected_cholesky,32,1,fraction_bonus_below_gap,0.0,0.0,0.0,0.0,0.0,0.0,0.0,0.0
covtype_semisynthetic_realizable,transport_exact_corrected_cholesky,32,1,fraction_bonus_exceeds_range,1.0,0.0,1.0,1.0,1.0,1.0,1.0,0.0
covtype_semisynthetic_realizable,transport_exact_corrected_cholesky,32,1,historical_misspecification_envelope,0.0,0.0,0.0,0.0,0.0,0.0,0.0,0.0
covtype_semisynthetic_realizable,transport_exact_corrected_cholesky,32,1,kappa_minus,1.0,0.0,1.0,1.0,1.0,1.0,1.0,0.0
covtype_semisynthetic_realizable,transport_exact_corrected_cholesky,32,1,logical_operator_bytes,276768.0,0.0,276768.0,276768.0,276768.0,276768.0,276768.0,0.0
covtype_semisynthetic_realizable,transport_exact_corrected_cholesky,32,1,operator_construction_seconds,0.4998066370608285,0.0,0.4998066370608285,0.4998066370608285,0.4998066370608285,0.4998066370608285,0.4998066370608285,0.0
covtype_semisynthetic_realizable,transport_exact_corrected_cholesky,32,1,peak_rss_bytes,514539520.0,0.0,514539520.0,514539520.0,514539520.0,514539520.0,514539520.0,0.0
covtype_semisynthetic_realizable,transport_exact_corrected_cholesky,32,1,preprocessing_seconds,0.03642051498172805,0.0,0.03642051498172805,0.03642051498172805,0.03642051498172805,0.03642051498172805,0.03642051498172805,0.0
covtype_semisynthetic_realizable,transport_exact_corrected_cholesky,32,1,representation_update_seconds,0.22210331092355773,0.0,0.22210331092355773,0.22210331092355773,0.22210331092355773,0.22210331092355773,0.22210331092355773,0.0
covtype_semisynthetic_realizable,transport_exact_corrected_cholesky,32,1,solver_alpha,1.0,0.0,1.0,1.0,1.0,1.0,1.0,0.0
covtype_semisynthetic_realizable,transport_exact_corrected_cholesky,32,1,solver_seconds,0.496580328035634,0.0,0.496580328035634,0.496580328035634,0.496580328035634,0.496580328035634,0.496580328035634,0.0
covtype_semisynthetic_realizable,transport_exact_corrected_cholesky,32,1,teacher_environment_seconds,0.005135304003488272,0.0,0.005135304003488272,0.005135304003488272,0.005135304003488272,0.005135304003488272,0.005135304003488272,0.0
covtype_semisynthetic_realizable,transport_exact_corrected_cholesky,32,1,transport_certificate_seconds,0.0,0.0,0.0,0.0,0.0,0.0,0.0,0.0
covtype_semisynthetic_realizable,transport_exact_corrected_cholesky,32,1,width_upper_over_exact,1.0,0.0,1.0,1.0,1.0,1.0,1.0,0.0
covtype_semisynthetic_realizable,transport_exact_uncorrected_tangent_cholesky,32,1,D_Q_minus_d_Th,0.007758716308031178,0.0,0.007758716308031178,0.007758716308031178,0.007758716308031178,0.007758716308031178,0.007758716308031178,0.0
covtype_semisynthetic_realizable,transport_exact_uncorrected_tangent_cholesky,32,1,D_Q_over_d_Th,42009.55424825405,0.0,42009.55424825405,42009.55424825405,42009.55424825405,42009.55424825405,42009.55424825405,0.0
covtype_semisynthetic_realizable,transport_exact_uncorrected_tangent_cholesky,32,1,action_scoring_seconds,0.0035211588256061077,0.0,0.0035211588256061077,0.0035211588256061077,0.0035211588256061077,0.0035211588256061077,0.0035211588256061077,0.0
covtype_semisynthetic_realizable,transport_exact_uncorrected_tangent_cholesky,32,1,algorithm_seconds,1.7517996758106165,0.0,1.7517996758106165,1.7517996758106165,1.7517996758106165,1.7517996758106165,1.7517996758106165,0.0
covtype_semisynthetic_realizable,transport_exact_uncorrected_tangent_cholesky,32,1,cg_iterations,0.0,0.0,0.0,0.0,0.0,0.0,0.0,0.0
covtype_semisynthetic_realizable,transport_exact_uncorrected_tangent_cholesky,32,1,cg_matvecs,0.0,0.0,0.0,0.0,0.0,0.0,0.0,0.0
covtype_semisynthetic_realizable,transport_exact_uncorrected_tangent_cholesky,32,1,cumulative_regret,3.1026291433020754,0.0,3.1026291433020754,3.1026291433020754,3.1026291433020754,3.1026291433020754,3.1026291433020754,0.0
covtype_semisynthetic_realizable,transport_exact_uncorrected_tangent_cholesky,32,1,current_misspecification_envelope,0.0,0.0,0.0,0.0,0.0,0.0,0.0,0.0
covtype_semisynthetic_realizable,transport_exact_uncorrected_tangent_cholesky,32,1,data_loading_seconds,0.015451621962711215,0.0,0.015451621962711215,0.015451621962711215,0.015451621962711215,0.015451621962711215,0.015451621962711215,0.0
covtype_semisynthetic_realizable,transport_exact_uncorrected_tangent_cholesky,32,1,diagnostic_seconds,0.5122512573143467,0.0,0.5122512573143467,0.5122512573143467,0.5122512573143467,0.5122512573143467,0.5122512573143467,0.0
covtype_semisynthetic_realizable,transport_exact_uncorrected_tangent_cholesky,32,1,end_to_end_round_seconds,2.3135703300358728,0.0,2.3135703300358728,2.3135703300358728,2.3135703300358728,2.3135703300358728,2.3135703300358728,0.0
covtype_semisynthetic_realizable,transport_exact_uncorrected_tangent_cholesky,32,1,fraction_bonus_below_gap,0.0,0.0,0.0,0.0,0.0,0.0,0.0,0.0
covtype_semisynthetic_realizable,transport_exact_uncorrected_tangent_cholesky,32,1,fraction_bonus_exceeds_range,1.0,0.0,1.0,1.0,1.0,1.0,1.0,0.0
covtype_semisynthetic_realizable,transport_exact_uncorrected_tangent_cholesky,32,1,historical_misspecification_envelope,0.0,0.0,0.0,0.0,0.0,0.0,0.0,0.0
covtype_semisynthetic_realizable,transport_exact_uncorrected_tangent_cholesky,32,1,kappa_minus,1.0,0.0,1.0,1.0,1.0,1.0,1.0,0.0
covtype_semisynthetic_realizable,transport_exact_uncorrected_tangent_cholesky,32,1,logical_operator_bytes,276768.0,0.0,276768.0,276768.0,276768.0,276768.0,276768.0,0.0
covtype_semisynthetic_realizable,transport_exact_uncorrected_tangent_cholesky,32,1,operator_construction_seconds,0.48522759787738323,0.0,0.48522759787738323,0.48522759787738323,0.48522759787738323,0.48522759787738323,0.48522759787738323,0.0
covtype_semisynthetic_realizable,transport_exact_uncorrected_tangent_cholesky,32,1,peak_rss_bytes,448102400.0,0.0,448102400.0,448102400.0,448102400.0,448102400.0,448102400.0,0.0
covtype_semisynthetic_realizable,transport_exact_uncorrected_tangent_cholesky,32,1,preprocessing_seconds,0.03642051498172805,0.0,0.03642051498172805,0.03642051498172805,0.03642051498172805,0.03642051498172805,0.03642051498172805,0.0
covtype_semisynthetic_realizable,transport_exact_uncorrected_tangent_cholesky,32,1,representation_update_seconds,0.2213919929927215,0.0,0.2213919929927215,0.2213919929927215,0.2213919929927215,0.2213919929927215,0.2213919929927215,0.0
covtype_semisynthetic_realizable,transport_exact_uncorrected_tangent_cholesky,32,1,solver_alpha,1.0,0.0,1.0,1.0,1.0,1.0,1.0,0.0
covtype_semisynthetic_realizable,transport_exact_uncorrected_tangent_cholesky,32,1,solver_seconds,0.4761923140613362,0.0,0.4761923140613362,0.4761923140613362,0.4761923140613362,0.4761923140613362,0.4761923140613362,0.0
covtype_semisynthetic_realizable,transport_exact_uncorrected_tangent_cholesky,32,1,teacher_environment_seconds,0.005135304003488272,0.0,0.005135304003488272,0.005135304003488272,0.005135304003488272,0.005135304003488272,0.005135304003488272,0.0
covtype_semisynthetic_realizable,transport_exact_uncorrected_tangent_cholesky,32,1,transport_certificate_seconds,0.0,0.0,0.0,0.0,0.0,0.0,0.0,0.0
covtype_semisynthetic_realizable,transport_exact_uncorrected_tangent_cholesky,32,1,width_upper_over_exact,1.0,0.0,1.0,1.0,1.0,1.0,1.0,0.0
covtype_semisynthetic_realizable,transport_nystrom_r16_cg_1e-2,32,1,D_Q_minus_d_Th,0.0074245517966573076,0.0,0.0074245517966573076,0.0074245517966573076,0.0074245517966573076,0.0074245517966573076,0.0074245517966573076,0.0
covtype_semisynthetic_realizable,transport_nystrom_r16_cg_1e-2,32,1,D_Q_over_d_Th,74507.85119334272,0.0,74507.85119334272,74507.85119334272,74507.85119334272,74507.85119334272,74507.85119334272,0.0
covtype_semisynthetic_realizable,transport_nystrom_r16_cg_1e-2,32,1,action_scoring_seconds,0.0031513849389739335,0.0,0.0031513849389739335,0.0031513849389739335,0.0031513849389739335,0.0031513849389739335,0.0031513849389739335,0.0
covtype_semisynthetic_realizable,transport_nystrom_r16_cg_1e-2,32,1,algorithm_seconds,1.1990299346507527,0.0,1.1990299346507527,1.1990299346507527,1.1990299346507527,1.1990299346507527,1.1990299346507527,0.0
covtype_semisynthetic_realizable,transport_nystrom_r16_cg_1e-2,32,1,cg_iterations,1922.0,0.0,1922.0,1922.0,1922.0,1922.0,1922.0,0.0
covtype_semisynthetic_realizable,transport_nystrom_r16_cg_1e-2,32,1,cg_matvecs,2562.0,0.0,2562.0,2562.0,2562.0,2562.0,2562.0,0.0
covtype_semisynthetic_realizable,transport_nystrom_r16_cg_1e-2,32,1,cumulative_regret,3.23949902565811,0.0,3.23949902565811,3.23949902565811,3.23949902565811,3.23949902565811,3.23949902565811,0.0
covtype_semisynthetic_realizable,transport_nystrom_r16_cg_1e-2,32,1,current_misspecification_envelope,0.0,0.0,0.0,0.0,0.0,0.0,0.0,0.0
covtype_semisynthetic_realizable,transport_nystrom_r16_cg_1e-2,32,1,data_loading_seconds,0.015451621962711215,0.0,0.015451621962711215,0.015451621962711215,0.015451621962711215,0.015451621962711215,0.015451621962711215,0.0
covtype_semisynthetic_realizable,transport_nystrom_r16_cg_1e-2,32,1,diagnostic_seconds,0.5818786270101555,0.0,0.5818786270101555,0.5818786270101555,0.5818786270101555,0.5818786270101555,0.5818786270101555,0.0
covtype_semisynthetic_realizable,transport_nystrom_r16_cg_1e-2,32,1,end_to_end_round_seconds,1.8382821500417776,0.0,1.8382821500417776,1.8382821500417776,1.8382821500417776,1.8382821500417776,1.8382821500417776,0.0
covtype_semisynthetic_realizable,transport_nystrom_r16_cg_1e-2,32,1,fraction_bonus_below_gap,0.0,0.0,0.0,0.0,0.0,0.0,0.0,0.0
covtype_semisynthetic_realizable,transport_nystrom_r16_cg_1e-2,32,1,fraction_bonus_exceeds_range,1.0,0.0,1.0,1.0,1.0,1.0,1.0,0.0
covtype_semisynthetic_realizable,transport_nystrom_r16_cg_1e-2,32,1,historical_misspecification_envelope,0.0,0.0,0.0,0.0,0.0,0.0,0.0,0.0
covtype_semisynthetic_realizable,transport_nystrom_r16_cg_1e-2,32,1,kappa_minus,0.5445567579667383,0.0,0.5445567579667383,0.5445567579667383,0.5445567579667383,0.5445567579667383,0.5445567579667383,0.0
covtype_semisynthetic_realizable,transport_nystrom_r16_cg_1e-2,32,1,logical_operator_bytes,23816.0,0.0,23816.0,23816.0,23816.0,23816.0,23816.0,0.0
covtype_semisynthetic_realizable,transport_nystrom_r16_cg_1e-2,32,1,operator_construction_seconds,0.04836646083276719,0.0,0.04836646083276719,0.04836646083276719,0.04836646083276719,0.04836646083276719,0.04836646083276719,0.0
covtype_semisynthetic_realizable,transport_nystrom_r16_cg_1e-2,32,1,oracle_kappa_minus,0.5265758778014564,0.0,0.5265758778014564,0.5265758778014564,0.5265758778014564,0.5265758778014564,0.5265758778014564,0.0
covtype_semisynthetic_realizable,transport_nystrom_r16_cg_1e-2,32,1,peak_rss_bytes,446775296.0,0.0,446775296.0,446775296.0,446775296.0,446775296.0,446775296.0,0.0
covtype_semisynthetic_realizable,transport_nystrom_r16_cg_1e-2,32,1,preprocessing_seconds,0.03642051498172805,0.0,0.03642051498172805,0.03642051498172805,0.03642051498172805,0.03642051498172805,0.03642051498172805,0.0
covtype_semisynthetic_realizable,transport_nystrom_r16_cg_1e-2,32,1,representation_update_seconds,0.2129106548964046,0.0,0.2129106548964046,0.2129106548964046,0.2129106548964046,0.2129106548964046,0.2129106548964046,0.0
covtype_semisynthetic_realizable,transport_nystrom_r16_cg_1e-2,32,1,solver_alpha,1.0106198991920983,0.0,1.0106198991920983,1.0106198991920983,1.0106198991920983,1.0106198991920983,1.0106198991920983,0.0
covtype_semisynthetic_realizable,transport_nystrom_r16_cg_1e-2,32,1,solver_seconds,0.3135471736313775,0.0,0.3135471736313775,0.3135471736313775,0.3135471736313775,0.3135471736313775,0.3135471736313775,0.0
covtype_semisynthetic_realizable,transport_nystrom_r16_cg_1e-2,32,1,teacher_environment_seconds,0.005135304003488272,0.0,0.005135304003488272,0.005135304003488272,0.005135304003488272,0.005135304003488272,0.005135304003488272,0.0
covtype_semisynthetic_realizable,transport_nystrom_r16_cg_1e-2,32,1,trace_tail_over_operator_tail,7.129009226749548,0.0,7.129009226749548,7.129009226749548,7.129009226749548,7.129009226749548,7.129009226749548,0.0
covtype_semisynthetic_realizable,transport_nystrom_r16_cg_1e-2,32,1,transport_certificate_seconds,0.0,0.0,0.0,0.0,0.0,0.0,0.0,0.0
covtype_semisynthetic_realizable,transport_nystrom_r16_cg_1e-2,32,1,width_upper_over_exact,1.0052281127224227,0.0,1.0052281127224227,1.0052281127224227,1.0052281127224227,1.0052281127224227,1.0052281127224227,0.0
covtype_semisynthetic_realizable,transport_nystrom_r16_cg_1e-6,32,1,D_Q_minus_d_Th,0.007807003649115217,0.0,0.007807003649115217,0.007807003649115217,0.007807003649115217,0.007807003649115217,0.007807003649115217,0.0
covtype_semisynthetic_realizable,transport_nystrom_r16_cg_1e-6,32,1,D_Q_over_d_Th,76132.95580694568,0.0,76132.95580694568,76132.95580694568,76132.95580694568,76132.95580694568,76132.95580694568,0.0
covtype_semisynthetic_realizable,transport_nystrom_r16_cg_1e-6,32,1,action_scoring_seconds,0.002965835912618786,0.0,0.002965835912618786,0.002965835912618786,0.002965835912618786,0.002965835912618786,0.002965835912618786,0.0
covtype_semisynthetic_realizable,transport_nystrom_r16_cg_1e-6,32,1,algorithm_seconds,1.278206352610141,0.0,1.278206352610141,1.278206352610141,1.278206352610141,1.278206352610141,1.278206352610141,0.0
covtype_semisynthetic_realizable,transport_nystrom_r16_cg_1e-6,32,1,cg_iterations,3192.0,0.0,3192.0,3192.0,3192.0,3192.0,3192.0,0.0
covtype_semisynthetic_realizable,transport_nystrom_r16_cg_1e-6,32,1,cg_matvecs,3832.0,0.0,3832.0,3832.0,3832.0,3832.0,3832.0,0.0
covtype_semisynthetic_realizable,transport_nystrom_r16_cg_1e-6,32,1,cumulative_regret,2.9374074268900943,0.0,2.9374074268900943,2.9374074268900943,2.9374074268900943,2.9374074268900943,2.9374074268900943,0.0
covtype_semisynthetic_realizable,transport_nystrom_r16_cg_1e-6,32,1,current_misspecification_envelope,0.0,0.0,0.0,0.0,0.0,0.0,0.0,0.0
covtype_semisynthetic_realizable,transport_nystrom_r16_cg_1e-6,32,1,data_loading_seconds,0.015451621962711215,0.0,0.015451621962711215,0.015451621962711215,0.015451621962711215,0.015451621962711215,0.015451621962711215,0.0
covtype_semisynthetic_realizable,transport_nystrom_r16_cg_1e-6,32,1,diagnostic_seconds,0.5856723748729564,0.0,0.5856723748729564,0.5856723748729564,0.5856723748729564,0.5856723748729564,0.5856723748729564,0.0
covtype_semisynthetic_realizable,transport_nystrom_r16_cg_1e-6,32,1,end_to_end_round_seconds,1.9189949849969707,0.0,1.9189949849969707,1.9189949849969707,1.9189949849969707,1.9189949849969707,1.9189949849969707,0.0
covtype_semisynthetic_realizable,transport_nystrom_r16_cg_1e-6,32,1,fraction_bonus_below_gap,0.0,0.0,0.0,0.0,0.0,0.0,0.0,0.0
covtype_semisynthetic_realizable,transport_nystrom_r16_cg_1e-6,32,1,fraction_bonus_exceeds_range,1.0,0.0,1.0,1.0,1.0,1.0,1.0,0.0
covtype_semisynthetic_realizable,transport_nystrom_r16_cg_1e-6,32,1,historical_misspecification_envelope,0.0,0.0,0.0,0.0,0.0,0.0,0.0,0.0
covtype_semisynthetic_realizable,transport_nystrom_r16_cg_1e-6,32,1,kappa_minus,0.5450438141317138,0.0,0.5450438141317138,0.5450438141317138,0.5450438141317138,0.5450438141317138,0.5450438141317138,0.0
covtype_semisynthetic_realizable,transport_nystrom_r16_cg_1e-6,32,1,logical_operator_bytes,23816.0,0.0,23816.0,23816.0,23816.0,23816.0,23816.0,0.0
covtype_semisynthetic_realizable,transport_nystrom_r16_cg_1e-6,32,1,operator_construction_seconds,0.04387516691349447,0.0,0.04387516691349447,0.04387516691349447,0.04387516691349447,0.04387516691349447,0.04387516691349447,0.0
covtype_semisynthetic_realizable,transport_nystrom_r16_cg_1e-6,32,1,oracle_kappa_minus,0.5293018269002226,0.0,0.5293018269002226,0.5293018269002226,0.5293018269002226,0.5293018269002226,0.5293018269002226,0.0
covtype_semisynthetic_realizable,transport_nystrom_r16_cg_1e-6,32,1,peak_rss_bytes,444846080.0,0.0,444846080.0,444846080.0,444846080.0,444846080.0,444846080.0,0.0
covtype_semisynthetic_realizable,transport_nystrom_r16_cg_1e-6,32,1,preprocessing_seconds,0.03642051498172805,0.0,0.03642051498172805,0.03642051498172805,0.03642051498172805,0.03642051498172805,0.03642051498172805,0.0
covtype_semisynthetic_realizable,transport_nystrom_r16_cg_1e-6,32,1,representation_update_seconds,0.20401037798728794,0.0,0.20401037798728794,0.20401037798728794,0.20401037798728794,0.20401037798728794,0.20401037798728794,0.0
covtype_semisynthetic_realizable,transport_nystrom_r16_cg_1e-6,32,1,solver_alpha,1.0000006564400055,0.0,1.0000006564400055,1.0000006564400055,1.0000006564400055,1.0000006564400055,1.0000006564400055,0.0
covtype_semisynthetic_realizable,transport_nystrom_r16_cg_1e-6,32,1,solver_seconds,0.423211311979685,0.0,0.423211311979685,0.423211311979685,0.423211311979685,0.423211311979685,0.423211311979685,0.0
covtype_semisynthetic_realizable,transport_nystrom_r16_cg_1e-6,32,1,teacher_environment_seconds,0.005135304003488272,0.0,0.005135304003488272,0.005135304003488272,0.005135304003488272,0.005135304003488272,0.005135304003488272,0.0
covtype_semisynthetic_realizable,transport_nystrom_r16_cg_1e-6,32,1,trace_tail_over_operator_tail,7.506385057293058,0.0,7.506385057293058,7.506385057293058,7.506385057293058,7.506385057293058,7.506385057293058,0.0
covtype_semisynthetic_realizable,transport_nystrom_r16_cg_1e-6,32,1,transport_certificate_seconds,0.0,0.0,0.0,0.0,0.0,0.0,0.0,0.0
covtype_semisynthetic_realizable,transport_nystrom_r16_cg_1e-6,32,1,width_upper_over_exact,1.0000000505588358,0.0,1.0000000505588358,1.0000000505588358,1.0000000505588358,1.0000000505588358,1.0000000505588358,0.0
covtype_semisynthetic_realizable,transport_nystrom_r32_cg_1e-4,32,1,D_Q_minus_d_Th,0.009528249278379562,0.0,0.009528249278379562,0.009528249278379562,0.009528249278379562,0.009528249278379562,0.009528249278379562,0.0
covtype_semisynthetic_realizable,transport_nystrom_r32_cg_1e-4,32,1,D_Q_over_d_Th,47151.744716853704,0.0,47151.744716853704,47151.744716853704,47151.744716853704,47151.744716853704,47151.744716853704,0.0
covtype_semisynthetic_realizable,transport_nystrom_r32_cg_1e-4,32,1,action_scoring_seconds,0.003715330094564706,0.0,0.003715330094564706,0.003715330094564706,0.003715330094564706,0.003715330094564706,0.003715330094564706,0.0
covtype_semisynthetic_realizable,transport_nystrom_r32_cg_1e-4,32,1,algorithm_seconds,1.409249638672918,0.0,1.409249638672918,1.409249638672918,1.409249638672918,1.409249638672918,1.409249638672918,0.0
covtype_semisynthetic_realizable,transport_nystrom_r32_cg_1e-4,32,1,cg_iterations,3048.0,0.0,3048.0,3048.0,3048.0,3048.0,3048.0,0.0
covtype_semisynthetic_realizable,transport_nystrom_r32_cg_1e-4,32,1,cg_matvecs,3688.0,0.0,3688.0,3688.0,3688.0,3688.0,3688.0,0.0
covtype_semisynthetic_realizable,transport_nystrom_r32_cg_1e-4,32,1,cumulative_regret,3.0805835100275836,0.0,3.0805835100275836,3.0805835100275836,3.0805835100275836,3.0805835100275836,3.0805835100275836,0.0
covtype_semisynthetic_realizable,transport_nystrom_r32_cg_1e-4,32,1,current_misspecification_envelope,0.0,0.0,0.0,0.0,0.0,0.0,0.0,0.0
covtype_semisynthetic_realizable,transport_nystrom_r32_cg_1e-4,32,1,data_loading_seconds,0.015451621962711215,0.0,0.015451621962711215,0.015451621962711215,0.015451621962711215,0.015451621962711215,0.015451621962711215,0.0
covtype_semisynthetic_realizable,transport_nystrom_r32_cg_1e-4,32,1,diagnostic_seconds,0.5968877291306853,0.0,0.5968877291306853,0.5968877291306853,0.5968877291306853,0.5968877291306853,0.5968877291306853,0.0
covtype_semisynthetic_realizable,transport_nystrom_r32_cg_1e-4,32,1,end_to_end_round_seconds,2.0690433848067187,0.0,2.0690433848067187,2.0690433848067187,2.0690433848067187,2.0690433848067187,2.0690433848067187,0.0
covtype_semisynthetic_realizable,transport_nystrom_r32_cg_1e-4,32,1,fraction_bonus_below_gap,0.0,0.0,0.0,0.0,0.0,0.0,0.0,0.0
covtype_semisynthetic_realizable,transport_nystrom_r32_cg_1e-4,32,1,fraction_bonus_exceeds_range,1.0,0.0,1.0,1.0,1.0,1.0,1.0,0.0
covtype_semisynthetic_realizable,transport_nystrom_r32_cg_1e-4,32,1,historical_misspecification_envelope,0.0,0.0,0.0,0.0,0.0,0.0,0.0,0.0
covtype_semisynthetic_realizable,transport_nystrom_r32_cg_1e-4,32,1,kappa_minus,0.9999999999999419,0.0,0.9999999999999419,0.9999999999999419,0.9999999999999419,0.9999999999999419,0.9999999999999419,0.0
covtype_semisynthetic_realizable,transport_nystrom_r32_cg_1e-4,32,1,logical_operator_bytes,46136.0,0.0,46136.0,46136.0,46136.0,46136.0,46136.0,0.0
covtype_semisynthetic_realizable,transport_nystrom_r32_cg_1e-4,32,1,operator_construction_seconds,0.05596957221860066,0.0,0.05596957221860066,0.05596957221860066,0.05596957221860066,0.05596957221860066,0.05596957221860066,0.0
covtype_semisynthetic_realizable,transport_nystrom_r32_cg_1e-4,32,1,oracle_kappa_minus,0.9999999999999973,0.0,0.9999999999999973,0.9999999999999973,0.9999999999999973,0.9999999999999973,0.9999999999999973,0.0
covtype_semisynthetic_realizable,transport_nystrom_r32_cg_1e-4,32,1,peak_rss_bytes,477159424.0,0.0,477159424.0,477159424.0,477159424.0,477159424.0,477159424.0,0.0
covtype_semisynthetic_realizable,transport_nystrom_r32_cg_1e-4,32,1,preprocessing_seconds,0.03642051498172805,0.0,0.03642051498172805,0.03642051498172805,0.03642051498172805,0.03642051498172805,0.03642051498172805,0.0
covtype_semisynthetic_realizable,transport_nystrom_r32_cg_1e-4,32,1,representation_update_seconds,0.22881794098066166,0.0,0.22881794098066166,0.22881794098066166,0.22881794098066166,0.22881794098066166,0.22881794098066166,0.0
covtype_semisynthetic_realizable,transport_nystrom_r32_cg_1e-4,32,1,solver_alpha,1.000081391558626,0.0,1.000081391558626,1.000081391558626,1.000081391558626,1.000081391558626,1.000081391558626,0.0
covtype_semisynthetic_realizable,transport_nystrom_r32_cg_1e-4,32,1,solver_seconds,0.4851006201351993,0.0,0.4851006201351993,0.4851006201351993,0.4851006201351993,0.4851006201351993,0.4851006201351993,0.0
covtype_semisynthetic_realizable,transport_nystrom_r32_cg_1e-4,32,1,teacher_environment_seconds,0.005135304003488272,0.0,0.005135304003488272,0.005135304003488272,0.005135304003488272,0.005135304003488272,0.005135304003488272,0.0
covtype_semisynthetic_realizable,transport_nystrom_r32_cg_1e-4,32,1,trace_tail_over_operator_tail,0.0,0.0,0.0,0.0,0.0,0.0,0.0,0.0
covtype_semisynthetic_realizable,transport_nystrom_r32_cg_1e-4,32,1,transport_certificate_seconds,0.0,0.0,0.0,0.0,0.0,0.0,0.0,0.0
covtype_semisynthetic_realizable,transport_nystrom_r32_cg_1e-4,32,1,width_upper_over_exact,1.0000467111980746,0.0,1.0000467111980746,1.0000467111980746,1.0000467111980746,1.0000467111980746,1.0000467111980746,0.0
covtype_semisynthetic_realizable,transport_nystrom_r64_cg_1e-2,32,1,D_Q_minus_d_Th,0.006110081741355076,0.0,0.006110081741355076,0.006110081741355076,0.006110081741355076,0.006110081741355076,0.006110081741355076,0.0
covtype_semisynthetic_realizable,transport_nystrom_r64_cg_1e-2,32,1,D_Q_over_d_Th,52744.68905104782,0.0,52744.68905104782,52744.68905104782,52744.68905104782,52744.68905104782,52744.68905104782,0.0
covtype_semisynthetic_realizable,transport_nystrom_r64_cg_1e-2,32,1,action_scoring_seconds,0.0029606660245917737,0.0,0.0029606660245917737,0.0029606660245917737,0.0029606660245917737,0.0029606660245917737,0.0029606660245917737,0.0
covtype_semisynthetic_realizable,transport_nystrom_r64_cg_1e-2,32,1,algorithm_seconds,1.1726637397077866,0.0,1.1726637397077866,1.1726637397077866,1.1726637397077866,1.1726637397077866,1.1726637397077866,0.0
covtype_semisynthetic_realizable,transport_nystrom_r64_cg_1e-2,32,1,cg_iterations,2122.0,0.0,2122.0,2122.0,2122.0,2122.0,2122.0,0.0
covtype_semisynthetic_realizable,transport_nystrom_r64_cg_1e-2,32,1,cg_matvecs,2762.0,0.0,2762.0,2762.0,2762.0,2762.0,2762.0,0.0
covtype_semisynthetic_realizable,transport_nystrom_r64_cg_1e-2,32,1,cumulative_regret,3.242120084661449,0.0,3.242120084661449,3.242120084661449,3.242120084661449,3.242120084661449,3.242120084661449,0.0
covtype_semisynthetic_realizable,transport_nystrom_r64_cg_1e-2,32,1,current_misspecification_envelope,0.0,0.0,0.0,0.0,0.0,0.0,0.0,0.0
covtype_semisynthetic_realizable,transport_nystrom_r64_cg_1e-2,32,1,data_loading_seconds,0.015451621962711215,0.0,0.015451621962711215,0.015451621962711215,0.015451621962711215,0.015451621962711215,0.015451621962711215,0.0
covtype_semisynthetic_realizable,transport_nystrom_r64_cg_1e-2,32,1,diagnostic_seconds,0.5764212339418009,0.0,0.5764212339418009,0.5764212339418009,0.5764212339418009,0.5764212339418009,0.5764212339418009,0.0
covtype_semisynthetic_realizable,transport_nystrom_r64_cg_1e-2,32,1,end_to_end_round_seconds,1.809199400129728,0.0,1.809199400129728,1.809199400129728,1.809199400129728,1.809199400129728,1.809199400129728,0.0
covtype_semisynthetic_realizable,transport_nystrom_r64_cg_1e-2,32,1,fraction_bonus_below_gap,0.0,0.0,0.0,0.0,0.0,0.0,0.0,0.0
covtype_semisynthetic_realizable,transport_nystrom_r64_cg_1e-2,32,1,fraction_bonus_exceeds_range,1.0,0.0,1.0,1.0,1.0,1.0,1.0,0.0
covtype_semisynthetic_realizable,transport_nystrom_r64_cg_1e-2,32,1,historical_misspecification_envelope,0.0,0.0,0.0,0.0,0.0,0.0,0.0,0.0
covtype_semisynthetic_realizable,transport_nystrom_r64_cg_1e-2,32,1,kappa_minus,0.9999999999999512,0.0,0.9999999999999512,0.9999999999999512,0.9999999999999512,0.9999999999999512,0.9999999999999512,0.0
covtype_semisynthetic_realizable,transport_nystrom_r64_cg_1e-2,32,1,logical_operator_bytes,46136.0,0.0,46136.0,46136.0,46136.0,46136.0,46136.0,0.0
covtype_semisynthetic_realizable,transport_nystrom_r64_cg_1e-2,32,1,operator_construction_seconds,0.07205657719168812,0.0,0.07205657719168812,0.07205657719168812,0.07205657719168812,0.07205657719168812,0.07205657719168812,0.0
covtype_semisynthetic_realizable,transport_nystrom_r64_cg_1e-2,32,1,oracle_kappa_minus,0.9999999999999966,0.0,0.9999999999999966,0.9999999999999966,0.9999999999999966,0.9999999999999966,0.9999999999999966,0.0
covtype_semisynthetic_realizable,transport_nystrom_r64_cg_1e-2,32,1,peak_rss_bytes,471896064.0,0.0,471896064.0,471896064.0,471896064.0,471896064.0,471896064.0,0.0
covtype_semisynthetic_realizable,transport_nystrom_r64_cg_1e-2,32,1,preprocessing_seconds,0.03642051498172805,0.0,0.03642051498172805,0.03642051498172805,0.03642051498172805,0.03642051498172805,0.03642051498172805,0.0
covtype_semisynthetic_realizable,transport_nystrom_r64_cg_1e-2,32,1,representation_update_seconds,0.20307361095910892,0.0,0.20307361095910892,0.20307361095910892,0.20307361095910892,0.20307361095910892,0.20307361095910892,0.0
covtype_semisynthetic_realizable,transport_nystrom_r64_cg_1e-2,32,1,solver_alpha,1.0109175524302119,0.0,1.0109175524302119,1.0109175524302119,1.0109175524302119,1.0109175524302119,1.0109175524302119,0.0
covtype_semisynthetic_realizable,transport_nystrom_r64_cg_1e-2,32,1,solver_seconds,0.2828858511056751,0.0,0.2828858511056751,0.2828858511056751,0.2828858511056751,0.2828858511056751,0.2828858511056751,0.0
covtype_semisynthetic_realizable,transport_nystrom_r64_cg_1e-2,32,1,teacher_environment_seconds,0.005135304003488272,0.0,0.005135304003488272,0.005135304003488272,0.005135304003488272,0.005135304003488272,0.005135304003488272,0.0
covtype_semisynthetic_realizable,transport_nystrom_r64_cg_1e-2,32,1,trace_tail_over_operator_tail,0.5534365223675158,0.0,0.5534365223675158,0.5534365223675158,0.5534365223675158,0.5534365223675158,0.5534365223675158,0.0
covtype_semisynthetic_realizable,transport_nystrom_r64_cg_1e-2,32,1,transport_certificate_seconds,0.0,0.0,0.0,0.0,0.0,0.0,0.0,0.0
covtype_semisynthetic_realizable,transport_nystrom_r64_cg_1e-2,32,1,width_upper_over_exact,1.0041114452586033,0.0,1.0041114452586033,1.0041114452586033,1.0041114452586033,1.0041114452586033,1.0041114452586033,0.0
covtype_semisynthetic_realizable,transport_nystrom_r64_cg_1e-6,32,1,D_Q_minus_d_Th,0.00753088258490424,0.0,0.00753088258490424,0.00753088258490424,0.00753088258490424,0.00753088258490424,0.00753088258490424,0.0
covtype_semisynthetic_realizable,transport_nystrom_r64_cg_1e-6,32,1,D_Q_over_d_Th,48019.0891257628,0.0,48019.0891257628,48019.0891257628,48019.0891257628,48019.0891257628,48019.0891257628,0.0
covtype_semisynthetic_realizable,transport_nystrom_r64_cg_1e-6,32,1,action_scoring_seconds,0.0032103470875881612,0.0,0.0032103470875881612,0.0032103470875881612,0.0032103470875881612,0.0032103470875881612,0.0032103470875881612,0.0
covtype_semisynthetic_realizable,transport_nystrom_r64_cg_1e-6,32,1,algorithm_seconds,1.41412732610479,0.0,1.41412732610479,1.41412732610479,1.41412732610479,1.41412732610479,1.41412732610479,0.0
covtype_semisynthetic_realizable,transport_nystrom_r64_cg_1e-6,32,1,cg_iterations,3760.0,0.0,3760.0,3760.0,3760.0,3760.0,3760.0,0.0
covtype_semisynthetic_realizable,transport_nystrom_r64_cg_1e-6,32,1,cg_matvecs,4400.0,0.0,4400.0,4400.0,4400.0,4400.0,4400.0,0.0
covtype_semisynthetic_realizable,transport_nystrom_r64_cg_1e-6,32,1,cumulative_regret,3.159573922198261,0.0,3.159573922198261,3.159573922198261,3.159573922198261,3.159573922198261,3.159573922198261,0.0
covtype_semisynthetic_realizable,transport_nystrom_r64_cg_1e-6,32,1,current_misspecification_envelope,0.0,0.0,0.0,0.0,0.0,0.0,0.0,0.0
covtype_semisynthetic_realizable,transport_nystrom_r64_cg_1e-6,32,1,data_loading_seconds,0.015451621962711215,0.0,0.015451621962711215,0.015451621962711215,0.015451621962711215,0.015451621962711215,0.015451621962711215,0.0
covtype_semisynthetic_realizable,transport_nystrom_r64_cg_1e-6,32,1,diagnostic_seconds,0.5945662699523382,0.0,0.5945662699523382,0.5945662699523382,0.5945662699523382,0.5945662699523382,0.5945662699523382,0.0
covtype_semisynthetic_realizable,transport_nystrom_r64_cg_1e-6,32,1,end_to_end_round_seconds,2.070772477716673,0.0,2.070772477716673,2.070772477716673,2.070772477716673,2.070772477716673,2.070772477716673,0.0
covtype_semisynthetic_realizable,transport_nystrom_r64_cg_1e-6,32,1,fraction_bonus_below_gap,0.0,0.0,0.0,0.0,0.0,0.0,0.0,0.0
covtype_semisynthetic_realizable,transport_nystrom_r64_cg_1e-6,32,1,fraction_bonus_exceeds_range,1.0,0.0,1.0,1.0,1.0,1.0,1.0,0.0
covtype_semisynthetic_realizable,transport_nystrom_r64_cg_1e-6,32,1,historical_misspecification_envelope,0.0,0.0,0.0,0.0,0.0,0.0,0.0,0.0
covtype_semisynthetic_realizable,transport_nystrom_r64_cg_1e-6,32,1,kappa_minus,0.9999999999999152,0.0,0.9999999999999152,0.9999999999999152,0.9999999999999152,0.9999999999999152,0.9999999999999152,0.0
covtype_semisynthetic_realizable,transport_nystrom_r64_cg_1e-6,32,1,logical_operator_bytes,46136.0,0.0,46136.0,46136.0,46136.0,46136.0,46136.0,0.0
covtype_semisynthetic_realizable,transport_nystrom_r64_cg_1e-6,32,1,operator_construction_seconds,0.06549935223301873,0.0,0.06549935223301873,0.06549935223301873,0.06549935223301873,0.06549935223301873,0.06549935223301873,0.0
covtype_semisynthetic_realizable,transport_nystrom_r64_cg_1e-6,32,1,oracle_kappa_minus,0.9999999999999958,0.0,0.9999999999999958,0.9999999999999958,0.9999999999999958,0.9999999999999958,0.9999999999999958,0.0
covtype_semisynthetic_realizable,transport_nystrom_r64_cg_1e-6,32,1,peak_rss_bytes,457760768.0,0.0,457760768.0,457760768.0,457760768.0,457760768.0,457760768.0,0.0
covtype_semisynthetic_realizable,transport_nystrom_r64_cg_1e-6,32,1,preprocessing_seconds,0.03642051498172805,0.0,0.03642051498172805,0.03642051498172805,0.03642051498172805,0.03642051498172805,0.03642051498172805,0.0
covtype_semisynthetic_realizable,transport_nystrom_r64_cg_1e-6,32,1,representation_update_seconds,0.217938985908404,0.0,0.217938985908404,0.217938985908404,0.217938985908404,0.217938985908404,0.217938985908404,0.0
covtype_semisynthetic_realizable,transport_nystrom_r64_cg_1e-6,32,1,solver_alpha,1.0000007503227466,0.0,1.0000007503227466,1.0000007503227466,1.0000007503227466,1.0000007503227466,1.0000007503227466,0.0
covtype_semisynthetic_realizable,transport_nystrom_r64_cg_1e-6,32,1,solver_seconds,0.5084894377505407,0.0,0.5084894377505407,0.5084894377505407,0.5084894377505407,0.5084894377505407,0.5084894377505407,0.0
covtype_semisynthetic_realizable,transport_nystrom_r64_cg_1e-6,32,1,teacher_environment_seconds,0.005135304003488272,0.0,0.005135304003488272,0.005135304003488272,0.005135304003488272,0.005135304003488272,0.005135304003488272,0.0
covtype_semisynthetic_realizable,transport_nystrom_r64_cg_1e-6,32,1,trace_tail_over_operator_tail,2.4167930483713485,0.0,2.4167930483713485,2.4167930483713485,2.4167930483713485,2.4167930483713485,2.4167930483713485,0.0
covtype_semisynthetic_realizable,transport_nystrom_r64_cg_1e-6,32,1,transport_certificate_seconds,0.0,0.0,0.0,0.0,0.0,0.0,0.0,0.0
covtype_semisynthetic_realizable,transport_nystrom_r64_cg_1e-6,32,1,width_upper_over_exact,1.0000003741125816,0.0,1.0000003741125816,1.0000003741125816,1.0000003741125816,1.0000003741125816,1.0000003741125816,0.0
