experiment,profile,seed_set,comparison,method,reference_method,difference_direction,variant_json,hyperparameters_json,run_count,scope,horizon,metric,n,mean,standard_deviation,standard_error,ci95_low,ci95_high,ci95_half_width
cg_accuracy,full,evaluation,benchmark_diagnostic,conjugate_gradient,,diagnostic_not_executed_policy,"{""condition_number"":10.0,""initialization"":""warm"",""preconditioner"":""jacobi"",""target_relative_energy_error"":0.5}",{},10,benchmark_summary,,mean_cg_iterations,10,4.2707,0.010530906893520445,0.0033301651610692885,4.263166643027586,4.278233356972414,0.007533356972413929
cg_accuracy,full,evaluation,benchmark_diagnostic,conjugate_gradient,,diagnostic_not_executed_policy,"{""condition_number"":10.0,""initialization"":""warm"",""preconditioner"":""jacobi"",""target_relative_energy_error"":0.5}",{},10,benchmark_summary,,mean_exact_relative_energy_error,10,0.11294660696120587,0.0004747944718191675,0.00015014319514051983,0.11260695945687334,0.1132862544655384,0.0003396475043325356
cg_accuracy,full,evaluation,benchmark_diagnostic,conjugate_gradient,,diagnostic_not_executed_policy,"{""condition_number"":10.0,""initialization"":""warm"",""preconditioner"":""jacobi"",""target_relative_energy_error"":0.5}",{},10,benchmark_summary,,mean_initial_relative_energy_error,10,1.741165585834042,0.004000068274297656,0.0012649326542959758,1.738304109369669,1.744027062298415,0.002861476464372987
cg_accuracy,full,evaluation,benchmark_diagnostic,conjugate_gradient,,diagnostic_not_executed_policy,"{""condition_number"":10.0,""initialization"":""warm"",""preconditioner"":""jacobi"",""target_relative_energy_error"":0.5}",{},10,benchmark_summary,,mean_predictive_width_relative_error,10,0.008437434911477406,0.0001645797735195389,5.2044694111640925e-05,0.008319701633907117,0.008555168189047696,0.00011773327757029007
cg_accuracy,full,evaluation,benchmark_diagnostic,conjugate_gradient,,diagnostic_not_executed_policy,"{""condition_number"":10.0,""initialization"":""warm"",""preconditioner"":""jacobi"",""target_relative_energy_error"":0.5}",{},10,benchmark_summary,,mean_sample_cvp_count,10,1349.2992,2.695912164741234,0.8525222812337379,1347.370660615062,1351.2277393849379,1.9285393849379657
cg_accuracy,full,evaluation,benchmark_diagnostic,conjugate_gradient,,diagnostic_not_executed_policy,"{""condition_number"":10.0,""initialization"":""warm"",""preconditioner"":""jacobi"",""target_relative_energy_error"":0.5}",{},10,benchmark_summary,,mean_wall_time_seconds,10,0.00011892916886718013,1.3773265483832001e-06,4.355488974709016e-07,0.00011794388880901747,0.00011991444892534279,9.85280058162661e-07
cg_accuracy,full,evaluation,benchmark_diagnostic,conjugate_gradient,,diagnostic_not_executed_policy,"{""condition_number"":10.0,""initialization"":""warm"",""preconditioner"":""jacobi"",""target_relative_energy_error"":0.5}",{},10,benchmark_summary,,peak_host_memory_bytes,10,802734080.0,468007085.15833503,147996835.0196723,467941979.5887841,1137526180.4112158,334792100.4112159
cg_accuracy,full,evaluation,benchmark_diagnostic,conjugate_gradient,,diagnostic_not_executed_policy,"{""condition_number"":10.0,""initialization"":""warm"",""preconditioner"":""jacobi"",""target_relative_energy_error"":0.5}",{},10,benchmark_summary,,records_per_seed,10,1000.0,0.0,0.0,1000.0,1000.0,0.0
cg_accuracy,full,evaluation,benchmark_diagnostic,conjugate_gradient,,diagnostic_not_executed_policy,"{""condition_number"":10.0,""initialization"":""warm"",""preconditioner"":""none"",""target_relative_energy_error"":0.5}",{},10,benchmark_summary,,mean_cg_iterations,10,4.394,0.011421227799341334,0.0036117093521551157,4.385829745819077,4.402170254180923,0.008170254180922959
cg_accuracy,full,evaluation,benchmark_diagnostic,conjugate_gradient,,diagnostic_not_executed_policy,"{""condition_number"":10.0,""initialization"":""warm"",""preconditioner"":""none"",""target_relative_energy_error"":0.5}",{},10,benchmark_summary,,mean_exact_relative_energy_error,10,0.10838637718392627,0.0007776382976778579,0.0002459108216438058,0.10783008825733514,0.1089426661105174,0.0005562889265911271
cg_accuracy,full,evaluation,benchmark_diagnostic,conjugate_gradient,,diagnostic_not_executed_policy,"{""condition_number"":10.0,""initialization"":""warm"",""preconditioner"":""none"",""target_relative_energy_error"":0.5}",{},10,benchmark_summary,,mean_initial_relative_energy_error,10,1.7424887974565597,0.0041973903869416025,0.0013273313851630939,1.7394861652562061,1.7454914296569133,0.0030026322003535557
cg_accuracy,full,evaluation,benchmark_diagnostic,conjugate_gradient,,diagnostic_not_executed_policy,"{""condition_number"":10.0,""initialization"":""warm"",""preconditioner"":""none"",""target_relative_energy_error"":0.5}",{},10,benchmark_summary,,mean_predictive_width_relative_error,10,0.008049619825528495,9.427232349543581e-05,2.9811526256178327e-05,0.007982181467874135,0.008117058183182856,6.743835765436056e-05
cg_accuracy,full,evaluation,benchmark_diagnostic,conjugate_gradient,,diagnostic_not_executed_policy,"{""condition_number"":10.0,""initialization"":""warm"",""preconditioner"":""none"",""target_relative_energy_error"":0.5}",{},10,benchmark_summary,,mean_sample_cvp_count,10,1380.864,2.9238343166313814,0.9245975941517096,1378.7724149296837,1382.9555850703164,2.0915850703162775
cg_accuracy,full,evaluation,benchmark_diagnostic,conjugate_gradient,,diagnostic_not_executed_policy,"{""condition_number"":10.0,""initialization"":""warm"",""preconditioner"":""none"",""target_relative_energy_error"":0.5}",{},10,benchmark_summary,,mean_wall_time_seconds,10,0.00012040528424549849,1.4980417238034353e-06,4.7372238771837326e-07,0.0001193336497529435,0.00012147691873805348,1.0716344925549864e-06
cg_accuracy,full,evaluation,benchmark_diagnostic,conjugate_gradient,,diagnostic_not_executed_policy,"{""condition_number"":10.0,""initialization"":""warm"",""preconditioner"":""none"",""target_relative_energy_error"":0.5}",{},10,benchmark_summary,,peak_host_memory_bytes,10,802730803.2,468007685.35575765,147997024.81876242,467938273.4334129,1137523332.966587,334792529.76658714
cg_accuracy,full,evaluation,benchmark_diagnostic,conjugate_gradient,,diagnostic_not_executed_policy,"{""condition_number"":10.0,""initialization"":""warm"",""preconditioner"":""none"",""target_relative_energy_error"":0.5}",{},10,benchmark_summary,,records_per_seed,10,1000.0,0.0,0.0,1000.0,1000.0,0.0
cg_accuracy,full,evaluation,benchmark_diagnostic,conjugate_gradient,,diagnostic_not_executed_policy,"{""condition_number"":10.0,""initialization"":""zero"",""preconditioner"":""jacobi"",""target_relative_energy_error"":0.5}",{},10,benchmark_summary,,mean_cg_iterations,10,3.7611,0.012467290536974434,0.003942503434790289,3.7521814376156324,3.7700185623843674,0.008918562384367378
cg_accuracy,full,evaluation,benchmark_diagnostic,conjugate_gradient,,diagnostic_not_executed_policy,"{""condition_number"":10.0,""initialization"":""zero"",""preconditioner"":""jacobi"",""target_relative_energy_error"":0.5}",{},10,benchmark_summary,,mean_exact_relative_energy_error,10,0.09874895783675935,0.000671668605718573,0.00021240026269002865,0.09826847506113488,0.09922944061238383,0.00048048277562446864
cg_accuracy,full,evaluation,benchmark_diagnostic,conjugate_gradient,,diagnostic_not_executed_policy,"{""condition_number"":10.0,""initialization"":""zero"",""preconditioner"":""jacobi"",""target_relative_energy_error"":0.5}",{},10,benchmark_summary,,mean_initial_relative_energy_error,10,1.0,0.0,0.0,1.0,1.0,0.0
cg_accuracy,full,evaluation,benchmark_diagnostic,conjugate_gradient,,diagnostic_not_executed_policy,"{""condition_number"":10.0,""initialization"":""zero"",""preconditioner"":""jacobi"",""target_relative_energy_error"":0.5}",{},10,benchmark_summary,,mean_predictive_width_relative_error,10,0.005244615933076015,7.536815065329632e-05,2.3833501909912378e-05,0.005190700806015942,0.005298531060136088,5.391512706007298e-05
cg_accuracy,full,evaluation,benchmark_diagnostic,conjugate_gradient,,diagnostic_not_executed_policy,"{""condition_number"":10.0,""initialization"":""zero"",""preconditioner"":""jacobi"",""target_relative_energy_error"":0.5}",{},10,benchmark_summary,,mean_sample_cvp_count,10,962.8416,3.191626377465455,1.009280879306314,960.5584480296019,965.124751970398,2.2831519703980487
cg_accuracy,full,evaluation,benchmark_diagnostic,conjugate_gradient,,diagnostic_not_executed_policy,"{""condition_number"":10.0,""initialization"":""zero"",""preconditioner"":""jacobi"",""target_relative_energy_error"":0.5}",{},10,benchmark_summary,,mean_wall_time_seconds,10,0.00010904074016725644,1.4502973691641476e-06,4.5862429711087564e-07,0.00010800325992851377,0.0001100782204059991,1.0374802387426593e-06
cg_accuracy,full,evaluation,benchmark_diagnostic,conjugate_gradient,,diagnostic_not_executed_policy,"{""condition_number"":10.0,""initialization"":""zero"",""preconditioner"":""jacobi"",""target_relative_energy_error"":0.5}",{},10,benchmark_summary,,peak_host_memory_bytes,10,802734080.0,468007085.15833503,147996835.0196723,467941979.5887841,1137526180.4112158,334792100.4112159
cg_accuracy,full,evaluation,benchmark_diagnostic,conjugate_gradient,,diagnostic_not_executed_policy,"{""condition_number"":10.0,""initialization"":""zero"",""preconditioner"":""jacobi"",""target_relative_energy_error"":0.5}",{},10,benchmark_summary,,records_per_seed,10,1000.0,0.0,0.0,1000.0,1000.0,0.0
cg_accuracy,full,evaluation,benchmark_diagnostic,conjugate_gradient,,diagnostic_not_executed_policy,"{""condition_number"":10.0,""initialization"":""zero"",""preconditioner"":""none"",""target_relative_energy_error"":0.5}",{},10,benchmark_summary,,mean_cg_iterations,10,3.8624,0.01643302907088169,0.005196580071974671,3.850644519168128,3.874155480831872,0.011755480831871914
cg_accuracy,full,evaluation,benchmark_diagnostic,conjugate_gradient,,diagnostic_not_executed_policy,"{""condition_number"":10.0,""initialization"":""zero"",""preconditioner"":""none"",""target_relative_energy_error"":0.5}",{},10,benchmark_summary,,mean_exact_relative_energy_error,10,0.09422084719293587,0.0010476686433823913,0.0003313019146227048,0.09347139019372336,0.09497030419214839,0.000749456999212511
cg_accuracy,full,evaluation,benchmark_diagnostic,conjugate_gradient,,diagnostic_not_executed_policy,"{""condition_number"":10.0,""initialization"":""zero"",""preconditioner"":""none"",""target_relative_energy_error"":0.5}",{},10,benchmark_summary,,mean_initial_relative_energy_error,10,1.0,0.0,0.0,1.0,1.0,0.0
cg_accuracy,full,evaluation,benchmark_diagnostic,conjugate_gradient,,diagnostic_not_executed_policy,"{""condition_number"":10.0,""initialization"":""zero"",""preconditioner"":""none"",""target_relative_energy_error"":0.5}",{},10,benchmark_summary,,mean_predictive_width_relative_error,10,0.004684009926463188,0.00011977545382574598,3.787632418696857e-05,0.0045983277284031695,0.004769692124523206,8.568219806001785e-05
cg_accuracy,full,evaluation,benchmark_diagnostic,conjugate_gradient,,diagnostic_not_executed_policy,"{""condition_number"":10.0,""initialization"":""zero"",""preconditioner"":""none"",""target_relative_energy_error"":0.5}",{},10,benchmark_summary,,mean_sample_cvp_count,10,988.7744,4.206855442145713,1.3303244984255158,985.7649969070408,991.7838030929593,3.00940309295921
cg_accuracy,full,evaluation,benchmark_diagnostic,conjugate_gradient,,diagnostic_not_executed_policy,"{""condition_number"":10.0,""initialization"":""zero"",""preconditioner"":""none"",""target_relative_energy_error"":0.5}",{},10,benchmark_summary,,mean_wall_time_seconds,10,0.0001119428740174044,1.700365814163962e-06,5.377028828244715e-07,0.00011072650558956577,0.00011315924244524302,1.2163684278386222e-06
cg_accuracy,full,evaluation,benchmark_diagnostic,conjugate_gradient,,diagnostic_not_executed_policy,"{""condition_number"":10.0,""initialization"":""zero"",""preconditioner"":""none"",""target_relative_energy_error"":0.5}",{},10,benchmark_summary,,peak_host_memory_bytes,10,802730803.2,468007685.35575765,147997024.81876242,467938273.4334129,1137523332.966587,334792529.76658714
cg_accuracy,full,evaluation,benchmark_diagnostic,conjugate_gradient,,diagnostic_not_executed_policy,"{""condition_number"":10.0,""initialization"":""zero"",""preconditioner"":""none"",""target_relative_energy_error"":0.5}",{},10,benchmark_summary,,records_per_seed,10,1000.0,0.0,0.0,1000.0,1000.0,0.0
cg_accuracy,full,evaluation,benchmark_diagnostic,conjugate_gradient,,diagnostic_not_executed_policy,"{""condition_number"":10.0,""initialization"":""warm"",""preconditioner"":""jacobi"",""target_relative_energy_error"":0.25}",{},10,benchmark_summary,,mean_cg_iterations,10,5.3688,0.01553347639419094,0.004912116538610288,5.357688020387683,5.379911979612317,0.011111979612316787
cg_accuracy,full,evaluation,benchmark_diagnostic,conjugate_gradient,,diagnostic_not_executed_policy,"{""condition_number"":10.0,""initialization"":""warm"",""preconditioner"":""jacobi"",""target_relative_energy_error"":0.25}",{},10,benchmark_summary,,mean_exact_relative_energy_error,10,0.05517233148708554,0.00045404421561423254,0.00014358138797655623,0.05484752782182986,0.05549713515234121,0.00032480366525567474
cg_accuracy,full,evaluation,benchmark_diagnostic,conjugate_gradient,,diagnostic_not_executed_policy,"{""condition_number"":10.0,""initialization"":""warm"",""preconditioner"":""jacobi"",""target_relative_energy_error"":0.25}",{},10,benchmark_summary,,mean_initial_relative_energy_error,10,1.7689506878121943,0.004144142102066082,0.0013104927989926799,1.7659861471401577,1.771915228484231,0.002964540672036759
cg_accuracy,full,evaluation,benchmark_diagnostic,conjugate_gradient,,diagnostic_not_executed_policy,"{""condition_number"":10.0,""initialization"":""warm"",""preconditioner"":""jacobi"",""target_relative_energy_error"":0.25}",{},10,benchmark_summary,,mean_predictive_width_relative_error,10,0.002516888438222337,4.800763111667537e-05,1.5181345939786685e-05,0.0024825458477637312,0.0025512310286809428,3.4342590458605896e-05
cg_accuracy,full,evaluation,benchmark_diagnostic,conjugate_gradient,,diagnostic_not_executed_policy,"{""condition_number"":10.0,""initialization"":""warm"",""preconditioner"":""jacobi"",""target_relative_energy_error"":0.25}",{},10,benchmark_summary,,mean_sample_cvp_count,10,1630.4128,3.9765699569128805,1.2575018338842336,1627.5681332192469,1633.2574667807532,2.8446667807530974
cg_accuracy,full,evaluation,benchmark_diagnostic,conjugate_gradient,,diagnostic_not_executed_policy,"{""condition_number"":10.0,""initialization"":""warm"",""preconditioner"":""jacobi"",""target_relative_energy_error"":0.25}",{},10,benchmark_summary,,mean_wall_time_seconds,10,0.00013321120268665253,1.4291743021471342e-06,4.519445968166616e-07,0.00013218883297977577,0.0001342335723935293,1.0223697068767578e-06
cg_accuracy,full,evaluation,benchmark_diagnostic,conjugate_gradient,,diagnostic_not_executed_policy,"{""condition_number"":10.0,""initialization"":""warm"",""preconditioner"":""jacobi"",""target_relative_energy_error"":0.25}",{},10,benchmark_summary,,peak_host_memory_bytes,10,802752102.4,468014003.3623227,147999022.74786416,467955053.0037846,1137549151.7962153,334797049.3962154
cg_accuracy,full,evaluation,benchmark_diagnostic,conjugate_gradient,,diagnostic_not_executed_policy,"{""condition_number"":10.0,""initialization"":""warm"",""preconditioner"":""jacobi"",""target_relative_energy_error"":0.25}",{},10,benchmark_summary,,records_per_seed,10,1000.0,0.0,0.0,1000.0,1000.0,0.0
cg_accuracy,full,evaluation,benchmark_diagnostic,conjugate_gradient,,diagnostic_not_executed_policy,"{""condition_number"":10.0,""initialization"":""warm"",""preconditioner"":""none"",""target_relative_energy_error"":0.25}",{},10,benchmark_summary,,mean_cg_iterations,10,5.5264,0.017758878843490675,0.005615850583640742,5.5136960633770125,5.539103936622987,0.012703936622987385
cg_accuracy,full,evaluation,benchmark_diagnostic,conjugate_gradient,,diagnostic_not_executed_policy,"{""condition_number"":10.0,""initialization"":""warm"",""preconditioner"":""none"",""target_relative_energy_error"":0.25}",{},10,benchmark_summary,,mean_exact_relative_energy_error,10,0.05199827088444982,0.00047569558681407107,0.00015042815272228247,0.05165797876128261,0.05233856300761703,0.0003402921231672136
cg_accuracy,full,evaluation,benchmark_diagnostic,conjugate_gradient,,diagnostic_not_executed_policy,"{""condition_number"":10.0,""initialization"":""warm"",""preconditioner"":""none"",""target_relative_energy_error"":0.25}",{},10,benchmark_summary,,mean_initial_relative_energy_error,10,1.7695171085709998,0.004086767880934643,0.0012923494772173287,1.7665936109442741,1.7724406061977254,0.002923497626725696
cg_accuracy,full,evaluation,benchmark_diagnostic,conjugate_gradient,,diagnostic_not_executed_policy,"{""condition_number"":10.0,""initialization"":""warm"",""preconditioner"":""none"",""target_relative_energy_error"":0.25}",{},10,benchmark_summary,,mean_predictive_width_relative_error,10,0.0023462453309973366,3.109746391641328e-05,9.833881543076598e-06,0.002323999545426557,0.002368491116568116,2.224578557077979e-05
cg_accuracy,full,evaluation,benchmark_diagnostic,conjugate_gradient,,diagnostic_not_executed_policy,"{""condition_number"":10.0,""initialization"":""warm"",""preconditioner"":""none"",""target_relative_energy_error"":0.25}",{},10,benchmark_summary,,mean_sample_cvp_count,10,1670.7584,4.546272983933613,1.43765774941203,1667.5061922245152,1674.0106077754847,3.2522077754847705
cg_accuracy,full,evaluation,benchmark_diagnostic,conjugate_gradient,,diagnostic_not_executed_policy,"{""condition_number"":10.0,""initialization"":""warm"",""preconditioner"":""none"",""target_relative_energy_error"":0.25}",{},10,benchmark_summary,,mean_wall_time_seconds,10,0.0001349886496202089,1.5475033671976946e-06,4.893635327124613e-07,0.00013388163239947117,0.00013609566684094661,1.107017220737728e-06
cg_accuracy,full,evaluation,benchmark_diagnostic,conjugate_gradient,,diagnostic_not_executed_policy,"{""condition_number"":10.0,""initialization"":""warm"",""preconditioner"":""none"",""target_relative_energy_error"":0.25}",{},10,benchmark_summary,,peak_host_memory_bytes,10,802750464.0,468011298.14840406,147998167.2841101,467955349.7972434,1137545578.2027566,334795114.2027566
cg_accuracy,full,evaluation,benchmark_diagnostic,conjugate_gradient,,diagnostic_not_executed_policy,"{""condition_number"":10.0,""initialization"":""warm"",""preconditioner"":""none"",""target_relative_energy_error"":0.25}",{},10,benchmark_summary,,records_per_seed,10,1000.0,0.0,0.0,1000.0,1000.0,0.0
cg_accuracy,full,evaluation,benchmark_diagnostic,conjugate_gradient,,diagnostic_not_executed_policy,"{""condition_number"":10.0,""initialization"":""zero"",""preconditioner"":""jacobi"",""target_relative_energy_error"":0.25}",{},10,benchmark_summary,,mean_cg_iterations,10,4.8221,0.010115444736749052,0.003198784491368934,4.814863846750602,4.829336153249398,0.007236153249398047
cg_accuracy,full,evaluation,benchmark_diagnostic,conjugate_gradient,,diagnostic_not_executed_policy,"{""condition_number"":10.0,""initialization"":""zero"",""preconditioner"":""jacobi"",""target_relative_energy_error"":0.25}",{},10,benchmark_summary,,mean_exact_relative_energy_error,10,0.0484875343538895,0.0002977153207766138,9.414585079817487e-05,0.04827456164315868,0.04870050706462032,0.0002129727107308224
cg_accuracy,full,evaluation,benchmark_diagnostic,conjugate_gradient,,diagnostic_not_executed_policy,"{""condition_number"":10.0,""initialization"":""zero"",""preconditioner"":""jacobi"",""target_relative_energy_error"":0.25}",{},10,benchmark_summary,,mean_initial_relative_energy_error,10,1.0,0.0,0.0,1.0,1.0,0.0
cg_accuracy,full,evaluation,benchmark_diagnostic,conjugate_gradient,,diagnostic_not_executed_policy,"{""condition_number"":10.0,""initialization"":""zero"",""preconditioner"":""jacobi"",""target_relative_energy_error"":0.25}",{},10,benchmark_summary,,mean_predictive_width_relative_error,10,0.0012446352140418834,1.7517542093937375e-05,5.539533202471737e-06,0.0012321039193293535,0.0012571665087544133,1.2531294712529919e-05
cg_accuracy,full,evaluation,benchmark_diagnostic,conjugate_gradient,,diagnostic_not_executed_policy,"{""condition_number"":10.0,""initialization"":""zero"",""preconditioner"":""jacobi"",""target_relative_energy_error"":0.25}",{},10,benchmark_summary,,mean_sample_cvp_count,10,1234.4576,2.5895538526077573,0.8188888297904471,1232.605144768154,1236.3100552318458,1.8524552318459
cg_accuracy,full,evaluation,benchmark_diagnostic,conjugate_gradient,,diagnostic_not_executed_policy,"{""condition_number"":10.0,""initialization"":""zero"",""preconditioner"":""jacobi"",""target_relative_energy_error"":0.25}",{},10,benchmark_summary,,mean_wall_time_seconds,10,0.0001233345425745938,1.5114163626583186e-06,4.77951819884735e-07,0.0001222533404417691,0.0001244157447074185,1.0812021328246908e-06
cg_accuracy,full,evaluation,benchmark_diagnostic,conjugate_gradient,,diagnostic_not_executed_policy,"{""condition_number"":10.0,""initialization"":""zero"",""preconditioner"":""jacobi"",""target_relative_energy_error"":0.25}",{},10,benchmark_summary,,peak_host_memory_bytes,10,802752102.4,468014003.3623227,147999022.74786416,467955053.0037846,1137549151.7962153,334797049.3962154
cg_accuracy,full,evaluation,benchmark_diagnostic,conjugate_gradient,,diagnostic_not_executed_policy,"{""condition_number"":10.0,""initialization"":""zero"",""preconditioner"":""jacobi"",""target_relative_energy_error"":0.25}",{},10,benchmark_summary,,records_per_seed,10,1000.0,0.0,0.0,1000.0,1000.0,0.0
cg_accuracy,full,evaluation,benchmark_diagnostic,conjugate_gradient,,diagnostic_not_executed_policy,"{""condition_number"":10.0,""initialization"":""zero"",""preconditioner"":""none"",""target_relative_energy_error"":0.25}",{},10,benchmark_summary,,mean_cg_iterations,10,4.9033,0.010954958288880498,0.0034642619865003213,4.895463294933428,4.911136705066571,0.00783670506657124
cg_accuracy,full,evaluation,benchmark_diagnostic,conjugate_gradient,,diagnostic_not_executed_policy,"{""condition_number"":10.0,""initialization"":""zero"",""preconditioner"":""none"",""target_relative_energy_error"":0.25}",{},10,benchmark_summary,,mean_exact_relative_energy_error,10,0.04719308347712327,0.0002603638159493714,8.233426786928887e-05,0.04700683042331901,0.047379336530927525,0.00018625305380425792
cg_accuracy,full,evaluation,benchmark_diagnostic,conjugate_gradient,,diagnostic_not_executed_policy,"{""condition_number"":10.0,""initialization"":""zero"",""preconditioner"":""none"",""target_relative_energy_error"":0.25}",{},10,benchmark_summary,,mean_initial_relative_energy_error,10,1.0,0.0,0.0,1.0,1.0,0.0
cg_accuracy,full,evaluation,benchmark_diagnostic,conjugate_gradient,,diagnostic_not_executed_policy,"{""condition_number"":10.0,""initialization"":""zero"",""preconditioner"":""none"",""target_relative_energy_error"":0.25}",{},10,benchmark_summary,,mean_predictive_width_relative_error,10,0.0011574498380156678,1.5345302083137055e-05,4.8526105966039606e-06,0.0011464724701962896,0.001168427205835046,1.097736781937812e-05
cg_accuracy,full,evaluation,benchmark_diagnostic,conjugate_gradient,,diagnostic_not_executed_policy,"{""condition_number"":10.0,""initialization"":""zero"",""preconditioner"":""none"",""target_relative_energy_error"":0.25}",{},10,benchmark_summary,,mean_sample_cvp_count,10,1255.2448,2.8044693219534076,0.8868510685440822,1253.2386035029576,1257.2509964970423,2.0061964970422372
cg_accuracy,full,evaluation,benchmark_diagnostic,conjugate_gradient,,diagnostic_not_executed_policy,"{""condition_number"":10.0,""initialization"":""zero"",""preconditioner"":""none"",""target_relative_energy_error"":0.25}",{},10,benchmark_summary,,mean_wall_time_seconds,10,0.00012366711760987528,1.5927019325246018e-06,5.036565740529554e-07,0.00012252776728329098,0.00012480646793645958,1.1393503265842976e-06
cg_accuracy,full,evaluation,benchmark_diagnostic,conjugate_gradient,,diagnostic_not_executed_policy,"{""condition_number"":10.0,""initialization"":""zero"",""preconditioner"":""none"",""target_relative_energy_error"":0.25}",{},10,benchmark_summary,,peak_host_memory_bytes,10,802750464.0,468011298.14840406,147998167.2841101,467955349.7972434,1137545578.2027566,334795114.2027566
cg_accuracy,full,evaluation,benchmark_diagnostic,conjugate_gradient,,diagnostic_not_executed_policy,"{""condition_number"":10.0,""initialization"":""zero"",""preconditioner"":""none"",""target_relative_energy_error"":0.25}",{},10,benchmark_summary,,records_per_seed,10,1000.0,0.0,0.0,1000.0,1000.0,0.0
cg_accuracy,full,evaluation,benchmark_diagnostic,conjugate_gradient,,diagnostic_not_executed_policy,"{""condition_number"":10.0,""initialization"":""warm"",""preconditioner"":""jacobi"",""target_relative_energy_error"":0.1}",{},10,benchmark_summary,,mean_cg_iterations,10,6.874599999999999,0.011256603000510719,0.003559650419789939,6.866547511305813,6.882652488694185,0.008052488694185447
cg_accuracy,full,evaluation,benchmark_diagnostic,conjugate_gradient,,diagnostic_not_executed_policy,"{""condition_number"":10.0,""initialization"":""warm"",""preconditioner"":""jacobi"",""target_relative_energy_error"":0.1}",{},10,benchmark_summary,,mean_exact_relative_energy_error,10,0.01999169543734939,0.00018024989348518927,5.7000021141594385e-05,0.019862752431244284,0.020120638443454495,0.00012894300610510686
cg_accuracy,full,evaluation,benchmark_diagnostic,conjugate_gradient,,diagnostic_not_executed_policy,"{""condition_number"":10.0,""initialization"":""warm"",""preconditioner"":""jacobi"",""target_relative_energy_error"":0.1}",{},10,benchmark_summary,,mean_initial_relative_energy_error,10,1.7790253062627421,0.004127644017634973,0.001305275646609473,1.7760725676093385,1.7819780449161458,0.002952738653403678
cg_accuracy,full,evaluation,benchmark_diagnostic,conjugate_gradient,,diagnostic_not_executed_policy,"{""condition_number"":10.0,""initialization"":""warm"",""preconditioner"":""jacobi"",""target_relative_energy_error"":0.1}",{},10,benchmark_summary,,mean_predictive_width_relative_error,10,0.0007193377580590436,2.5225264503973615e-05,7.976929041275415e-06,0.0007012926908911894,0.0007373828252268979,1.8045067167854196e-05
cg_accuracy,full,evaluation,benchmark_diagnostic,conjugate_gradient,,diagnostic_not_executed_policy,"{""condition_number"":10.0,""initialization"":""warm"",""preconditioner"":""jacobi"",""target_relative_energy_error"":0.1}",{},10,benchmark_summary,,mean_sample_cvp_count,10,2015.8975999999998,2.881690368130744,0.9112705074662244,2013.8361628942882,2017.9590371057113,2.0614371057114744
cg_accuracy,full,evaluation,benchmark_diagnostic,conjugate_gradient,,diagnostic_not_executed_policy,"{""condition_number"":10.0,""initialization"":""warm"",""preconditioner"":""jacobi"",""target_relative_energy_error"":0.1}",{},10,benchmark_summary,,mean_wall_time_seconds,10,0.00015270638375077398,1.432392112910978e-06,4.5296215792597683e-07,0.0001516817121607452,0.00015373105534080276,1.0246715900287802e-06
cg_accuracy,full,evaluation,benchmark_diagnostic,conjugate_gradient,,diagnostic_not_executed_policy,"{""condition_number"":10.0,""initialization"":""warm"",""preconditioner"":""jacobi"",""target_relative_energy_error"":0.1}",{},10,benchmark_summary,,peak_host_memory_bytes,10,802761932.8,468009187.9330997,147997499.97543857,467968328.1543344,1137555537.4456654,334793604.6456655
cg_accuracy,full,evaluation,benchmark_diagnostic,conjugate_gradient,,diagnostic_not_executed_policy,"{""condition_number"":10.0,""initialization"":""warm"",""preconditioner"":""jacobi"",""target_relative_energy_error"":0.1}",{},10,benchmark_summary,,records_per_seed,10,1000.0,0.0,0.0,1000.0,1000.0,0.0
cg_accuracy,full,evaluation,benchmark_diagnostic,conjugate_gradient,,diagnostic_not_executed_policy,"{""condition_number"":10.0,""initialization"":""warm"",""preconditioner"":""none"",""target_relative_energy_error"":0.1}",{},10,benchmark_summary,,mean_cg_iterations,10,6.9482,0.009772978620211493,0.0030904871963997995,6.941208832252128,6.955191167747872,0.006991167747871949
cg_accuracy,full,evaluation,benchmark_diagnostic,conjugate_gradient,,diagnostic_not_executed_policy,"{""condition_number"":10.0,""initialization"":""warm"",""preconditioner"":""none"",""target_relative_energy_error"":0.1}",{},10,benchmark_summary,,mean_exact_relative_energy_error,10,0.020012870252705796,0.00011529044537879025,3.6458039985221117e-05,0.019930396436411646,0.020095344068999946,8.247381629415131e-05
cg_accuracy,full,evaluation,benchmark_diagnostic,conjugate_gradient,,diagnostic_not_executed_policy,"{""condition_number"":10.0,""initialization"":""warm"",""preconditioner"":""none"",""target_relative_energy_error"":0.1}",{},10,benchmark_summary,,mean_initial_relative_energy_error,10,1.7788516222571933,0.004079795770666096,0.001290144702362683,1.7759331121776973,1.7817701323366892,0.0029185100794959016
cg_accuracy,full,evaluation,benchmark_diagnostic,conjugate_gradient,,diagnostic_not_executed_policy,"{""condition_number"":10.0,""initialization"":""warm"",""preconditioner"":""none"",""target_relative_energy_error"":0.1}",{},10,benchmark_summary,,mean_predictive_width_relative_error,10,0.0007173455494842204,2.0174192671372692e-05,6.37963987966145e-06,0.0007029138014343711,0.0007317772975340696,1.4431748049849226e-05
cg_accuracy,full,evaluation,benchmark_diagnostic,conjugate_gradient,,diagnostic_not_executed_policy,"{""condition_number"":10.0,""initialization"":""warm"",""preconditioner"":""none"",""target_relative_energy_error"":0.1}",{},10,benchmark_summary,,mean_sample_cvp_count,10,2034.7392,2.5018825267741422,0.7911647222783487,2032.9494610565448,2036.5289389434552,1.789738943455219
cg_accuracy,full,evaluation,benchmark_diagnostic,conjugate_gradient,,diagnostic_not_executed_policy,"{""condition_number"":10.0,""initialization"":""warm"",""preconditioner"":""none"",""target_relative_energy_error"":0.1}",{},10,benchmark_summary,,mean_wall_time_seconds,10,0.00015337235684273763,1.543270242453071e-06,4.880249011311985e-07,0.00015226836781701982,0.00015447634586845545,1.1039890257178264e-06
cg_accuracy,full,evaluation,benchmark_diagnostic,conjugate_gradient,,diagnostic_not_executed_policy,"{""condition_number"":10.0,""initialization"":""warm"",""preconditioner"":""none"",""target_relative_energy_error"":0.1}",{},10,benchmark_summary,,peak_host_memory_bytes,10,802753740.8,468014304.1226639,147999117.85663497,467956476.2527974,1137551005.3472025,334797264.5472025
cg_accuracy,full,evaluation,benchmark_diagnostic,conjugate_gradient,,diagnostic_not_executed_policy,"{""condition_number"":10.0,""initialization"":""warm"",""preconditioner"":""none"",""target_relative_energy_error"":0.1}",{},10,benchmark_summary,,records_per_seed,10,1000.0,0.0,0.0,1000.0,1000.0,0.0
cg_accuracy,full,evaluation,benchmark_diagnostic,conjugate_gradient,,diagnostic_not_executed_policy,"{""condition_number"":10.0,""initialization"":""zero"",""preconditioner"":""jacobi"",""target_relative_energy_error"":0.1}",{},10,benchmark_summary,,mean_cg_iterations,10,6.0082,0.003190262963734861,0.0010088497300281315,6.00591782335703,6.010482176642971,0.002282176642970173
cg_accuracy,full,evaluation,benchmark_diagnostic,conjugate_gradient,,diagnostic_not_executed_policy,"{""condition_number"":10.0,""initialization"":""zero"",""preconditioner"":""jacobi"",""target_relative_energy_error"":0.1}",{},10,benchmark_summary,,mean_exact_relative_energy_error,10,0.021707206142959297,6.440907057849048e-05,2.0367936500256887e-05,0.021661130669513824,0.02175328161640477,4.6075473445475114e-05
cg_accuracy,full,evaluation,benchmark_diagnostic,conjugate_gradient,,diagnostic_not_executed_policy,"{""condition_number"":10.0,""initialization"":""zero"",""preconditioner"":""jacobi"",""target_relative_energy_error"":0.1}",{},10,benchmark_summary,,mean_initial_relative_energy_error,10,1.0,0.0,0.0,1.0,1.0,0.0
cg_accuracy,full,evaluation,benchmark_diagnostic,conjugate_gradient,,diagnostic_not_executed_policy,"{""condition_number"":10.0,""initialization"":""zero"",""preconditioner"":""jacobi"",""target_relative_energy_error"":0.1}",{},10,benchmark_summary,,mean_predictive_width_relative_error,10,0.0002398435952644639,1.4057222991461026e-06,4.445284222990252e-07,0.00023883800210989275,0.00024084918841903502,1.0055931545711252e-06
cg_accuracy,full,evaluation,benchmark_diagnostic,conjugate_gradient,,diagnostic_not_executed_policy,"{""condition_number"":10.0,""initialization"":""zero"",""preconditioner"":""jacobi"",""target_relative_energy_error"":0.1}",{},10,benchmark_summary,,mean_sample_cvp_count,10,1538.0992,0.8167073187161245,0.25826553088720167,1537.5149627793996,1538.6834372206006,0.5842372206003643
cg_accuracy,full,evaluation,benchmark_diagnostic,conjugate_gradient,,diagnostic_not_executed_policy,"{""condition_number"":10.0,""initialization"":""zero"",""preconditioner"":""jacobi"",""target_relative_energy_error"":0.1}",{},10,benchmark_summary,,mean_wall_time_seconds,10,0.00013886187457246707,1.5975671681908038e-06,5.051950966588239e-07,0.0001377190438659498,0.00014000470527898435,1.1428307065172899e-06
cg_accuracy,full,evaluation,benchmark_diagnostic,conjugate_gradient,,diagnostic_not_executed_policy,"{""condition_number"":10.0,""initialization"":""zero"",""preconditioner"":""jacobi"",""target_relative_energy_error"":0.1}",{},10,benchmark_summary,,peak_host_memory_bytes,10,802761932.8,468009187.9330997,147997499.97543857,467968328.1543344,1137555537.4456654,334793604.6456655
cg_accuracy,full,evaluation,benchmark_diagnostic,conjugate_gradient,,diagnostic_not_executed_policy,"{""condition_number"":10.0,""initialization"":""zero"",""preconditioner"":""jacobi"",""target_relative_energy_error"":0.1}",{},10,benchmark_summary,,records_per_seed,10,1000.0,0.0,0.0,1000.0,1000.0,0.0
cg_accuracy,full,evaluation,benchmark_diagnostic,conjugate_gradient,,diagnostic_not_executed_policy,"{""condition_number"":10.0,""initialization"":""zero"",""preconditioner"":""none"",""target_relative_energy_error"":0.1}",{},10,benchmark_summary,,mean_cg_iterations,10,6.0264,0.003747591819348145,0.0011850925889754411,6.0237191343112695,6.02908086568873,0.0026808656887298632
cg_accuracy,full,evaluation,benchmark_diagnostic,conjugate_gradient,,diagnostic_not_executed_policy,"{""condition_number"":10.0,""initialization"":""zero"",""preconditioner"":""none"",""target_relative_energy_error"":0.1}",{},10,benchmark_summary,,mean_exact_relative_energy_error,10,0.022338174090934575,5.4357903092042535e-05,1.7189478260156377e-05,0.0222992887895636,0.02237705939230555,3.888530137097677e-05
cg_accuracy,full,evaluation,benchmark_diagnostic,conjugate_gradient,,diagnostic_not_executed_policy,"{""condition_number"":10.0,""initialization"":""zero"",""preconditioner"":""none"",""target_relative_energy_error"":0.1}",{},10,benchmark_summary,,mean_initial_relative_energy_error,10,1.0,0.0,0.0,1.0,1.0,0.0
cg_accuracy,full,evaluation,benchmark_diagnostic,conjugate_gradient,,diagnostic_not_executed_policy,"{""condition_number"":10.0,""initialization"":""zero"",""preconditioner"":""none"",""target_relative_energy_error"":0.1}",{},10,benchmark_summary,,mean_predictive_width_relative_error,10,0.000253754551139072,1.25175599954608e-06,3.9584000333463084e-07,0.0002528590988402065,0.0002546500034379375,8.954522988655005e-07
cg_accuracy,full,evaluation,benchmark_diagnostic,conjugate_gradient,,diagnostic_not_executed_policy,"{""condition_number"":10.0,""initialization"":""zero"",""preconditioner"":""none"",""target_relative_energy_error"":0.1}",{},10,benchmark_summary,,mean_sample_cvp_count,10,1542.7584,0.9593835057531251,0.3033837027777129,1542.072098383685,1543.444701616315,0.686301616314845
cg_accuracy,full,evaluation,benchmark_diagnostic,conjugate_gradient,,diagnostic_not_executed_policy,"{""condition_number"":10.0,""initialization"":""zero"",""preconditioner"":""none"",""target_relative_energy_error"":0.1}",{},10,benchmark_summary,,mean_wall_time_seconds,10,0.00013866835693479514,1.6161480788781506e-06,5.110708965360419e-07,0.00013751223424549844,0.00013982447962409183,1.1561226892967075e-06
cg_accuracy,full,evaluation,benchmark_diagnostic,conjugate_gradient,,diagnostic_not_executed_policy,"{""condition_number"":10.0,""initialization"":""zero"",""preconditioner"":""none"",""target_relative_energy_error"":0.1}",{},10,benchmark_summary,,peak_host_memory_bytes,10,802753740.8,468014304.1226639,147999117.85663497,467956476.2527974,1137551005.3472025,334797264.5472025
cg_accuracy,full,evaluation,benchmark_diagnostic,conjugate_gradient,,diagnostic_not_executed_policy,"{""condition_number"":10.0,""initialization"":""zero"",""preconditioner"":""none"",""target_relative_energy_error"":0.1}",{},10,benchmark_summary,,records_per_seed,10,1000.0,0.0,0.0,1000.0,1000.0,0.0
cg_accuracy,full,evaluation,benchmark_diagnostic,conjugate_gradient,,diagnostic_not_executed_policy,"{""condition_number"":10.0,""initialization"":""warm"",""preconditioner"":""jacobi"",""target_relative_energy_error"":0.05}",{},10,benchmark_summary,,mean_cg_iterations,10,7.8931,0.01298246680890975,0.004105416476369277,7.883812902711711,7.902387097288288,0.009287097288288528
cg_accuracy,full,evaluation,benchmark_diagnostic,conjugate_gradient,,diagnostic_not_executed_policy,"{""condition_number"":10.0,""initialization"":""warm"",""preconditioner"":""jacobi"",""target_relative_energy_error"":0.05}",{},10,benchmark_summary,,mean_exact_relative_energy_error,10,0.010061787352570479,8.841834057567518e-05,2.79603343151617e-05,0.009998536682025204,0.010125038023115754,6.325067054527548e-05
cg_accuracy,full,evaluation,benchmark_diagnostic,conjugate_gradient,,diagnostic_not_executed_policy,"{""condition_number"":10.0,""initialization"":""warm"",""preconditioner"":""jacobi"",""target_relative_energy_error"":0.05}",{},10,benchmark_summary,,mean_initial_relative_energy_error,10,1.7804351868185684,0.004127553476404239,0.0013052470149583456,1.7774825129344594,1.7833878607026774,0.0029526738841089972
cg_accuracy,full,evaluation,benchmark_diagnostic,conjugate_gradient,,diagnostic_not_executed_policy,"{""condition_number"":10.0,""initialization"":""warm"",""preconditioner"":""jacobi"",""target_relative_energy_error"":0.05}",{},10,benchmark_summary,,mean_predictive_width_relative_error,10,0.00035708985384458986,5.930188558069933e-06,1.8752902797770683e-06,0.00035284765250586633,0.0003613320551833134,4.242201338723545e-06
cg_accuracy,full,evaluation,benchmark_diagnostic,conjugate_gradient,,diagnostic_not_executed_policy,"{""condition_number"":10.0,""initialization"":""warm"",""preconditioner"":""jacobi"",""target_relative_energy_error"":0.05}",{},10,benchmark_summary,,mean_sample_cvp_count,10,2276.6336,3.323511503080869,1.0509866179505263,2274.2561030941984,2279.011096905802,2.3774969058018436
cg_accuracy,full,evaluation,benchmark_diagnostic,conjugate_gradient,,diagnostic_not_executed_policy,"{""condition_number"":10.0,""initialization"":""warm"",""preconditioner"":""jacobi"",""target_relative_energy_error"":0.05}",{},10,benchmark_summary,,mean_wall_time_seconds,10,0.00016566651510074734,1.5019762660128775e-06,4.7496659921156413e-07,0.000164592066006251,0.00016674096419524369,1.074449094496344e-06
cg_accuracy,full,evaluation,benchmark_diagnostic,conjugate_gradient,,diagnostic_not_executed_policy,"{""condition_number"":10.0,""initialization"":""warm"",""preconditioner"":""jacobi"",""target_relative_energy_error"":0.05}",{},10,benchmark_summary,,peak_host_memory_bytes,10,802778316.8,468009795.59695596,147997692.13562232,467984277.45779836,1137572356.1422014,334794039.3422016
cg_accuracy,full,evaluation,benchmark_diagnostic,conjugate_gradient,,diagnostic_not_executed_policy,"{""condition_number"":10.0,""initialization"":""warm"",""preconditioner"":""jacobi"",""target_relative_energy_error"":0.05}",{},10,benchmark_summary,,records_per_seed,10,1000.0,0.0,0.0,1000.0,1000.0,0.0
cg_accuracy,full,evaluation,benchmark_diagnostic,conjugate_gradient,,diagnostic_not_executed_policy,"{""condition_number"":10.0,""initialization"":""warm"",""preconditioner"":""none"",""target_relative_energy_error"":0.05}",{},10,benchmark_summary,,mean_cg_iterations,10,7.9652,0.005613475849338924,0.0017751369274259198,7.961184361284676,7.969215638715324,0.004015638715324141
cg_accuracy,full,evaluation,benchmark_diagnostic,conjugate_gradient,,diagnostic_not_executed_policy,"{""condition_number"":10.0,""initialization"":""warm"",""preconditioner"":""none"",""target_relative_energy_error"":0.05}",{},10,benchmark_summary,,mean_exact_relative_energy_error,10,0.01016590473741825,3.1990706915177203e-05,1.0116349781085895e-05,0.010143019964299595,0.010188789510536905,2.288477311865551e-05
cg_accuracy,full,evaluation,benchmark_diagnostic,conjugate_gradient,,diagnostic_not_executed_policy,"{""condition_number"":10.0,""initialization"":""warm"",""preconditioner"":""none"",""target_relative_energy_error"":0.05}",{},10,benchmark_summary,,mean_initial_relative_energy_error,10,1.7803589362896652,0.0041207974856103,0.001303110583082348,1.7774110953502273,1.7833067772291031,0.002947840939437879
cg_accuracy,full,evaluation,benchmark_diagnostic,conjugate_gradient,,diagnostic_not_executed_policy,"{""condition_number"":10.0,""initialization"":""warm"",""preconditioner"":""none"",""target_relative_energy_error"":0.05}",{},10,benchmark_summary,,mean_predictive_width_relative_error,10,0.00035473094864626944,7.54099394199149e-06,2.384671667822477e-06,0.0003493364465519829,0.000360125450740556,5.394502094286558e-06
cg_accuracy,full,evaluation,benchmark_diagnostic,conjugate_gradient,,diagnostic_not_executed_policy,"{""condition_number"":10.0,""initialization"":""warm"",""preconditioner"":""none"",""target_relative_energy_error"":0.05}",{},10,benchmark_summary,,mean_sample_cvp_count,10,2295.0912,1.4370498174307151,0.4544350534210198,2294.063196488877,2296.1192035111226,1.0280035111229449
cg_accuracy,full,evaluation,benchmark_diagnostic,conjugate_gradient,,diagnostic_not_executed_policy,"{""condition_number"":10.0,""initialization"":""warm"",""preconditioner"":""none"",""target_relative_energy_error"":0.05}",{},10,benchmark_summary,,mean_wall_time_seconds,10,0.00016650255327695047,1.5891237362076422e-06,5.025250490252735e-07,0.00016536576263781244,0.0001676393439160885,1.1367906391380417e-06
cg_accuracy,full,evaluation,benchmark_diagnostic,conjugate_gradient,,diagnostic_not_executed_policy,"{""condition_number"":10.0,""initialization"":""warm"",""preconditioner"":""none"",""target_relative_energy_error"":0.05}",{},10,benchmark_summary,,peak_host_memory_bytes,10,802761932.8,468009187.9330997,147997499.97543857,467968328.1543344,1137555537.4456654,334793604.6456655
cg_accuracy,full,evaluation,benchmark_diagnostic,conjugate_gradient,,diagnostic_not_executed_policy,"{""condition_number"":10.0,""initialization"":""warm"",""preconditioner"":""none"",""target_relative_energy_error"":0.05}",{},10,benchmark_summary,,records_per_seed,10,1000.0,0.0,0.0,1000.0,1000.0,0.0
cg_accuracy,full,evaluation,benchmark_diagnostic,conjugate_gradient,,diagnostic_not_executed_policy,"{""condition_number"":10.0,""initialization"":""zero"",""preconditioner"":""jacobi"",""target_relative_energy_error"":0.05}",{},10,benchmark_summary,,mean_cg_iterations,10,7.0268,0.006014796569941297,0.0019020456823582756,7.022497273735683,7.031102726264316,0.004302726264316172
cg_accuracy,full,evaluation,benchmark_diagnostic,conjugate_gradient,,diagnostic_not_executed_policy,"{""condition_number"":10.0,""initialization"":""zero"",""preconditioner"":""jacobi"",""target_relative_energy_error"":0.05}",{},10,benchmark_summary,,mean_exact_relative_energy_error,10,0.010976859215448293,4.751890952222195e-05,1.5026798601768494e-05,0.010942866235357377,0.01101085219553921,3.399298009091665e-05
cg_accuracy,full,evaluation,benchmark_diagnostic,conjugate_gradient,,diagnostic_not_executed_policy,"{""condition_number"":10.0,""initialization"":""zero"",""preconditioner"":""jacobi"",""target_relative_energy_error"":0.05}",{},10,benchmark_summary,,mean_initial_relative_energy_error,10,1.0,0.0,0.0,1.0,1.0,0.0
cg_accuracy,full,evaluation,benchmark_diagnostic,conjugate_gradient,,diagnostic_not_executed_policy,"{""condition_number"":10.0,""initialization"":""zero"",""preconditioner"":""jacobi"",""target_relative_energy_error"":0.05}",{},10,benchmark_summary,,mean_predictive_width_relative_error,10,6.149786786502983e-05,4.796904561546772e-07,1.516914413293915e-07,6.115471798449136e-05,6.184101774556829e-05,3.431498805384666e-07
cg_accuracy,full,evaluation,benchmark_diagnostic,conjugate_gradient,,diagnostic_not_executed_policy,"{""condition_number"":10.0,""initialization"":""zero"",""preconditioner"":""jacobi"",""target_relative_energy_error"":0.05}",{},10,benchmark_summary,,mean_sample_cvp_count,10,1798.8608,1.539787921904972,0.48692369468371854,1797.759302076335,1799.962297923665,1.10149792366494
cg_accuracy,full,evaluation,benchmark_diagnostic,conjugate_gradient,,diagnostic_not_executed_policy,"{""condition_number"":10.0,""initialization"":""zero"",""preconditioner"":""jacobi"",""target_relative_energy_error"":0.05}",{},10,benchmark_summary,,mean_wall_time_seconds,10,0.00015204133848310448,1.6586034858081738e-06,5.244964750248589e-07,0.0001508548450252646,0.00015322783194094436,1.1864934578398942e-06
cg_accuracy,full,evaluation,benchmark_diagnostic,conjugate_gradient,,diagnostic_not_executed_policy,"{""condition_number"":10.0,""initialization"":""zero"",""preconditioner"":""jacobi"",""target_relative_energy_error"":0.05}",{},10,benchmark_summary,,peak_host_memory_bytes,10,802778316.8,468009795.59695596,147997692.13562232,467984277.45779836,1137572356.1422014,334794039.3422016
cg_accuracy,full,evaluation,benchmark_diagnostic,conjugate_gradient,,diagnostic_not_executed_policy,"{""condition_number"":10.0,""initialization"":""zero"",""preconditioner"":""jacobi"",""target_relative_energy_error"":0.05}",{},10,benchmark_summary,,records_per_seed,10,1000.0,0.0,0.0,1000.0,1000.0,0.0
cg_accuracy,full,evaluation,benchmark_diagnostic,conjugate_gradient,,diagnostic_not_executed_policy,"{""condition_number"":10.0,""initialization"":""zero"",""preconditioner"":""none"",""target_relative_energy_error"":0.05}",{},10,benchmark_summary,,mean_cg_iterations,10,7.059099999999999,0.00754909854809743,0.002387234569305805,7.053699700219765,7.064500299780233,0.005400299780234615
cg_accuracy,full,evaluation,benchmark_diagnostic,conjugate_gradient,,diagnostic_not_executed_policy,"{""condition_number"":10.0,""initialization"":""zero"",""preconditioner"":""none"",""target_relative_energy_error"":0.05}",{},10,benchmark_summary,,mean_exact_relative_energy_error,10,0.011293636121619845,6.214216577205379e-05,1.9651078257544578e-05,0.011249182294182833,0.011338089949056858,4.445382743701253e-05
cg_accuracy,full,evaluation,benchmark_diagnostic,conjugate_gradient,,diagnostic_not_executed_policy,"{""condition_number"":10.0,""initialization"":""zero"",""preconditioner"":""none"",""target_relative_energy_error"":0.05}",{},10,benchmark_summary,,mean_initial_relative_energy_error,10,1.0,0.0,0.0,1.0,1.0,0.0
cg_accuracy,full,evaluation,benchmark_diagnostic,conjugate_gradient,,diagnostic_not_executed_policy,"{""condition_number"":10.0,""initialization"":""zero"",""preconditioner"":""none"",""target_relative_energy_error"":0.05}",{},10,benchmark_summary,,mean_predictive_width_relative_error,10,6.522737595418257e-05,6.60617847380098e-07,2.0890570606786078e-07,6.475479841485174e-05,6.56999534935134e-05,4.725775393308277e-07
cg_accuracy,full,evaluation,benchmark_diagnostic,conjugate_gradient,,diagnostic_not_executed_policy,"{""condition_number"":10.0,""initialization"":""zero"",""preconditioner"":""none"",""target_relative_energy_error"":0.05}",{},10,benchmark_summary,,mean_sample_cvp_count,10,1807.1295999999998,1.932569228312942,0.6111320497422861,1805.7471232562598,1808.5120767437397,1.3824767437400614
cg_accuracy,full,evaluation,benchmark_diagnostic,conjugate_gradient,,diagnostic_not_executed_policy,"{""condition_number"":10.0,""initialization"":""zero"",""preconditioner"":""none"",""target_relative_energy_error"":0.05}",{},10,benchmark_summary,,mean_wall_time_seconds,10,0.00015236182173248382,1.932867006990263e-06,6.112262156281827e-07,0.0001509791319707105,0.00015374451149425714,1.3826897617733336e-06
cg_accuracy,full,evaluation,benchmark_diagnostic,conjugate_gradient,,diagnostic_not_executed_policy,"{""condition_number"":10.0,""initialization"":""zero"",""preconditioner"":""none"",""target_relative_energy_error"":0.05}",{},10,benchmark_summary,,peak_host_memory_bytes,10,802761932.8,468009187.9330997,147997499.97543857,467968328.1543344,1137555537.4456654,334793604.6456655
cg_accuracy,full,evaluation,benchmark_diagnostic,conjugate_gradient,,diagnostic_not_executed_policy,"{""condition_number"":10.0,""initialization"":""zero"",""preconditioner"":""none"",""target_relative_energy_error"":0.05}",{},10,benchmark_summary,,records_per_seed,10,1000.0,0.0,0.0,1000.0,1000.0,0.0
cg_accuracy,full,evaluation,benchmark_diagnostic,conjugate_gradient,,diagnostic_not_executed_policy,"{""condition_number"":10.0,""initialization"":""warm"",""preconditioner"":""jacobi"",""target_relative_energy_error"":0.01}",{},10,benchmark_summary,,mean_cg_iterations,10,10.1212,0.012452576707921229,0.00393785051349924,10.11229196325486,10.13010803674514,0.008908036745140896
cg_accuracy,full,evaluation,benchmark_diagnostic,conjugate_gradient,,diagnostic_not_executed_policy,"{""condition_number"":10.0,""initialization"":""warm"",""preconditioner"":""jacobi"",""target_relative_energy_error"":0.01}",{},10,benchmark_summary,,mean_exact_relative_energy_error,10,0.0022118914438541385,1.173645497355165e-05,3.711392937243445e-06,0.0022034956897371946,0.0022202871979710823,8.395754116943928e-06
cg_accuracy,full,evaluation,benchmark_diagnostic,conjugate_gradient,,diagnostic_not_executed_policy,"{""condition_number"":10.0,""initialization"":""warm"",""preconditioner"":""jacobi"",""target_relative_energy_error"":0.01}",{},10,benchmark_summary,,mean_initial_relative_energy_error,10,1.7809497112208579,0.004147785731348482,0.0013116450157408467,1.7779825640534512,1.7839168583882645,0.0029671471674067207
cg_accuracy,full,evaluation,benchmark_diagnostic,conjugate_gradient,,diagnostic_not_executed_policy,"{""condition_number"":10.0,""initialization"":""warm"",""preconditioner"":""jacobi"",""target_relative_energy_error"":0.01}",{},10,benchmark_summary,,mean_predictive_width_relative_error,10,7.787830092204727e-05,1.3117277957708267e-06,4.148047504787995e-07,7.693994738458893e-05,7.88166544595056e-05,9.383535374583384e-07
cg_accuracy,full,evaluation,benchmark_diagnostic,conjugate_gradient,,diagnostic_not_executed_policy,"{""condition_number"":10.0,""initialization"":""warm"",""preconditioner"":""jacobi"",""target_relative_energy_error"":0.01}",{},10,benchmark_summary,,mean_sample_cvp_count,10,2847.0272,3.1878596372278345,1.0080897314558055,2844.746742593244,2849.307657406756,2.2804574067560694
cg_accuracy,full,evaluation,benchmark_diagnostic,conjugate_gradient,,diagnostic_not_executed_policy,"{""condition_number"":10.0,""initialization"":""warm"",""preconditioner"":""jacobi"",""target_relative_energy_error"":0.01}",{},10,benchmark_summary,,mean_wall_time_seconds,10,0.00019411135907284916,1.5483375690860347e-06,4.896273305120182e-07,0.00019300374510002963,0.00019521897304566868,1.1076139728195258e-06
cg_accuracy,full,evaluation,benchmark_diagnostic,conjugate_gradient,,diagnostic_not_executed_policy,"{""condition_number"":10.0,""initialization"":""warm"",""preconditioner"":""jacobi"",""target_relative_energy_error"":0.01}",{},10,benchmark_summary,,peak_host_memory_bytes,10,802783232.0,468013101.6919409,147998737.61465365,467986827.6199191,1137579636.380081,334796404.3800809
cg_accuracy,full,evaluation,benchmark_diagnostic,conjugate_gradient,,diagnostic_not_executed_policy,"{""condition_number"":10.0,""initialization"":""warm"",""preconditioner"":""jacobi"",""target_relative_energy_error"":0.01}",{},10,benchmark_summary,,records_per_seed,10,1000.0,0.0,0.0,1000.0,1000.0,0.0
cg_accuracy,full,evaluation,benchmark_diagnostic,conjugate_gradient,,diagnostic_not_executed_policy,"{""condition_number"":10.0,""initialization"":""warm"",""preconditioner"":""none"",""target_relative_energy_error"":0.01}",{},10,benchmark_summary,,mean_cg_iterations,10,10.268899999999999,0.011920570456148577,0.003769615364994183,10.260372537601082,10.277427462398915,0.008527462398915761
cg_accuracy,full,evaluation,benchmark_diagnostic,conjugate_gradient,,diagnostic_not_executed_policy,"{""condition_number"":10.0,""initialization"":""warm"",""preconditioner"":""none"",""target_relative_energy_error"":0.01}",{},10,benchmark_summary,,mean_exact_relative_energy_error,10,0.0021877953506597428,1.7651306816402113e-05,5.581833321828623e-06,0.0021751683664292224,0.002200422334890263,1.2626984230520317e-05
cg_accuracy,full,evaluation,benchmark_diagnostic,conjugate_gradient,,diagnostic_not_executed_policy,"{""condition_number"":10.0,""initialization"":""warm"",""preconditioner"":""none"",""target_relative_energy_error"":0.01}",{},10,benchmark_summary,,mean_initial_relative_energy_error,10,1.7809386050332026,0.004147790380557585,0.001311646485949855,1.777971454539952,1.783905755526453,0.0029671504932505598
cg_accuracy,full,evaluation,benchmark_diagnostic,conjugate_gradient,,diagnostic_not_executed_policy,"{""condition_number"":10.0,""initialization"":""warm"",""preconditioner"":""none"",""target_relative_energy_error"":0.01}",{},10,benchmark_summary,,mean_predictive_width_relative_error,10,7.662163997747338e-05,1.7610040075216844e-06,5.568783632452811e-07,7.536189359925073e-05,7.788138635569603e-05,1.2597463782226533e-06
cg_accuracy,full,evaluation,benchmark_diagnostic,conjugate_gradient,,diagnostic_not_executed_policy,"{""condition_number"":10.0,""initialization"":""warm"",""preconditioner"":""none"",""target_relative_energy_error"":0.01}",{},10,benchmark_summary,,mean_sample_cvp_count,10,2884.8383999999996,3.051666036774036,0.9650215334385108,2882.655369625877,2887.0214303741222,2.183030374122435
cg_accuracy,full,evaluation,benchmark_diagnostic,conjugate_gradient,,diagnostic_not_executed_policy,"{""condition_number"":10.0,""initialization"":""warm"",""preconditioner"":""none"",""target_relative_energy_error"":0.01}",{},10,benchmark_summary,,mean_wall_time_seconds,10,0.00019584351016092117,1.6584463404356913e-06,5.244467812947789e-07,0.00019465712911810872,0.00019702989120373363,1.1863810428124476e-06
cg_accuracy,full,evaluation,benchmark_diagnostic,conjugate_gradient,,diagnostic_not_executed_policy,"{""condition_number"":10.0,""initialization"":""warm"",""preconditioner"":""none"",""target_relative_energy_error"":0.01}",{},10,benchmark_summary,,peak_host_memory_bytes,10,802781593.6,468013402.20431733,147998832.64501113,467984974.2463153,1137578212.9536848,334796619.3536847
cg_accuracy,full,evaluation,benchmark_diagnostic,conjugate_gradient,,diagnostic_not_executed_policy,"{""condition_number"":10.0,""initialization"":""warm"",""preconditioner"":""none"",""target_relative_energy_error"":0.01}",{},10,benchmark_summary,,records_per_seed,10,1000.0,0.0,0.0,1000.0,1000.0,0.0
cg_accuracy,full,evaluation,benchmark_diagnostic,conjugate_gradient,,diagnostic_not_executed_policy,"{""condition_number"":10.0,""initialization"":""zero"",""preconditioner"":""jacobi"",""target_relative_energy_error"":0.01}",{},10,benchmark_summary,,mean_cg_iterations,10,9.471,0.014306175822582977,0.004524010020619513,9.460765978327284,9.481234021672716,0.010234021672715286
cg_accuracy,full,evaluation,benchmark_diagnostic,conjugate_gradient,,diagnostic_not_executed_policy,"{""condition_number"":10.0,""initialization"":""zero"",""preconditioner"":""jacobi"",""target_relative_energy_error"":0.01}",{},10,benchmark_summary,,mean_exact_relative_energy_error,10,0.002134935479044163,1.6047883111124986e-05,5.074786225530397e-06,0.00212345551503441,0.002146415443053916,1.1479964009753254e-05
cg_accuracy,full,evaluation,benchmark_diagnostic,conjugate_gradient,,diagnostic_not_executed_policy,"{""condition_number"":10.0,""initialization"":""zero"",""preconditioner"":""jacobi"",""target_relative_energy_error"":0.01}",{},10,benchmark_summary,,mean_initial_relative_energy_error,10,1.0,0.0,0.0,1.0,1.0,0.0
cg_accuracy,full,evaluation,benchmark_diagnostic,conjugate_gradient,,diagnostic_not_executed_policy,"{""condition_number"":10.0,""initialization"":""zero"",""preconditioner"":""jacobi"",""target_relative_energy_error"":0.01}",{},10,benchmark_summary,,mean_predictive_width_relative_error,10,2.434171894265799e-06,3.828872903858214e-08,1.2107959247494861e-08,2.40678178752721e-06,2.4615620010043885e-06,2.7390106738589264e-08
cg_accuracy,full,evaluation,benchmark_diagnostic,conjugate_gradient,,diagnostic_not_executed_policy,"{""condition_number"":10.0,""initialization"":""zero"",""preconditioner"":""jacobi"",""target_relative_energy_error"":0.01}",{},10,benchmark_summary,,mean_sample_cvp_count,10,2424.576,3.662381010581242,1.1581465652785954,2421.956090451785,2427.1959095482152,2.619909548215113
cg_accuracy,full,evaluation,benchmark_diagnostic,conjugate_gradient,,diagnostic_not_executed_policy,"{""condition_number"":10.0,""initialization"":""zero"",""preconditioner"":""jacobi"",""target_relative_energy_error"":0.01}",{},10,benchmark_summary,,mean_wall_time_seconds,10,0.0001841881879721768,1.886124155096207e-06,5.964448279964695e-07,0.00018283893603231066,0.00018553743991204296,1.3492519398661566e-06
cg_accuracy,full,evaluation,benchmark_diagnostic,conjugate_gradient,,diagnostic_not_executed_policy,"{""condition_number"":10.0,""initialization"":""zero"",""preconditioner"":""jacobi"",""target_relative_energy_error"":0.01}",{},10,benchmark_summary,,peak_host_memory_bytes,10,802783232.0,468013101.6919409,147998737.61465365,467986827.6199191,1137579636.380081,334796404.3800809
cg_accuracy,full,evaluation,benchmark_diagnostic,conjugate_gradient,,diagnostic_not_executed_policy,"{""condition_number"":10.0,""initialization"":""zero"",""preconditioner"":""jacobi"",""target_relative_energy_error"":0.01}",{},10,benchmark_summary,,records_per_seed,10,1000.0,0.0,0.0,1000.0,1000.0,0.0
cg_accuracy,full,evaluation,benchmark_diagnostic,conjugate_gradient,,diagnostic_not_executed_policy,"{""condition_number"":10.0,""initialization"":""zero"",""preconditioner"":""none"",""target_relative_energy_error"":0.01}",{},10,benchmark_summary,,mean_cg_iterations,10,9.6916,0.01562903281289892,0.004942334131426881,9.68041966344365,9.702780336556348,0.011180336556349363
cg_accuracy,full,evaluation,benchmark_diagnostic,conjugate_gradient,,diagnostic_not_executed_policy,"{""condition_number"":10.0,""initialization"":""zero"",""preconditioner"":""none"",""target_relative_energy_error"":0.01}",{},10,benchmark_summary,,mean_exact_relative_energy_error,10,0.001970130512740658,1.8049201731199223e-05,5.707658741844374e-06,0.001957218891634987,0.0019830421338463294,1.291162110567104e-05
cg_accuracy,full,evaluation,benchmark_diagnostic,conjugate_gradient,,diagnostic_not_executed_policy,"{""condition_number"":10.0,""initialization"":""zero"",""preconditioner"":""none"",""target_relative_energy_error"":0.01}",{},10,benchmark_summary,,mean_initial_relative_energy_error,10,1.0,0.0,0.0,1.0,1.0,0.0
cg_accuracy,full,evaluation,benchmark_diagnostic,conjugate_gradient,,diagnostic_not_executed_policy,"{""condition_number"":10.0,""initialization"":""zero"",""preconditioner"":""none"",""target_relative_energy_error"":0.01}",{},10,benchmark_summary,,mean_predictive_width_relative_error,10,2.0767646714916395e-06,3.921342495274903e-08,1.2400373770676754e-08,2.048713077144928e-06,2.104816265838351e-06,2.8051594346711402e-08
cg_accuracy,full,evaluation,benchmark_diagnostic,conjugate_gradient,,diagnostic_not_executed_policy,"{""condition_number"":10.0,""initialization"":""zero"",""preconditioner"":""none"",""target_relative_energy_error"":0.01}",{},10,benchmark_summary,,mean_sample_cvp_count,10,2481.0496,4.001032400102123,1.2652375376452816,2478.1874338415746,2483.911766158425,2.862166158425437
cg_accuracy,full,evaluation,benchmark_diagnostic,conjugate_gradient,,diagnostic_not_executed_policy,"{""condition_number"":10.0,""initialization"":""zero"",""preconditioner"":""none"",""target_relative_energy_error"":0.01}",{},10,benchmark_summary,,mean_wall_time_seconds,10,0.0001865424691874068,1.939048951459343e-06,6.131811181172801e-07,0.00018515535712896518,0.00018792958124584842,1.3871120584416173e-06
cg_accuracy,full,evaluation,benchmark_diagnostic,conjugate_gradient,,diagnostic_not_executed_policy,"{""condition_number"":10.0,""initialization"":""zero"",""preconditioner"":""none"",""target_relative_energy_error"":0.01}",{},10,benchmark_summary,,peak_host_memory_bytes,10,802781593.6,468013402.20431733,147998832.64501113,467984974.2463153,1137578212.9536848,334796619.3536847
cg_accuracy,full,evaluation,benchmark_diagnostic,conjugate_gradient,,diagnostic_not_executed_policy,"{""condition_number"":10.0,""initialization"":""zero"",""preconditioner"":""none"",""target_relative_energy_error"":0.01}",{},10,benchmark_summary,,records_per_seed,10,1000.0,0.0,0.0,1000.0,1000.0,0.0
cg_accuracy,full,evaluation,benchmark_diagnostic,conjugate_gradient,,diagnostic_not_executed_policy,"{""condition_number"":100.0,""initialization"":""warm"",""preconditioner"":""jacobi"",""target_relative_energy_error"":0.5}",{},10,benchmark_summary,,mean_cg_iterations,10,18.5683,0.02919303569917543,0.009231648462400044,18.54741656030635,18.589183439693652,0.020883439693653295
cg_accuracy,full,evaluation,benchmark_diagnostic,conjugate_gradient,,diagnostic_not_executed_policy,"{""condition_number"":100.0,""initialization"":""warm"",""preconditioner"":""jacobi"",""target_relative_energy_error"":0.5}",{},10,benchmark_summary,,mean_exact_relative_energy_error,10,0.03477106793407387,0.00015244376220822383,4.8206950366308686e-05,0.034662016236006066,0.03488011963214167,0.00010905169806780274
cg_accuracy,full,evaluation,benchmark_diagnostic,conjugate_gradient,,diagnostic_not_executed_policy,"{""condition_number"":100.0,""initialization"":""warm"",""preconditioner"":""jacobi"",""target_relative_energy_error"":0.5}",{},10,benchmark_summary,,mean_initial_relative_energy_error,10,3.5014352760407568,0.01628557697507897,0.0051499516251244755,3.489785276083917,3.5130852759975966,0.011649999956839588
cg_accuracy,full,evaluation,benchmark_diagnostic,conjugate_gradient,,diagnostic_not_executed_policy,"{""condition_number"":100.0,""initialization"":""warm"",""preconditioner"":""jacobi"",""target_relative_energy_error"":0.5}",{},10,benchmark_summary,,mean_predictive_width_relative_error,10,0.0013749462116323693,2.7696573448215962e-05,8.758425547850603e-06,0.0013551332765444643,0.0013947591467202744,1.9812935087905032e-05
cg_accuracy,full,evaluation,benchmark_diagnostic,conjugate_gradient,,diagnostic_not_executed_policy,"{""condition_number"":100.0,""initialization"":""warm"",""preconditioner"":""jacobi"",""target_relative_energy_error"":0.5}",{},10,benchmark_summary,,mean_sample_cvp_count,10,5009.4848,7.47341713898891,2.3633020063744112,5004.138639438425,5014.830960561575,5.346160561575243
cg_accuracy,full,evaluation,benchmark_diagnostic,conjugate_gradient,,diagnostic_not_executed_policy,"{""condition_number"":100.0,""initialization"":""warm"",""preconditioner"":""jacobi"",""target_relative_energy_error"":0.5}",{},10,benchmark_summary,,mean_wall_time_seconds,10,0.0003007177834806498,2.911420460073034e-06,9.2067198802461e-07,0.0002986350787483523,0.0003028004882129473,2.0827047322975345e-06
cg_accuracy,full,evaluation,benchmark_diagnostic,conjugate_gradient,,diagnostic_not_executed_policy,"{""condition_number"":100.0,""initialization"":""warm"",""preconditioner"":""jacobi"",""target_relative_energy_error"":0.5}",{},10,benchmark_summary,,peak_host_memory_bytes,10,854228992.0,467939730.16144174,147975535.49947467,519485074.4509633,1188972909.5490367,334743917.5490367
cg_accuracy,full,evaluation,benchmark_diagnostic,conjugate_gradient,,diagnostic_not_executed_policy,"{""condition_number"":100.0,""initialization"":""warm"",""preconditioner"":""jacobi"",""target_relative_energy_error"":0.5}",{},10,benchmark_summary,,records_per_seed,10,1000.0,0.0,0.0,1000.0,1000.0,0.0
cg_accuracy,full,evaluation,benchmark_diagnostic,conjugate_gradient,,diagnostic_not_executed_policy,"{""condition_number"":100.0,""initialization"":""warm"",""preconditioner"":""none"",""target_relative_energy_error"":0.5}",{},10,benchmark_summary,,mean_cg_iterations,10,19.0246,0.027548744677994563,0.008711677986090474,19.004892815243775,19.044307184756224,0.019707184756226008
cg_accuracy,full,evaluation,benchmark_diagnostic,conjugate_gradient,,diagnostic_not_executed_policy,"{""condition_number"":100.0,""initialization"":""warm"",""preconditioner"":""none"",""target_relative_energy_error"":0.5}",{},10,benchmark_summary,,mean_exact_relative_energy_error,10,0.033566658560437515,0.00015490377752573584,4.898487551453271e-05,0.033455847073423535,0.033677470047451495,0.00011081148701397858
cg_accuracy,full,evaluation,benchmark_diagnostic,conjugate_gradient,,diagnostic_not_executed_policy,"{""condition_number"":100.0,""initialization"":""warm"",""preconditioner"":""none"",""target_relative_energy_error"":0.5}",{},10,benchmark_summary,,mean_initial_relative_energy_error,10,3.5007686113413774,0.01610580023337665,0.005093101227714165,3.4892472159182475,3.5122900067645073,0.01152139542312993
cg_accuracy,full,evaluation,benchmark_diagnostic,conjugate_gradient,,diagnostic_not_executed_policy,"{""condition_number"":100.0,""initialization"":""warm"",""preconditioner"":""none"",""target_relative_energy_error"":0.5}",{},10,benchmark_summary,,mean_predictive_width_relative_error,10,0.0013197211434560576,3.236680879374385e-05,1.0235283637939763e-05,0.001296567323261221,0.0013428749636508943,2.3153820194836704e-05
cg_accuracy,full,evaluation,benchmark_diagnostic,conjugate_gradient,,diagnostic_not_executed_policy,"{""condition_number"":100.0,""initialization"":""warm"",""preconditioner"":""none"",""target_relative_energy_error"":0.5}",{},10,benchmark_summary,,mean_sample_cvp_count,10,5126.2976,7.052478637566608,2.2301895644391614,5121.252560702406,5131.342639297593,5.045039297593858
cg_accuracy,full,evaluation,benchmark_diagnostic,conjugate_gradient,,diagnostic_not_executed_policy,"{""condition_number"":100.0,""initialization"":""warm"",""preconditioner"":""none"",""target_relative_energy_error"":0.5}",{},10,benchmark_summary,,mean_wall_time_seconds,10,0.00030610570773715153,2.8670425195096784e-06,9.06638451019832e-07,0.00030405474907110874,0.0003081566664031943,2.0509586660427825e-06
cg_accuracy,full,evaluation,benchmark_diagnostic,conjugate_gradient,,diagnostic_not_executed_policy,"{""condition_number"":100.0,""initialization"":""warm"",""preconditioner"":""none"",""target_relative_energy_error"":0.5}",{},10,benchmark_summary,,peak_host_memory_bytes,10,854224076.8,467941235.3663292,147976011.48705363,519479082.4922521,1188969071.1077478,334744994.30774784
cg_accuracy,full,evaluation,benchmark_diagnostic,conjugate_gradient,,diagnostic_not_executed_policy,"{""condition_number"":100.0,""initialization"":""warm"",""preconditioner"":""none"",""target_relative_energy_error"":0.5}",{},10,benchmark_summary,,records_per_seed,10,1000.0,0.0,0.0,1000.0,1000.0,0.0
cg_accuracy,full,evaluation,benchmark_diagnostic,conjugate_gradient,,diagnostic_not_executed_policy,"{""condition_number"":100.0,""initialization"":""zero"",""preconditioner"":""jacobi"",""target_relative_energy_error"":0.5}",{},10,benchmark_summary,,mean_cg_iterations,10,16.1737,0.035261089666152094,0.011150535612446685,16.148475735995266,16.198924264004734,0.025224264004732738
cg_accuracy,full,evaluation,benchmark_diagnostic,conjugate_gradient,,diagnostic_not_executed_policy,"{""condition_number"":100.0,""initialization"":""zero"",""preconditioner"":""jacobi"",""target_relative_energy_error"":0.5}",{},10,benchmark_summary,,mean_exact_relative_energy_error,10,0.03397715965033016,0.000175399068413674,5.546605556589065e-05,0.033851686715439616,0.0341026325852207,0.00012547293489054276
cg_accuracy,full,evaluation,benchmark_diagnostic,conjugate_gradient,,diagnostic_not_executed_policy,"{""condition_number"":100.0,""initialization"":""zero"",""preconditioner"":""jacobi"",""target_relative_energy_error"":0.5}",{},10,benchmark_summary,,mean_initial_relative_energy_error,10,1.0,0.0,0.0,1.0,1.0,0.0
cg_accuracy,full,evaluation,benchmark_diagnostic,conjugate_gradient,,diagnostic_not_executed_policy,"{""condition_number"":100.0,""initialization"":""zero"",""preconditioner"":""jacobi"",""target_relative_energy_error"":0.5}",{},10,benchmark_summary,,mean_predictive_width_relative_error,10,0.0005931596322815418,6.402461293369586e-06,2.024636031811539e-06,0.00058857958738012,0.0005977396771829636,4.580044901421807e-06
cg_accuracy,full,evaluation,benchmark_diagnostic,conjugate_gradient,,diagnostic_not_executed_policy,"{""condition_number"":100.0,""initialization"":""zero"",""preconditioner"":""jacobi"",""target_relative_energy_error"":0.5}",{},10,benchmark_summary,,mean_sample_cvp_count,10,4140.4672,9.026838954534936,2.8545371167863514,4134.009788414788,4146.924611585212,6.457411585211581
cg_accuracy,full,evaluation,benchmark_diagnostic,conjugate_gradient,,diagnostic_not_executed_policy,"{""condition_number"":100.0,""initialization"":""zero"",""preconditioner"":""jacobi"",""target_relative_energy_error"":0.5}",{},10,benchmark_summary,,mean_wall_time_seconds,10,0.0002682565772382077,3.7048271674220596e-06,1.1715692186323676e-06,0.00026560630353856455,0.0002709068509378508,2.6502736996431062e-06
cg_accuracy,full,evaluation,benchmark_diagnostic,conjugate_gradient,,diagnostic_not_executed_policy,"{""condition_number"":100.0,""initialization"":""zero"",""preconditioner"":""jacobi"",""target_relative_energy_error"":0.5}",{},10,benchmark_summary,,peak_host_memory_bytes,10,854225715.2,467943339.6926549,147976676.93346658,519479215.54788274,1188972214.8521173,334746499.6521173
cg_accuracy,full,evaluation,benchmark_diagnostic,conjugate_gradient,,diagnostic_not_executed_policy,"{""condition_number"":100.0,""initialization"":""zero"",""preconditioner"":""jacobi"",""target_relative_energy_error"":0.5}",{},10,benchmark_summary,,records_per_seed,10,1000.0,0.0,0.0,1000.0,1000.0,0.0
cg_accuracy,full,evaluation,benchmark_diagnostic,conjugate_gradient,,diagnostic_not_executed_policy,"{""condition_number"":100.0,""initialization"":""zero"",""preconditioner"":""none"",""target_relative_energy_error"":0.5}",{},10,benchmark_summary,,mean_cg_iterations,10,16.630000000000003,0.01748014746950228,0.005527707983925588,16.61749545579031,16.642504544209697,0.012504544209694095
cg_accuracy,full,evaluation,benchmark_diagnostic,conjugate_gradient,,diagnostic_not_executed_policy,"{""condition_number"":100.0,""initialization"":""zero"",""preconditioner"":""none"",""target_relative_energy_error"":0.5}",{},10,benchmark_summary,,mean_exact_relative_energy_error,10,0.03267267666408671,0.00015061924908688448,4.762998865787913e-05,0.03256493014408029,0.032780423184093126,0.00010774652000641854
cg_accuracy,full,evaluation,benchmark_diagnostic,conjugate_gradient,,diagnostic_not_executed_policy,"{""condition_number"":100.0,""initialization"":""zero"",""preconditioner"":""none"",""target_relative_energy_error"":0.5}",{},10,benchmark_summary,,mean_initial_relative_energy_error,10,1.0,0.0,0.0,1.0,1.0,0.0
cg_accuracy,full,evaluation,benchmark_diagnostic,conjugate_gradient,,diagnostic_not_executed_policy,"{""condition_number"":100.0,""initialization"":""zero"",""preconditioner"":""none"",""target_relative_energy_error"":0.5}",{},10,benchmark_summary,,mean_predictive_width_relative_error,10,0.0005477049018920535,5.218561992891719e-06,1.6502542008325258e-06,0.0005439717675312024,0.0005514380362529047,3.7331343608511254e-06
cg_accuracy,full,evaluation,benchmark_diagnostic,conjugate_gradient,,diagnostic_not_executed_policy,"{""condition_number"":100.0,""initialization"":""zero"",""preconditioner"":""none"",""target_relative_energy_error"":0.5}",{},10,benchmark_summary,,mean_sample_cvp_count,10,4257.280000000001,4.474917752192583,1.4150932438849506,4254.078836682319,4260.481163317682,3.2011633176816883
cg_accuracy,full,evaluation,benchmark_diagnostic,conjugate_gradient,,diagnostic_not_executed_policy,"{""condition_number"":100.0,""initialization"":""zero"",""preconditioner"":""none"",""target_relative_energy_error"":0.5}",{},10,benchmark_summary,,mean_wall_time_seconds,10,0.0002746915471041575,3.973606813907553e-06,1.2565648057912705e-06,0.0002718490000282167,0.00027753409418009836,2.842547075940858e-06
cg_accuracy,full,evaluation,benchmark_diagnostic,conjugate_gradient,,diagnostic_not_executed_policy,"{""condition_number"":100.0,""initialization"":""zero"",""preconditioner"":""none"",""target_relative_energy_error"":0.5}",{},10,benchmark_summary,,peak_host_memory_bytes,10,854222438.4,467940935.22828555,147975916.5750706,519477658.7980744,1188967218.0019255,334744779.60192555
cg_accuracy,full,evaluation,benchmark_diagnostic,conjugate_gradient,,diagnostic_not_executed_policy,"{""condition_number"":100.0,""initialization"":""zero"",""preconditioner"":""none"",""target_relative_energy_error"":0.5}",{},10,benchmark_summary,,records_per_seed,10,1000.0,0.0,0.0,1000.0,1000.0,0.0
cg_accuracy,full,evaluation,benchmark_diagnostic,conjugate_gradient,,diagnostic_not_executed_policy,"{""condition_number"":100.0,""initialization"":""warm"",""preconditioner"":""jacobi"",""target_relative_energy_error"":0.25}",{},10,benchmark_summary,,mean_cg_iterations,10,21.1228,0.019013445534966214,0.006012579405805188,21.109198600430265,21.13640139956974,0.01360139956973518
cg_accuracy,full,evaluation,benchmark_diagnostic,conjugate_gradient,,diagnostic_not_executed_policy,"{""condition_number"":100.0,""initialization"":""warm"",""preconditioner"":""jacobi"",""target_relative_energy_error"":0.25}",{},10,benchmark_summary,,mean_exact_relative_energy_error,10,0.017706852400104407,7.251716131593641e-05,2.293193992082123e-05,0.017654976747955662,0.01775872805225315,5.187565214874384e-05
cg_accuracy,full,evaluation,benchmark_diagnostic,conjugate_gradient,,diagnostic_not_executed_policy,"{""condition_number"":100.0,""initialization"":""warm"",""preconditioner"":""jacobi"",""target_relative_energy_error"":0.25}",{},10,benchmark_summary,,mean_initial_relative_energy_error,10,3.511657509754552,0.016368023404346812,0.00517602347526791,3.499948531175163,3.523366488333941,0.01170897857938896
cg_accuracy,full,evaluation,benchmark_diagnostic,conjugate_gradient,,diagnostic_not_executed_policy,"{""condition_number"":100.0,""initialization"":""warm"",""preconditioner"":""jacobi"",""target_relative_energy_error"":0.25}",{},10,benchmark_summary,,mean_predictive_width_relative_error,10,0.0006632234867374829,1.284728154507232e-05,4.06266714238757e-06,0.000654033095161266,0.0006724138783136998,9.190391576216956e-06
cg_accuracy,full,evaluation,benchmark_diagnostic,conjugate_gradient,,diagnostic_not_executed_policy,"{""condition_number"":100.0,""initialization"":""warm"",""preconditioner"":""jacobi"",""target_relative_energy_error"":0.25}",{},10,benchmark_summary,,mean_sample_cvp_count,10,5663.4368,4.867442056951351,1.539220327886128,5659.954841710148,5666.918758289853,3.481958289852206
cg_accuracy,full,evaluation,benchmark_diagnostic,conjugate_gradient,,diagnostic_not_executed_policy,"{""condition_number"":100.0,""initialization"":""warm"",""preconditioner"":""jacobi"",""target_relative_energy_error"":0.25}",{},10,benchmark_summary,,mean_wall_time_seconds,10,0.00033345341547974386,3.29300344287646e-06,1.041339122226579e-06,0.000331097742725497,0.0003358090882339907,2.355672754246851e-06
cg_accuracy,full,evaluation,benchmark_diagnostic,conjugate_gradient,,diagnostic_not_executed_policy,"{""condition_number"":100.0,""initialization"":""warm"",""preconditioner"":""jacobi"",""target_relative_energy_error"":0.25}",{},10,benchmark_summary,,peak_host_memory_bytes,10,854245376.0,467940336.7681891,147975727.32537124,519501024.5106374,1188989727.4893627,334744351.4893626
cg_accuracy,full,evaluation,benchmark_diagnostic,conjugate_gradient,,diagnostic_not_executed_policy,"{""condition_number"":100.0,""initialization"":""warm"",""preconditioner"":""jacobi"",""target_relative_energy_error"":0.25}",{},10,benchmark_summary,,records_per_seed,10,1000.0,0.0,0.0,1000.0,1000.0,0.0
cg_accuracy,full,evaluation,benchmark_diagnostic,conjugate_gradient,,diagnostic_not_executed_policy,"{""condition_number"":100.0,""initialization"":""warm"",""preconditioner"":""none"",""target_relative_energy_error"":0.25}",{},10,benchmark_summary,,mean_cg_iterations,10,21.5526,0.014515891674682632,0.004590327996027305,21.542215956644196,21.562984043355808,0.010384043355806297
cg_accuracy,full,evaluation,benchmark_diagnostic,conjugate_gradient,,diagnostic_not_executed_policy,"{""condition_number"":100.0,""initialization"":""warm"",""preconditioner"":""none"",""target_relative_energy_error"":0.25}",{},10,benchmark_summary,,mean_exact_relative_energy_error,10,0.01710138554582382,6.488349644329927e-05,2.0517963131625974e-05,0.017054970688559584,0.017147800403088057,4.6414857264237184e-05
cg_accuracy,full,evaluation,benchmark_diagnostic,conjugate_gradient,,diagnostic_not_executed_policy,"{""condition_number"":100.0,""initialization"":""warm"",""preconditioner"":""none"",""target_relative_energy_error"":0.25}",{},10,benchmark_summary,,mean_initial_relative_energy_error,10,3.5112801526998583,0.01632221814855228,0.005161538581556176,3.499603941226532,3.5229563641731847,0.01167621147332659
cg_accuracy,full,evaluation,benchmark_diagnostic,conjugate_gradient,,diagnostic_not_executed_policy,"{""condition_number"":100.0,""initialization"":""warm"",""preconditioner"":""none"",""target_relative_energy_error"":0.25}",{},10,benchmark_summary,,mean_predictive_width_relative_error,10,0.0006269118653907926,1.0775743194138986e-05,3.407589197453717e-06,0.000619203363079899,0.0006346203677016863,7.708502310893712e-06
cg_accuracy,full,evaluation,benchmark_diagnostic,conjugate_gradient,,diagnostic_not_executed_policy,"{""condition_number"":100.0,""initialization"":""warm"",""preconditioner"":""none"",""target_relative_energy_error"":0.25}",{},10,benchmark_summary,,mean_sample_cvp_count,10,5773.4656,3.716068268718754,1.17512396698299,5770.807284900914,5776.123915099087,2.658315099086412
cg_accuracy,full,evaluation,benchmark_diagnostic,conjugate_gradient,,diagnostic_not_executed_policy,"{""condition_number"":100.0,""initialization"":""warm"",""preconditioner"":""none"",""target_relative_energy_error"":0.25}",{},10,benchmark_summary,,mean_wall_time_seconds,10,0.0003384425537951756,3.253217272608969e-06,1.0287576304845247e-06,0.00033611534235259175,0.0003407697652377595,2.3272114425838765e-06
cg_accuracy,full,evaluation,benchmark_diagnostic,conjugate_gradient,,diagnostic_not_executed_policy,"{""condition_number"":100.0,""initialization"":""warm"",""preconditioner"":""none"",""target_relative_energy_error"":0.25}",{},10,benchmark_summary,,peak_host_memory_bytes,10,854243737.6,467942439.6134381,147976392.30342662,519497881.8257663,1188989593.3742337,334745855.7742337
cg_accuracy,full,evaluation,benchmark_diagnostic,conjugate_gradient,,diagnostic_not_executed_policy,"{""condition_number"":100.0,""initialization"":""warm"",""preconditioner"":""none"",""target_relative_energy_error"":0.25}",{},10,benchmark_summary,,records_per_seed,10,1000.0,0.0,0.0,1000.0,1000.0,0.0
cg_accuracy,full,evaluation,benchmark_diagnostic,conjugate_gradient,,diagnostic_not_executed_policy,"{""condition_number"":100.0,""initialization"":""zero"",""preconditioner"":""jacobi"",""target_relative_energy_error"":0.25}",{},10,benchmark_summary,,mean_cg_iterations,10,18.8928,0.02885134312298123,0.009123595782365615,18.872160992450446,18.913439007549556,0.02063900754955387
cg_accuracy,full,evaluation,benchmark_diagnostic,conjugate_gradient,,diagnostic_not_executed_policy,"{""condition_number"":100.0,""initialization"":""zero"",""preconditioner"":""jacobi"",""target_relative_energy_error"":0.25}",{},10,benchmark_summary,,mean_exact_relative_energy_error,10,0.0173005083614409,7.456114516831897e-05,2.3578304368234657e-05,0.01724717053132766,0.01735384619155414,5.3337830113238234e-05
cg_accuracy,full,evaluation,benchmark_diagnostic,conjugate_gradient,,diagnostic_not_executed_policy,"{""condition_number"":100.0,""initialization"":""zero"",""preconditioner"":""jacobi"",""target_relative_energy_error"":0.25}",{},10,benchmark_summary,,mean_initial_relative_energy_error,10,1.0,0.0,0.0,1.0,1.0,0.0
cg_accuracy,full,evaluation,benchmark_diagnostic,conjugate_gradient,,diagnostic_not_executed_policy,"{""condition_number"":100.0,""initialization"":""zero"",""preconditioner"":""jacobi"",""target_relative_energy_error"":0.25}",{},10,benchmark_summary,,mean_predictive_width_relative_error,10,0.00015400487559673502,1.344547055473631e-06,4.251831116569438e-07,0.00015304304457519944,0.0001549667066182706,9.618310215355843e-07
cg_accuracy,full,evaluation,benchmark_diagnostic,conjugate_gradient,,diagnostic_not_executed_policy,"{""condition_number"":100.0,""initialization"":""zero"",""preconditioner"":""jacobi"",""target_relative_energy_error"":0.25}",{},10,benchmark_summary,,mean_sample_cvp_count,10,4836.5568,7.385943839483195,2.3356405202855974,4831.273214067314,4841.840385932686,5.28358593268579
cg_accuracy,full,evaluation,benchmark_diagnostic,conjugate_gradient,,diagnostic_not_executed_policy,"{""condition_number"":100.0,""initialization"":""zero"",""preconditioner"":""jacobi"",""target_relative_energy_error"":0.25}",{},10,benchmark_summary,,mean_wall_time_seconds,10,0.0003027166313666385,3.584666730649594e-06,1.1335711521482032e-06,0.00030015231526526505,0.000305280947468012,2.5643161013734717e-06
cg_accuracy,full,evaluation,benchmark_diagnostic,conjugate_gradient,,diagnostic_not_executed_policy,"{""condition_number"":100.0,""initialization"":""zero"",""preconditioner"":""jacobi"",""target_relative_energy_error"":0.25}",{},10,benchmark_summary,,peak_host_memory_bytes,10,854243737.6,467942439.6134381,147976392.30342662,519497881.8257663,1188989593.3742337,334745855.7742337
cg_accuracy,full,evaluation,benchmark_diagnostic,conjugate_gradient,,diagnostic_not_executed_policy,"{""condition_number"":100.0,""initialization"":""zero"",""preconditioner"":""jacobi"",""target_relative_energy_error"":0.25}",{},10,benchmark_summary,,records_per_seed,10,1000.0,0.0,0.0,1000.0,1000.0,0.0
cg_accuracy,full,evaluation,benchmark_diagnostic,conjugate_gradient,,diagnostic_not_executed_policy,"{""condition_number"":100.0,""initialization"":""zero"",""preconditioner"":""none"",""target_relative_energy_error"":0.25}",{},10,benchmark_summary,,mean_cg_iterations,10,19.3253,0.019516659550240605,0.006171709649683771,19.311338622809256,19.33926137719074,0.013961377190742943
cg_accuracy,full,evaluation,benchmark_diagnostic,conjugate_gradient,,diagnostic_not_executed_policy,"{""condition_number"":100.0,""initialization"":""zero"",""preconditioner"":""none"",""target_relative_energy_error"":0.25}",{},10,benchmark_summary,,mean_exact_relative_energy_error,10,0.016686835724097734,8.485849158485786e-05,2.683461122143824e-05,0.016626131616112254,0.016747539832083214,6.07041079854816e-05
cg_accuracy,full,evaluation,benchmark_diagnostic,conjugate_gradient,,diagnostic_not_executed_policy,"{""condition_number"":100.0,""initialization"":""zero"",""preconditioner"":""none"",""target_relative_energy_error"":0.25}",{},10,benchmark_summary,,mean_initial_relative_energy_error,10,1.0,0.0,0.0,1.0,1.0,0.0
cg_accuracy,full,evaluation,benchmark_diagnostic,conjugate_gradient,,diagnostic_not_executed_policy,"{""condition_number"":100.0,""initialization"":""zero"",""preconditioner"":""none"",""target_relative_energy_error"":0.25}",{},10,benchmark_summary,,mean_predictive_width_relative_error,10,0.00014295369756967108,1.4305732829512108e-06,4.5238699339103513e-07,0.0001419303270922148,0.00014397706804712736,1.0233704774562744e-06
cg_accuracy,full,evaluation,benchmark_diagnostic,conjugate_gradient,,diagnostic_not_executed_policy,"{""condition_number"":100.0,""initialization"":""zero"",""preconditioner"":""none"",""target_relative_energy_error"":0.25}",{},10,benchmark_summary,,mean_sample_cvp_count,10,4947.2768,4.996264844861595,1.5799576703190454,4943.7026874391695,4950.85091256083,3.5741125608301934
cg_accuracy,full,evaluation,benchmark_diagnostic,conjugate_gradient,,diagnostic_not_executed_policy,"{""condition_number"":100.0,""initialization"":""zero"",""preconditioner"":""none"",""target_relative_energy_error"":0.25}",{},10,benchmark_summary,,mean_wall_time_seconds,10,0.00030837502769427374,3.5359174524765573e-06,1.1181552768166104e-06,0.00030584558472570244,0.00031090447066284505,2.529442968571305e-06
cg_accuracy,full,evaluation,benchmark_diagnostic,conjugate_gradient,,diagnostic_not_executed_policy,"{""condition_number"":100.0,""initialization"":""zero"",""preconditioner"":""none"",""target_relative_energy_error"":0.25}",{},10,benchmark_summary,,peak_host_memory_bytes,10,854243737.6,467942439.6134381,147976392.30342662,519497881.8257663,1188989593.3742337,334745855.7742337
cg_accuracy,full,evaluation,benchmark_diagnostic,conjugate_gradient,,diagnostic_not_executed_policy,"{""condition_number"":100.0,""initialization"":""zero"",""preconditioner"":""none"",""target_relative_energy_error"":0.25}",{},10,benchmark_summary,,records_per_seed,10,1000.0,0.0,0.0,1000.0,1000.0,0.0
cg_accuracy,full,evaluation,benchmark_diagnostic,conjugate_gradient,,diagnostic_not_executed_policy,"{""condition_number"":100.0,""initialization"":""warm"",""preconditioner"":""jacobi"",""target_relative_energy_error"":0.1}",{},10,benchmark_summary,,mean_cg_iterations,10,24.2742,0.019211107897950167,0.006075085733277212,24.260457201293853,24.287942798706148,0.01374279870614623
cg_accuracy,full,evaluation,benchmark_diagnostic,conjugate_gradient,,diagnostic_not_executed_policy,"{""condition_number"":100.0,""initialization"":""warm"",""preconditioner"":""jacobi"",""target_relative_energy_error"":0.1}",{},10,benchmark_summary,,mean_exact_relative_energy_error,10,0.007275595945495571,2.5597750210149305e-05,8.094719364012557e-06,0.007257284418105429,0.007293907472885713,1.8311527390142335e-05
cg_accuracy,full,evaluation,benchmark_diagnostic,conjugate_gradient,,diagnostic_not_executed_policy,"{""condition_number"":100.0,""initialization"":""warm"",""preconditioner"":""jacobi"",""target_relative_energy_error"":0.1}",{},10,benchmark_summary,,mean_initial_relative_energy_error,10,3.51499867817203,0.01636844035660647,0.005176155327149518,3.5032894013229625,3.5267079550210974,0.011709276849067368
cg_accuracy,full,evaluation,benchmark_diagnostic,conjugate_gradient,,diagnostic_not_executed_policy,"{""condition_number"":100.0,""initialization"":""warm"",""preconditioner"":""jacobi"",""target_relative_energy_error"":0.1}",{},10,benchmark_summary,,mean_predictive_width_relative_error,10,0.0002772768467212929,8.144065007208755e-06,2.5753794835255274e-06,0.00027145093357571214,0.0002831027598668737,5.825913145580813e-06
cg_accuracy,full,evaluation,benchmark_diagnostic,conjugate_gradient,,diagnostic_not_executed_policy,"{""condition_number"":100.0,""initialization"":""warm"",""preconditioner"":""jacobi"",""target_relative_energy_error"":0.1}",{},10,benchmark_summary,,mean_sample_cvp_count,10,6470.1952,4.918043621875243,1.5552219477189664,6466.677043531226,6473.713356468774,3.518156468773435
cg_accuracy,full,evaluation,benchmark_diagnostic,conjugate_gradient,,diagnostic_not_executed_policy,"{""condition_number"":100.0,""initialization"":""warm"",""preconditioner"":""jacobi"",""target_relative_energy_error"":0.1}",{},10,benchmark_summary,,mean_wall_time_seconds,10,0.0003733819804619998,3.330098130042771e-06,1.0530694922802747e-06,0.0003709997717671137,0.00037576418915688585,2.3822086948860924e-06
cg_accuracy,full,evaluation,benchmark_diagnostic,conjugate_gradient,,diagnostic_not_executed_policy,"{""condition_number"":100.0,""initialization"":""warm"",""preconditioner"":""jacobi"",""target_relative_energy_error"":0.1}",{},10,benchmark_summary,,peak_host_memory_bytes,10,854251929.6,467940932.67871916,147975915.7688269,519507151.8219244,1188996707.3780756,334744777.77807564
cg_accuracy,full,evaluation,benchmark_diagnostic,conjugate_gradient,,diagnostic_not_executed_policy,"{""condition_number"":100.0,""initialization"":""warm"",""preconditioner"":""jacobi"",""target_relative_energy_error"":0.1}",{},10,benchmark_summary,,records_per_seed,10,1000.0,0.0,0.0,1000.0,1000.0,0.0
cg_accuracy,full,evaluation,benchmark_diagnostic,conjugate_gradient,,diagnostic_not_executed_policy,"{""condition_number"":100.0,""initialization"":""warm"",""preconditioner"":""none"",""target_relative_energy_error"":0.1}",{},10,benchmark_summary,,mean_cg_iterations,10,24.6399,0.023694584472687373,0.007492885514495184,24.622949915363357,24.656850084636645,0.01695008463664219
cg_accuracy,full,evaluation,benchmark_diagnostic,conjugate_gradient,,diagnostic_not_executed_policy,"{""condition_number"":100.0,""initialization"":""warm"",""preconditioner"":""none"",""target_relative_energy_error"":0.1}",{},10,benchmark_summary,,mean_exact_relative_energy_error,10,0.007035556813266076,2.493603870466777e-05,7.885467812886494e-06,0.007017718645771141,0.007053394980761012,1.7838167494935877e-05
cg_accuracy,full,evaluation,benchmark_diagnostic,conjugate_gradient,,diagnostic_not_executed_policy,"{""condition_number"":100.0,""initialization"":""warm"",""preconditioner"":""none"",""target_relative_energy_error"":0.1}",{},10,benchmark_summary,,mean_initial_relative_energy_error,10,3.5148568123580253,0.016350463809170768,0.00517047064371323,3.5031603951563115,3.526553229559739,0.01169641720171373
cg_accuracy,full,evaluation,benchmark_diagnostic,conjugate_gradient,,diagnostic_not_executed_policy,"{""condition_number"":100.0,""initialization"":""warm"",""preconditioner"":""none"",""target_relative_energy_error"":0.1}",{},10,benchmark_summary,,mean_predictive_width_relative_error,10,0.00026174245421842354,7.4172641875776315e-06,2.3455448839943706e-06,0.000256436463058431,0.0002670484453784161,5.30599115999255e-06
cg_accuracy,full,evaluation,benchmark_diagnostic,conjugate_gradient,,diagnostic_not_executed_policy,"{""condition_number"":100.0,""initialization"":""warm"",""preconditioner"":""none"",""target_relative_energy_error"":0.1}",{},10,benchmark_summary,,mean_sample_cvp_count,10,6563.8144,6.0658136250079675,1.918178691710767,6559.475178333019,6568.153621666981,4.339221666980401
cg_accuracy,full,evaluation,benchmark_diagnostic,conjugate_gradient,,diagnostic_not_executed_policy,"{""condition_number"":100.0,""initialization"":""warm"",""preconditioner"":""none"",""target_relative_energy_error"":0.1}",{},10,benchmark_summary,,mean_wall_time_seconds,10,0.0003780167742923368,4.0294761554546425e-06,1.2742322428575384e-06,0.0003751342606970882,0.0003808992878875854,2.8825135952486023e-06
cg_accuracy,full,evaluation,benchmark_diagnostic,conjugate_gradient,,diagnostic_not_executed_policy,"{""condition_number"":100.0,""initialization"":""warm"",""preconditioner"":""none"",""target_relative_energy_error"":0.1}",{},10,benchmark_summary,,peak_host_memory_bytes,10,854248652.8,467943943.2990019,147976867.81055322,519501721.35391384,1188995584.2460861,334746931.4460861
cg_accuracy,full,evaluation,benchmark_diagnostic,conjugate_gradient,,diagnostic_not_executed_policy,"{""condition_number"":100.0,""initialization"":""warm"",""preconditioner"":""none"",""target_relative_energy_error"":0.1}",{},10,benchmark_summary,,records_per_seed,10,1000.0,0.0,0.0,1000.0,1000.0,0.0
cg_accuracy,full,evaluation,benchmark_diagnostic,conjugate_gradient,,diagnostic_not_executed_policy,"{""condition_number"":100.0,""initialization"":""zero"",""preconditioner"":""jacobi"",""target_relative_energy_error"":0.1}",{},10,benchmark_summary,,mean_cg_iterations,10,22.265,0.02886366420105211,0.009127492049358888,22.24435217848216,22.28564782151784,0.020647821517840875
cg_accuracy,full,evaluation,benchmark_diagnostic,conjugate_gradient,,diagnostic_not_executed_policy,"{""condition_number"":100.0,""initialization"":""zero"",""preconditioner"":""jacobi"",""target_relative_energy_error"":0.1}",{},10,benchmark_summary,,mean_exact_relative_energy_error,10,0.007088566558139453,3.571454519989759e-05,1.1293930842870996e-05,0.007063017911587105,0.0071141152046918016,2.554864655234819e-05
cg_accuracy,full,evaluation,benchmark_diagnostic,conjugate_gradient,,diagnostic_not_executed_policy,"{""condition_number"":100.0,""initialization"":""zero"",""preconditioner"":""jacobi"",""target_relative_energy_error"":0.1}",{},10,benchmark_summary,,mean_initial_relative_energy_error,10,1.0,0.0,0.0,1.0,1.0,0.0
cg_accuracy,full,evaluation,benchmark_diagnostic,conjugate_gradient,,diagnostic_not_executed_policy,"{""condition_number"":100.0,""initialization"":""zero"",""preconditioner"":""jacobi"",""target_relative_energy_error"":0.1}",{},10,benchmark_summary,,mean_predictive_width_relative_error,10,2.5864075121424545e-05,2.7259219428308746e-07,8.62012206317686e-08,2.566907441273044e-05,2.605907583011865e-05,1.9500070869410373e-07
cg_accuracy,full,evaluation,benchmark_diagnostic,conjugate_gradient,,diagnostic_not_executed_policy,"{""condition_number"":100.0,""initialization"":""zero"",""preconditioner"":""jacobi"",""target_relative_energy_error"":0.1}",{},10,benchmark_summary,,mean_sample_cvp_count,10,5699.84,7.38909803546934,2.3366379646358753,5694.554157691433,5705.125842308567,5.285842308567264
cg_accuracy,full,evaluation,benchmark_diagnostic,conjugate_gradient,,diagnostic_not_executed_policy,"{""condition_number"":100.0,""initialization"":""zero"",""preconditioner"":""jacobi"",""target_relative_energy_error"":0.1}",{},10,benchmark_summary,,mean_wall_time_seconds,10,0.00034578295450191944,3.98381373934808e-06,1.2597925190212288e-06,0.00034293310583137596,0.0003486328031724629,2.8498486705434665e-06
cg_accuracy,full,evaluation,benchmark_diagnostic,conjugate_gradient,,diagnostic_not_executed_policy,"{""condition_number"":100.0,""initialization"":""zero"",""preconditioner"":""jacobi"",""target_relative_energy_error"":0.1}",{},10,benchmark_summary,,peak_host_memory_bytes,10,854250291.2,467941233.83659035,147976011.00330773,519505297.9865615,1188995284.4134386,334744993.2134386
cg_accuracy,full,evaluation,benchmark_diagnostic,conjugate_gradient,,diagnostic_not_executed_policy,"{""condition_number"":100.0,""initialization"":""zero"",""preconditioner"":""jacobi"",""target_relative_energy_error"":0.1}",{},10,benchmark_summary,,records_per_seed,10,1000.0,0.0,0.0,1000.0,1000.0,0.0
cg_accuracy,full,evaluation,benchmark_diagnostic,conjugate_gradient,,diagnostic_not_executed_policy,"{""condition_number"":100.0,""initialization"":""zero"",""preconditioner"":""none"",""target_relative_energy_error"":0.1}",{},10,benchmark_summary,,mean_cg_iterations,10,22.6431,0.011337744239681575,0.003585309532584777,22.634989466360015,22.651210533639986,0.008110533639985337
cg_accuracy,full,evaluation,benchmark_diagnostic,conjugate_gradient,,diagnostic_not_executed_policy,"{""condition_number"":100.0,""initialization"":""zero"",""preconditioner"":""none"",""target_relative_energy_error"":0.1}",{},10,benchmark_summary,,mean_exact_relative_energy_error,10,0.006874771558845747,2.455827881402288e-05,7.766009646577094e-06,0.006857203624497382,0.006892339493194111,1.756793434836433e-05
cg_accuracy,full,evaluation,benchmark_diagnostic,conjugate_gradient,,diagnostic_not_executed_policy,"{""condition_number"":100.0,""initialization"":""zero"",""preconditioner"":""none"",""target_relative_energy_error"":0.1}",{},10,benchmark_summary,,mean_initial_relative_energy_error,10,1.0,0.0,0.0,1.0,1.0,0.0
cg_accuracy,full,evaluation,benchmark_diagnostic,conjugate_gradient,,diagnostic_not_executed_policy,"{""condition_number"":100.0,""initialization"":""zero"",""preconditioner"":""none"",""target_relative_energy_error"":0.1}",{},10,benchmark_summary,,mean_predictive_width_relative_error,10,2.42635200242983e-05,1.678730212563781e-07,5.3086110486401594e-08,2.414343089921639e-05,2.438360914938021e-05,1.2008912508191027e-07
cg_accuracy,full,evaluation,benchmark_diagnostic,conjugate_gradient,,diagnostic_not_executed_policy,"{""condition_number"":100.0,""initialization"":""zero"",""preconditioner"":""none"",""target_relative_energy_error"":0.1}",{},10,benchmark_summary,,mean_sample_cvp_count,10,5796.6336,2.9024625253584833,0.9178392403417029,5794.557303388164,5798.7098966118365,2.0762966118362463
cg_accuracy,full,evaluation,benchmark_diagnostic,conjugate_gradient,,diagnostic_not_executed_policy,"{""condition_number"":100.0,""initialization"":""zero"",""preconditioner"":""none"",""target_relative_energy_error"":0.1}",{},10,benchmark_summary,,mean_wall_time_seconds,10,0.0003505514098156709,3.931384408662093e-06,1.243212908904641e-06,0.0003477390668289091,0.00035336375280243273,2.8123429867618257e-06
cg_accuracy,full,evaluation,benchmark_diagnostic,conjugate_gradient,,diagnostic_not_executed_policy,"{""condition_number"":100.0,""initialization"":""zero"",""preconditioner"":""none"",""target_relative_energy_error"":0.1}",{},10,benchmark_summary,,peak_host_memory_bytes,10,854248652.8,467943943.2990019,147976867.81055322,519501721.35391384,1188995584.2460861,334746931.4460861
cg_accuracy,full,evaluation,benchmark_diagnostic,conjugate_gradient,,diagnostic_not_executed_policy,"{""condition_number"":100.0,""initialization"":""zero"",""preconditioner"":""none"",""target_relative_energy_error"":0.1}",{},10,benchmark_summary,,records_per_seed,10,1000.0,0.0,0.0,1000.0,1000.0,0.0
cg_accuracy,full,evaluation,benchmark_diagnostic,conjugate_gradient,,diagnostic_not_executed_policy,"{""condition_number"":100.0,""initialization"":""warm"",""preconditioner"":""jacobi"",""target_relative_energy_error"":0.05}",{},10,benchmark_summary,,mean_cg_iterations,10,26.5192,0.02164768399210963,0.006845598748263292,26.503714179757974,26.53468582024203,0.015485820242026231
cg_accuracy,full,evaluation,benchmark_diagnostic,conjugate_gradient,,diagnostic_not_executed_policy,"{""condition_number"":100.0,""initialization"":""warm"",""preconditioner"":""jacobi"",""target_relative_energy_error"":0.05}",{},10,benchmark_summary,,mean_exact_relative_energy_error,10,0.0036848829940232973,1.4879896853813755e-05,4.705436540642499e-06,0.0036742385570487906,0.003695527430997804,1.0644436974506835e-05
cg_accuracy,full,evaluation,benchmark_diagnostic,conjugate_gradient,,diagnostic_not_executed_policy,"{""condition_number"":100.0,""initialization"":""warm"",""preconditioner"":""jacobi"",""target_relative_energy_error"":0.05}",{},10,benchmark_summary,,mean_initial_relative_energy_error,10,3.5155291964401405,0.016395178572412485,0.00518461069340113,3.503800792223743,3.527257600656538,0.011728404216397533
cg_accuracy,full,evaluation,benchmark_diagnostic,conjugate_gradient,,diagnostic_not_executed_policy,"{""condition_number"":100.0,""initialization"":""warm"",""preconditioner"":""jacobi"",""target_relative_energy_error"":0.05}",{},10,benchmark_summary,,mean_predictive_width_relative_error,10,0.00013899846288957296,4.120866028469136e-06,1.303132258237474e-06,0.00013605057291752766,0.00014194635286161826,2.9478899720453017e-06
cg_accuracy,full,evaluation,benchmark_diagnostic,conjugate_gradient,,diagnostic_not_executed_policy,"{""condition_number"":100.0,""initialization"":""warm"",""preconditioner"":""jacobi"",""target_relative_energy_error"":0.05}",{},10,benchmark_summary,,mean_sample_cvp_count,10,7044.9152,5.541807101980066,1.7524732795554028,7040.950830018041,7048.879569981959,3.9643699819587153
cg_accuracy,full,evaluation,benchmark_diagnostic,conjugate_gradient,,diagnostic_not_executed_policy,"{""condition_number"":100.0,""initialization"":""warm"",""preconditioner"":""jacobi"",""target_relative_energy_error"":0.05}",{},10,benchmark_summary,,mean_wall_time_seconds,10,0.0004020249654713553,3.830984569564576e-06,1.2114636920783831e-06,0.0003992844442028502,0.00040476548673986035,2.7405212685050734e-06
cg_accuracy,full,evaluation,benchmark_diagnostic,conjugate_gradient,,diagnostic_not_executed_policy,"{""condition_number"":100.0,""initialization"":""warm"",""preconditioner"":""jacobi"",""target_relative_energy_error"":0.05}",{},10,benchmark_summary,,peak_host_memory_bytes,10,854269952.0,467943644.7115477,147976773.38890964,519523234.15051126,1189016669.8494887,334746717.84948874
cg_accuracy,full,evaluation,benchmark_diagnostic,conjugate_gradient,,diagnostic_not_executed_policy,"{""condition_number"":100.0,""initialization"":""warm"",""preconditioner"":""jacobi"",""target_relative_energy_error"":0.05}",{},10,benchmark_summary,,records_per_seed,10,1000.0,0.0,0.0,1000.0,1000.0,0.0
cg_accuracy,full,evaluation,benchmark_diagnostic,conjugate_gradient,,diagnostic_not_executed_policy,"{""condition_number"":100.0,""initialization"":""warm"",""preconditioner"":""none"",""target_relative_energy_error"":0.05}",{},10,benchmark_summary,,mean_cg_iterations,10,26.814,0.02268136778160571,0.007172478263783457,26.79777472692057,26.83022527307943,0.01622527307943218
cg_accuracy,full,evaluation,benchmark_diagnostic,conjugate_gradient,,diagnostic_not_executed_policy,"{""condition_number"":100.0,""initialization"":""warm"",""preconditioner"":""none"",""target_relative_energy_error"":0.05}",{},10,benchmark_summary,,mean_exact_relative_energy_error,10,0.0035970090741627297,2.1532625475153695e-05,6.809214050485106e-06,0.0035816055618253986,0.003612412586500061,1.540351233733106e-05
cg_accuracy,full,evaluation,benchmark_diagnostic,conjugate_gradient,,diagnostic_not_executed_policy,"{""condition_number"":100.0,""initialization"":""warm"",""preconditioner"":""none"",""target_relative_energy_error"":0.05}",{},10,benchmark_summary,,mean_initial_relative_energy_error,10,3.515472344208155,0.016369979865342093,0.005176642162557747,3.5037619660608814,3.527182722355428,0.011710378147273198
cg_accuracy,full,evaluation,benchmark_diagnostic,conjugate_gradient,,diagnostic_not_executed_policy,"{""condition_number"":100.0,""initialization"":""warm"",""preconditioner"":""none"",""target_relative_energy_error"":0.05}",{},10,benchmark_summary,,mean_predictive_width_relative_error,10,0.00013326747509406845,3.547748067012793e-06,1.1218964456220105e-06,0.00013072956901368678,0.00013580538117445012,2.537906080381678e-06
cg_accuracy,full,evaluation,benchmark_diagnostic,conjugate_gradient,,diagnostic_not_executed_policy,"{""condition_number"":100.0,""initialization"":""warm"",""preconditioner"":""none"",""target_relative_energy_error"":0.05}",{},10,benchmark_summary,,mean_sample_cvp_count,10,7120.384,5.806430152091062,1.836154435528565,7116.230330091666,7124.5376699083345,4.1536699083346384
cg_accuracy,full,evaluation,benchmark_diagnostic,conjugate_gradient,,diagnostic_not_executed_policy,"{""condition_number"":100.0,""initialization"":""warm"",""preconditioner"":""none"",""target_relative_energy_error"":0.05}",{},10,benchmark_summary,,mean_wall_time_seconds,10,0.00040565443084342406,3.861208004599229e-06,1.2210211814207466e-06,0.00040289228903194477,0.00040841657265490336,2.762141811479268e-06
cg_accuracy,full,evaluation,benchmark_diagnostic,conjugate_gradient,,diagnostic_not_executed_policy,"{""condition_number"":100.0,""initialization"":""warm"",""preconditioner"":""none"",""target_relative_energy_error"":0.05}",{},10,benchmark_summary,,peak_host_memory_bytes,10,854251929.6,467940932.67871916,147975915.7688269,519507151.8219244,1188996707.3780756,334744777.77807564
cg_accuracy,full,evaluation,benchmark_diagnostic,conjugate_gradient,,diagnostic_not_executed_policy,"{""condition_number"":100.0,""initialization"":""warm"",""preconditioner"":""none"",""target_relative_energy_error"":0.05}",{},10,benchmark_summary,,records_per_seed,10,1000.0,0.0,0.0,1000.0,1000.0,0.0
cg_accuracy,full,evaluation,benchmark_diagnostic,conjugate_gradient,,diagnostic_not_executed_policy,"{""condition_number"":100.0,""initialization"":""zero"",""preconditioner"":""jacobi"",""target_relative_energy_error"":0.05}",{},10,benchmark_summary,,mean_cg_iterations,10,24.6496,0.03173571419639945,0.010035714003276247,24.626897637683694,24.672302362316305,0.02270236231630561
cg_accuracy,full,evaluation,benchmark_diagnostic,conjugate_gradient,,diagnostic_not_executed_policy,"{""condition_number"":100.0,""initialization"":""zero"",""preconditioner"":""jacobi"",""target_relative_energy_error"":0.05}",{},10,benchmark_summary,,mean_exact_relative_energy_error,10,0.003608470551304365,1.8570280494960697e-05,5.87243831522748e-06,0.0035951861729064823,0.0036217549297022475,1.3284378397882467e-05
cg_accuracy,full,evaluation,benchmark_diagnostic,conjugate_gradient,,diagnostic_not_executed_policy,"{""condition_number"":100.0,""initialization"":""zero"",""preconditioner"":""jacobi"",""target_relative_energy_error"":0.05}",{},10,benchmark_summary,,mean_initial_relative_energy_error,10,1.0,0.0,0.0,1.0,1.0,0.0
cg_accuracy,full,evaluation,benchmark_diagnostic,conjugate_gradient,,diagnostic_not_executed_policy,"{""condition_number"":100.0,""initialization"":""zero"",""preconditioner"":""jacobi"",""target_relative_energy_error"":0.05}",{},10,benchmark_summary,,mean_predictive_width_relative_error,10,6.705956299083622e-06,7.596614146102537e-08,2.402260320713914e-08,6.651613395169533e-06,6.760299202997711e-06,5.434290391408894e-08
cg_accuracy,full,evaluation,benchmark_diagnostic,conjugate_gradient,,diagnostic_not_executed_policy,"{""condition_number"":100.0,""initialization"":""zero"",""preconditioner"":""jacobi"",""target_relative_energy_error"":0.05}",{},10,benchmark_summary,,mean_sample_cvp_count,10,6310.2976,8.12434283427826,2.569142784838719,6304.485795247026,6316.109404752974,5.811804752974236
cg_accuracy,full,evaluation,benchmark_diagnostic,conjugate_gradient,,diagnostic_not_executed_policy,"{""condition_number"":100.0,""initialization"":""zero"",""preconditioner"":""jacobi"",""target_relative_energy_error"":0.05}",{},10,benchmark_summary,,mean_wall_time_seconds,10,0.00037617540061473845,3.7088066581770796e-06,1.1728276441037121e-06,0.0003735222801589015,0.0003788285210705754,2.653120455836956e-06
cg_accuracy,full,evaluation,benchmark_diagnostic,conjugate_gradient,,diagnostic_not_executed_policy,"{""condition_number"":100.0,""initialization"":""zero"",""preconditioner"":""jacobi"",""target_relative_energy_error"":0.05}",{},10,benchmark_summary,,peak_host_memory_bytes,10,854269952.0,467943644.7115477,147976773.38890964,519523234.15051126,1189016669.8494887,334746717.84948874
cg_accuracy,full,evaluation,benchmark_diagnostic,conjugate_gradient,,diagnostic_not_executed_policy,"{""condition_number"":100.0,""initialization"":""zero"",""preconditioner"":""jacobi"",""target_relative_energy_error"":0.05}",{},10,benchmark_summary,,records_per_seed,10,1000.0,0.0,0.0,1000.0,1000.0,0.0
cg_accuracy,full,evaluation,benchmark_diagnostic,conjugate_gradient,,diagnostic_not_executed_policy,"{""condition_number"":100.0,""initialization"":""zero"",""preconditioner"":""none"",""target_relative_energy_error"":0.05}",{},10,benchmark_summary,,mean_cg_iterations,10,24.994999999999997,0.011224972160321792,0.0035496478698597593,24.986970138645784,25.00302986135421,0.008029861354214645
cg_accuracy,full,evaluation,benchmark_diagnostic,conjugate_gradient,,diagnostic_not_executed_policy,"{""condition_number"":100.0,""initialization"":""zero"",""preconditioner"":""none"",""target_relative_energy_error"":0.05}",{},10,benchmark_summary,,mean_exact_relative_energy_error,10,0.0035009965470365776,1.3373578617549106e-05,4.2290968898781054e-06,0.0034914296652149724,0.003510563428858183,9.566881821605367e-06
cg_accuracy,full,evaluation,benchmark_diagnostic,conjugate_gradient,,diagnostic_not_executed_policy,"{""condition_number"":100.0,""initialization"":""zero"",""preconditioner"":""none"",""target_relative_energy_error"":0.05}",{},10,benchmark_summary,,mean_initial_relative_energy_error,10,1.0,0.0,0.0,1.0,1.0,0.0
cg_accuracy,full,evaluation,benchmark_diagnostic,conjugate_gradient,,diagnostic_not_executed_policy,"{""condition_number"":100.0,""initialization"":""zero"",""preconditioner"":""none"",""target_relative_energy_error"":0.05}",{},10,benchmark_summary,,mean_predictive_width_relative_error,10,6.298021676212679e-06,5.147048592596486e-08,1.6276396780168964e-08,6.261201908651874e-06,6.334841443773484e-06,3.681976756080486e-08
cg_accuracy,full,evaluation,benchmark_diagnostic,conjugate_gradient,,diagnostic_not_executed_policy,"{""condition_number"":100.0,""initialization"":""zero"",""preconditioner"":""none"",""target_relative_energy_error"":0.05}",{},10,benchmark_summary,,mean_sample_cvp_count,10,6398.719999999999,2.8735928730423788,0.9087098546840984,6396.664355493321,6400.775644506678,2.055644506678949
cg_accuracy,full,evaluation,benchmark_diagnostic,conjugate_gradient,,diagnostic_not_executed_policy,"{""condition_number"":100.0,""initialization"":""zero"",""preconditioner"":""none"",""target_relative_energy_error"":0.05}",{},10,benchmark_summary,,mean_wall_time_seconds,10,0.00038084675489226356,3.7671453426606885e-06,1.1912759559703248e-06,0.000378151901455596,0.0003835416083289311,2.694853436667549e-06
cg_accuracy,full,evaluation,benchmark_diagnostic,conjugate_gradient,,diagnostic_not_executed_policy,"{""condition_number"":100.0,""initialization"":""zero"",""preconditioner"":""none"",""target_relative_energy_error"":0.05}",{},10,benchmark_summary,,peak_host_memory_bytes,10,854251929.6,467940932.67871916,147975915.7688269,519507151.8219244,1188996707.3780756,334744777.77807564
cg_accuracy,full,evaluation,benchmark_diagnostic,conjugate_gradient,,diagnostic_not_executed_policy,"{""condition_number"":100.0,""initialization"":""zero"",""preconditioner"":""none"",""target_relative_energy_error"":0.05}",{},10,benchmark_summary,,records_per_seed,10,1000.0,0.0,0.0,1000.0,1000.0,0.0
cg_accuracy,full,evaluation,benchmark_diagnostic,conjugate_gradient,,diagnostic_not_executed_policy,"{""condition_number"":100.0,""initialization"":""warm"",""preconditioner"":""jacobi"",""target_relative_energy_error"":0.01}",{},10,benchmark_summary,,mean_cg_iterations,10,31.4557,0.052934026024015396,0.01673920879585155,31.41783327892289,31.493566721077112,0.037866721077110296
cg_accuracy,full,evaluation,benchmark_diagnostic,conjugate_gradient,,diagnostic_not_executed_policy,"{""condition_number"":100.0,""initialization"":""warm"",""preconditioner"":""jacobi"",""target_relative_energy_error"":0.01}",{},10,benchmark_summary,,mean_exact_relative_energy_error,10,0.0007485196211909646,6.5655650873489085e-06,2.0762139802104907e-06,0.0007438228988641296,0.0007532163435177995,4.6967223268349316e-06
cg_accuracy,full,evaluation,benchmark_diagnostic,conjugate_gradient,,diagnostic_not_executed_policy,"{""condition_number"":100.0,""initialization"":""warm"",""preconditioner"":""jacobi"",""target_relative_energy_error"":0.01}",{},10,benchmark_summary,,mean_initial_relative_energy_error,10,3.5156979527293926,0.01641477390777946,0.005190807282528579,3.5039555308545154,3.5274403746042697,0.011742421874877111
cg_accuracy,full,evaluation,benchmark_diagnostic,conjugate_gradient,,diagnostic_not_executed_policy,"{""condition_number"":100.0,""initialization"":""warm"",""preconditioner"":""jacobi"",""target_relative_energy_error"":0.01}",{},10,benchmark_summary,,mean_predictive_width_relative_error,10,2.8481016590549525e-05,7.919748697420769e-07,2.504444438000132e-07,2.7914471898124314e-05,2.9047561282974737e-05,5.665446924252122e-07
cg_accuracy,full,evaluation,benchmark_diagnostic,conjugate_gradient,,diagnostic_not_executed_policy,"{""condition_number"":100.0,""initialization"":""warm"",""preconditioner"":""jacobi"",""target_relative_energy_error"":0.01}",{},10,benchmark_summary,,mean_sample_cvp_count,10,8308.6592,13.55111066214762,4.285237451737895,8298.96531940426,8318.35308059574,9.693880595740005
cg_accuracy,full,evaluation,benchmark_diagnostic,conjugate_gradient,,diagnostic_not_executed_policy,"{""condition_number"":100.0,""initialization"":""warm"",""preconditioner"":""jacobi"",""target_relative_energy_error"":0.01}",{},10,benchmark_summary,,mean_wall_time_seconds,10,0.0004648081142106093,4.4420787770542954e-06,1.4047086481386871e-06,0.0004616304424805778,0.00046798578594064083,3.1776717300315145e-06
cg_accuracy,full,evaluation,benchmark_diagnostic,conjugate_gradient,,diagnostic_not_executed_policy,"{""condition_number"":100.0,""initialization"":""warm"",""preconditioner"":""jacobi"",""target_relative_energy_error"":0.01}",{},10,benchmark_summary,,peak_host_memory_bytes,10,854271590.4,467943944.85422736,147976868.30235872,519524657.84137255,1189018522.9586275,334746932.5586274
cg_accuracy,full,evaluation,benchmark_diagnostic,conjugate_gradient,,diagnostic_not_executed_policy,"{""condition_number"":100.0,""initialization"":""warm"",""preconditioner"":""jacobi"",""target_relative_energy_error"":0.01}",{},10,benchmark_summary,,records_per_seed,10,1000.0,0.0,0.0,1000.0,1000.0,0.0
cg_accuracy,full,evaluation,benchmark_diagnostic,conjugate_gradient,,diagnostic_not_executed_policy,"{""condition_number"":100.0,""initialization"":""warm"",""preconditioner"":""none"",""target_relative_energy_error"":0.01}",{},10,benchmark_summary,,mean_cg_iterations,10,31.923899999999996,0.03794864951483868,0.012000416659433395,31.896753171497295,31.951046828502697,0.02714682850270016
cg_accuracy,full,evaluation,benchmark_diagnostic,conjugate_gradient,,diagnostic_not_executed_policy,"{""condition_number"":100.0,""initialization"":""warm"",""preconditioner"":""none"",""target_relative_energy_error"":0.01}",{},10,benchmark_summary,,mean_exact_relative_energy_error,10,0.000709728244954231,5.468148542877444e-06,1.7291803979623616e-06,0.0007058165671312102,0.0007136399227772518,3.911677823020806e-06
cg_accuracy,full,evaluation,benchmark_diagnostic,conjugate_gradient,,diagnostic_not_executed_policy,"{""condition_number"":100.0,""initialization"":""warm"",""preconditioner"":""none"",""target_relative_energy_error"":0.01}",{},10,benchmark_summary,,mean_initial_relative_energy_error,10,3.515695599517032,0.01640762306438555,0.0051885459872969865,3.50395829304736,3.527432905986704,0.011737306469671761
cg_accuracy,full,evaluation,benchmark_diagnostic,conjugate_gradient,,diagnostic_not_executed_policy,"{""condition_number"":100.0,""initialization"":""warm"",""preconditioner"":""none"",""target_relative_energy_error"":0.01}",{},10,benchmark_summary,,mean_predictive_width_relative_error,10,2.6286154861072593e-05,6.921203965492617e-07,2.1886768681546098e-07,2.5791041755637923e-05,2.6781267966507263e-05,4.951131054346693e-07
cg_accuracy,full,evaluation,benchmark_diagnostic,conjugate_gradient,,diagnostic_not_executed_policy,"{""condition_number"":100.0,""initialization"":""warm"",""preconditioner"":""none"",""target_relative_energy_error"":0.01}",{},10,benchmark_summary,,mean_sample_cvp_count,10,8428.518399999999,9.7148542757986,3.072106664814917,8421.568811903308,8435.46798809669,6.949588096691169
cg_accuracy,full,evaluation,benchmark_diagnostic,conjugate_gradient,,diagnostic_not_executed_policy,"{""condition_number"":100.0,""initialization"":""warm"",""preconditioner"":""none"",""target_relative_energy_error"":0.01}",{},10,benchmark_summary,,mean_wall_time_seconds,10,0.00047084624565904966,4.325444568920548e-06,1.3678256730594093e-06,0.000467752009015279,0.0004739404823028203,3.0942366437706183e-06
cg_accuracy,full,evaluation,benchmark_diagnostic,conjugate_gradient,,diagnostic_not_executed_policy,"{""condition_number"":100.0,""initialization"":""warm"",""preconditioner"":""none"",""target_relative_energy_error"":0.01}",{},10,benchmark_summary,,peak_host_memory_bytes,10,854269952.0,467943644.7115477,147976773.38890964,519523234.15051126,1189016669.8494887,334746717.84948874
cg_accuracy,full,evaluation,benchmark_diagnostic,conjugate_gradient,,diagnostic_not_executed_policy,"{""condition_number"":100.0,""initialization"":""warm"",""preconditioner"":""none"",""target_relative_energy_error"":0.01}",{},10,benchmark_summary,,records_per_seed,10,1000.0,0.0,0.0,1000.0,1000.0,0.0
cg_accuracy,full,evaluation,benchmark_diagnostic,conjugate_gradient,,diagnostic_not_executed_policy,"{""condition_number"":100.0,""initialization"":""zero"",""preconditioner"":""jacobi"",""target_relative_energy_error"":0.01}",{},10,benchmark_summary,,mean_cg_iterations,10,29.6702,0.02731625482707623,0.00863815823991298,29.6506591284642,29.689740871535804,0.019540871535803483
cg_accuracy,full,evaluation,benchmark_diagnostic,conjugate_gradient,,diagnostic_not_executed_policy,"{""condition_number"":100.0,""initialization"":""zero"",""preconditioner"":""jacobi"",""target_relative_energy_error"":0.01}",{},10,benchmark_summary,,mean_exact_relative_energy_error,10,0.0007517024744090659,3.680829659268642e-06,1.1639805402390413e-06,0.0007490693674926064,0.0007543355813255253,2.6331069164594713e-06
cg_accuracy,full,evaluation,benchmark_diagnostic,conjugate_gradient,,diagnostic_not_executed_policy,"{""condition_number"":100.0,""initialization"":""zero"",""preconditioner"":""jacobi"",""target_relative_energy_error"":0.01}",{},10,benchmark_summary,,mean_initial_relative_energy_error,10,1.0,0.0,0.0,1.0,1.0,0.0
cg_accuracy,full,evaluation,benchmark_diagnostic,conjugate_gradient,,diagnostic_not_executed_policy,"{""condition_number"":100.0,""initialization"":""zero"",""preconditioner"":""jacobi"",""target_relative_energy_error"":0.01}",{},10,benchmark_summary,,mean_predictive_width_relative_error,10,3.05573513587286e-07,5.385196685867106e-09,1.7029487175330342e-09,3.017211759480406e-07,3.0942585122653136e-07,3.85233763924537e-09
cg_accuracy,full,evaluation,benchmark_diagnostic,conjugate_gradient,,diagnostic_not_executed_policy,"{""condition_number"":100.0,""initialization"":""zero"",""preconditioner"":""jacobi"",""target_relative_energy_error"":0.01}",{},10,benchmark_summary,,mean_sample_cvp_count,10,7595.5712,6.9929612357315145,2.211368509417723,7590.568736886835,7600.573663113166,5.002463113165692
cg_accuracy,full,evaluation,benchmark_diagnostic,conjugate_gradient,,diagnostic_not_executed_policy,"{""condition_number"":100.0,""initialization"":""zero"",""preconditioner"":""jacobi"",""target_relative_energy_error"":0.01}",{},10,benchmark_summary,,mean_wall_time_seconds,10,0.00043999965696129943,4.439343787160972e-06,1.403843768394643e-06,0.00043682394172517584,0.000443175372197423,3.1757152361235657e-06
cg_accuracy,full,evaluation,benchmark_diagnostic,conjugate_gradient,,diagnostic_not_executed_policy,"{""condition_number"":100.0,""initialization"":""zero"",""preconditioner"":""jacobi"",""target_relative_energy_error"":0.01}",{},10,benchmark_summary,,peak_host_memory_bytes,10,854269952.0,467943644.7115477,147976773.38890964,519523234.15051126,1189016669.8494887,334746717.84948874
cg_accuracy,full,evaluation,benchmark_diagnostic,conjugate_gradient,,diagnostic_not_executed_policy,"{""condition_number"":100.0,""initialization"":""zero"",""preconditioner"":""jacobi"",""target_relative_energy_error"":0.01}",{},10,benchmark_summary,,records_per_seed,10,1000.0,0.0,0.0,1000.0,1000.0,0.0
cg_accuracy,full,evaluation,benchmark_diagnostic,conjugate_gradient,,diagnostic_not_executed_policy,"{""condition_number"":100.0,""initialization"":""zero"",""preconditioner"":""none"",""target_relative_energy_error"":0.01}",{},10,benchmark_summary,,mean_cg_iterations,10,29.9103,0.014522396496446679,0.004592385001282087,29.89991130337502,29.92068869662498,0.010388696624977318
cg_accuracy,full,evaluation,benchmark_diagnostic,conjugate_gradient,,diagnostic_not_executed_policy,"{""condition_number"":100.0,""initialization"":""zero"",""preconditioner"":""none"",""target_relative_energy_error"":0.01}",{},10,benchmark_summary,,mean_exact_relative_energy_error,10,0.0007335951301034817,4.109736765410353e-06,1.2996128762429813e-06,0.0007306552015266238,0.0007365350586803395,2.939928576857837e-06
cg_accuracy,full,evaluation,benchmark_diagnostic,conjugate_gradient,,diagnostic_not_executed_policy,"{""condition_number"":100.0,""initialization"":""zero"",""preconditioner"":""none"",""target_relative_energy_error"":0.01}",{},10,benchmark_summary,,mean_initial_relative_energy_error,10,1.0,0.0,0.0,1.0,1.0,0.0
cg_accuracy,full,evaluation,benchmark_diagnostic,conjugate_gradient,,diagnostic_not_executed_policy,"{""condition_number"":100.0,""initialization"":""zero"",""preconditioner"":""none"",""target_relative_energy_error"":0.01}",{},10,benchmark_summary,,mean_predictive_width_relative_error,10,2.863899322329965e-07,3.1830248030461215e-09,1.0065608226434604e-09,2.8411293345826157e-07,2.8866693100773144e-07,2.2769987747349576e-09
cg_accuracy,full,evaluation,benchmark_diagnostic,conjugate_gradient,,diagnostic_not_executed_policy,"{""condition_number"":100.0,""initialization"":""zero"",""preconditioner"":""none"",""target_relative_energy_error"":0.01}",{},10,benchmark_summary,,mean_sample_cvp_count,10,7657.0368,3.71773350309035,1.1756505603282144,7654.377293664005,7659.696306335994,2.6595063359941933
cg_accuracy,full,evaluation,benchmark_diagnostic,conjugate_gradient,,diagnostic_not_executed_policy,"{""condition_number"":100.0,""initialization"":""zero"",""preconditioner"":""none"",""target_relative_energy_error"":0.01}",{},10,benchmark_summary,,mean_wall_time_seconds,10,0.000443440001970157,4.5018894982153665e-06,1.4236224588753088e-06,0.0004402195442276919,0.00044666045971262217,3.2204577424651724e-06
cg_accuracy,full,evaluation,benchmark_diagnostic,conjugate_gradient,,diagnostic_not_executed_policy,"{""condition_number"":100.0,""initialization"":""zero"",""preconditioner"":""none"",""target_relative_energy_error"":0.01}",{},10,benchmark_summary,,peak_host_memory_bytes,10,854269952.0,467943644.7115477,147976773.38890964,519523234.15051126,1189016669.8494887,334746717.84948874
cg_accuracy,full,evaluation,benchmark_diagnostic,conjugate_gradient,,diagnostic_not_executed_policy,"{""condition_number"":100.0,""initialization"":""zero"",""preconditioner"":""none"",""target_relative_energy_error"":0.01}",{},10,benchmark_summary,,records_per_seed,10,1000.0,0.0,0.0,1000.0,1000.0,0.0
cg_accuracy,full,evaluation,benchmark_diagnostic,conjugate_gradient,,diagnostic_not_executed_policy,"{""condition_number"":1000.0,""initialization"":""warm"",""preconditioner"":""jacobi"",""target_relative_energy_error"":0.5}",{},10,benchmark_summary,,mean_cg_iterations,10,47.833999999999996,0.08800505036012857,0.027829640473582773,47.771044979464584,47.89695502053541,0.0629550205354141
cg_accuracy,full,evaluation,benchmark_diagnostic,conjugate_gradient,,diagnostic_not_executed_policy,"{""condition_number"":1000.0,""initialization"":""warm"",""preconditioner"":""jacobi"",""target_relative_energy_error"":0.5}",{},10,benchmark_summary,,mean_exact_relative_energy_error,10,0.012648775555343864,0.00011258050843975152,3.560108268094239e-05,0.012568240311153799,0.01272931079953393,8.053524419006494e-05
cg_accuracy,full,evaluation,benchmark_diagnostic,conjugate_gradient,,diagnostic_not_executed_policy,"{""condition_number"":1000.0,""initialization"":""warm"",""preconditioner"":""jacobi"",""target_relative_energy_error"":0.5}",{},10,benchmark_summary,,mean_initial_relative_energy_error,10,8.87831549629377,0.06745550137485527,0.021331302505316223,8.830060737539553,8.926570255047986,0.048254758754216386
cg_accuracy,full,evaluation,benchmark_diagnostic,conjugate_gradient,,diagnostic_not_executed_policy,"{""condition_number"":1000.0,""initialization"":""warm"",""preconditioner"":""jacobi"",""target_relative_energy_error"":0.5}",{},10,benchmark_summary,,mean_predictive_width_relative_error,10,0.0005220030557969631,2.3649978267964682e-05,7.478779794025237e-06,0.0005050848805169184,0.0005389212310770078,1.6918175280044673e-05
cg_accuracy,full,evaluation,benchmark_diagnostic,conjugate_gradient,,diagnostic_not_executed_policy,"{""condition_number"":1000.0,""initialization"":""warm"",""preconditioner"":""jacobi"",""target_relative_energy_error"":0.5}",{},10,benchmark_summary,,mean_sample_cvp_count,10,12501.503999999999,22.529292892192913,7.12438796123719,12485.387514742933,12517.620485257065,16.11648525706601
cg_accuracy,full,evaluation,benchmark_diagnostic,conjugate_gradient,,diagnostic_not_executed_policy,"{""condition_number"":1000.0,""initialization"":""warm"",""preconditioner"":""jacobi"",""target_relative_energy_error"":0.5}",{},10,benchmark_summary,,mean_wall_time_seconds,10,0.0006726875128166284,3.248842545341204e-06,1.0273742202537065e-06,0.0006703634308654073,0.0006750115947678495,2.3240819512211427e-06
cg_accuracy,full,evaluation,benchmark_diagnostic,conjugate_gradient,,diagnostic_not_executed_policy,"{""condition_number"":1000.0,""initialization"":""warm"",""preconditioner"":""jacobi"",""target_relative_energy_error"":0.5}",{},10,benchmark_summary,,peak_host_memory_bytes,10,905702604.8,467959243.80656415,147981706.25587857,570944728.0301642,1240460481.5698357,334757876.76983565
cg_accuracy,full,evaluation,benchmark_diagnostic,conjugate_gradient,,diagnostic_not_executed_policy,"{""condition_number"":1000.0,""initialization"":""warm"",""preconditioner"":""jacobi"",""target_relative_energy_error"":0.5}",{},10,benchmark_summary,,records_per_seed,10,1000.0,0.0,0.0,1000.0,1000.0,0.0
cg_accuracy,full,evaluation,benchmark_diagnostic,conjugate_gradient,,diagnostic_not_executed_policy,"{""condition_number"":1000.0,""initialization"":""warm"",""preconditioner"":""none"",""target_relative_energy_error"":0.5}",{},10,benchmark_summary,,mean_cg_iterations,10,48.6858,0.07956381086901226,0.025160286166893954,48.62888347842951,48.74271652157049,0.05691652157049175
cg_accuracy,full,evaluation,benchmark_diagnostic,conjugate_gradient,,diagnostic_not_executed_policy,"{""condition_number"":1000.0,""initialization"":""warm"",""preconditioner"":""none"",""target_relative_energy_error"":0.5}",{},10,benchmark_summary,,mean_exact_relative_energy_error,10,0.011962372147425297,0.00010929336975343977,3.45615981575825e-05,0.011884188380595368,0.012040555914255225,7.81837668299285e-05
cg_accuracy,full,evaluation,benchmark_diagnostic,conjugate_gradient,,diagnostic_not_executed_policy,"{""condition_number"":1000.0,""initialization"":""warm"",""preconditioner"":""none"",""target_relative_energy_error"":0.5}",{},10,benchmark_summary,,mean_initial_relative_energy_error,10,8.877755668598066,0.06770073294798688,0.021408851537844425,8.829325481744448,8.926185855451685,0.04843018685361813
cg_accuracy,full,evaluation,benchmark_diagnostic,conjugate_gradient,,diagnostic_not_executed_policy,"{""condition_number"":1000.0,""initialization"":""warm"",""preconditioner"":""none"",""target_relative_energy_error"":0.5}",{},10,benchmark_summary,,mean_predictive_width_relative_error,10,0.00048304415997402005,2.3974765685619405e-05,7.581486593540568e-06,0.0004658936457717837,0.0005001946741762564,1.715051420223636e-05
cg_accuracy,full,evaluation,benchmark_diagnostic,conjugate_gradient,,diagnostic_not_executed_policy,"{""condition_number"":1000.0,""initialization"":""warm"",""preconditioner"":""none"",""target_relative_energy_error"":0.5}",{},10,benchmark_summary,,mean_sample_cvp_count,10,12719.5648,20.36833558246714,6.441033258724852,12704.994170477954,12734.135429522046,14.570629522045888
cg_accuracy,full,evaluation,benchmark_diagnostic,conjugate_gradient,,diagnostic_not_executed_policy,"{""condition_number"":1000.0,""initialization"":""warm"",""preconditioner"":""none"",""target_relative_energy_error"":0.5}",{},10,benchmark_summary,,mean_wall_time_seconds,10,0.0006835742659284733,3.4993380038753865e-06,1.1065878395033345e-06,0.0006810709903210755,0.0006860775415358712,2.5032756073978585e-06
cg_accuracy,full,evaluation,benchmark_diagnostic,conjugate_gradient,,diagnostic_not_executed_policy,"{""condition_number"":1000.0,""initialization"":""warm"",""preconditioner"":""none"",""target_relative_energy_error"":0.5}",{},10,benchmark_summary,,peak_host_memory_bytes,10,905699328.0,467962853.5951745,147982847.7712666,570938868.9429529,1240459787.0570471,334760459.0570471
cg_accuracy,full,evaluation,benchmark_diagnostic,conjugate_gradient,,diagnostic_not_executed_policy,"{""condition_number"":1000.0,""initialization"":""warm"",""preconditioner"":""none"",""target_relative_energy_error"":0.5}",{},10,benchmark_summary,,records_per_seed,10,1000.0,0.0,0.0,1000.0,1000.0,0.0
cg_accuracy,full,evaluation,benchmark_diagnostic,conjugate_gradient,,diagnostic_not_executed_policy,"{""condition_number"":1000.0,""initialization"":""zero"",""preconditioner"":""jacobi"",""target_relative_energy_error"":0.5}",{},10,benchmark_summary,,mean_cg_iterations,10,43.5256,0.0665652562027155,0.021049782263323186,43.47798208427768,43.57321791572232,0.04761791572231915
cg_accuracy,full,evaluation,benchmark_diagnostic,conjugate_gradient,,diagnostic_not_executed_policy,"{""condition_number"":1000.0,""initialization"":""zero"",""preconditioner"":""jacobi"",""target_relative_energy_error"":0.5}",{},10,benchmark_summary,,mean_exact_relative_energy_error,10,0.012418574680521897,0.00010378367087229761,3.2819278388973446e-05,0.012344332314836413,0.012492817046207381,7.42423656854846e-05
cg_accuracy,full,evaluation,benchmark_diagnostic,conjugate_gradient,,diagnostic_not_executed_policy,"{""condition_number"":1000.0,""initialization"":""zero"",""preconditioner"":""jacobi"",""target_relative_energy_error"":0.5}",{},10,benchmark_summary,,mean_initial_relative_energy_error,10,1.0,0.0,0.0,1.0,1.0,0.0
cg_accuracy,full,evaluation,benchmark_diagnostic,conjugate_gradient,,diagnostic_not_executed_policy,"{""condition_number"":1000.0,""initialization"":""zero"",""preconditioner"":""jacobi"",""target_relative_energy_error"":0.5}",{},10,benchmark_summary,,mean_predictive_width_relative_error,10,8.088003429340329e-05,1.2749621746383387e-06,4.031784402418514e-07,7.996798129692438e-05,8.179208728988221e-05,9.120529964789122e-07
cg_accuracy,full,evaluation,benchmark_diagnostic,conjugate_gradient,,diagnostic_not_executed_policy,"{""condition_number"":1000.0,""initialization"":""zero"",""preconditioner"":""jacobi"",""target_relative_energy_error"":0.5}",{},10,benchmark_summary,,mean_sample_cvp_count,10,11142.5536,17.040705587895168,5.3887442594107355,11130.363413575085,11154.743786424913,12.190186424913703
cg_accuracy,full,evaluation,benchmark_diagnostic,conjugate_gradient,,diagnostic_not_executed_policy,"{""condition_number"":1000.0,""initialization"":""zero"",""preconditioner"":""jacobi"",""target_relative_energy_error"":0.5}",{},10,benchmark_summary,,mean_wall_time_seconds,10,0.0006167660059290937,3.2733512836641745e-06,1.0351245638214707e-06,0.0006144243914826566,0.0006191076203755308,2.3416144464371074e-06
cg_accuracy,full,evaluation,benchmark_diagnostic,conjugate_gradient,,diagnostic_not_executed_policy,"{""condition_number"":1000.0,""initialization"":""zero"",""preconditioner"":""jacobi"",""target_relative_energy_error"":0.5}",{},10,benchmark_summary,,peak_host_memory_bytes,10,905699328.0,467962853.5951745,147982847.7712666,570938868.9429529,1240459787.0570471,334760459.0570471
cg_accuracy,full,evaluation,benchmark_diagnostic,conjugate_gradient,,diagnostic_not_executed_policy,"{""condition_number"":1000.0,""initialization"":""zero"",""preconditioner"":""jacobi"",""target_relative_energy_error"":0.5}",{},10,benchmark_summary,,records_per_seed,10,1000.0,0.0,0.0,1000.0,1000.0,0.0
cg_accuracy,full,evaluation,benchmark_diagnostic,conjugate_gradient,,diagnostic_not_executed_policy,"{""condition_number"":1000.0,""initialization"":""zero"",""preconditioner"":""none"",""target_relative_energy_error"":0.5}",{},10,benchmark_summary,,mean_cg_iterations,10,44.1601,0.052831913755902536,0.01670691806142331,44.122306325639066,44.197893674360934,0.03779367436093144
cg_accuracy,full,evaluation,benchmark_diagnostic,conjugate_gradient,,diagnostic_not_executed_policy,"{""condition_number"":1000.0,""initialization"":""zero"",""preconditioner"":""none"",""target_relative_energy_error"":0.5}",{},10,benchmark_summary,,mean_exact_relative_energy_error,10,0.01170751750616314,8.822178994632906e-05,2.789817954873437e-05,0.01164440743946794,0.01177062757285834,6.311006669519984e-05
cg_accuracy,full,evaluation,benchmark_diagnostic,conjugate_gradient,,diagnostic_not_executed_policy,"{""condition_number"":1000.0,""initialization"":""zero"",""preconditioner"":""none"",""target_relative_energy_error"":0.5}",{},10,benchmark_summary,,mean_initial_relative_energy_error,10,1.0,0.0,0.0,1.0,1.0,0.0
cg_accuracy,full,evaluation,benchmark_diagnostic,conjugate_gradient,,diagnostic_not_executed_policy,"{""condition_number"":1000.0,""initialization"":""zero"",""preconditioner"":""none"",""target_relative_energy_error"":0.5}",{},10,benchmark_summary,,mean_predictive_width_relative_error,10,7.151778998852663e-05,1.052605843237762e-06,3.3286319430334735e-07,7.076480112930142e-05,7.227077884775185e-05,7.529888592252078e-07
cg_accuracy,full,evaluation,benchmark_diagnostic,conjugate_gradient,,diagnostic_not_executed_policy,"{""condition_number"":1000.0,""initialization"":""zero"",""preconditioner"":""none"",""target_relative_energy_error"":0.5}",{},10,benchmark_summary,,mean_sample_cvp_count,10,11304.9856,13.52496992151105,4.276971023724367,11295.3104193636,11314.660780636399,9.675180636398448
cg_accuracy,full,evaluation,benchmark_diagnostic,conjugate_gradient,,diagnostic_not_executed_policy,"{""condition_number"":1000.0,""initialization"":""zero"",""preconditioner"":""none"",""target_relative_energy_error"":0.5}",{},10,benchmark_summary,,mean_wall_time_seconds,10,0.0006256001269794069,3.2720912130470618e-06,1.0347260945051976e-06,0.0006232594139331878,0.0006279408400256261,2.3407130462191448e-06
cg_accuracy,full,evaluation,benchmark_diagnostic,conjugate_gradient,,diagnostic_not_executed_policy,"{""condition_number"":1000.0,""initialization"":""zero"",""preconditioner"":""none"",""target_relative_energy_error"":0.5}",{},10,benchmark_summary,,peak_host_memory_bytes,10,905696051.2,467960449.6389847,147982087.57357112,570937311.8296149,1240454790.5703852,334758739.3703851
cg_accuracy,full,evaluation,benchmark_diagnostic,conjugate_gradient,,diagnostic_not_executed_policy,"{""condition_number"":1000.0,""initialization"":""zero"",""preconditioner"":""none"",""target_relative_energy_error"":0.5}",{},10,benchmark_summary,,records_per_seed,10,1000.0,0.0,0.0,1000.0,1000.0,0.0
cg_accuracy,full,evaluation,benchmark_diagnostic,conjugate_gradient,,diagnostic_not_executed_policy,"{""condition_number"":1000.0,""initialization"":""warm"",""preconditioner"":""jacobi"",""target_relative_energy_error"":0.25}",{},10,benchmark_summary,,mean_cg_iterations,10,52.3168,0.0703164276680774,0.02223600683576069,52.26649865786445,52.36710134213555,0.05030134213554589
cg_accuracy,full,evaluation,benchmark_diagnostic,conjugate_gradient,,diagnostic_not_executed_policy,"{""condition_number"":1000.0,""initialization"":""warm"",""preconditioner"":""jacobi"",""target_relative_energy_error"":0.25}",{},10,benchmark_summary,,mean_exact_relative_energy_error,10,0.006509796155191481,4.491478643189773e-05,1.42033025744824e-05,0.006477666052537225,0.006541926257845737,3.2130102654255545e-05
cg_accuracy,full,evaluation,benchmark_diagnostic,conjugate_gradient,,diagnostic_not_executed_policy,"{""condition_number"":1000.0,""initialization"":""warm"",""preconditioner"":""jacobi"",""target_relative_energy_error"":0.25}",{},10,benchmark_summary,,mean_initial_relative_energy_error,10,8.882259404087813,0.06770453660943318,0.02141005436120627,8.83382649625871,8.930692311916916,0.04843290782910171
cg_accuracy,full,evaluation,benchmark_diagnostic,conjugate_gradient,,diagnostic_not_executed_policy,"{""condition_number"":1000.0,""initialization"":""warm"",""preconditioner"":""jacobi"",""target_relative_energy_error"":0.25}",{},10,benchmark_summary,,mean_predictive_width_relative_error,10,0.00027047756927654055,8.0526129057791e-06,2.5464597897928824e-06,0.00026471707702328297,0.0002762380615297981,5.76049225325758e-06
cg_accuracy,full,evaluation,benchmark_diagnostic,conjugate_gradient,,diagnostic_not_executed_policy,"{""condition_number"":1000.0,""initialization"":""warm"",""preconditioner"":""jacobi"",""target_relative_energy_error"":0.25}",{},10,benchmark_summary,,mean_sample_cvp_count,10,13649.1008,18.001005483027814,5.692417749954736,13636.2236564133,13661.9779435867,12.877143586699749
cg_accuracy,full,evaluation,benchmark_diagnostic,conjugate_gradient,,diagnostic_not_executed_policy,"{""condition_number"":1000.0,""initialization"":""warm"",""preconditioner"":""jacobi"",""target_relative_energy_error"":0.25}",{},10,benchmark_summary,,mean_wall_time_seconds,10,0.0007300900545844343,3.584950570867731e-06,1.1336609103062904e-06,0.0007275255354360006,0.000732654573732868,2.564519148433708e-06
cg_accuracy,full,evaluation,benchmark_diagnostic,conjugate_gradient,,diagnostic_not_executed_policy,"{""condition_number"":1000.0,""initialization"":""warm"",""preconditioner"":""jacobi"",""target_relative_energy_error"":0.25}",{},10,benchmark_summary,,peak_host_memory_bytes,10,905720627.2,467962555.4085771,147982753.47638506,570960381.4527946,1240480872.9472055,334760245.74720544
cg_accuracy,full,evaluation,benchmark_diagnostic,conjugate_gradient,,diagnostic_not_executed_policy,"{""condition_number"":1000.0,""initialization"":""warm"",""preconditioner"":""jacobi"",""target_relative_energy_error"":0.25}",{},10,benchmark_summary,,records_per_seed,10,1000.0,0.0,0.0,1000.0,1000.0,0.0
cg_accuracy,full,evaluation,benchmark_diagnostic,conjugate_gradient,,diagnostic_not_executed_policy,"{""condition_number"":1000.0,""initialization"":""warm"",""preconditioner"":""none"",""target_relative_energy_error"":0.25}",{},10,benchmark_summary,,mean_cg_iterations,10,53.3353,0.05669420899292397,0.017928283055924067,53.29474340606836,53.37585659393163,0.040556593931632315
cg_accuracy,full,evaluation,benchmark_diagnostic,conjugate_gradient,,diagnostic_not_executed_policy,"{""condition_number"":1000.0,""initialization"":""warm"",""preconditioner"":""none"",""target_relative_energy_error"":0.25}",{},10,benchmark_summary,,mean_exact_relative_energy_error,10,0.0060728173708388695,2.962640193961287e-05,9.368690900480692e-06,0.006051623919612305,0.006094010822065434,2.119345122656476e-05
cg_accuracy,full,evaluation,benchmark_diagnostic,conjugate_gradient,,diagnostic_not_executed_policy,"{""condition_number"":1000.0,""initialization"":""warm"",""preconditioner"":""none"",""target_relative_energy_error"":0.25}",{},10,benchmark_summary,,mean_initial_relative_energy_error,10,8.881976738395776,0.06778233635434047,0.021434656800734985,8.833488175981872,8.930465300809681,0.0484885624139039
cg_accuracy,full,evaluation,benchmark_diagnostic,conjugate_gradient,,diagnostic_not_executed_policy,"{""condition_number"":1000.0,""initialization"":""warm"",""preconditioner"":""none"",""target_relative_energy_error"":0.25}",{},10,benchmark_summary,,mean_predictive_width_relative_error,10,0.00024625193102933475,7.610674694382324e-06,2.406706656485403e-06,0.00024080758232761218,0.0002516962797310573,5.444348701722573e-06
cg_accuracy,full,evaluation,benchmark_diagnostic,conjugate_gradient,,diagnostic_not_executed_policy,"{""condition_number"":1000.0,""initialization"":""warm"",""preconditioner"":""none"",""target_relative_energy_error"":0.25}",{},10,benchmark_summary,,mean_sample_cvp_count,10,13909.8368,14.513717502188536,4.589640462316561,13899.454311953501,13920.219288046497,10.382488046497873
cg_accuracy,full,evaluation,benchmark_diagnostic,conjugate_gradient,,diagnostic_not_executed_policy,"{""condition_number"":1000.0,""initialization"":""warm"",""preconditioner"":""none"",""target_relative_energy_error"":0.25}",{},10,benchmark_summary,,mean_wall_time_seconds,10,0.0007430257162544876,3.8138839679373648e-06,1.2060560070282663e-06,0.0007402974280194528,0.0007457540044895224,2.728288235034795e-06
cg_accuracy,full,evaluation,benchmark_diagnostic,conjugate_gradient,,diagnostic_not_executed_policy,"{""condition_number"":1000.0,""initialization"":""warm"",""preconditioner"":""none"",""target_relative_energy_error"":0.25}",{},10,benchmark_summary,,peak_host_memory_bytes,10,905717350.4,467961952.93524873,147982562.95759034,570957535.6362507,1240477165.1637492,334759814.7637493
cg_accuracy,full,evaluation,benchmark_diagnostic,conjugate_gradient,,diagnostic_not_executed_policy,"{""condition_number"":1000.0,""initialization"":""warm"",""preconditioner"":""none"",""target_relative_energy_error"":0.25}",{},10,benchmark_summary,,records_per_seed,10,1000.0,0.0,0.0,1000.0,1000.0,0.0
cg_accuracy,full,evaluation,benchmark_diagnostic,conjugate_gradient,,diagnostic_not_executed_policy,"{""condition_number"":1000.0,""initialization"":""zero"",""preconditioner"":""jacobi"",""target_relative_energy_error"":0.25}",{},10,benchmark_summary,,mean_cg_iterations,10,48.2122,0.08140816229892926,0.02574352129932657,48.153964108897085,48.27043589110292,0.05823589110291975
cg_accuracy,full,evaluation,benchmark_diagnostic,conjugate_gradient,,diagnostic_not_executed_policy,"{""condition_number"":1000.0,""initialization"":""zero"",""preconditioner"":""jacobi"",""target_relative_energy_error"":0.25}",{},10,benchmark_summary,,mean_exact_relative_energy_error,10,0.0062949474900792345,6.378346266597648e-05,2.0170101907680125e-05,0.0062493195495744065,0.0063405754305840625,4.562794050482833e-05
cg_accuracy,full,evaluation,benchmark_diagnostic,conjugate_gradient,,diagnostic_not_executed_policy,"{""condition_number"":1000.0,""initialization"":""zero"",""preconditioner"":""jacobi"",""target_relative_energy_error"":0.25}",{},10,benchmark_summary,,mean_initial_relative_energy_error,10,1.0,0.0,0.0,1.0,1.0,0.0
cg_accuracy,full,evaluation,benchmark_diagnostic,conjugate_gradient,,diagnostic_not_executed_policy,"{""condition_number"":1000.0,""initialization"":""zero"",""preconditioner"":""jacobi"",""target_relative_energy_error"":0.25}",{},10,benchmark_summary,,mean_predictive_width_relative_error,10,2.0911634774767082e-05,4.504770378837022e-07,1.4245334733184562e-07,2.0589382914735766e-05,2.12338866347984e-05,3.222518600313151e-07
cg_accuracy,full,evaluation,benchmark_diagnostic,conjugate_gradient,,diagnostic_not_executed_policy,"{""condition_number"":1000.0,""initialization"":""zero"",""preconditioner"":""jacobi"",""target_relative_energy_error"":0.25}",{},10,benchmark_summary,,mean_sample_cvp_count,10,12342.3232,20.84048954852589,6.590341452627602,12327.414811877654,12357.231588122348,14.908388122347455
cg_accuracy,full,evaluation,benchmark_diagnostic,conjugate_gradient,,diagnostic_not_executed_policy,"{""condition_number"":1000.0,""initialization"":""zero"",""preconditioner"":""jacobi"",""target_relative_energy_error"":0.25}",{},10,benchmark_summary,,mean_wall_time_seconds,10,0.0006760275062522852,3.2753738544351537e-06,1.0357641568579884e-06,0.0006736844449458792,0.0006783705675586911,2.343061306405942e-06
cg_accuracy,full,evaluation,benchmark_diagnostic,conjugate_gradient,,diagnostic_not_executed_policy,"{""condition_number"":1000.0,""initialization"":""zero"",""preconditioner"":""jacobi"",""target_relative_energy_error"":0.25}",{},10,benchmark_summary,,peak_host_memory_bytes,10,905717350.4,467961952.93524873,147982562.95759034,570957535.6362507,1240477165.1637492,334759814.7637493
cg_accuracy,full,evaluation,benchmark_diagnostic,conjugate_gradient,,diagnostic_not_executed_policy,"{""condition_number"":1000.0,""initialization"":""zero"",""preconditioner"":""jacobi"",""target_relative_energy_error"":0.25}",{},10,benchmark_summary,,records_per_seed,10,1000.0,0.0,0.0,1000.0,1000.0,0.0
cg_accuracy,full,evaluation,benchmark_diagnostic,conjugate_gradient,,diagnostic_not_executed_policy,"{""condition_number"":1000.0,""initialization"":""zero"",""preconditioner"":""none"",""target_relative_energy_error"":0.25}",{},10,benchmark_summary,,mean_cg_iterations,10,49.0783,0.056611836218233354,0.01790223449740305,49.037802332001604,49.11879766799839,0.04049766799839343
cg_accuracy,full,evaluation,benchmark_diagnostic,conjugate_gradient,,diagnostic_not_executed_policy,"{""condition_number"":1000.0,""initialization"":""zero"",""preconditioner"":""none"",""target_relative_energy_error"":0.25}",{},10,benchmark_summary,,mean_exact_relative_energy_error,10,0.005885536728206287,3.502108042345921e-05,1.1074638025806522e-05,0.005860484156470812,0.005910589299941762,2.5052571735475593e-05
cg_accuracy,full,evaluation,benchmark_diagnostic,conjugate_gradient,,diagnostic_not_executed_policy,"{""condition_number"":1000.0,""initialization"":""zero"",""preconditioner"":""none"",""target_relative_energy_error"":0.25}",{},10,benchmark_summary,,mean_initial_relative_energy_error,10,1.0,0.0,0.0,1.0,1.0,0.0
cg_accuracy,full,evaluation,benchmark_diagnostic,conjugate_gradient,,diagnostic_not_executed_policy,"{""condition_number"":1000.0,""initialization"":""zero"",""preconditioner"":""none"",""target_relative_energy_error"":0.25}",{},10,benchmark_summary,,mean_predictive_width_relative_error,10,1.818439094948484e-05,2.3103842527010447e-07,7.30607650872133e-08,1.8019116016423283e-05,1.8349665882546395e-05,1.6527493306155656e-07
cg_accuracy,full,evaluation,benchmark_diagnostic,conjugate_gradient,,diagnostic_not_executed_policy,"{""condition_number"":1000.0,""initialization"":""zero"",""preconditioner"":""none"",""target_relative_energy_error"":0.25}",{},10,benchmark_summary,,mean_sample_cvp_count,10,12564.0448,14.492630071867739,4.5829720313351805,12553.67739699241,12574.412203007589,10.367403007588718
cg_accuracy,full,evaluation,benchmark_diagnostic,conjugate_gradient,,diagnostic_not_executed_policy,"{""condition_number"":1000.0,""initialization"":""zero"",""preconditioner"":""none"",""target_relative_energy_error"":0.25}",{},10,benchmark_summary,,mean_wall_time_seconds,10,0.0006873160024464596,3.7760337443933044e-06,1.1940867153936902e-06,0.0006846147906302295,0.0006900172142626896,2.701211816230018e-06
cg_accuracy,full,evaluation,benchmark_diagnostic,conjugate_gradient,,diagnostic_not_executed_policy,"{""condition_number"":1000.0,""initialization"":""zero"",""preconditioner"":""none"",""target_relative_energy_error"":0.25}",{},10,benchmark_summary,,peak_host_memory_bytes,10,905717350.4,467961952.93524873,147982562.95759034,570957535.6362507,1240477165.1637492,334759814.7637493
cg_accuracy,full,evaluation,benchmark_diagnostic,conjugate_gradient,,diagnostic_not_executed_policy,"{""condition_number"":1000.0,""initialization"":""zero"",""preconditioner"":""none"",""target_relative_energy_error"":0.25}",{},10,benchmark_summary,,records_per_seed,10,1000.0,0.0,0.0,1000.0,1000.0,0.0
cg_accuracy,full,evaluation,benchmark_diagnostic,conjugate_gradient,,diagnostic_not_executed_policy,"{""condition_number"":1000.0,""initialization"":""warm"",""preconditioner"":""jacobi"",""target_relative_energy_error"":0.1}",{},10,benchmark_summary,,mean_cg_iterations,10,58.033699999999996,0.08295922693307425,0.026234011003529963,57.974354544099434,58.09304545590056,0.05934545590056223
cg_accuracy,full,evaluation,benchmark_diagnostic,conjugate_gradient,,diagnostic_not_executed_policy,"{""condition_number"":1000.0,""initialization"":""warm"",""preconditioner"":""jacobi"",""target_relative_energy_error"":0.1}",{},10,benchmark_summary,,mean_exact_relative_energy_error,10,0.0026488737068602127,2.4693343008204185e-05,7.808720694971914e-06,0.0026312091534077915,0.002666538260312634,1.766455345242129e-05
cg_accuracy,full,evaluation,benchmark_diagnostic,conjugate_gradient,,diagnostic_not_executed_policy,"{""condition_number"":1000.0,""initialization"":""warm"",""preconditioner"":""jacobi"",""target_relative_energy_error"":0.1}",{},10,benchmark_summary,,mean_initial_relative_energy_error,10,8.883522720248298,0.0677100721067971,0.021411804839171454,8.835085852562928,8.931959587933667,0.04843686768536897
cg_accuracy,full,evaluation,benchmark_diagnostic,conjugate_gradient,,diagnostic_not_executed_policy,"{""condition_number"":1000.0,""initialization"":""warm"",""preconditioner"":""jacobi"",""target_relative_energy_error"":0.1}",{},10,benchmark_summary,,mean_predictive_width_relative_error,10,0.00011028364130123496,2.9380060457709756e-06,9.290790883981192e-07,0.00010818191838660912,0.0001123853642158608,2.101722914625832e-06
cg_accuracy,full,evaluation,benchmark_diagnostic,conjugate_gradient,,diagnostic_not_executed_policy,"{""condition_number"":1000.0,""initialization"":""warm"",""preconditioner"":""jacobi"",""target_relative_energy_error"":0.1}",{},10,benchmark_summary,,mean_sample_cvp_count,10,15112.627199999999,21.23756209486701,6.71590681690367,15097.434763289455,15127.819636710543,15.19243671054393
cg_accuracy,full,evaluation,benchmark_diagnostic,conjugate_gradient,,diagnostic_not_executed_policy,"{""condition_number"":1000.0,""initialization"":""warm"",""preconditioner"":""jacobi"",""target_relative_energy_error"":0.1}",{},10,benchmark_summary,,mean_wall_time_seconds,10,0.0008027321722649504,3.4243563976531203e-06,1.082876573675313e-06,0.0008002825352673844,0.0008051818092625163,2.4496369975659875e-06
cg_accuracy,full,evaluation,benchmark_diagnostic,conjugate_gradient,,diagnostic_not_executed_policy,"{""condition_number"":1000.0,""initialization"":""warm"",""preconditioner"":""jacobi"",""target_relative_energy_error"":0.1}",{},10,benchmark_summary,,peak_host_memory_bytes,10,905725542.4,467960447.56117475,147982086.91650993,570966804.5159905,1240484280.2840095,334758737.8840095
cg_accuracy,full,evaluation,benchmark_diagnostic,conjugate_gradient,,diagnostic_not_executed_policy,"{""condition_number"":1000.0,""initialization"":""warm"",""preconditioner"":""jacobi"",""target_relative_energy_error"":0.1}",{},10,benchmark_summary,,records_per_seed,10,1000.0,0.0,0.0,1000.0,1000.0,0.0
cg_accuracy,full,evaluation,benchmark_diagnostic,conjugate_gradient,,diagnostic_not_executed_policy,"{""condition_number"":1000.0,""initialization"":""warm"",""preconditioner"":""none"",""target_relative_energy_error"":0.1}",{},10,benchmark_summary,,mean_cg_iterations,10,58.9353,0.04579192068476681,0.01448067677976404,58.90254243330049,58.96805756669951,0.03275756669950886
cg_accuracy,full,evaluation,benchmark_diagnostic,conjugate_gradient,,diagnostic_not_executed_policy,"{""condition_number"":1000.0,""initialization"":""warm"",""preconditioner"":""none"",""target_relative_energy_error"":0.1}",{},10,benchmark_summary,,mean_exact_relative_energy_error,10,0.0025010737081275864,1.821877822619206e-05,5.761283538024924e-06,0.002488040779305132,0.0025141066369500408,1.3032928822454467e-05
cg_accuracy,full,evaluation,benchmark_diagnostic,conjugate_gradient,,diagnostic_not_executed_policy,"{""condition_number"":1000.0,""initialization"":""warm"",""preconditioner"":""none"",""target_relative_energy_error"":0.1}",{},10,benchmark_summary,,mean_initial_relative_energy_error,10,8.883432257858788,0.06775993753341288,0.02142757367163164,8.834959718596119,8.931904797121456,0.048472539262667744
cg_accuracy,full,evaluation,benchmark_diagnostic,conjugate_gradient,,diagnostic_not_executed_policy,"{""condition_number"":1000.0,""initialization"":""warm"",""preconditioner"":""none"",""target_relative_energy_error"":0.1}",{},10,benchmark_summary,,mean_predictive_width_relative_error,10,0.00010118590847719331,2.816658849137167e-06,8.90705735494204e-07,9.917099211769965e-05,0.00010320082483668696,2.014916359493657e-06
cg_accuracy,full,evaluation,benchmark_diagnostic,conjugate_gradient,,diagnostic_not_executed_policy,"{""condition_number"":1000.0,""initialization"":""warm"",""preconditioner"":""none"",""target_relative_energy_error"":0.1}",{},10,benchmark_summary,,mean_sample_cvp_count,10,15343.4368,11.722731695300304,3.707053255619594,15335.050862924925,15351.822737075074,8.385937075074269
cg_accuracy,full,evaluation,benchmark_diagnostic,conjugate_gradient,,diagnostic_not_executed_policy,"{""condition_number"":1000.0,""initialization"":""warm"",""preconditioner"":""none"",""target_relative_energy_error"":0.1}",{},10,benchmark_summary,,mean_wall_time_seconds,10,0.0008139937576546799,4.2086562304238314e-06,1.3308939576797745e-06,0.0008109830663553898,0.0008170044489539701,3.010691299290153e-06
cg_accuracy,full,evaluation,benchmark_diagnostic,conjugate_gradient,,diagnostic_not_executed_policy,"{""condition_number"":1000.0,""initialization"":""warm"",""preconditioner"":""none"",""target_relative_energy_error"":0.1}",{},10,benchmark_summary,,peak_host_memory_bytes,10,905722265.6,467963458.40008426,147983039.02737212,570961373.8915839,1240483157.3084161,334760891.70841616
cg_accuracy,full,evaluation,benchmark_diagnostic,conjugate_gradient,,diagnostic_not_executed_policy,"{""condition_number"":1000.0,""initialization"":""warm"",""preconditioner"":""none"",""target_relative_energy_error"":0.1}",{},10,benchmark_summary,,records_per_seed,10,1000.0,0.0,0.0,1000.0,1000.0,0.0
cg_accuracy,full,evaluation,benchmark_diagnostic,conjugate_gradient,,diagnostic_not_executed_policy,"{""condition_number"":1000.0,""initialization"":""zero"",""preconditioner"":""jacobi"",""target_relative_energy_error"":0.1}",{},10,benchmark_summary,,mean_cg_iterations,10,54.1351,0.12314801392362475,0.038942821332478304,54.047005217783166,54.22319478221684,0.08809478221683653
cg_accuracy,full,evaluation,benchmark_diagnostic,conjugate_gradient,,diagnostic_not_executed_policy,"{""condition_number"":1000.0,""initialization"":""zero"",""preconditioner"":""jacobi"",""target_relative_energy_error"":0.1}",{},10,benchmark_summary,,mean_exact_relative_energy_error,10,0.0025844069340081603,2.4511351772506055e-05,7.75117001307245e-06,0.0025668725692430216,0.002601941298773299,1.75343647651385e-05
cg_accuracy,full,evaluation,benchmark_diagnostic,conjugate_gradient,,diagnostic_not_executed_policy,"{""condition_number"":1000.0,""initialization"":""zero"",""preconditioner"":""jacobi"",""target_relative_energy_error"":0.1}",{},10,benchmark_summary,,mean_initial_relative_energy_error,10,1.0,0.0,0.0,1.0,1.0,0.0
cg_accuracy,full,evaluation,benchmark_diagnostic,conjugate_gradient,,diagnostic_not_executed_policy,"{""condition_number"":1000.0,""initialization"":""zero"",""preconditioner"":""jacobi"",""target_relative_energy_error"":0.1}",{},10,benchmark_summary,,mean_predictive_width_relative_error,10,3.6356779317225617e-06,6.229104972090494e-08,1.9698159496085545e-08,3.5911175991245505e-06,3.680238264320573e-06,4.456033259801139e-08
cg_accuracy,full,evaluation,benchmark_diagnostic,conjugate_gradient,,diagnostic_not_executed_policy,"{""condition_number"":1000.0,""initialization"":""zero"",""preconditioner"":""jacobi"",""target_relative_energy_error"":0.1}",{},10,benchmark_summary,,mean_sample_cvp_count,10,13858.5856,31.525891564447935,9.969362261114446,13836.03333575249,13881.13786424751,22.552264247510152
cg_accuracy,full,evaluation,benchmark_diagnostic,conjugate_gradient,,diagnostic_not_executed_policy,"{""condition_number"":1000.0,""initialization"":""zero"",""preconditioner"":""jacobi"",""target_relative_energy_error"":0.1}",{},10,benchmark_summary,,mean_wall_time_seconds,10,0.0007513951189641376,4.075139450161736e-06,1.2886722445317308e-06,0.0007484799398156708,0.0007543102981126043,2.9151791484666946e-06
cg_accuracy,full,evaluation,benchmark_diagnostic,conjugate_gradient,,diagnostic_not_executed_policy,"{""condition_number"":1000.0,""initialization"":""zero"",""preconditioner"":""jacobi"",""target_relative_energy_error"":0.1}",{},10,benchmark_summary,,peak_host_memory_bytes,10,905723904.0,467960749.26099426,147982182.32236984,570964950.2929411,1240482857.707059,334758953.70705885
cg_accuracy,full,evaluation,benchmark_diagnostic,conjugate_gradient,,diagnostic_not_executed_policy,"{""condition_number"":1000.0,""initialization"":""zero"",""preconditioner"":""jacobi"",""target_relative_energy_error"":0.1}",{},10,benchmark_summary,,records_per_seed,10,1000.0,0.0,0.0,1000.0,1000.0,0.0
cg_accuracy,full,evaluation,benchmark_diagnostic,conjugate_gradient,,diagnostic_not_executed_policy,"{""condition_number"":1000.0,""initialization"":""zero"",""preconditioner"":""none"",""target_relative_energy_error"":0.1}",{},10,benchmark_summary,,mean_cg_iterations,10,55.0432,0.052070038303124254,0.016465991889008165,55.0059513385057,55.080448661494295,0.03724866149429697
cg_accuracy,full,evaluation,benchmark_diagnostic,conjugate_gradient,,diagnostic_not_executed_policy,"{""condition_number"":1000.0,""initialization"":""zero"",""preconditioner"":""none"",""target_relative_energy_error"":0.1}",{},10,benchmark_summary,,mean_exact_relative_energy_error,10,0.0024538332309136162,1.528800742640435e-05,4.834492435300675e-06,0.002442896849222607,0.0024647696126046253,1.093638169100916e-05
cg_accuracy,full,evaluation,benchmark_diagnostic,conjugate_gradient,,diagnostic_not_executed_policy,"{""condition_number"":1000.0,""initialization"":""zero"",""preconditioner"":""none"",""target_relative_energy_error"":0.1}",{},10,benchmark_summary,,mean_initial_relative_energy_error,10,1.0,0.0,0.0,1.0,1.0,0.0
cg_accuracy,full,evaluation,benchmark_diagnostic,conjugate_gradient,,diagnostic_not_executed_policy,"{""condition_number"":1000.0,""initialization"":""zero"",""preconditioner"":""none"",""target_relative_energy_error"":0.1}",{},10,benchmark_summary,,mean_predictive_width_relative_error,10,3.275516901184845e-06,5.954341039246778e-08,1.8829279649433854e-08,3.232922111355548e-06,3.3181116910141423e-06,4.259478982929727e-08
cg_accuracy,full,evaluation,benchmark_diagnostic,conjugate_gradient,,diagnostic_not_executed_policy,"{""condition_number"":1000.0,""initialization"":""zero"",""preconditioner"":""none"",""target_relative_energy_error"":0.1}",{},10,benchmark_summary,,mean_sample_cvp_count,10,14091.0592,13.329929805599809,4.21529392358609,14081.52354265746,14100.59485734254,9.535657342540024
cg_accuracy,full,evaluation,benchmark_diagnostic,conjugate_gradient,,diagnostic_not_executed_policy,"{""condition_number"":1000.0,""initialization"":""zero"",""preconditioner"":""none"",""target_relative_energy_error"":0.1}",{},10,benchmark_summary,,mean_wall_time_seconds,10,0.0007631173510628287,4.098689331002998e-06,1.296119370740126e-06,0.0007601853253444674,0.0007660493767811899,2.932025718361278e-06
cg_accuracy,full,evaluation,benchmark_diagnostic,conjugate_gradient,,diagnostic_not_executed_policy,"{""condition_number"":1000.0,""initialization"":""zero"",""preconditioner"":""none"",""target_relative_energy_error"":0.1}",{},10,benchmark_summary,,peak_host_memory_bytes,10,905722265.6,467963458.40008426,147983039.02737212,570961373.8915839,1240483157.3084161,334760891.70841616
cg_accuracy,full,evaluation,benchmark_diagnostic,conjugate_gradient,,diagnostic_not_executed_policy,"{""condition_number"":1000.0,""initialization"":""zero"",""preconditioner"":""none"",""target_relative_energy_error"":0.1}",{},10,benchmark_summary,,records_per_seed,10,1000.0,0.0,0.0,1000.0,1000.0,0.0
cg_accuracy,full,evaluation,benchmark_diagnostic,conjugate_gradient,,diagnostic_not_executed_policy,"{""condition_number"":1000.0,""initialization"":""warm"",""preconditioner"":""jacobi"",""target_relative_energy_error"":0.05}",{},10,benchmark_summary,,mean_cg_iterations,10,62.1923,0.07180691702986146,0.022707340956909523,62.14093242600623,62.243667573993775,0.051367573993773924
cg_accuracy,full,evaluation,benchmark_diagnostic,conjugate_gradient,,diagnostic_not_executed_policy,"{""condition_number"":1000.0,""initialization"":""warm"",""preconditioner"":""jacobi"",""target_relative_energy_error"":0.05}",{},10,benchmark_summary,,mean_exact_relative_energy_error,10,0.001337596512680956,9.617822693706841e-06,3.0414225843769606e-06,0.0013307163367966115,0.0013444766885653005,6.880175884344569e-06
cg_accuracy,full,evaluation,benchmark_diagnostic,conjugate_gradient,,diagnostic_not_executed_policy,"{""condition_number"":1000.0,""initialization"":""warm"",""preconditioner"":""jacobi"",""target_relative_energy_error"":0.05}",{},10,benchmark_summary,,mean_initial_relative_energy_error,10,8.8837710203719,0.06768964834568066,0.02140534627881994,8.83534876296509,8.932193277778708,0.04842225740680843
cg_accuracy,full,evaluation,benchmark_diagnostic,conjugate_gradient,,diagnostic_not_executed_policy,"{""condition_number"":1000.0,""initialization"":""warm"",""preconditioner"":""jacobi"",""target_relative_energy_error"":0.05}",{},10,benchmark_summary,,mean_predictive_width_relative_error,10,5.6397971264654935e-05,1.5331385933130273e-06,4.84820992357576e-07,5.530122998411831e-05,5.749471254519156e-05,1.0967412805366244e-06
cg_accuracy,full,evaluation,benchmark_diagnostic,conjugate_gradient,,diagnostic_not_executed_policy,"{""condition_number"":1000.0,""initialization"":""warm"",""preconditioner"":""jacobi"",""target_relative_energy_error"":0.05}",{},10,benchmark_summary,,mean_sample_cvp_count,10,16177.2288,18.382570759644533,5.813079284968838,16164.078701057595,16190.378898942407,13.150098942406125
cg_accuracy,full,evaluation,benchmark_diagnostic,conjugate_gradient,,diagnostic_not_executed_policy,"{""condition_number"":1000.0,""initialization"":""warm"",""preconditioner"":""jacobi"",""target_relative_energy_error"":0.05}",{},10,benchmark_summary,,mean_wall_time_seconds,10,0.0008552217612159439,4.058107519789966e-06,1.2832862752393117e-06,0.0008523187659764906,0.0008581247564553972,2.9029952394532378e-06
cg_accuracy,full,evaluation,benchmark_diagnostic,conjugate_gradient,,diagnostic_not_executed_policy,"{""condition_number"":1000.0,""initialization"":""warm"",""preconditioner"":""jacobi"",""target_relative_energy_error"":0.05}",{},10,benchmark_summary,,peak_host_memory_bytes,10,905743564.8,467963158.7989301,147982944.28516844,570982887.4133384,1240504242.1866615,334760677.38666147
cg_accuracy,full,evaluation,benchmark_diagnostic,conjugate_gradient,,diagnostic_not_executed_policy,"{""condition_number"":1000.0,""initialization"":""warm"",""preconditioner"":""jacobi"",""target_relative_energy_error"":0.05}",{},10,benchmark_summary,,records_per_seed,10,1000.0,0.0,0.0,1000.0,1000.0,0.0
cg_accuracy,full,evaluation,benchmark_diagnostic,conjugate_gradient,,diagnostic_not_executed_policy,"{""condition_number"":1000.0,""initialization"":""warm"",""preconditioner"":""none"",""target_relative_energy_error"":0.05}",{},10,benchmark_summary,,mean_cg_iterations,10,63.211800000000004,0.06055080511438271,0.019147845831842168,63.168484563399346,63.25511543660066,0.043315436600657516
cg_accuracy,full,evaluation,benchmark_diagnostic,conjugate_gradient,,diagnostic_not_executed_policy,"{""condition_number"":1000.0,""initialization"":""warm"",""preconditioner"":""none"",""target_relative_energy_error"":0.05}",{},10,benchmark_summary,,mean_exact_relative_energy_error,10,0.0012823496784783676,9.349768470603813e-06,2.956656396233711e-06,0.0012756612570336944,0.0012890380999230407,6.688421444673217e-06
cg_accuracy,full,evaluation,benchmark_diagnostic,conjugate_gradient,,diagnostic_not_executed_policy,"{""condition_number"":1000.0,""initialization"":""warm"",""preconditioner"":""none"",""target_relative_energy_error"":0.05}",{},10,benchmark_summary,,mean_initial_relative_energy_error,10,8.88369628212772,0.06771067603726776,0.021411995818755022,8.83525898241652,8.932133581838922,0.048437299711201885
cg_accuracy,full,evaluation,benchmark_diagnostic,conjugate_gradient,,diagnostic_not_executed_policy,"{""condition_number"":1000.0,""initialization"":""warm"",""preconditioner"":""none"",""target_relative_energy_error"":0.05}",{},10,benchmark_summary,,mean_predictive_width_relative_error,10,5.197957911152162e-05,1.5480025381372271e-06,4.895213844235302e-07,5.087220480540504e-05,5.30869534176382e-05,1.1073743061165826e-06
cg_accuracy,full,evaluation,benchmark_diagnostic,conjugate_gradient,,diagnostic_not_executed_policy,"{""condition_number"":1000.0,""initialization"":""warm"",""preconditioner"":""none"",""target_relative_energy_error"":0.05}",{},10,benchmark_summary,,mean_sample_cvp_count,10,16438.220800000003,15.501006109282484,4.901848532951757,16427.132048230233,16449.309551769773,11.088751769768688
cg_accuracy,full,evaluation,benchmark_diagnostic,conjugate_gradient,,diagnostic_not_executed_policy,"{""condition_number"":1000.0,""initialization"":""warm"",""preconditioner"":""none"",""target_relative_energy_error"":0.05}",{},10,benchmark_summary,,mean_wall_time_seconds,10,0.0008687577322882134,4.453910273772894e-06,1.4084500959146453e-06,0.0008655715968152963,0.0008719438677611306,3.1861354729171336e-06
cg_accuracy,full,evaluation,benchmark_diagnostic,conjugate_gradient,,diagnostic_not_executed_policy,"{""condition_number"":1000.0,""initialization"":""warm"",""preconditioner"":""none"",""target_relative_energy_error"":0.05}",{},10,benchmark_summary,,peak_host_memory_bytes,10,905728819.2,467960449.6389847,147982087.57357112,570970079.8296149,1240487558.5703852,334758739.3703851
cg_accuracy,full,evaluation,benchmark_diagnostic,conjugate_gradient,,diagnostic_not_executed_policy,"{""condition_number"":1000.0,""initialization"":""warm"",""preconditioner"":""none"",""target_relative_energy_error"":0.05}",{},10,benchmark_summary,,records_per_seed,10,1000.0,0.0,0.0,1000.0,1000.0,0.0
cg_accuracy,full,evaluation,benchmark_diagnostic,conjugate_gradient,,diagnostic_not_executed_policy,"{""condition_number"":1000.0,""initialization"":""zero"",""preconditioner"":""jacobi"",""target_relative_energy_error"":0.05}",{},10,benchmark_summary,,mean_cg_iterations,10,58.35510000000001,0.0822522542750868,0.026010446619259605,58.29626028187267,58.413939718127345,0.058839718127338465
cg_accuracy,full,evaluation,benchmark_diagnostic,conjugate_gradient,,diagnostic_not_executed_policy,"{""condition_number"":1000.0,""initialization"":""zero"",""preconditioner"":""jacobi"",""target_relative_energy_error"":0.05}",{},10,benchmark_summary,,mean_exact_relative_energy_error,10,0.0013217431279440215,6.3079892108968e-06,1.9947613362202115e-06,0.001317230664299218,0.001326255591588825,4.5124636448034694e-06
cg_accuracy,full,evaluation,benchmark_diagnostic,conjugate_gradient,,diagnostic_not_executed_policy,"{""condition_number"":1000.0,""initialization"":""zero"",""preconditioner"":""jacobi"",""target_relative_energy_error"":0.05}",{},10,benchmark_summary,,mean_initial_relative_energy_error,10,1.0,0.0,0.0,1.0,1.0,0.0
cg_accuracy,full,evaluation,benchmark_diagnostic,conjugate_gradient,,diagnostic_not_executed_policy,"{""condition_number"":1000.0,""initialization"":""zero"",""preconditioner"":""jacobi"",""target_relative_energy_error"":0.05}",{},10,benchmark_summary,,mean_predictive_width_relative_error,10,1.1050738223956067e-06,2.8180513487740735e-08,8.911460825435623e-09,1.0849146974583518e-06,1.1252329473328615e-06,2.0159124937254796e-08
cg_accuracy,full,evaluation,benchmark_diagnostic,conjugate_gradient,,diagnostic_not_executed_policy,"{""condition_number"":1000.0,""initialization"":""zero"",""preconditioner"":""jacobi"",""target_relative_energy_error"":0.05}",{},10,benchmark_summary,,mean_sample_cvp_count,10,14938.905600000002,21.05657709442222,6.658674334530459,14923.842632159403,14953.9685678406,15.062967840598647
cg_accuracy,full,evaluation,benchmark_diagnostic,conjugate_gradient,,diagnostic_not_executed_policy,"{""condition_number"":1000.0,""initialization"":""zero"",""preconditioner"":""jacobi"",""target_relative_energy_error"":0.05}",{},10,benchmark_summary,,mean_wall_time_seconds,10,0.0008046653029567096,3.6191422060057922e-06,1.1444732547024622e-06,0.0008020763245859535,0.0008072542813274658,2.588978370756149e-06
cg_accuracy,full,evaluation,benchmark_diagnostic,conjugate_gradient,,diagnostic_not_executed_policy,"{""condition_number"":1000.0,""initialization"":""zero"",""preconditioner"":""jacobi"",""target_relative_energy_error"":0.05}",{},10,benchmark_summary,,peak_host_memory_bytes,10,905743564.8,467963158.7989301,147982944.28516844,570982887.4133384,1240504242.1866615,334760677.38666147
cg_accuracy,full,evaluation,benchmark_diagnostic,conjugate_gradient,,diagnostic_not_executed_policy,"{""condition_number"":1000.0,""initialization"":""zero"",""preconditioner"":""jacobi"",""target_relative_energy_error"":0.05}",{},10,benchmark_summary,,records_per_seed,10,1000.0,0.0,0.0,1000.0,1000.0,0.0
cg_accuracy,full,evaluation,benchmark_diagnostic,conjugate_gradient,,diagnostic_not_executed_policy,"{""condition_number"":1000.0,""initialization"":""zero"",""preconditioner"":""none"",""target_relative_energy_error"":0.05}",{},10,benchmark_summary,,mean_cg_iterations,10,59.347500000000004,0.05589523931228652,0.017675626658700903,59.307514954547074,59.387485045452934,0.03998504545292715
cg_accuracy,full,evaluation,benchmark_diagnostic,conjugate_gradient,,diagnostic_not_executed_policy,"{""condition_number"":1000.0,""initialization"":""zero"",""preconditioner"":""none"",""target_relative_energy_error"":0.05}",{},10,benchmark_summary,,mean_exact_relative_energy_error,10,0.0012336413434635503,1.0297517857930391e-05,3.256361067731822e-06,0.0012262749429495237,0.001241007743977577,7.366400514026751e-06
cg_accuracy,full,evaluation,benchmark_diagnostic,conjugate_gradient,,diagnostic_not_executed_policy,"{""condition_number"":1000.0,""initialization"":""zero"",""preconditioner"":""none"",""target_relative_energy_error"":0.05}",{},10,benchmark_summary,,mean_initial_relative_energy_error,10,1.0,0.0,0.0,1.0,1.0,0.0
cg_accuracy,full,evaluation,benchmark_diagnostic,conjugate_gradient,,diagnostic_not_executed_policy,"{""condition_number"":1000.0,""initialization"":""zero"",""preconditioner"":""none"",""target_relative_energy_error"":0.05}",{},10,benchmark_summary,,mean_predictive_width_relative_error,10,1.0290747382670098e-06,2.1503971285978218e-08,6.800152800255121e-09,1.0136917239017905e-06,1.0444577526322292e-06,1.5383014365219392e-08
cg_accuracy,full,evaluation,benchmark_diagnostic,conjugate_gradient,,diagnostic_not_executed_policy,"{""condition_number"":1000.0,""initialization"":""zero"",""preconditioner"":""none"",""target_relative_energy_error"":0.05}",{},10,benchmark_summary,,mean_sample_cvp_count,10,15192.960000000001,14.30918126394535,4.524960424627431,15182.72382836405,15203.196171635951,10.23617163594935
cg_accuracy,full,evaluation,benchmark_diagnostic,conjugate_gradient,,diagnostic_not_executed_policy,"{""condition_number"":1000.0,""initialization"":""zero"",""preconditioner"":""none"",""target_relative_energy_error"":0.05}",{},10,benchmark_summary,,mean_wall_time_seconds,10,0.0008180665631021839,4.193353942594476e-06,1.3260549493845507e-06,0.0008150668184001696,0.0008210663078041982,2.9997447020142725e-06
cg_accuracy,full,evaluation,benchmark_diagnostic,conjugate_gradient,,diagnostic_not_executed_policy,"{""condition_number"":1000.0,""initialization"":""zero"",""preconditioner"":""none"",""target_relative_energy_error"":0.05}",{},10,benchmark_summary,,peak_host_memory_bytes,10,905725542.4,467960447.56117475,147982086.91650993,570966804.5159905,1240484280.2840095,334758737.8840095
cg_accuracy,full,evaluation,benchmark_diagnostic,conjugate_gradient,,diagnostic_not_executed_policy,"{""condition_number"":1000.0,""initialization"":""zero"",""preconditioner"":""none"",""target_relative_energy_error"":0.05}",{},10,benchmark_summary,,records_per_seed,10,1000.0,0.0,0.0,1000.0,1000.0,0.0
cg_accuracy,full,evaluation,benchmark_diagnostic,conjugate_gradient,,diagnostic_not_executed_policy,"{""condition_number"":1000.0,""initialization"":""warm"",""preconditioner"":""jacobi"",""target_relative_energy_error"":0.01}",{},10,benchmark_summary,,mean_cg_iterations,10,71.6467,0.07988331768550995,0.02526132309370217,71.58955491702181,71.70384508297818,0.05714508297817807
cg_accuracy,full,evaluation,benchmark_diagnostic,conjugate_gradient,,diagnostic_not_executed_policy,"{""condition_number"":1000.0,""initialization"":""warm"",""preconditioner"":""jacobi"",""target_relative_energy_error"":0.01}",{},10,benchmark_summary,,mean_exact_relative_energy_error,10,0.0002715160863114817,2.4085631959716714e-06,7.616545587724971e-07,0.00026979310399577656,0.0002732390686271868,1.7229823157051106e-06
cg_accuracy,full,evaluation,benchmark_diagnostic,conjugate_gradient,,diagnostic_not_executed_policy,"{""condition_number"":1000.0,""initialization"":""warm"",""preconditioner"":""jacobi"",""target_relative_energy_error"":0.01}",{},10,benchmark_summary,,mean_initial_relative_energy_error,10,8.883826354419593,0.06771480206136558,0.02141330058213801,8.835386103128558,8.932266605710629,0.04844025129103447
cg_accuracy,full,evaluation,benchmark_diagnostic,conjugate_gradient,,diagnostic_not_executed_policy,"{""condition_number"":1000.0,""initialization"":""warm"",""preconditioner"":""jacobi"",""target_relative_energy_error"":0.01}",{},10,benchmark_summary,,mean_predictive_width_relative_error,10,1.1486504621590571e-05,3.500201752205993e-07,1.1068609807083228e-07,1.1236115272017453e-05,1.173689397116369e-05,2.503893495731178e-07
cg_accuracy,full,evaluation,benchmark_diagnostic,conjugate_gradient,,diagnostic_not_executed_policy,"{""condition_number"":1000.0,""initialization"":""warm"",""preconditioner"":""jacobi"",""target_relative_energy_error"":0.01}",{},10,benchmark_summary,,mean_sample_cvp_count,10,18597.5552,20.450129327490547,6.4668987119877555,18582.926058757585,18612.184341242413,14.629141242413587
cg_accuracy,full,evaluation,benchmark_diagnostic,conjugate_gradient,,diagnostic_not_executed_policy,"{""condition_number"":1000.0,""initialization"":""warm"",""preconditioner"":""jacobi"",""target_relative_energy_error"":0.01}",{},10,benchmark_summary,,mean_wall_time_seconds,10,0.0009755561927799136,5.2568912354614255e-06,1.6623749715834616e-06,0.0009717956393306896,0.0009793167462291376,3.76055344922399e-06
cg_accuracy,full,evaluation,benchmark_diagnostic,conjugate_gradient,,diagnostic_not_executed_policy,"{""condition_number"":1000.0,""initialization"":""warm"",""preconditioner"":""jacobi"",""target_relative_energy_error"":0.01}",{},10,benchmark_summary,,peak_host_memory_bytes,10,905746841.6,467965562.75395006,147983704.482494,570984444.5275134,1240509238.6724868,334762397.07248664
cg_accuracy,full,evaluation,benchmark_diagnostic,conjugate_gradient,,diagnostic_not_executed_policy,"{""condition_number"":1000.0,""initialization"":""warm"",""preconditioner"":""jacobi"",""target_relative_energy_error"":0.01}",{},10,benchmark_summary,,records_per_seed,10,1000.0,0.0,0.0,1000.0,1000.0,0.0
cg_accuracy,full,evaluation,benchmark_diagnostic,conjugate_gradient,,diagnostic_not_executed_policy,"{""condition_number"":1000.0,""initialization"":""warm"",""preconditioner"":""none"",""target_relative_energy_error"":0.01}",{},10,benchmark_summary,,mean_cg_iterations,10,73.1026,0.03473774764015446,0.010985040332702726,73.07775011232775,73.12744988767224,0.02484988767225065
cg_accuracy,full,evaluation,benchmark_diagnostic,conjugate_gradient,,diagnostic_not_executed_policy,"{""condition_number"":1000.0,""initialization"":""warm"",""preconditioner"":""none"",""target_relative_energy_error"":0.01}",{},10,benchmark_summary,,mean_exact_relative_energy_error,10,0.0002540568090714384,1.8735027133625226e-06,5.924535776731147e-07,0.0002527165859670797,0.00025539703217579706,1.3402231043586592e-06
cg_accuracy,full,evaluation,benchmark_diagnostic,conjugate_gradient,,diagnostic_not_executed_policy,"{""condition_number"":1000.0,""initialization"":""warm"",""preconditioner"":""none"",""target_relative_energy_error"":0.01}",{},10,benchmark_summary,,mean_initial_relative_energy_error,10,8.88381126114098,0.06772231234305648,0.021415675541739277,8.835365637318073,8.932256884963888,0.04844562382290783
cg_accuracy,full,evaluation,benchmark_diagnostic,conjugate_gradient,,diagnostic_not_executed_policy,"{""condition_number"":1000.0,""initialization"":""warm"",""preconditioner"":""none"",""target_relative_energy_error"":0.01}",{},10,benchmark_summary,,mean_predictive_width_relative_error,10,1.0433336909424827e-05,3.236751342166254e-07,1.0235506460852364e-07,1.0201793666871982e-05,1.0664880151977672e-05,2.3154324255284477e-07
cg_accuracy,full,evaluation,benchmark_diagnostic,conjugate_gradient,,diagnostic_not_executed_policy,"{""condition_number"":1000.0,""initialization"":""warm"",""preconditioner"":""none"",""target_relative_energy_error"":0.01}",{},10,benchmark_summary,,mean_sample_cvp_count,10,18970.2656,8.892863395879541,2.812170325171898,18963.904028755904,18976.627171244094,6.361571244096166
cg_accuracy,full,evaluation,benchmark_diagnostic,conjugate_gradient,,diagnostic_not_executed_policy,"{""condition_number"":1000.0,""initialization"":""warm"",""preconditioner"":""none"",""target_relative_energy_error"":0.01}",{},10,benchmark_summary,,mean_wall_time_seconds,10,0.0009943668840511235,4.906871810477297e-06,1.5516891107582323e-06,0.0009908567194147858,0.0009978770486874613,3.5101646363377124e-06
cg_accuracy,full,evaluation,benchmark_diagnostic,conjugate_gradient,,diagnostic_not_executed_policy,"{""condition_number"":1000.0,""initialization"":""warm"",""preconditioner"":""none"",""target_relative_energy_error"":0.01}",{},10,benchmark_summary,,peak_host_memory_bytes,10,905743564.8,467963158.7989301,147982944.28516844,570982887.4133384,1240504242.1866615,334760677.38666147
cg_accuracy,full,evaluation,benchmark_diagnostic,conjugate_gradient,,diagnostic_not_executed_policy,"{""condition_number"":1000.0,""initialization"":""warm"",""preconditioner"":""none"",""target_relative_energy_error"":0.01}",{},10,benchmark_summary,,records_per_seed,10,1000.0,0.0,0.0,1000.0,1000.0,0.0
cg_accuracy,full,evaluation,benchmark_diagnostic,conjugate_gradient,,diagnostic_not_executed_policy,"{""condition_number"":1000.0,""initialization"":""zero"",""preconditioner"":""jacobi"",""target_relative_energy_error"":0.01}",{},10,benchmark_summary,,mean_cg_iterations,10,67.9163,0.10814090602336934,0.0341971571268069,67.83894065605827,67.99365934394174,0.0773593439417419
cg_accuracy,full,evaluation,benchmark_diagnostic,conjugate_gradient,,diagnostic_not_executed_policy,"{""condition_number"":1000.0,""initialization"":""zero"",""preconditioner"":""jacobi"",""target_relative_energy_error"":0.01}",{},10,benchmark_summary,,mean_exact_relative_energy_error,10,0.0002667403457375853,3.2612886082846647e-06,1.0313100109340218e-06,0.0002644073604092854,0.00026907333106588515,2.3329853282998925e-06
cg_accuracy,full,evaluation,benchmark_diagnostic,conjugate_gradient,,diagnostic_not_executed_policy,"{""condition_number"":1000.0,""initialization"":""zero"",""preconditioner"":""jacobi"",""target_relative_energy_error"":0.01}",{},10,benchmark_summary,,mean_initial_relative_energy_error,10,1.0,0.0,0.0,1.0,1.0,0.0
cg_accuracy,full,evaluation,benchmark_diagnostic,conjugate_gradient,,diagnostic_not_executed_policy,"{""condition_number"":1000.0,""initialization"":""zero"",""preconditioner"":""jacobi"",""target_relative_energy_error"":0.01}",{},10,benchmark_summary,,mean_predictive_width_relative_error,10,1.889780648429141e-07,7.477327690744557e-09,2.364538631419993e-09,1.8362910684113429e-07,1.943270228446939e-07,5.348958001779802e-09
cg_accuracy,full,evaluation,benchmark_diagnostic,conjugate_gradient,,diagnostic_not_executed_policy,"{""condition_number"":1000.0,""initialization"":""zero"",""preconditioner"":""jacobi"",""target_relative_energy_error"":0.01}",{},10,benchmark_summary,,mean_sample_cvp_count,10,17386.5728,27.684071941982552,8.754472224462566,17366.768807950917,17406.376792049086,19.803992049085927
cg_accuracy,full,evaluation,benchmark_diagnostic,conjugate_gradient,,diagnostic_not_executed_policy,"{""condition_number"":1000.0,""initialization"":""zero"",""preconditioner"":""jacobi"",""target_relative_energy_error"":0.01}",{},10,benchmark_summary,,mean_wall_time_seconds,10,0.0009261099649476819,5.615080359946071e-06,1.775644318230768e-06,0.0009220931784346142,0.0009301267514607496,4.016786513067667e-06
cg_accuracy,full,evaluation,benchmark_diagnostic,conjugate_gradient,,diagnostic_not_executed_policy,"{""condition_number"":1000.0,""initialization"":""zero"",""preconditioner"":""jacobi"",""target_relative_energy_error"":0.01}",{},10,benchmark_summary,,peak_host_memory_bytes,10,905743564.8,467963158.7989301,147982944.28516844,570982887.4133384,1240504242.1866615,334760677.38666147
cg_accuracy,full,evaluation,benchmark_diagnostic,conjugate_gradient,,diagnostic_not_executed_policy,"{""condition_number"":1000.0,""initialization"":""zero"",""preconditioner"":""jacobi"",""target_relative_energy_error"":0.01}",{},10,benchmark_summary,,records_per_seed,10,1000.0,0.0,0.0,1000.0,1000.0,0.0
cg_accuracy,full,evaluation,benchmark_diagnostic,conjugate_gradient,,diagnostic_not_executed_policy,"{""condition_number"":1000.0,""initialization"":""zero"",""preconditioner"":""none"",""target_relative_energy_error"":0.01}",{},10,benchmark_summary,,mean_cg_iterations,10,69.08959999999999,0.05243662841945579,0.016581917862539538,69.05208909573432,69.12711090426566,0.03751090426567531
cg_accuracy,full,evaluation,benchmark_diagnostic,conjugate_gradient,,diagnostic_not_executed_policy,"{""condition_number"":1000.0,""initialization"":""zero"",""preconditioner"":""none"",""target_relative_energy_error"":0.01}",{},10,benchmark_summary,,mean_exact_relative_energy_error,10,0.00025850138470245203,1.7779624007514243e-06,5.622410780515568e-07,0.00025722950702051833,0.00025977326238438574,1.2718776819337137e-06
cg_accuracy,full,evaluation,benchmark_diagnostic,conjugate_gradient,,diagnostic_not_executed_policy,"{""condition_number"":1000.0,""initialization"":""zero"",""preconditioner"":""none"",""target_relative_energy_error"":0.01}",{},10,benchmark_summary,,mean_initial_relative_energy_error,10,1.0,0.0,0.0,1.0,1.0,0.0
cg_accuracy,full,evaluation,benchmark_diagnostic,conjugate_gradient,,diagnostic_not_executed_policy,"{""condition_number"":1000.0,""initialization"":""zero"",""preconditioner"":""none"",""target_relative_energy_error"":0.01}",{},10,benchmark_summary,,mean_predictive_width_relative_error,10,1.5561850970560338e-07,7.227239638377279e-09,2.2854538453123863e-09,1.5044845391918528e-07,1.607885654920215e-07,5.170055786418115e-09
cg_accuracy,full,evaluation,benchmark_diagnostic,conjugate_gradient,,diagnostic_not_executed_policy,"{""condition_number"":1000.0,""initialization"":""zero"",""preconditioner"":""none"",""target_relative_energy_error"":0.01}",{},10,benchmark_summary,,mean_sample_cvp_count,10,17686.937599999997,13.423776875380682,4.244970972810122,17677.334808507985,17696.54039149201,9.60279149201288
cg_accuracy,full,evaluation,benchmark_diagnostic,conjugate_gradient,,diagnostic_not_executed_policy,"{""condition_number"":1000.0,""initialization"":""zero"",""preconditioner"":""none"",""target_relative_energy_error"":0.01}",{},10,benchmark_summary,,mean_wall_time_seconds,10,0.0009418532406154555,5.117702784720609e-06,1.6183597187503486e-06,0.0009381922565857003,0.0009455142246452107,3.6609840297551893e-06
cg_accuracy,full,evaluation,benchmark_diagnostic,conjugate_gradient,,diagnostic_not_executed_policy,"{""condition_number"":1000.0,""initialization"":""zero"",""preconditioner"":""none"",""target_relative_energy_error"":0.01}",{},10,benchmark_summary,,peak_host_memory_bytes,10,905743564.8,467963158.7989301,147982944.28516844,570982887.4133384,1240504242.1866615,334760677.38666147
cg_accuracy,full,evaluation,benchmark_diagnostic,conjugate_gradient,,diagnostic_not_executed_policy,"{""condition_number"":1000.0,""initialization"":""zero"",""preconditioner"":""none"",""target_relative_energy_error"":0.01}",{},10,benchmark_summary,,records_per_seed,10,1000.0,0.0,0.0,1000.0,1000.0,0.0
cg_accuracy,full,evaluation,cg_accuracy_validity_and_warm_start_audit,,,diagnostic_validation,{},{},10,benchmark_validation,,certificate_target_failure_count,,0,,,,,
cg_accuracy,full,evaluation,cg_accuracy_validity_and_warm_start_audit,,,diagnostic_validation,{},{},10,benchmark_validation,,optimism_violation_count,,0,,,,,
cg_accuracy,full,evaluation,cg_accuracy_validity_and_warm_start_audit,,,diagnostic_validation,{},{},10,benchmark_validation,,residual_certificate_violation_count,,0,,,,,
cg_accuracy,full,evaluation,cg_accuracy_validity_and_warm_start_audit,,,diagnostic_validation,{},{},10,benchmark_validation,,sandwich_violation_count,,0,,,,,
cg_accuracy,full,evaluation,cg_accuracy_validity_and_warm_start_audit,,,diagnostic_validation,{},{},10,benchmark_validation,,target_failure_count,,0,,,,,
cg_accuracy,full,evaluation,cg_accuracy_validity_and_warm_start_audit,warm,zero,warm_minus_zero,"{""condition_number"":10.0,""preconditioner"":""jacobi"",""target_relative_energy_error"":0.01}",{},10,benchmark_paired,,mean_cg_iterations_difference,10,0.6501999999999999,0.012523755205385971,0.003960359130740951,0.641241045225141,0.6591589547748588,0.008958954774858915
cg_accuracy,full,evaluation,cg_accuracy_validity_and_warm_start_audit,warm,zero,warm_minus_zero,"{""condition_number"":10.0,""preconditioner"":""jacobi"",""target_relative_energy_error"":0.01}",{},10,benchmark_paired,,mean_initial_relative_energy_error_difference,10,0.7809497112208579,0.004147785731348482,0.0013116450157408467,0.7779825640534511,0.7839168583882646,0.0029671471674067207
cg_accuracy,full,evaluation,cg_accuracy_validity_and_warm_start_audit,warm,zero,warm_minus_zero,"{""condition_number"":10.0,""preconditioner"":""none"",""target_relative_energy_error"":0.01}",{},10,benchmark_paired,,mean_cg_iterations_difference,10,0.5772999999999999,0.015613740387520808,0.004937498241912582,0.5661306029857538,0.588469397014246,0.011169397014246091
cg_accuracy,full,evaluation,cg_accuracy_validity_and_warm_start_audit,warm,zero,warm_minus_zero,"{""condition_number"":10.0,""preconditioner"":""none"",""target_relative_energy_error"":0.01}",{},10,benchmark_paired,,mean_initial_relative_energy_error_difference,10,0.7809386050332026,0.004147790380557585,0.001311646485949855,0.777971454539952,0.7839057555264531,0.0029671504932505598
cg_accuracy,full,evaluation,cg_accuracy_validity_and_warm_start_audit,warm,zero,warm_minus_zero,"{""condition_number"":10.0,""preconditioner"":""jacobi"",""target_relative_energy_error"":0.05}",{},10,benchmark_paired,,mean_cg_iterations_difference,10,0.8663000000000001,0.0147199788647191,0.004654866032205191,0.855769961463381,0.8768300385366191,0.010530038536619032
cg_accuracy,full,evaluation,cg_accuracy_validity_and_warm_start_audit,warm,zero,warm_minus_zero,"{""condition_number"":10.0,""preconditioner"":""jacobi"",""target_relative_energy_error"":0.05}",{},10,benchmark_paired,,mean_initial_relative_energy_error_difference,10,0.7804351868185686,0.004127553476404239,0.0013052470149583456,0.7774825129344596,0.7833878607026776,0.0029526738841089972
cg_accuracy,full,evaluation,cg_accuracy_validity_and_warm_start_audit,warm,zero,warm_minus_zero,"{""condition_number"":10.0,""preconditioner"":""none"",""target_relative_energy_error"":0.05}",{},10,benchmark_paired,,mean_cg_iterations_difference,10,0.9061,0.009097618736057618,0.002876919648976429,0.8995919556092731,0.912608044390727,0.006508044390726926
cg_accuracy,full,evaluation,cg_accuracy_validity_and_warm_start_audit,warm,zero,warm_minus_zero,"{""condition_number"":10.0,""preconditioner"":""none"",""target_relative_energy_error"":0.05}",{},10,benchmark_paired,,mean_initial_relative_energy_error_difference,10,0.7803589362896654,0.0041207974856103,0.001303110583082348,0.7774110953502275,0.7833067772291032,0.002947840939437879
cg_accuracy,full,evaluation,cg_accuracy_validity_and_warm_start_audit,warm,zero,warm_minus_zero,"{""condition_number"":10.0,""preconditioner"":""jacobi"",""target_relative_energy_error"":0.1}",{},10,benchmark_paired,,mean_cg_iterations_difference,10,0.8664,0.011442610424782153,0.003618471132029841,0.8582144496103001,0.8745855503896998,0.008185550389699833
cg_accuracy,full,evaluation,cg_accuracy_validity_and_warm_start_audit,warm,zero,warm_minus_zero,"{""condition_number"":10.0,""preconditioner"":""jacobi"",""target_relative_energy_error"":0.1}",{},10,benchmark_paired,,mean_initial_relative_energy_error_difference,10,0.7790253062627419,0.004127644017634973,0.001305275646609473,0.7760725676093382,0.7819780449161456,0.002952738653403678
cg_accuracy,full,evaluation,cg_accuracy_validity_and_warm_start_audit,warm,zero,warm_minus_zero,"{""condition_number"":10.0,""preconditioner"":""none"",""target_relative_energy_error"":0.1}",{},10,benchmark_paired,,mean_cg_iterations_difference,10,0.9218,0.0099866577659062,0.0031580584752872233,0.9146559753995934,0.9289440246004065,0.00714402460040657
cg_accuracy,full,evaluation,cg_accuracy_validity_and_warm_start_audit,warm,zero,warm_minus_zero,"{""condition_number"":10.0,""preconditioner"":""none"",""target_relative_energy_error"":0.1}",{},10,benchmark_paired,,mean_initial_relative_energy_error_difference,10,0.7788516222571932,0.004079795770666096,0.001290144702362683,0.7759331121776972,0.7817701323366891,0.0029185100794959016
cg_accuracy,full,evaluation,cg_accuracy_validity_and_warm_start_audit,warm,zero,warm_minus_zero,"{""condition_number"":10.0,""preconditioner"":""jacobi"",""target_relative_energy_error"":0.25}",{},10,benchmark_paired,,mean_cg_iterations_difference,10,0.5467000000000002,0.021756480516031285,0.006880003229973434,0.531136351413241,0.5622636485867594,0.01556364858675919
cg_accuracy,full,evaluation,cg_accuracy_validity_and_warm_start_audit,warm,zero,warm_minus_zero,"{""condition_number"":10.0,""preconditioner"":""jacobi"",""target_relative_energy_error"":0.25}",{},10,benchmark_paired,,mean_initial_relative_energy_error_difference,10,0.7689506878121943,0.004144142102066082,0.0013104927989926799,0.7659861471401576,0.7719152284842311,0.002964540672036759
cg_accuracy,full,evaluation,cg_accuracy_validity_and_warm_start_audit,warm,zero,warm_minus_zero,"{""condition_number"":10.0,""preconditioner"":""none"",""target_relative_energy_error"":0.25}",{},10,benchmark_paired,,mean_cg_iterations_difference,10,0.6230999999999999,0.021604783420961806,0.006832032396488369,0.6076448689778143,0.6385551310221854,0.015455131022185549
cg_accuracy,full,evaluation,cg_accuracy_validity_and_warm_start_audit,warm,zero,warm_minus_zero,"{""condition_number"":10.0,""preconditioner"":""none"",""target_relative_energy_error"":0.25}",{},10,benchmark_paired,,mean_initial_relative_energy_error_difference,10,0.7695171085709998,0.004086767880934643,0.0012923494772173287,0.766593610944274,0.7724406061977255,0.002923497626725696
cg_accuracy,full,evaluation,cg_accuracy_validity_and_warm_start_audit,warm,zero,warm_minus_zero,"{""condition_number"":10.0,""preconditioner"":""jacobi"",""target_relative_energy_error"":0.5}",{},10,benchmark_paired,,mean_cg_iterations_difference,10,0.5096,0.017551194957735442,0.005550175172410669,0.4970446314789465,0.5221553685210536,0.012555368521053557
cg_accuracy,full,evaluation,cg_accuracy_validity_and_warm_start_audit,warm,zero,warm_minus_zero,"{""condition_number"":10.0,""preconditioner"":""jacobi"",""target_relative_energy_error"":0.5}",{},10,benchmark_paired,,mean_initial_relative_energy_error_difference,10,0.7411655858340421,0.004000068274297656,0.0012649326542959758,0.7383041093696692,0.7440270622984151,0.002861476464372987
cg_accuracy,full,evaluation,cg_accuracy_validity_and_warm_start_audit,warm,zero,warm_minus_zero,"{""condition_number"":10.0,""preconditioner"":""none"",""target_relative_energy_error"":0.5}",{},10,benchmark_paired,,mean_cg_iterations_difference,10,0.5315999999999999,0.013525284963110092,0.004277070648625435,0.5219245939964179,0.5412754060035818,0.009675406003581992
cg_accuracy,full,evaluation,cg_accuracy_validity_and_warm_start_audit,warm,zero,warm_minus_zero,"{""condition_number"":10.0,""preconditioner"":""none"",""target_relative_energy_error"":0.5}",{},10,benchmark_paired,,mean_initial_relative_energy_error_difference,10,0.7424887974565596,0.0041973903869416025,0.0013273313851630939,0.739486165256206,0.7454914296569132,0.0030026322003535557
cg_accuracy,full,evaluation,cg_accuracy_validity_and_warm_start_audit,warm,zero,warm_minus_zero,"{""condition_number"":100.0,""preconditioner"":""jacobi"",""target_relative_energy_error"":0.01}",{},10,benchmark_paired,,mean_cg_iterations_difference,10,1.7855000000000003,0.04937892037881979,0.015614985679717494,1.750176448297636,1.8208235517023645,0.03532355170236432
cg_accuracy,full,evaluation,cg_accuracy_validity_and_warm_start_audit,warm,zero,warm_minus_zero,"{""condition_number"":100.0,""preconditioner"":""jacobi"",""target_relative_energy_error"":0.01}",{},10,benchmark_paired,,mean_initial_relative_energy_error_difference,10,2.515697952729393,0.01641477390777946,0.005190807282528579,2.503955530854516,2.52744037460427,0.011742421874877111
cg_accuracy,full,evaluation,cg_accuracy_validity_and_warm_start_audit,warm,zero,warm_minus_zero,"{""condition_number"":100.0,""preconditioner"":""none"",""target_relative_energy_error"":0.01}",{},10,benchmark_paired,,mean_cg_iterations_difference,10,2.0136000000000003,0.03827735042496572,0.01210436101393057,1.986218033031242,2.0409819669687588,0.02738196696875838
cg_accuracy,full,evaluation,cg_accuracy_validity_and_warm_start_audit,warm,zero,warm_minus_zero,"{""condition_number"":100.0,""preconditioner"":""none"",""target_relative_energy_error"":0.01}",{},10,benchmark_paired,,mean_initial_relative_energy_error_difference,10,2.515695599517032,0.01640762306438555,0.0051885459872969865,2.50395829304736,2.527432905986704,0.011737306469671761
cg_accuracy,full,evaluation,cg_accuracy_validity_and_warm_start_audit,warm,zero,warm_minus_zero,"{""condition_number"":100.0,""preconditioner"":""jacobi"",""target_relative_energy_error"":0.05}",{},10,benchmark_paired,,mean_cg_iterations_difference,10,1.8696000000000006,0.031976380171759126,0.0101118192670205,1.8467254756161893,1.892474524383812,0.02287452438381132
cg_accuracy,full,evaluation,cg_accuracy_validity_and_warm_start_audit,warm,zero,warm_minus_zero,"{""condition_number"":100.0,""preconditioner"":""jacobi"",""target_relative_energy_error"":0.05}",{},10,benchmark_paired,,mean_initial_relative_energy_error_difference,10,2.5155291964401405,0.016395178572412485,0.00518461069340113,2.503800792223743,2.527257600656538,0.011728404216397533
cg_accuracy,full,evaluation,cg_accuracy_validity_and_warm_start_audit,warm,zero,warm_minus_zero,"{""condition_number"":100.0,""preconditioner"":""none"",""target_relative_energy_error"":0.05}",{},10,benchmark_paired,,mean_cg_iterations_difference,10,1.8189999999999997,0.01951068083554947,0.006169819014093341,1.8050428997241,1.8329571002758995,0.01395710027589981
cg_accuracy,full,evaluation,cg_accuracy_validity_and_warm_start_audit,warm,zero,warm_minus_zero,"{""condition_number"":100.0,""preconditioner"":""none"",""target_relative_energy_error"":0.05}",{},10,benchmark_paired,,mean_initial_relative_energy_error_difference,10,2.5154723442081544,0.016369979865342093,0.005176642162557747,2.503761966060881,2.5271827223554277,0.011710378147273198
cg_accuracy,full,evaluation,cg_accuracy_validity_and_warm_start_audit,warm,zero,warm_minus_zero,"{""condition_number"":100.0,""preconditioner"":""jacobi"",""target_relative_energy_error"":0.1}",{},10,benchmark_paired,,mean_cg_iterations_difference,10,2.0092000000000008,0.024211108561521404,0.0076562247732010515,1.991880416289311,2.0265195837106904,0.01731958371068982
cg_accuracy,full,evaluation,cg_accuracy_validity_and_warm_start_audit,warm,zero,warm_minus_zero,"{""condition_number"":100.0,""preconditioner"":""jacobi"",""target_relative_energy_error"":0.1}",{},10,benchmark_paired,,mean_initial_relative_energy_error_difference,10,2.51499867817203,0.01636844035660647,0.005176155327149518,2.5032894013229625,2.5267079550210974,0.011709276849067368
cg_accuracy,full,evaluation,cg_accuracy_validity_and_warm_start_audit,warm,zero,warm_minus_zero,"{""condition_number"":100.0,""preconditioner"":""none"",""target_relative_energy_error"":0.1}",{},10,benchmark_paired,,mean_cg_iterations_difference,10,1.9968,0.028385442278275348,0.008976264999058915,1.9764942778372039,2.0171057221627957,0.020305722162795945
cg_accuracy,full,evaluation,cg_accuracy_validity_and_warm_start_audit,warm,zero,warm_minus_zero,"{""condition_number"":100.0,""preconditioner"":""none"",""target_relative_energy_error"":0.1}",{},10,benchmark_paired,,mean_initial_relative_energy_error_difference,10,2.5148568123580257,0.016350463809170768,0.00517047064371323,2.503160395156312,2.5265532295597395,0.01169641720171373
cg_accuracy,full,evaluation,cg_accuracy_validity_and_warm_start_audit,warm,zero,warm_minus_zero,"{""condition_number"":100.0,""preconditioner"":""jacobi"",""target_relative_energy_error"":0.25}",{},10,benchmark_paired,,mean_cg_iterations_difference,10,2.2300000000000004,0.02349468024894183,0.0074296702484028,2.213192918230347,2.2468070817696537,0.016807081769653114
cg_accuracy,full,evaluation,cg_accuracy_validity_and_warm_start_audit,warm,zero,warm_minus_zero,"{""condition_number"":100.0,""preconditioner"":""jacobi"",""target_relative_energy_error"":0.25}",{},10,benchmark_paired,,mean_initial_relative_energy_error_difference,10,2.5116575097545524,0.016368023404346812,0.00517602347526791,2.4999485311751632,2.5233664883339415,0.01170897857938896
cg_accuracy,full,evaluation,cg_accuracy_validity_and_warm_start_audit,warm,zero,warm_minus_zero,"{""condition_number"":100.0,""preconditioner"":""none"",""target_relative_energy_error"":0.25}",{},10,benchmark_paired,,mean_cg_iterations_difference,10,2.2273000000000005,0.023926043458030465,0.007566079272354753,2.2101843395797443,2.2444156604202568,0.017115660420256334
cg_accuracy,full,evaluation,cg_accuracy_validity_and_warm_start_audit,warm,zero,warm_minus_zero,"{""condition_number"":100.0,""preconditioner"":""none"",""target_relative_energy_error"":0.25}",{},10,benchmark_paired,,mean_initial_relative_energy_error_difference,10,2.5112801526998583,0.01632221814855228,0.005161538581556176,2.499603941226532,2.5229563641731847,0.01167621147332659
cg_accuracy,full,evaluation,cg_accuracy_validity_and_warm_start_audit,warm,zero,warm_minus_zero,"{""condition_number"":100.0,""preconditioner"":""jacobi"",""target_relative_energy_error"":0.5}",{},10,benchmark_paired,,mean_cg_iterations_difference,10,2.3945999999999996,0.02090826524500713,0.006611774009716099,2.3796431280651174,2.409556871934882,0.014956871934882283
cg_accuracy,full,evaluation,cg_accuracy_validity_and_warm_start_audit,warm,zero,warm_minus_zero,"{""condition_number"":100.0,""preconditioner"":""jacobi"",""target_relative_energy_error"":0.5}",{},10,benchmark_paired,,mean_initial_relative_energy_error_difference,10,2.5014352760407568,0.01628557697507897,0.0051499516251244755,2.489785276083917,2.5130852759975966,0.011649999956839588
cg_accuracy,full,evaluation,cg_accuracy_validity_and_warm_start_audit,warm,zero,warm_minus_zero,"{""condition_number"":100.0,""preconditioner"":""none"",""target_relative_energy_error"":0.5}",{},10,benchmark_paired,,mean_cg_iterations_difference,10,2.3945999999999996,0.01983375349694957,0.0062719835600690095,2.380411787464637,2.408788212535362,0.014188212535362696
cg_accuracy,full,evaluation,cg_accuracy_validity_and_warm_start_audit,warm,zero,warm_minus_zero,"{""condition_number"":100.0,""preconditioner"":""none"",""target_relative_energy_error"":0.5}",{},10,benchmark_paired,,mean_initial_relative_energy_error_difference,10,2.5007686113413774,0.01610580023337665,0.005093101227714165,2.4892472159182475,2.5122900067645073,0.01152139542312993
cg_accuracy,full,evaluation,cg_accuracy_validity_and_warm_start_audit,warm,zero,warm_minus_zero,"{""condition_number"":1000.0,""preconditioner"":""jacobi"",""target_relative_energy_error"":0.01}",{},10,benchmark_paired,,mean_cg_iterations_difference,10,3.7304000000000004,0.09274960317375407,0.029329999810584467,3.664050930843617,3.796749069156384,0.06634906915638364
cg_accuracy,full,evaluation,cg_accuracy_validity_and_warm_start_audit,warm,zero,warm_minus_zero,"{""condition_number"":1000.0,""preconditioner"":""jacobi"",""target_relative_energy_error"":0.01}",{},10,benchmark_paired,,mean_initial_relative_energy_error_difference,10,7.883826354419594,0.06771480206136558,0.02141330058213801,7.83538610312856,7.932266605710629,0.04844025129103447
cg_accuracy,full,evaluation,cg_accuracy_validity_and_warm_start_audit,warm,zero,warm_minus_zero,"{""condition_number"":1000.0,""preconditioner"":""none"",""target_relative_energy_error"":0.01}",{},10,benchmark_paired,,mean_cg_iterations_difference,10,4.012999999999996,0.04919575410767153,0.015557063418982647,3.977807477554639,4.048192522445354,0.035192522445357526
cg_accuracy,full,evaluation,cg_accuracy_validity_and_warm_start_audit,warm,zero,warm_minus_zero,"{""condition_number"":1000.0,""preconditioner"":""none"",""target_relative_energy_error"":0.01}",{},10,benchmark_paired,,mean_initial_relative_energy_error_difference,10,7.88381126114098,0.06772231234305648,0.021415675541739277,7.835365637318072,7.932256884963888,0.04844562382290783
cg_accuracy,full,evaluation,cg_accuracy_validity_and_warm_start_audit,warm,zero,warm_minus_zero,"{""condition_number"":1000.0,""preconditioner"":""jacobi"",""target_relative_energy_error"":0.05}",{},10,benchmark_paired,,mean_cg_iterations_difference,10,3.8371999999999993,0.059728645649395756,0.018887856180919746,3.7944727008504295,3.879927299149569,0.04272729914956995
cg_accuracy,full,evaluation,cg_accuracy_validity_and_warm_start_audit,warm,zero,warm_minus_zero,"{""condition_number"":1000.0,""preconditioner"":""jacobi"",""target_relative_energy_error"":0.05}",{},10,benchmark_paired,,mean_initial_relative_energy_error_difference,10,7.883771020371898,0.06768964834568066,0.02140534627881994,7.83534876296509,7.9321932777787065,0.04842225740680843
cg_accuracy,full,evaluation,cg_accuracy_validity_and_warm_start_audit,warm,zero,warm_minus_zero,"{""condition_number"":1000.0,""preconditioner"":""none"",""target_relative_energy_error"":0.05}",{},10,benchmark_paired,,mean_cg_iterations_difference,10,3.864299999999999,0.07481243212194098,0.02365776828020772,3.8107824100291072,3.917817589970891,0.053517589970892065
cg_accuracy,full,evaluation,cg_accuracy_validity_and_warm_start_audit,warm,zero,warm_minus_zero,"{""condition_number"":1000.0,""preconditioner"":""none"",""target_relative_energy_error"":0.05}",{},10,benchmark_paired,,mean_initial_relative_energy_error_difference,10,7.883696282127721,0.06771067603726776,0.021411995818755022,7.835258982416519,7.932133581838922,0.048437299711201885
cg_accuracy,full,evaluation,cg_accuracy_validity_and_warm_start_audit,warm,zero,warm_minus_zero,"{""condition_number"":1000.0,""preconditioner"":""jacobi"",""target_relative_energy_error"":0.1}",{},10,benchmark_paired,,mean_cg_iterations_difference,10,3.898600000000001,0.06958799385589928,0.022005655838644472,3.8488197480225392,3.9483802519774627,0.049780251977461734
cg_accuracy,full,evaluation,cg_accuracy_validity_and_warm_start_audit,warm,zero,warm_minus_zero,"{""condition_number"":1000.0,""preconditioner"":""jacobi"",""target_relative_energy_error"":0.1}",{},10,benchmark_paired,,mean_initial_relative_energy_error_difference,10,7.883522720248297,0.0677100721067971,0.021411804839171454,7.835085852562928,7.931959587933665,0.04843686768536897
cg_accuracy,full,evaluation,cg_accuracy_validity_and_warm_start_audit,warm,zero,warm_minus_zero,"{""condition_number"":1000.0,""preconditioner"":""none"",""target_relative_energy_error"":0.1}",{},10,benchmark_paired,,mean_cg_iterations_difference,10,3.8920999999999983,0.06359673296989761,0.020111052793040103,3.84660563787281,3.9375943621271867,0.04549436212718851
cg_accuracy,full,evaluation,cg_accuracy_validity_and_warm_start_audit,warm,zero,warm_minus_zero,"{""condition_number"":1000.0,""preconditioner"":""none"",""target_relative_energy_error"":0.1}",{},10,benchmark_paired,,mean_initial_relative_energy_error_difference,10,7.883432257858788,0.06775993753341288,0.02142757367163164,7.83495971859612,7.931904797121455,0.048472539262667744
cg_accuracy,full,evaluation,cg_accuracy_validity_and_warm_start_audit,warm,zero,warm_minus_zero,"{""condition_number"":1000.0,""preconditioner"":""jacobi"",""target_relative_energy_error"":0.25}",{},10,benchmark_paired,,mean_cg_iterations_difference,10,4.1046,0.05922874677421817,0.018729774276388007,4.062230306963075,4.146969693036924,0.04236969303692469
cg_accuracy,full,evaluation,cg_accuracy_validity_and_warm_start_audit,warm,zero,warm_minus_zero,"{""condition_number"":1000.0,""preconditioner"":""jacobi"",""target_relative_energy_error"":0.25}",{},10,benchmark_paired,,mean_initial_relative_energy_error_difference,10,7.882259404087813,0.06770453660943318,0.02141005436120627,7.833826496258712,7.930692311916915,0.04843290782910171
cg_accuracy,full,evaluation,cg_accuracy_validity_and_warm_start_audit,warm,zero,warm_minus_zero,"{""condition_number"":1000.0,""preconditioner"":""none"",""target_relative_energy_error"":0.25}",{},10,benchmark_paired,,mean_cg_iterations_difference,10,4.257,0.06179356313115802,0.019540840423186538,4.212795547869591,4.301204452130408,0.044204452130408134
cg_accuracy,full,evaluation,cg_accuracy_validity_and_warm_start_audit,warm,zero,warm_minus_zero,"{""condition_number"":1000.0,""preconditioner"":""none"",""target_relative_energy_error"":0.25}",{},10,benchmark_paired,,mean_initial_relative_energy_error_difference,10,7.881976738395776,0.06778233635434047,0.021434656800734985,7.833488175981873,7.93046530080968,0.0484885624139039
cg_accuracy,full,evaluation,cg_accuracy_validity_and_warm_start_audit,warm,zero,warm_minus_zero,"{""condition_number"":1000.0,""preconditioner"":""jacobi"",""target_relative_energy_error"":0.5}",{},10,benchmark_paired,,mean_cg_iterations_difference,10,4.3084,0.054732074691170966,0.017307801709055708,4.2692470323915686,4.347552967608431,0.03915296760843138
cg_accuracy,full,evaluation,cg_accuracy_validity_and_warm_start_audit,warm,zero,warm_minus_zero,"{""condition_number"":1000.0,""preconditioner"":""jacobi"",""target_relative_energy_error"":0.5}",{},10,benchmark_paired,,mean_initial_relative_energy_error_difference,10,7.87831549629377,0.06745550137485527,0.021331302505316223,7.8300607375395535,7.926570255047987,0.048254758754216386
cg_accuracy,full,evaluation,cg_accuracy_validity_and_warm_start_audit,warm,zero,warm_minus_zero,"{""condition_number"":1000.0,""preconditioner"":""none"",""target_relative_energy_error"":0.5}",{},10,benchmark_paired,,mean_cg_iterations_difference,10,4.525699999999999,0.06654998121712694,0.021044951888754576,4.478093011344109,4.573306988655888,0.047606988655889776
cg_accuracy,full,evaluation,cg_accuracy_validity_and_warm_start_audit,warm,zero,warm_minus_zero,"{""condition_number"":1000.0,""preconditioner"":""none"",""target_relative_energy_error"":0.5}",{},10,benchmark_paired,,mean_initial_relative_energy_error_difference,10,7.877755668598065,0.06770073294798688,0.021408851537844425,7.829325481744447,7.926185855451684,0.04843018685361813
