experiment,profile,seed_set,comparison,method,reference_method,difference_direction,variant_json,hyperparameters_json,run_count,scope,horizon,metric,n,mean,standard_deviation,standard_error,ci95_low,ci95_high,ci95_half_width
covertype_rerun,full,evaluation,default,greedy_full_network,,,{},"{""bonus_scale"":0.0,""damping"":1.0,""model_ridge"":1.0}",10,summary,,accuracy,10,0.1885,0.09401684246275593,0.029730736059954296,0.1212444024667115,0.25575559753328847,0.0672555975332885
covertype_rerun,full,evaluation,default,greedy_full_network,,,{},"{""bonus_scale"":0.0,""damping"":1.0,""model_ridge"":1.0}",10,summary,,bonus_scale,10,0.0,0.0,0.0,0.0,0.0,0.0
covertype_rerun,full,evaluation,default,greedy_full_network,,,{},"{""bonus_scale"":0.0,""damping"":1.0,""model_ridge"":1.0}",10,summary,,cumulative_pseudo_regret,10,162.3,18.803368492551186,5.9461472119908585,148.8488804933423,175.75111950665772,13.451119506657697
covertype_rerun,full,evaluation,default,greedy_full_network,,,{},"{""bonus_scale"":0.0,""damping"":1.0,""model_ridge"":1.0}",10,summary,,cumulative_reward,10,37.7,18.803368492551186,5.9461472119908585,24.248880493342305,51.1511195066577,13.451119506657697
covertype_rerun,full,evaluation,default,greedy_full_network,,,{},"{""bonus_scale"":0.0,""damping"":1.0,""model_ridge"":1.0}",10,summary,,curvature_vector_products,10,0.0,0.0,0.0,0.0,0.0,0.0
covertype_rerun,full,evaluation,default,greedy_full_network,,,{},"{""bonus_scale"":0.0,""damping"":1.0,""model_ridge"":1.0}",10,summary,,damping,10,1.0,0.0,0.0,1.0,1.0,0.0
covertype_rerun,full,evaluation,default,greedy_full_network,,,{},"{""bonus_scale"":0.0,""damping"":1.0,""model_ridge"":1.0}",10,summary,,environment_seed,10,1841141347.2,1031424982.1314585,326165217.9133881,1103304363.241592,2578978331.158408,737836983.9584082
covertype_rerun,full,evaluation,default,greedy_full_network,,,{},"{""bonus_scale"":0.0,""damping"":1.0,""model_ridge"":1.0}",10,summary,,final_displacement_norm,10,0.24884172931982676,0.057940080194075594,0.01832226212260896,0.20739389282050066,0.2902895658191529,0.0414478364993261
covertype_rerun,full,evaluation,default,greedy_full_network,,,{},"{""bonus_scale"":0.0,""damping"":1.0,""model_ridge"":1.0}",10,summary,,initialization_seed,10,2445189789.9,983884152.581073,311131487.5900824,1741361466.6760345,3149018113.1239657,703828323.2239658
covertype_rerun,full,evaluation,default,greedy_full_network,,,{},"{""bonus_scale"":0.0,""damping"":1.0,""model_ridge"":1.0}",10,summary,,mean_pseudo_regret,10,0.8115,0.09401684246275595,0.0297307360599543,0.7442444024667115,0.8787555975332885,0.0672555975332885
covertype_rerun,full,evaluation,default,greedy_full_network,,,{},"{""bonus_scale"":0.0,""damping"":1.0,""model_ridge"":1.0}",10,summary,,model_ridge,10,1.0,0.0,0.0,1.0,1.0,0.0
covertype_rerun,full,evaluation,default,greedy_full_network,,,{},"{""bonus_scale"":0.0,""damping"":1.0,""model_ridge"":1.0}",10,summary,,peak_host_memory_bytes,10,636480716.8,24194337.917062078,7650921.429769016,619173130.0856417,653788303.5143582,17307586.714358263
covertype_rerun,full,evaluation,default,greedy_full_network,,,{},"{""bonus_scale"":0.0,""damping"":1.0,""model_ridge"":1.0}",10,summary,,rounds,10,200.0,0.0,0.0,200.0,200.0,0.0
covertype_rerun,full,evaluation,default,greedy_full_network,,,{},"{""bonus_scale"":0.0,""damping"":1.0,""model_ridge"":1.0}",10,summary,,runtime_seconds,10,0.009788402303820476,0.0004967250708040837,0.00015707825946493102,0.009433066594052008,0.010143738013588944,0.00035533570976846863
covertype_rerun,full,evaluation,default,greedy_full_network,,,{},"{""bonus_scale"":0.0,""damping"":1.0,""model_ridge"":1.0}",10,summary,,schema_version,10,1.0,0.0,0.0,1.0,1.0,0.0
covertype_rerun,full,evaluation,default,greedy_full_network,,,{},"{""bonus_scale"":0.0,""damping"":1.0,""model_ridge"":1.0}",10,summary,,seed,10,154.5,3.0276503540974917,0.9574271077563381,152.33414941033183,156.66585058966817,2.165850589668169
covertype_rerun,full,evaluation,default,greedy_full_network,,,{},"{""bonus_scale"":0.0,""damping"":1.0,""model_ridge"":1.0}",10,horizon,200,action,10,3.6,2.3190036174568114,0.7333333333333333,1.9410847472813166,5.258915252718683,1.6589152527186835
covertype_rerun,full,evaluation,default,greedy_full_network,,,{},"{""bonus_scale"":0.0,""damping"":1.0,""model_ridge"":1.0}",10,horizon,200,bonus_scale,10,0.0,0.0,0.0,0.0,0.0,0.0
covertype_rerun,full,evaluation,default,greedy_full_network,,,{},"{""bonus_scale"":0.0,""damping"":1.0,""model_ridge"":1.0}",10,horizon,200,cumulative_curvature_vector_products,10,0.0,0.0,0.0,0.0,0.0,0.0
covertype_rerun,full,evaluation,default,greedy_full_network,,,{},"{""bonus_scale"":0.0,""damping"":1.0,""model_ridge"":1.0}",10,horizon,200,cumulative_pseudo_regret,10,162.3,18.803368492551186,5.9461472119908585,148.8488804933423,175.75111950665772,13.451119506657697
covertype_rerun,full,evaluation,default,greedy_full_network,,,{},"{""bonus_scale"":0.0,""damping"":1.0,""model_ridge"":1.0}",10,horizon,200,cumulative_runtime_seconds,10,0.009788402303820476,0.0004967250708040837,0.00015707825946493102,0.009433066594052008,0.010143738013588944,0.00035533570976846863
covertype_rerun,full,evaluation,default,greedy_full_network,,,{},"{""bonus_scale"":0.0,""damping"":1.0,""model_ridge"":1.0}",10,horizon,200,curvature_dimension,10,255.0,0.0,0.0,255.0,255.0,0.0
covertype_rerun,full,evaluation,default,greedy_full_network,,,{},"{""bonus_scale"":0.0,""damping"":1.0,""model_ridge"":1.0}",10,horizon,200,curvature_trace_diagnostic,10,0.0,0.0,0.0,0.0,0.0,0.0
covertype_rerun,full,evaluation,default,greedy_full_network,,,{},"{""bonus_scale"":0.0,""damping"":1.0,""model_ridge"":1.0}",10,horizon,200,curvature_vector_products,10,0.0,0.0,0.0,0.0,0.0,0.0
covertype_rerun,full,evaluation,default,greedy_full_network,,,{},"{""bonus_scale"":0.0,""damping"":1.0,""model_ridge"":1.0}",10,horizon,200,damping,10,1.0,0.0,0.0,1.0,1.0,0.0
covertype_rerun,full,evaluation,default,greedy_full_network,,,{},"{""bonus_scale"":0.0,""damping"":1.0,""model_ridge"":1.0}",10,horizon,200,dataset_index,10,359813.9,163028.05834542034,51553.99868863499,243190.65259561513,476437.1474043849,116623.24740438489
covertype_rerun,full,evaluation,default,greedy_full_network,,,{},"{""bonus_scale"":0.0,""damping"":1.0,""model_ridge"":1.0}",10,horizon,200,mean_cg_iterations,10,0.0,0.0,0.0,0.0,0.0,0.0
covertype_rerun,full,evaluation,default,greedy_full_network,,,{},"{""bonus_scale"":0.0,""damping"":1.0,""model_ridge"":1.0}",10,horizon,200,mean_round_runtime_seconds,10,4.8942011519102377e-05,2.4836253540204195e-06,7.853912973246555e-07,4.7165332970260034e-05,5.071869006794472e-05,1.776678548842344e-06
covertype_rerun,full,evaluation,default,greedy_full_network,,,{},"{""bonus_scale"":0.0,""damping"":1.0,""model_ridge"":1.0}",10,horizon,200,model_ridge,10,1.0,0.0,0.0,1.0,1.0,0.0
covertype_rerun,full,evaluation,default,greedy_full_network,,,{},"{""bonus_scale"":0.0,""damping"":1.0,""model_ridge"":1.0}",10,horizon,200,peak_host_memory_bytes,10,636480716.8,24194337.917062078,7650921.429769016,619173130.0856417,653788303.5143582,17307586.714358263
covertype_rerun,full,evaluation,default,greedy_full_network,,,{},"{""bonus_scale"":0.0,""damping"":1.0,""model_ridge"":1.0}",10,horizon,200,pre_update_selected_prediction,10,0.42116207487085255,0.20922084052815967,0.06616143900438504,0.2714945017260464,0.5708296480156587,0.14966757314480614
covertype_rerun,full,evaluation,default,greedy_full_network,,,{},"{""bonus_scale"":0.0,""damping"":1.0,""model_ridge"":1.0}",10,horizon,200,pseudo_regret,10,0.8,0.4216370213557839,0.13333333333333333,0.4983790449602394,1.1016209550397607,0.30162095503976066
covertype_rerun,full,evaluation,default,greedy_full_network,,,{},"{""bonus_scale"":0.0,""damping"":1.0,""model_ridge"":1.0}",10,horizon,200,regularizer,10,0.032379727008404455,0.014394361288582376,0.004551896713527657,0.022082621253580258,0.04267683276322865,0.010297105754824197
covertype_rerun,full,evaluation,default,greedy_full_network,,,{},"{""bonus_scale"":0.0,""damping"":1.0,""model_ridge"":1.0}",10,horizon,200,reward,10,0.2,0.4216370213557839,0.13333333333333333,-0.10162095503976065,0.5016209550397607,0.30162095503976066
covertype_rerun,full,evaluation,default,greedy_full_network,,,{},"{""bonus_scale"":0.0,""damping"":1.0,""model_ridge"":1.0}",10,horizon,200,round,10,200.0,0.0,0.0,200.0,200.0,0.0
covertype_rerun,full,evaluation,default,greedy_full_network,,,{},"{""bonus_scale"":0.0,""damping"":1.0,""model_ridge"":1.0}",10,horizon,200,round_runtime_seconds,10,5.129569908604026e-05,1.2375943427048271e-05,3.913616942286244e-06,4.2442482487599025e-05,6.0148915684481494e-05,8.853216598441234e-06
covertype_rerun,full,evaluation,default,greedy_full_network,,,{},"{""bonus_scale"":0.0,""damping"":1.0,""model_ridge"":1.0}",10,horizon,200,runtime_seconds,10,0.009788402303820476,0.0004967250708040837,0.00015707825946493102,0.009433066594052008,0.010143738013588944,0.00035533570976846863
covertype_rerun,full,evaluation,default,greedy_full_network,,,{},"{""bonus_scale"":0.0,""damping"":1.0,""model_ridge"":1.0}",10,horizon,200,squared_loss,10,0.10602069584757312,0.0818174285966834,0.02587294266637134,0.04749203327217391,0.16454935842297233,0.05852866257539921
covertype_rerun,full,evaluation,default,greedy_full_network,,,{},"{""bonus_scale"":0.0,""damping"":1.0,""model_ridge"":1.0}",10,horizon,200,true_label_arm,10,1.0,1.8257418583505538,0.5773502691896257,-0.3060570468907835,2.3060570468907837,1.3060570468907835
covertype_rerun,full,evaluation,default,greedy_full_network,,,{},"{""bonus_scale"":0.0,""damping"":1.0,""model_ridge"":1.0}",10,horizon,200,update_gradient_norm,10,1.7427233972635303,1.0588122815111585,0.3348258424134649,0.9852947195579677,2.500152074969093,0.7574286777055627
covertype_rerun,full,evaluation,default,greedy_full_network,,,{},"{""bonus_scale"":0.0,""damping"":1.0,""model_ridge"":1.0}",10,horizon,200,update_norm,10,0.0174272339726353,0.010588122815111584,0.003348258424134649,0.009852947195579673,0.025001520749690927,0.007574286777055626
covertype_rerun,full,evaluation,default,greedy_full_network,,,{},"{""bonus_scale"":0.0,""damping"":1.0,""model_ridge"":1.0}",10,horizon,200,updates_completed,10,1.0,0.0,0.0,1.0,1.0,0.0
covertype_rerun,full,evaluation,default,last_layer_diagonal,,,{},"{""bonus_scale"":1.0,""damping"":1.0,""model_ridge"":1.0}",10,summary,,accuracy,10,0.14450000000000002,0.0456100622426431,0.014423168090879956,0.11187252699297341,0.17712747300702664,0.032627473007026606
covertype_rerun,full,evaluation,default,last_layer_diagonal,,,{},"{""bonus_scale"":1.0,""damping"":1.0,""model_ridge"":1.0}",10,summary,,bonus_scale,10,1.0,0.0,0.0,1.0,1.0,0.0
covertype_rerun,full,evaluation,default,last_layer_diagonal,,,{},"{""bonus_scale"":1.0,""damping"":1.0,""model_ridge"":1.0}",10,summary,,cumulative_pseudo_regret,10,171.1,9.12201244852862,2.8846336181759913,164.57450539859468,177.6254946014053,6.52549460140532
covertype_rerun,full,evaluation,default,last_layer_diagonal,,,{},"{""bonus_scale"":1.0,""damping"":1.0,""model_ridge"":1.0}",10,summary,,cumulative_reward,10,28.9,9.12201244852862,2.8846336181759913,22.37450539859468,35.42549460140532,6.52549460140532
covertype_rerun,full,evaluation,default,last_layer_diagonal,,,{},"{""bonus_scale"":1.0,""damping"":1.0,""model_ridge"":1.0}",10,summary,,curvature_vector_products,10,0.0,0.0,0.0,0.0,0.0,0.0
covertype_rerun,full,evaluation,default,last_layer_diagonal,,,{},"{""bonus_scale"":1.0,""damping"":1.0,""model_ridge"":1.0}",10,summary,,damping,10,1.0,0.0,0.0,1.0,1.0,0.0
covertype_rerun,full,evaluation,default,last_layer_diagonal,,,{},"{""bonus_scale"":1.0,""damping"":1.0,""model_ridge"":1.0}",10,summary,,environment_seed,10,1841141347.2,1031424982.1314585,326165217.9133881,1103304363.241592,2578978331.158408,737836983.9584082
covertype_rerun,full,evaluation,default,last_layer_diagonal,,,{},"{""bonus_scale"":1.0,""damping"":1.0,""model_ridge"":1.0}",10,summary,,final_displacement_norm,10,0.17285545621792445,0.06280012447018443,0.01985914306678578,0.1279309534823607,0.2177799589534882,0.04492450273556376
covertype_rerun,full,evaluation,default,last_layer_diagonal,,,{},"{""bonus_scale"":1.0,""damping"":1.0,""model_ridge"":1.0}",10,summary,,initialization_seed,10,2445189789.9,983884152.581073,311131487.5900824,1741361466.6760345,3149018113.1239657,703828323.2239658
covertype_rerun,full,evaluation,default,last_layer_diagonal,,,{},"{""bonus_scale"":1.0,""damping"":1.0,""model_ridge"":1.0}",10,summary,,mean_pseudo_regret,10,0.8554999999999999,0.04561006224264311,0.014423168090879958,0.8228725269929733,0.8881274730070265,0.032627473007026606
covertype_rerun,full,evaluation,default,last_layer_diagonal,,,{},"{""bonus_scale"":1.0,""damping"":1.0,""model_ridge"":1.0}",10,summary,,model_ridge,10,1.0,0.0,0.0,1.0,1.0,0.0
covertype_rerun,full,evaluation,default,last_layer_diagonal,,,{},"{""bonus_scale"":1.0,""damping"":1.0,""model_ridge"":1.0}",10,summary,,peak_host_memory_bytes,10,635155251.2,24203066.543050434,7653681.663665711,617841420.4027613,652469081.9972388,17313830.79723867
covertype_rerun,full,evaluation,default,last_layer_diagonal,,,{},"{""bonus_scale"":1.0,""damping"":1.0,""model_ridge"":1.0}",10,summary,,rounds,10,200.0,0.0,0.0,200.0,200.0,0.0
covertype_rerun,full,evaluation,default,last_layer_diagonal,,,{},"{""bonus_scale"":1.0,""damping"":1.0,""model_ridge"":1.0}",10,summary,,runtime_seconds,10,0.012134360492927954,0.005059767678182239,0.0016000390294357723,0.008514820741733134,0.015753900244122775,0.00361953975119482
covertype_rerun,full,evaluation,default,last_layer_diagonal,,,{},"{""bonus_scale"":1.0,""damping"":1.0,""model_ridge"":1.0}",10,summary,,schema_version,10,1.0,0.0,0.0,1.0,1.0,0.0
covertype_rerun,full,evaluation,default,last_layer_diagonal,,,{},"{""bonus_scale"":1.0,""damping"":1.0,""model_ridge"":1.0}",10,summary,,seed,10,154.5,3.0276503540974917,0.9574271077563381,152.33414941033183,156.66585058966817,2.165850589668169
covertype_rerun,full,evaluation,default,last_layer_diagonal,,,{},"{""bonus_scale"":1.0,""damping"":1.0,""model_ridge"":1.0}",10,horizon,200,action,10,3.6,2.1705094128132942,0.6863753427324667,2.0473111020696777,5.1526888979303225,1.5526888979303224
covertype_rerun,full,evaluation,default,last_layer_diagonal,,,{},"{""bonus_scale"":1.0,""damping"":1.0,""model_ridge"":1.0}",10,horizon,200,bonus_scale,10,1.0,0.0,0.0,1.0,1.0,0.0
covertype_rerun,full,evaluation,default,last_layer_diagonal,,,{},"{""bonus_scale"":1.0,""damping"":1.0,""model_ridge"":1.0}",10,horizon,200,cumulative_curvature_vector_products,10,0.0,0.0,0.0,0.0,0.0,0.0
covertype_rerun,full,evaluation,default,last_layer_diagonal,,,{},"{""bonus_scale"":1.0,""damping"":1.0,""model_ridge"":1.0}",10,horizon,200,cumulative_pseudo_regret,10,171.1,9.12201244852862,2.8846336181759913,164.57450539859468,177.6254946014053,6.52549460140532
covertype_rerun,full,evaluation,default,last_layer_diagonal,,,{},"{""bonus_scale"":1.0,""damping"":1.0,""model_ridge"":1.0}",10,horizon,200,cumulative_runtime_seconds,10,0.012134360492927954,0.005059767678182239,0.0016000390294357723,0.008514820741733134,0.015753900244122775,0.00361953975119482
covertype_rerun,full,evaluation,default,last_layer_diagonal,,,{},"{""bonus_scale"":1.0,""damping"":1.0,""model_ridge"":1.0}",10,horizon,200,curvature_dimension,10,35.0,0.0,0.0,35.0,35.0,0.0
covertype_rerun,full,evaluation,default,last_layer_diagonal,,,{},"{""bonus_scale"":1.0,""damping"":1.0,""model_ridge"":1.0}",10,horizon,200,curvature_trace_diagnostic,10,349.27616000805995,19.265930464135224,6.092422150909223,335.4941436005902,363.0581764155297,13.782016407469744
covertype_rerun,full,evaluation,default,last_layer_diagonal,,,{},"{""bonus_scale"":1.0,""damping"":1.0,""model_ridge"":1.0}",10,horizon,200,curvature_vector_products,10,0.0,0.0,0.0,0.0,0.0,0.0
covertype_rerun,full,evaluation,default,last_layer_diagonal,,,{},"{""bonus_scale"":1.0,""damping"":1.0,""model_ridge"":1.0}",10,horizon,200,damping,10,1.0,0.0,0.0,1.0,1.0,0.0
covertype_rerun,full,evaluation,default,last_layer_diagonal,,,{},"{""bonus_scale"":1.0,""damping"":1.0,""model_ridge"":1.0}",10,horizon,200,dataset_index,10,359813.9,163028.05834542034,51553.99868863499,243190.65259561513,476437.1474043849,116623.24740438489
covertype_rerun,full,evaluation,default,last_layer_diagonal,,,{},"{""bonus_scale"":1.0,""damping"":1.0,""model_ridge"":1.0}",10,horizon,200,mean_cg_iterations,10,0.0,0.0,0.0,0.0,0.0,0.0
covertype_rerun,full,evaluation,default,last_layer_diagonal,,,{},"{""bonus_scale"":1.0,""damping"":1.0,""model_ridge"":1.0}",10,horizon,200,mean_round_runtime_seconds,10,6.067180246463977e-05,2.52988383909112e-05,8.000195147178864e-06,4.257410370866567e-05,7.876950122061387e-05,1.8097698755974106e-05
covertype_rerun,full,evaluation,default,last_layer_diagonal,,,{},"{""bonus_scale"":1.0,""damping"":1.0,""model_ridge"":1.0}",10,horizon,200,model_ridge,10,1.0,0.0,0.0,1.0,1.0,0.0
covertype_rerun,full,evaluation,default,last_layer_diagonal,,,{},"{""bonus_scale"":1.0,""damping"":1.0,""model_ridge"":1.0}",10,horizon,200,peak_host_memory_bytes,10,635155251.2,24203066.543050434,7653681.663665711,617841420.4027613,652469081.9972388,17313830.79723867
covertype_rerun,full,evaluation,default,last_layer_diagonal,,,{},"{""bonus_scale"":1.0,""damping"":1.0,""model_ridge"":1.0}",10,horizon,200,pre_update_selected_prediction,10,0.519390927993962,0.25931019283183315,0.08200108298460605,0.33389159076312547,0.7048902652247986,0.1854993372308366
covertype_rerun,full,evaluation,default,last_layer_diagonal,,,{},"{""bonus_scale"":1.0,""damping"":1.0,""model_ridge"":1.0}",10,horizon,200,pseudo_regret,10,0.9,0.31622776601683794,0.09999999999999999,0.6737842837201795,1.1262157162798205,0.22621571627982048
covertype_rerun,full,evaluation,default,last_layer_diagonal,,,{},"{""bonus_scale"":1.0,""damping"":1.0,""model_ridge"":1.0}",10,horizon,200,regularizer,10,0.016364856409159828,0.010764593163084526,0.003404063248042347,0.00866433034998271,0.024065382468336945,0.007700526059177117
covertype_rerun,full,evaluation,default,last_layer_diagonal,,,{},"{""bonus_scale"":1.0,""damping"":1.0,""model_ridge"":1.0}",10,horizon,200,reward,10,0.1,0.31622776601683794,0.09999999999999999,-0.12621571627982048,0.3262157162798205,0.22621571627982048
covertype_rerun,full,evaluation,default,last_layer_diagonal,,,{},"{""bonus_scale"":1.0,""damping"":1.0,""model_ridge"":1.0}",10,horizon,200,round,10,200.0,0.0,0.0,200.0,200.0,0.0
covertype_rerun,full,evaluation,default,last_layer_diagonal,,,{},"{""bonus_scale"":1.0,""damping"":1.0,""model_ridge"":1.0}",10,horizon,200,round_runtime_seconds,10,5.297070019878447e-05,1.3532231652666191e-05,4.279267384744972e-06,4.329032483285488e-05,6.265107556471405e-05,9.680375365929581e-06
covertype_rerun,full,evaluation,default,last_layer_diagonal,,,{},"{""bonus_scale"":1.0,""damping"":1.0,""model_ridge"":1.0}",10,horizon,200,runtime_seconds,10,0.012134360492927954,0.005059767678182239,0.0016000390294357723,0.008514820741733134,0.015753900244122775,0.00361953975119482
covertype_rerun,full,evaluation,default,last_layer_diagonal,,,{},"{""bonus_scale"":1.0,""damping"":1.0,""model_ridge"":1.0}",10,horizon,200,squared_loss,10,0.18081921863515926,0.15146815993306634,0.047898437838314684,0.07246542439237114,0.2891730128779474,0.10835379424278813
covertype_rerun,full,evaluation,default,last_layer_diagonal,,,{},"{""bonus_scale"":1.0,""damping"":1.0,""model_ridge"":1.0}",10,horizon,200,true_label_arm,10,1.0,1.8257418583505538,0.5773502691896257,-0.3060570468907835,2.3060570468907837,1.3060570468907835
covertype_rerun,full,evaluation,default,last_layer_diagonal,,,{},"{""bonus_scale"":1.0,""damping"":1.0,""model_ridge"":1.0}",10,horizon,200,update_gradient_norm,10,0.6581455231807285,0.3550423510736997,0.11227424952140193,0.4041635254280962,0.9121275209333608,0.2539819977526323
covertype_rerun,full,evaluation,default,last_layer_diagonal,,,{},"{""bonus_scale"":1.0,""damping"":1.0,""model_ridge"":1.0}",10,horizon,200,update_norm,10,0.006581455231807284,0.003550423510736997,0.0011227424952140192,0.004041635254280961,0.009121275209333608,0.002539819977526323
covertype_rerun,full,evaluation,default,last_layer_diagonal,,,{},"{""bonus_scale"":1.0,""damping"":1.0,""model_ridge"":1.0}",10,horizon,200,updates_completed,10,1.0,0.0,0.0,1.0,1.0,0.0
covertype_rerun,full,evaluation,default,diagonal_full_network,,,{},"{""bonus_scale"":1.0,""damping"":10.0,""model_ridge"":1.0}",10,summary,,accuracy,10,0.168,0.10546721449499524,0.03335166162777101,0.09255329975751578,0.24344670024248424,0.07544670024248423
covertype_rerun,full,evaluation,default,diagonal_full_network,,,{},"{""bonus_scale"":1.0,""damping"":10.0,""model_ridge"":1.0}",10,summary,,bonus_scale,10,1.0,0.0,0.0,1.0,1.0,0.0
covertype_rerun,full,evaluation,default,diagonal_full_network,,,{},"{""bonus_scale"":1.0,""damping"":10.0,""model_ridge"":1.0}",10,summary,,cumulative_pseudo_regret,10,166.4,21.093442898999047,6.6703323255542015,151.31065995150317,181.48934004849684,15.089340048496844
covertype_rerun,full,evaluation,default,diagonal_full_network,,,{},"{""bonus_scale"":1.0,""damping"":10.0,""model_ridge"":1.0}",10,summary,,cumulative_reward,10,33.6,21.093442898999047,6.6703323255542015,18.510659951503158,48.689340048496845,15.089340048496844
covertype_rerun,full,evaluation,default,diagonal_full_network,,,{},"{""bonus_scale"":1.0,""damping"":10.0,""model_ridge"":1.0}",10,summary,,curvature_vector_products,10,0.0,0.0,0.0,0.0,0.0,0.0
covertype_rerun,full,evaluation,default,diagonal_full_network,,,{},"{""bonus_scale"":1.0,""damping"":10.0,""model_ridge"":1.0}",10,summary,,damping,10,10.0,0.0,0.0,10.0,10.0,0.0
covertype_rerun,full,evaluation,default,diagonal_full_network,,,{},"{""bonus_scale"":1.0,""damping"":10.0,""model_ridge"":1.0}",10,summary,,environment_seed,10,1841141347.2,1031424982.1314585,326165217.9133881,1103304363.241592,2578978331.158408,737836983.9584082
covertype_rerun,full,evaluation,default,diagonal_full_network,,,{},"{""bonus_scale"":1.0,""damping"":10.0,""model_ridge"":1.0}",10,summary,,final_displacement_norm,10,0.246180694198114,0.058966072923707376,0.01864670951144994,0.2039989067141701,0.2883624816820579,0.0421817874839439
covertype_rerun,full,evaluation,default,diagonal_full_network,,,{},"{""bonus_scale"":1.0,""damping"":10.0,""model_ridge"":1.0}",10,summary,,initialization_seed,10,2445189789.9,983884152.581073,311131487.5900824,1741361466.6760345,3149018113.1239657,703828323.2239658
covertype_rerun,full,evaluation,default,diagonal_full_network,,,{},"{""bonus_scale"":1.0,""damping"":10.0,""model_ridge"":1.0}",10,summary,,mean_pseudo_regret,10,0.8320000000000001,0.10546721449499524,0.03335166162777101,0.7565532997575158,0.9074467002424843,0.07544670024248423
covertype_rerun,full,evaluation,default,diagonal_full_network,,,{},"{""bonus_scale"":1.0,""damping"":10.0,""model_ridge"":1.0}",10,summary,,model_ridge,10,1.0,0.0,0.0,1.0,1.0,0.0
covertype_rerun,full,evaluation,default,diagonal_full_network,,,{},"{""bonus_scale"":1.0,""damping"":10.0,""model_ridge"":1.0}",10,summary,,peak_host_memory_bytes,10,632504320.0,24209090.900479,7655586.732757033,615186179.6370708,649822460.3629292,17318140.36292923
covertype_rerun,full,evaluation,default,diagonal_full_network,,,{},"{""bonus_scale"":1.0,""damping"":10.0,""model_ridge"":1.0}",10,summary,,rounds,10,200.0,0.0,0.0,200.0,200.0,0.0
covertype_rerun,full,evaluation,default,diagonal_full_network,,,{},"{""bonus_scale"":1.0,""damping"":10.0,""model_ridge"":1.0}",10,summary,,runtime_seconds,10,0.029370267497142777,0.0007674003527086889,0.00024267329917760215,0.028821302355188292,0.02991923263909726,0.0005489651419544844
covertype_rerun,full,evaluation,default,diagonal_full_network,,,{},"{""bonus_scale"":1.0,""damping"":10.0,""model_ridge"":1.0}",10,summary,,schema_version,10,1.0,0.0,0.0,1.0,1.0,0.0
covertype_rerun,full,evaluation,default,diagonal_full_network,,,{},"{""bonus_scale"":1.0,""damping"":10.0,""model_ridge"":1.0}",10,summary,,seed,10,154.5,3.0276503540974917,0.9574271077563381,152.33414941033183,156.66585058966817,2.165850589668169
covertype_rerun,full,evaluation,default,diagonal_full_network,,,{},"{""bonus_scale"":1.0,""damping"":10.0,""model_ridge"":1.0}",10,horizon,200,action,10,2.9,2.183269719175042,0.6904105059069325,1.3381829287915001,4.4618170712084995,1.5618170712084998
covertype_rerun,full,evaluation,default,diagonal_full_network,,,{},"{""bonus_scale"":1.0,""damping"":10.0,""model_ridge"":1.0}",10,horizon,200,bonus_scale,10,1.0,0.0,0.0,1.0,1.0,0.0
covertype_rerun,full,evaluation,default,diagonal_full_network,,,{},"{""bonus_scale"":1.0,""damping"":10.0,""model_ridge"":1.0}",10,horizon,200,cumulative_curvature_vector_products,10,0.0,0.0,0.0,0.0,0.0,0.0
covertype_rerun,full,evaluation,default,diagonal_full_network,,,{},"{""bonus_scale"":1.0,""damping"":10.0,""model_ridge"":1.0}",10,horizon,200,cumulative_pseudo_regret,10,166.4,21.093442898999047,6.6703323255542015,151.31065995150317,181.48934004849684,15.089340048496844
covertype_rerun,full,evaluation,default,diagonal_full_network,,,{},"{""bonus_scale"":1.0,""damping"":10.0,""model_ridge"":1.0}",10,horizon,200,cumulative_runtime_seconds,10,0.029370267497142777,0.0007674003527086889,0.00024267329917760215,0.028821302355188292,0.02991923263909726,0.0005489651419544844
covertype_rerun,full,evaluation,default,diagonal_full_network,,,{},"{""bonus_scale"":1.0,""damping"":10.0,""model_ridge"":1.0}",10,horizon,200,curvature_dimension,10,255.0,0.0,0.0,255.0,255.0,0.0
covertype_rerun,full,evaluation,default,diagonal_full_network,,,{},"{""bonus_scale"":1.0,""damping"":10.0,""model_ridge"":1.0}",10,horizon,200,curvature_trace_diagnostic,10,6098.97535568527,944.6214624977115,298.7155348172095,5423.2338689594235,6774.716842411117,675.741486725847
covertype_rerun,full,evaluation,default,diagonal_full_network,,,{},"{""bonus_scale"":1.0,""damping"":10.0,""model_ridge"":1.0}",10,horizon,200,curvature_vector_products,10,0.0,0.0,0.0,0.0,0.0,0.0
covertype_rerun,full,evaluation,default,diagonal_full_network,,,{},"{""bonus_scale"":1.0,""damping"":10.0,""model_ridge"":1.0}",10,horizon,200,damping,10,10.0,0.0,0.0,10.0,10.0,0.0
covertype_rerun,full,evaluation,default,diagonal_full_network,,,{},"{""bonus_scale"":1.0,""damping"":10.0,""model_ridge"":1.0}",10,horizon,200,dataset_index,10,359813.9,163028.05834542034,51553.99868863499,243190.65259561513,476437.1474043849,116623.24740438489
covertype_rerun,full,evaluation,default,diagonal_full_network,,,{},"{""bonus_scale"":1.0,""damping"":10.0,""model_ridge"":1.0}",10,horizon,200,mean_cg_iterations,10,0.0,0.0,0.0,0.0,0.0,0.0
covertype_rerun,full,evaluation,default,diagonal_full_network,,,{},"{""bonus_scale"":1.0,""damping"":10.0,""model_ridge"":1.0}",10,horizon,200,mean_round_runtime_seconds,10,0.0001468513374857139,3.837001763543445e-06,1.213366495888011e-06,0.00014410651177594147,0.0001495961631954863,2.7448257097724224e-06
covertype_rerun,full,evaluation,default,diagonal_full_network,,,{},"{""bonus_scale"":1.0,""damping"":10.0,""model_ridge"":1.0}",10,horizon,200,model_ridge,10,1.0,0.0,0.0,1.0,1.0,0.0
covertype_rerun,full,evaluation,default,diagonal_full_network,,,{},"{""bonus_scale"":1.0,""damping"":10.0,""model_ridge"":1.0}",10,horizon,200,peak_host_memory_bytes,10,632504320.0,24209090.900479,7655586.732757033,615186179.6370708,649822460.3629292,17318140.36292923
covertype_rerun,full,evaluation,default,diagonal_full_network,,,{},"{""bonus_scale"":1.0,""damping"":10.0,""model_ridge"":1.0}",10,horizon,200,pre_update_selected_prediction,10,0.3727075468933754,0.19568202944566349,0.06188009102124326,0.23272505575506505,0.5126900380316857,0.13998249113831032
covertype_rerun,full,evaluation,default,diagonal_full_network,,,{},"{""bonus_scale"":1.0,""damping"":10.0,""model_ridge"":1.0}",10,horizon,200,pseudo_regret,10,0.7,0.48304589153964794,0.15275252316519466,0.35444978558635615,1.0455502144136437,0.3455502144136438
covertype_rerun,full,evaluation,default,diagonal_full_network,,,{},"{""bonus_scale"":1.0,""damping"":10.0,""model_ridge"":1.0}",10,horizon,200,regularizer,10,0.032055380003382754,0.014721561809994448,0.004655366603453341,0.021524209095929225,0.04258655091083628,0.010531170907453527
covertype_rerun,full,evaluation,default,diagonal_full_network,,,{},"{""bonus_scale"":1.0,""damping"":10.0,""model_ridge"":1.0}",10,horizon,200,reward,10,0.3,0.48304589153964794,0.15275252316519466,-0.04555021441364382,0.6455502144136438,0.3455502144136438
covertype_rerun,full,evaluation,default,diagonal_full_network,,,{},"{""bonus_scale"":1.0,""damping"":10.0,""model_ridge"":1.0}",10,horizon,200,round,10,200.0,0.0,0.0,200.0,200.0,0.0
covertype_rerun,full,evaluation,default,diagonal_full_network,,,{},"{""bonus_scale"":1.0,""damping"":10.0,""model_ridge"":1.0}",10,horizon,200,round_runtime_seconds,10,0.00019275000086054205,6.6742273279969486e-06,2.1105759978210043e-06,0.0001879755462494413,0.0001975244554716428,4.774454611100753e-06
covertype_rerun,full,evaluation,default,diagonal_full_network,,,{},"{""bonus_scale"":1.0,""damping"":10.0,""model_ridge"":1.0}",10,horizon,200,runtime_seconds,10,0.029370267497142777,0.0007674003527086889,0.00024267329917760215,0.028821302355188292,0.02991923263909726,0.0005489651419544844
covertype_rerun,full,evaluation,default,diagonal_full_network,,,{},"{""bonus_scale"":1.0,""damping"":10.0,""model_ridge"":1.0}",10,horizon,200,squared_loss,10,0.0877568313103627,0.058967083928632986,0.018647029219278997,0.0455743205970633,0.12993934202366209,0.0421825107132994
covertype_rerun,full,evaluation,default,diagonal_full_network,,,{},"{""bonus_scale"":1.0,""damping"":10.0,""model_ridge"":1.0}",10,horizon,200,true_label_arm,10,1.0,1.8257418583505538,0.5773502691896257,-0.3060570468907835,2.3060570468907837,1.3060570468907835
covertype_rerun,full,evaluation,default,diagonal_full_network,,,{},"{""bonus_scale"":1.0,""damping"":10.0,""model_ridge"":1.0}",10,horizon,200,update_gradient_norm,10,1.6629424472454655,0.9673931042343663,0.30591656021212765,0.9709111093430126,2.3549737851479184,0.6920313379024529
covertype_rerun,full,evaluation,default,diagonal_full_network,,,{},"{""bonus_scale"":1.0,""damping"":10.0,""model_ridge"":1.0}",10,horizon,200,update_norm,10,0.016629424472454656,0.009673931042343662,0.0030591656021212764,0.009709111093430128,0.023549737851479183,0.006920313379024529
covertype_rerun,full,evaluation,default,diagonal_full_network,,,{},"{""bonus_scale"":1.0,""damping"":10.0,""model_ridge"":1.0}",10,horizon,200,updates_completed,10,1.0,0.0,0.0,1.0,1.0,0.0
covertype_rerun,full,evaluation,default,frozen_full_gram,,,{},"{""bonus_scale"":1.0,""damping"":10.0,""model_ridge"":1.0}",10,summary,,accuracy,10,0.18,0.09513148795220223,0.030083217912982643,0.11194703311812704,0.24805296688187295,0.06805296688187296
covertype_rerun,full,evaluation,default,frozen_full_gram,,,{},"{""bonus_scale"":1.0,""damping"":10.0,""model_ridge"":1.0}",10,summary,,bonus_scale,10,1.0,0.0,0.0,1.0,1.0,0.0
covertype_rerun,full,evaluation,default,frozen_full_gram,,,{},"{""bonus_scale"":1.0,""damping"":10.0,""model_ridge"":1.0}",10,summary,,cumulative_pseudo_regret,10,164.0,19.026297590440446,6.0166435825965285,150.3894066236254,177.6105933763746,13.61059337637459
covertype_rerun,full,evaluation,default,frozen_full_gram,,,{},"{""bonus_scale"":1.0,""damping"":10.0,""model_ridge"":1.0}",10,summary,,cumulative_reward,10,36.0,19.026297590440446,6.0166435825965285,22.389406623625412,49.61059337637459,13.61059337637459
covertype_rerun,full,evaluation,default,frozen_full_gram,,,{},"{""bonus_scale"":1.0,""damping"":10.0,""model_ridge"":1.0}",10,summary,,curvature_vector_products,10,0.0,0.0,0.0,0.0,0.0,0.0
covertype_rerun,full,evaluation,default,frozen_full_gram,,,{},"{""bonus_scale"":1.0,""damping"":10.0,""model_ridge"":1.0}",10,summary,,damping,10,10.0,0.0,0.0,10.0,10.0,0.0
covertype_rerun,full,evaluation,default,frozen_full_gram,,,{},"{""bonus_scale"":1.0,""damping"":10.0,""model_ridge"":1.0}",10,summary,,environment_seed,10,1841141347.2,1031424982.1314585,326165217.9133881,1103304363.241592,2578978331.158408,737836983.9584082
covertype_rerun,full,evaluation,default,frozen_full_gram,,,{},"{""bonus_scale"":1.0,""damping"":10.0,""model_ridge"":1.0}",10,summary,,final_displacement_norm,10,0.24253795531098715,0.06016372008018734,0.019025438796220016,0.19949942266273918,0.2855764879592351,0.04303853264824797
covertype_rerun,full,evaluation,default,frozen_full_gram,,,{},"{""bonus_scale"":1.0,""damping"":10.0,""model_ridge"":1.0}",10,summary,,initialization_seed,10,2445189789.9,983884152.581073,311131487.5900824,1741361466.6760345,3149018113.1239657,703828323.2239658
covertype_rerun,full,evaluation,default,frozen_full_gram,,,{},"{""bonus_scale"":1.0,""damping"":10.0,""model_ridge"":1.0}",10,summary,,mean_pseudo_regret,10,0.82,0.09513148795220225,0.030083217912982647,0.751947033118127,0.8880529668818729,0.06805296688187296
covertype_rerun,full,evaluation,default,frozen_full_gram,,,{},"{""bonus_scale"":1.0,""damping"":10.0,""model_ridge"":1.0}",10,summary,,model_ridge,10,1.0,0.0,0.0,1.0,1.0,0.0
covertype_rerun,full,evaluation,default,frozen_full_gram,,,{},"{""bonus_scale"":1.0,""damping"":10.0,""model_ridge"":1.0}",10,summary,,peak_host_memory_bytes,10,631162470.4,24213605.167027652,7657014.269182918,613841100.7253197,648483840.0746802,17321369.6746802
covertype_rerun,full,evaluation,default,frozen_full_gram,,,{},"{""bonus_scale"":1.0,""damping"":10.0,""model_ridge"":1.0}",10,summary,,rounds,10,200.0,0.0,0.0,200.0,200.0,0.0
covertype_rerun,full,evaluation,default,frozen_full_gram,,,{},"{""bonus_scale"":1.0,""damping"":10.0,""model_ridge"":1.0}",10,summary,,runtime_seconds,10,0.03420076131005771,0.00165941878174441,0.0005247542942374175,0.03301368462463942,0.035387837995476006,0.0011870766854182907
covertype_rerun,full,evaluation,default,frozen_full_gram,,,{},"{""bonus_scale"":1.0,""damping"":10.0,""model_ridge"":1.0}",10,summary,,schema_version,10,1.0,0.0,0.0,1.0,1.0,0.0
covertype_rerun,full,evaluation,default,frozen_full_gram,,,{},"{""bonus_scale"":1.0,""damping"":10.0,""model_ridge"":1.0}",10,summary,,seed,10,154.5,3.0276503540974917,0.9574271077563381,152.33414941033183,156.66585058966817,2.165850589668169
covertype_rerun,full,evaluation,default,frozen_full_gram,,,{},"{""bonus_scale"":1.0,""damping"":10.0,""model_ridge"":1.0}",10,horizon,200,action,10,2.8,2.440400695696417,0.771722460186015,1.0542425089979535,4.545757491002046,1.7457574910020464
covertype_rerun,full,evaluation,default,frozen_full_gram,,,{},"{""bonus_scale"":1.0,""damping"":10.0,""model_ridge"":1.0}",10,horizon,200,bonus_scale,10,1.0,0.0,0.0,1.0,1.0,0.0
covertype_rerun,full,evaluation,default,frozen_full_gram,,,{},"{""bonus_scale"":1.0,""damping"":10.0,""model_ridge"":1.0}",10,horizon,200,cumulative_curvature_vector_products,10,0.0,0.0,0.0,0.0,0.0,0.0
covertype_rerun,full,evaluation,default,frozen_full_gram,,,{},"{""bonus_scale"":1.0,""damping"":10.0,""model_ridge"":1.0}",10,horizon,200,cumulative_pseudo_regret,10,164.0,19.026297590440446,6.0166435825965285,150.3894066236254,177.6105933763746,13.61059337637459
covertype_rerun,full,evaluation,default,frozen_full_gram,,,{},"{""bonus_scale"":1.0,""damping"":10.0,""model_ridge"":1.0}",10,horizon,200,cumulative_runtime_seconds,10,0.03420076131005771,0.00165941878174441,0.0005247542942374175,0.03301368462463942,0.035387837995476006,0.0011870766854182907
covertype_rerun,full,evaluation,default,frozen_full_gram,,,{},"{""bonus_scale"":1.0,""damping"":10.0,""model_ridge"":1.0}",10,horizon,200,curvature_dimension,10,255.0,0.0,0.0,255.0,255.0,0.0
covertype_rerun,full,evaluation,default,frozen_full_gram,,,{},"{""bonus_scale"":1.0,""damping"":10.0,""model_ridge"":1.0}",10,horizon,200,curvature_trace_diagnostic,10,5692.371460959092,714.093659391724,225.81624263623365,5181.539630203359,6203.203291714824,510.83183075573334
covertype_rerun,full,evaluation,default,frozen_full_gram,,,{},"{""bonus_scale"":1.0,""damping"":10.0,""model_ridge"":1.0}",10,horizon,200,curvature_vector_products,10,0.0,0.0,0.0,0.0,0.0,0.0
covertype_rerun,full,evaluation,default,frozen_full_gram,,,{},"{""bonus_scale"":1.0,""damping"":10.0,""model_ridge"":1.0}",10,horizon,200,damping,10,10.0,0.0,0.0,10.0,10.0,0.0
covertype_rerun,full,evaluation,default,frozen_full_gram,,,{},"{""bonus_scale"":1.0,""damping"":10.0,""model_ridge"":1.0}",10,horizon,200,dataset_index,10,359813.9,163028.05834542034,51553.99868863499,243190.65259561513,476437.1474043849,116623.24740438489
covertype_rerun,full,evaluation,default,frozen_full_gram,,,{},"{""bonus_scale"":1.0,""damping"":10.0,""model_ridge"":1.0}",10,horizon,200,mean_cg_iterations,10,0.0,0.0,0.0,0.0,0.0,0.0
covertype_rerun,full,evaluation,default,frozen_full_gram,,,{},"{""bonus_scale"":1.0,""damping"":10.0,""model_ridge"":1.0}",10,horizon,200,mean_round_runtime_seconds,10,0.00017100380655028858,8.297093908722053e-06,2.6237714711870885e-06,0.00016506842312319714,0.00017693918997738003,5.935383427091456e-06
covertype_rerun,full,evaluation,default,frozen_full_gram,,,{},"{""bonus_scale"":1.0,""damping"":10.0,""model_ridge"":1.0}",10,horizon,200,model_ridge,10,1.0,0.0,0.0,1.0,1.0,0.0
covertype_rerun,full,evaluation,default,frozen_full_gram,,,{},"{""bonus_scale"":1.0,""damping"":10.0,""model_ridge"":1.0}",10,horizon,200,peak_host_memory_bytes,10,631162470.4,24213605.167027652,7657014.269182918,613841100.7253197,648483840.0746802,17321369.6746802
covertype_rerun,full,evaluation,default,frozen_full_gram,,,{},"{""bonus_scale"":1.0,""damping"":10.0,""model_ridge"":1.0}",10,horizon,200,pre_update_selected_prediction,10,0.4093028084454652,0.2190069493437214,0.0692560783331278,0.2526346747768666,0.5659709421140637,0.1566681336685986
covertype_rerun,full,evaluation,default,frozen_full_gram,,,{},"{""bonus_scale"":1.0,""damping"":10.0,""model_ridge"":1.0}",10,horizon,200,pseudo_regret,10,0.8,0.4216370213557839,0.13333333333333333,0.4983790449602394,1.1016209550397607,0.30162095503976066
covertype_rerun,full,evaluation,default,frozen_full_gram,,,{},"{""bonus_scale"":1.0,""damping"":10.0,""model_ridge"":1.0}",10,horizon,200,regularizer,10,0.03121801503928625,0.014577460308946445,0.004609797707697258,0.020789928135768153,0.041646101942804346,0.010428086903518098
covertype_rerun,full,evaluation,default,frozen_full_gram,,,{},"{""bonus_scale"":1.0,""damping"":10.0,""model_ridge"":1.0}",10,horizon,200,reward,10,0.2,0.4216370213557839,0.13333333333333333,-0.10162095503976065,0.5016209550397607,0.30162095503976066
covertype_rerun,full,evaluation,default,frozen_full_gram,,,{},"{""bonus_scale"":1.0,""damping"":10.0,""model_ridge"":1.0}",10,horizon,200,round,10,200.0,0.0,0.0,200.0,200.0,0.0
covertype_rerun,full,evaluation,default,frozen_full_gram,,,{},"{""bonus_scale"":1.0,""damping"":10.0,""model_ridge"":1.0}",10,horizon,200,round_runtime_seconds,10,0.00018182910862378775,3.273226300141585e-05,1.0350850405613332e-05,0.00015841385823767685,0.00020524435900989865,2.3415250386110905e-05
covertype_rerun,full,evaluation,default,frozen_full_gram,,,{},"{""bonus_scale"":1.0,""damping"":10.0,""model_ridge"":1.0}",10,horizon,200,runtime_seconds,10,0.03420076131005771,0.00165941878174441,0.0005247542942374175,0.03301368462463942,0.035387837995476006,0.0011870766854182907
covertype_rerun,full,evaluation,default,frozen_full_gram,,,{},"{""bonus_scale"":1.0,""damping"":10.0,""model_ridge"":1.0}",10,horizon,200,squared_loss,10,0.10659629489322195,0.08599239267989833,0.027193182231606935,0.04508104292871545,0.16811154685772844,0.0615152519645065
covertype_rerun,full,evaluation,default,frozen_full_gram,,,{},"{""bonus_scale"":1.0,""damping"":10.0,""model_ridge"":1.0}",10,horizon,200,true_label_arm,10,1.0,1.8257418583505538,0.5773502691896257,-0.3060570468907835,2.3060570468907837,1.3060570468907835
covertype_rerun,full,evaluation,default,frozen_full_gram,,,{},"{""bonus_scale"":1.0,""damping"":10.0,""model_ridge"":1.0}",10,horizon,200,update_gradient_norm,10,1.570697252425536,0.7969384556308147,0.2520140674770414,1.0006018245564365,2.1407926802946355,0.5700954278690994
covertype_rerun,full,evaluation,default,frozen_full_gram,,,{},"{""bonus_scale"":1.0,""damping"":10.0,""model_ridge"":1.0}",10,horizon,200,update_norm,10,0.01570697252425536,0.007969384556308148,0.0025201406747704146,0.010006018245564366,0.021407926802946356,0.005700954278690995
covertype_rerun,full,evaluation,default,frozen_full_gram,,,{},"{""bonus_scale"":1.0,""damping"":10.0,""model_ridge"":1.0}",10,horizon,200,updates_completed,10,1.0,0.0,0.0,1.0,1.0,0.0
covertype_rerun,full,evaluation,default,full_network_ggn_cg,,,{},"{""bonus_scale"":1.0,""damping"":10.0,""model_ridge"":1.0}",10,summary,,accuracy,10,0.1835,0.09752634971580187,0.030840539698404904,0.11373385221669095,0.253266147783309,0.06976614778330904
covertype_rerun,full,evaluation,default,full_network_ggn_cg,,,{},"{""bonus_scale"":1.0,""damping"":10.0,""model_ridge"":1.0}",10,summary,,bonus_scale,10,1.0,0.0,0.0,1.0,1.0,0.0
covertype_rerun,full,evaluation,default,full_network_ggn_cg,,,{},"{""bonus_scale"":1.0,""damping"":10.0,""model_ridge"":1.0}",10,summary,,cumulative_pseudo_regret,10,163.3,19.505269943160375,6.16810793968098,149.34677044333822,177.2532295566618,13.953229556661807
covertype_rerun,full,evaluation,default,full_network_ggn_cg,,,{},"{""bonus_scale"":1.0,""damping"":10.0,""model_ridge"":1.0}",10,summary,,cumulative_reward,10,36.7,19.505269943160375,6.16810793968098,22.746770443338196,50.65322955666181,13.953229556661807
covertype_rerun,full,evaluation,default,full_network_ggn_cg,,,{},"{""bonus_scale"":1.0,""damping"":10.0,""model_ridge"":1.0}",10,summary,,curvature_vector_products,10,19438.0,1590.7949794573362,503.053542544595,18300.013825461734,20575.986174538266,1137.986174538267
covertype_rerun,full,evaluation,default,full_network_ggn_cg,,,{},"{""bonus_scale"":1.0,""damping"":10.0,""model_ridge"":1.0}",10,summary,,damping,10,10.0,0.0,0.0,10.0,10.0,0.0
covertype_rerun,full,evaluation,default,full_network_ggn_cg,,,{},"{""bonus_scale"":1.0,""damping"":10.0,""model_ridge"":1.0}",10,summary,,environment_seed,10,1841141347.2,1031424982.1314585,326165217.9133881,1103304363.241592,2578978331.158408,737836983.9584082
covertype_rerun,full,evaluation,default,full_network_ggn_cg,,,{},"{""bonus_scale"":1.0,""damping"":10.0,""model_ridge"":1.0}",10,summary,,final_displacement_norm,10,0.24374884996025817,0.05800958644889828,0.018344241930295737,0.2022512916815365,0.28524640823897984,0.04149755827872167
covertype_rerun,full,evaluation,default,full_network_ggn_cg,,,{},"{""bonus_scale"":1.0,""damping"":10.0,""model_ridge"":1.0}",10,summary,,initialization_seed,10,2445189789.9,983884152.581073,311131487.5900824,1741361466.6760345,3149018113.1239657,703828323.2239658
covertype_rerun,full,evaluation,default,full_network_ggn_cg,,,{},"{""bonus_scale"":1.0,""damping"":10.0,""model_ridge"":1.0}",10,summary,,mean_pseudo_regret,10,0.8164999999999999,0.09752634971580189,0.030840539698404907,0.7467338522166909,0.8862661477833089,0.06976614778330904
covertype_rerun,full,evaluation,default,full_network_ggn_cg,,,{},"{""bonus_scale"":1.0,""damping"":10.0,""model_ridge"":1.0}",10,summary,,model_ridge,10,1.0,0.0,0.0,1.0,1.0,0.0
covertype_rerun,full,evaluation,default,full_network_ggn_cg,,,{},"{""bonus_scale"":1.0,""damping"":10.0,""model_ridge"":1.0}",10,summary,,peak_host_memory_bytes,10,629825536.0,24234751.740245044,7663701.402790366,612489038.9781312,647162033.0218688,17336497.021868877
covertype_rerun,full,evaluation,default,full_network_ggn_cg,,,{},"{""bonus_scale"":1.0,""damping"":10.0,""model_ridge"":1.0}",10,summary,,rounds,10,200.0,0.0,0.0,200.0,200.0,0.0
covertype_rerun,full,evaluation,default,full_network_ggn_cg,,,{},"{""bonus_scale"":1.0,""damping"":10.0,""model_ridge"":1.0}",10,summary,,runtime_seconds,10,0.2373631666705478,0.018641148171669616,0.0058948486423159455,0.2240280925907215,0.2506982407503741,0.01333507407982629
covertype_rerun,full,evaluation,default,full_network_ggn_cg,,,{},"{""bonus_scale"":1.0,""damping"":10.0,""model_ridge"":1.0}",10,summary,,schema_version,10,1.0,0.0,0.0,1.0,1.0,0.0
covertype_rerun,full,evaluation,default,full_network_ggn_cg,,,{},"{""bonus_scale"":1.0,""damping"":10.0,""model_ridge"":1.0}",10,summary,,seed,10,154.5,3.0276503540974917,0.9574271077563381,152.33414941033183,156.66585058966817,2.165850589668169
covertype_rerun,full,evaluation,default,full_network_ggn_cg,,,{},"{""bonus_scale"":1.0,""damping"":10.0,""model_ridge"":1.0}",10,horizon,200,action,10,3.3,2.3118054512532935,0.7310570733153768,1.6462340051853277,4.953765994814672,1.6537659948146721
covertype_rerun,full,evaluation,default,full_network_ggn_cg,,,{},"{""bonus_scale"":1.0,""damping"":10.0,""model_ridge"":1.0}",10,horizon,200,bonus_scale,10,1.0,0.0,0.0,1.0,1.0,0.0
covertype_rerun,full,evaluation,default,full_network_ggn_cg,,,{},"{""bonus_scale"":1.0,""damping"":10.0,""model_ridge"":1.0}",10,horizon,200,cumulative_curvature_vector_products,10,19438.0,1590.7949794573362,503.053542544595,18300.013825461734,20575.986174538266,1137.986174538267
covertype_rerun,full,evaluation,default,full_network_ggn_cg,,,{},"{""bonus_scale"":1.0,""damping"":10.0,""model_ridge"":1.0}",10,horizon,200,cumulative_pseudo_regret,10,163.3,19.505269943160375,6.16810793968098,149.34677044333822,177.2532295566618,13.953229556661807
covertype_rerun,full,evaluation,default,full_network_ggn_cg,,,{},"{""bonus_scale"":1.0,""damping"":10.0,""model_ridge"":1.0}",10,horizon,200,cumulative_runtime_seconds,10,0.2373631666705478,0.018641148171669616,0.0058948486423159455,0.2240280925907215,0.2506982407503741,0.01333507407982629
covertype_rerun,full,evaluation,default,full_network_ggn_cg,,,{},"{""bonus_scale"":1.0,""damping"":10.0,""model_ridge"":1.0}",10,horizon,200,curvature_dimension,10,255.0,0.0,0.0,255.0,255.0,0.0
covertype_rerun,full,evaluation,default,full_network_ggn_cg,,,{},"{""bonus_scale"":1.0,""damping"":10.0,""model_ridge"":1.0}",10,horizon,200,curvature_trace_diagnostic,10,5740.453022241921,743.9994543946445,235.27328538096472,5208.227874502305,6272.6781699815365,532.2251477396155
covertype_rerun,full,evaluation,default,full_network_ggn_cg,,,{},"{""bonus_scale"":1.0,""damping"":10.0,""model_ridge"":1.0}",10,horizon,200,curvature_vector_products,10,124.3,10.154911236550628,3.21126489443369,117.0356141174144,131.56438588258558,7.264385882585594
covertype_rerun,full,evaluation,default,full_network_ggn_cg,,,{},"{""bonus_scale"":1.0,""damping"":10.0,""model_ridge"":1.0}",10,horizon,200,damping,10,10.0,0.0,0.0,10.0,10.0,0.0
covertype_rerun,full,evaluation,default,full_network_ggn_cg,,,{},"{""bonus_scale"":1.0,""damping"":10.0,""model_ridge"":1.0}",10,horizon,200,dataset_index,10,359813.9,163028.05834542034,51553.99868863499,243190.65259561513,476437.1474043849,116623.24740438489
covertype_rerun,full,evaluation,default,full_network_ggn_cg,,,{},"{""bonus_scale"":1.0,""damping"":10.0,""model_ridge"":1.0}",10,horizon,200,mean_cg_iterations,10,12.884285714285715,1.1362821281838116,0.359323958960425,12.071438446758382,13.697132981813049,0.8128472675273337
covertype_rerun,full,evaluation,default,full_network_ggn_cg,,,{},"{""bonus_scale"":1.0,""damping"":10.0,""model_ridge"":1.0}",10,horizon,200,mean_round_runtime_seconds,10,0.001186815833352739,9.320574085834804e-05,2.9474243211579714e-05,0.0011201404629536075,0.0012534912037518704,6.667537039913142e-05
covertype_rerun,full,evaluation,default,full_network_ggn_cg,,,{},"{""bonus_scale"":1.0,""damping"":10.0,""model_ridge"":1.0}",10,horizon,200,model_ridge,10,1.0,0.0,0.0,1.0,1.0,0.0
covertype_rerun,full,evaluation,default,full_network_ggn_cg,,,{},"{""bonus_scale"":1.0,""damping"":10.0,""model_ridge"":1.0}",10,horizon,200,peak_host_memory_bytes,10,629825536.0,24234751.740245044,7663701.402790366,612489038.9781312,647162033.0218688,17336497.021868877
covertype_rerun,full,evaluation,default,full_network_ggn_cg,,,{},"{""bonus_scale"":1.0,""damping"":10.0,""model_ridge"":1.0}",10,horizon,200,pre_update_selected_prediction,10,0.4172313297669735,0.22693993635701715,0.07176470909418291,0.2548882790534382,0.5795743804805089,0.16234305071353533
covertype_rerun,full,evaluation,default,full_network_ggn_cg,,,{},"{""bonus_scale"":1.0,""damping"":10.0,""model_ridge"":1.0}",10,horizon,200,pseudo_regret,10,0.8,0.4216370213557839,0.13333333333333333,0.4983790449602394,1.1016209550397607,0.30162095503976066
covertype_rerun,full,evaluation,default,full_network_ggn_cg,,,{},"{""bonus_scale"":1.0,""damping"":10.0,""model_ridge"":1.0}",10,horizon,200,regularizer,10,0.0311412106042458,0.014083174524371243,0.004453490818267162,0.0210667144502467,0.0412157067582449,0.0100744961539991
covertype_rerun,full,evaluation,default,full_network_ggn_cg,,,{},"{""bonus_scale"":1.0,""damping"":10.0,""model_ridge"":1.0}",10,horizon,200,reward,10,0.2,0.4216370213557839,0.13333333333333333,-0.10162095503976065,0.5016209550397607,0.30162095503976066
covertype_rerun,full,evaluation,default,full_network_ggn_cg,,,{},"{""bonus_scale"":1.0,""damping"":10.0,""model_ridge"":1.0}",10,horizon,200,round,10,200.0,0.0,0.0,200.0,200.0,0.0
covertype_rerun,full,evaluation,default,full_network_ggn_cg,,,{},"{""bonus_scale"":1.0,""damping"":10.0,""model_ridge"":1.0}",10,horizon,200,round_runtime_seconds,10,0.001638037501834333,0.00011932831010599639,3.77349249273837e-05,0.0015526751711221994,0.0017233998325464665,8.536233071213357e-05
covertype_rerun,full,evaluation,default,full_network_ggn_cg,,,{},"{""bonus_scale"":1.0,""damping"":10.0,""model_ridge"":1.0}",10,horizon,200,runtime_seconds,10,0.2373631666705478,0.018641148171669616,0.0058948486423159455,0.2240280925907215,0.2506982407503741,0.01333507407982629
covertype_rerun,full,evaluation,default,full_network_ggn_cg,,,{},"{""bonus_scale"":1.0,""damping"":10.0,""model_ridge"":1.0}",10,horizon,200,squared_loss,10,0.11215893285496534,0.08693051714552384,0.027489843235617428,0.049972587075313595,0.17434527863461707,0.06218634577965174
covertype_rerun,full,evaluation,default,full_network_ggn_cg,,,{},"{""bonus_scale"":1.0,""damping"":10.0,""model_ridge"":1.0}",10,horizon,200,true_label_arm,10,1.0,1.8257418583505538,0.5773502691896257,-0.3060570468907835,2.3060570468907837,1.3060570468907835
covertype_rerun,full,evaluation,default,full_network_ggn_cg,,,{},"{""bonus_scale"":1.0,""damping"":10.0,""model_ridge"":1.0}",10,horizon,200,update_gradient_norm,10,1.7705873108174899,1.0275388021616434,0.32493629990319406,1.0355303325383338,2.505644289096646,0.7350569782791561
covertype_rerun,full,evaluation,default,full_network_ggn_cg,,,{},"{""bonus_scale"":1.0,""damping"":10.0,""model_ridge"":1.0}",10,horizon,200,update_norm,10,0.017705873108174897,0.010275388021616434,0.003249362999031941,0.010355303325383335,0.02505644289096646,0.007350569782791562
covertype_rerun,full,evaluation,default,full_network_ggn_cg,,,{},"{""bonus_scale"":1.0,""damping"":10.0,""model_ridge"":1.0}",10,horizon,200,updates_completed,10,1.0,0.0,0.0,1.0,1.0,0.0
covertype_rerun,full,evaluation,default,last_layer_full,,,{},"{""bonus_scale"":4.0,""damping"":10.0,""model_ridge"":1.0}",10,summary,,accuracy,10,0.14650000000000002,0.04156988760576044,0.013145552691140663,0.11676269382079495,0.17623730617920508,0.02973730617920507
covertype_rerun,full,evaluation,default,last_layer_full,,,{},"{""bonus_scale"":4.0,""damping"":10.0,""model_ridge"":1.0}",10,summary,,bonus_scale,10,4.0,0.0,0.0,4.0,4.0,0.0
covertype_rerun,full,evaluation,default,last_layer_full,,,{},"{""bonus_scale"":4.0,""damping"":10.0,""model_ridge"":1.0}",10,summary,,cumulative_pseudo_regret,10,170.7,8.313977521152088,2.6291105382281326,164.75253876415897,176.647461235841,5.947461235841014
covertype_rerun,full,evaluation,default,last_layer_full,,,{},"{""bonus_scale"":4.0,""damping"":10.0,""model_ridge"":1.0}",10,summary,,cumulative_reward,10,29.3,8.313977521152088,2.6291105382281326,23.352538764158986,35.247461235841016,5.947461235841014
covertype_rerun,full,evaluation,default,last_layer_full,,,{},"{""bonus_scale"":4.0,""damping"":10.0,""model_ridge"":1.0}",10,summary,,curvature_vector_products,10,0.0,0.0,0.0,0.0,0.0,0.0
covertype_rerun,full,evaluation,default,last_layer_full,,,{},"{""bonus_scale"":4.0,""damping"":10.0,""model_ridge"":1.0}",10,summary,,damping,10,10.0,0.0,0.0,10.0,10.0,0.0
covertype_rerun,full,evaluation,default,last_layer_full,,,{},"{""bonus_scale"":4.0,""damping"":10.0,""model_ridge"":1.0}",10,summary,,environment_seed,10,1841141347.2,1031424982.1314585,326165217.9133881,1103304363.241592,2578978331.158408,737836983.9584082
covertype_rerun,full,evaluation,default,last_layer_full,,,{},"{""bonus_scale"":4.0,""damping"":10.0,""model_ridge"":1.0}",10,summary,,final_displacement_norm,10,0.16338168244528084,0.06413694402850217,0.020281882529280214,0.11750087660663783,0.20926248828392385,0.04588080583864301
covertype_rerun,full,evaluation,default,last_layer_full,,,{},"{""bonus_scale"":4.0,""damping"":10.0,""model_ridge"":1.0}",10,summary,,initialization_seed,10,2445189789.9,983884152.581073,311131487.5900824,1741361466.6760345,3149018113.1239657,703828323.2239658
covertype_rerun,full,evaluation,default,last_layer_full,,,{},"{""bonus_scale"":4.0,""damping"":10.0,""model_ridge"":1.0}",10,summary,,mean_pseudo_regret,10,0.8535,0.04156988760576045,0.013145552691140665,0.8237626938207949,0.8832373061792052,0.029737306179205072
covertype_rerun,full,evaluation,default,last_layer_full,,,{},"{""bonus_scale"":4.0,""damping"":10.0,""model_ridge"":1.0}",10,summary,,model_ridge,10,1.0,0.0,0.0,1.0,1.0,0.0
covertype_rerun,full,evaluation,default,last_layer_full,,,{},"{""bonus_scale"":4.0,""damping"":10.0,""model_ridge"":1.0}",10,summary,,peak_host_memory_bytes,10,633823232.0,24199760.5307733,7652636.210788889,616511766.181475,651134697.818525,17311465.818524998
covertype_rerun,full,evaluation,default,last_layer_full,,,{},"{""bonus_scale"":4.0,""damping"":10.0,""model_ridge"":1.0}",10,summary,,rounds,10,200.0,0.0,0.0,200.0,200.0,0.0
covertype_rerun,full,evaluation,default,last_layer_full,,,{},"{""bonus_scale"":4.0,""damping"":10.0,""model_ridge"":1.0}",10,summary,,runtime_seconds,10,0.013440544228069484,0.001091481358279065,0.00034515671157761264,0.012659745500686314,0.014221342955452654,0.0007807987273831705
covertype_rerun,full,evaluation,default,last_layer_full,,,{},"{""bonus_scale"":4.0,""damping"":10.0,""model_ridge"":1.0}",10,summary,,schema_version,10,1.0,0.0,0.0,1.0,1.0,0.0
covertype_rerun,full,evaluation,default,last_layer_full,,,{},"{""bonus_scale"":4.0,""damping"":10.0,""model_ridge"":1.0}",10,summary,,seed,10,154.5,3.0276503540974917,0.9574271077563381,152.33414941033183,156.66585058966817,2.165850589668169
covertype_rerun,full,evaluation,default,last_layer_full,,,{},"{""bonus_scale"":4.0,""damping"":10.0,""model_ridge"":1.0}",10,horizon,200,action,10,3.4,2.0110804171997807,0.6359594676112971,1.9613597350937713,4.838640264906228,1.4386402649062286
covertype_rerun,full,evaluation,default,last_layer_full,,,{},"{""bonus_scale"":4.0,""damping"":10.0,""model_ridge"":1.0}",10,horizon,200,bonus_scale,10,4.0,0.0,0.0,4.0,4.0,0.0
covertype_rerun,full,evaluation,default,last_layer_full,,,{},"{""bonus_scale"":4.0,""damping"":10.0,""model_ridge"":1.0}",10,horizon,200,cumulative_curvature_vector_products,10,0.0,0.0,0.0,0.0,0.0,0.0
covertype_rerun,full,evaluation,default,last_layer_full,,,{},"{""bonus_scale"":4.0,""damping"":10.0,""model_ridge"":1.0}",10,horizon,200,cumulative_pseudo_regret,10,170.7,8.313977521152088,2.6291105382281326,164.75253876415897,176.647461235841,5.947461235841014
covertype_rerun,full,evaluation,default,last_layer_full,,,{},"{""bonus_scale"":4.0,""damping"":10.0,""model_ridge"":1.0}",10,horizon,200,cumulative_runtime_seconds,10,0.013440544228069484,0.001091481358279065,0.00034515671157761264,0.012659745500686314,0.014221342955452654,0.0007807987273831705
covertype_rerun,full,evaluation,default,last_layer_full,,,{},"{""bonus_scale"":4.0,""damping"":10.0,""model_ridge"":1.0}",10,horizon,200,curvature_dimension,10,35.0,0.0,0.0,35.0,35.0,0.0
covertype_rerun,full,evaluation,default,last_layer_full,,,{},"{""bonus_scale"":4.0,""damping"":10.0,""model_ridge"":1.0}",10,horizon,200,curvature_trace_diagnostic,10,664.27616000806,19.26593046413519,6.092422150909213,650.4941436005902,678.0581764155297,13.782016407469722
covertype_rerun,full,evaluation,default,last_layer_full,,,{},"{""bonus_scale"":4.0,""damping"":10.0,""model_ridge"":1.0}",10,horizon,200,curvature_vector_products,10,0.0,0.0,0.0,0.0,0.0,0.0
covertype_rerun,full,evaluation,default,last_layer_full,,,{},"{""bonus_scale"":4.0,""damping"":10.0,""model_ridge"":1.0}",10,horizon,200,damping,10,10.0,0.0,0.0,10.0,10.0,0.0
covertype_rerun,full,evaluation,default,last_layer_full,,,{},"{""bonus_scale"":4.0,""damping"":10.0,""model_ridge"":1.0}",10,horizon,200,dataset_index,10,359813.9,163028.05834542034,51553.99868863499,243190.65259561513,476437.1474043849,116623.24740438489
covertype_rerun,full,evaluation,default,last_layer_full,,,{},"{""bonus_scale"":4.0,""damping"":10.0,""model_ridge"":1.0}",10,horizon,200,mean_cg_iterations,10,0.0,0.0,0.0,0.0,0.0,0.0
covertype_rerun,full,evaluation,default,last_layer_full,,,{},"{""bonus_scale"":4.0,""damping"":10.0,""model_ridge"":1.0}",10,horizon,200,mean_round_runtime_seconds,10,6.720272114034743e-05,5.457406791395326e-06,1.7257835578880632e-06,6.329872750343158e-05,7.110671477726328e-05,3.903993636915853e-06
covertype_rerun,full,evaluation,default,last_layer_full,,,{},"{""bonus_scale"":4.0,""damping"":10.0,""model_ridge"":1.0}",10,horizon,200,model_ridge,10,1.0,0.0,0.0,1.0,1.0,0.0
covertype_rerun,full,evaluation,default,last_layer_full,,,{},"{""bonus_scale"":4.0,""damping"":10.0,""model_ridge"":1.0}",10,horizon,200,peak_host_memory_bytes,10,633823232.0,24199760.5307733,7652636.210788889,616511766.181475,651134697.818525,17311465.818524998
covertype_rerun,full,evaluation,default,last_layer_full,,,{},"{""bonus_scale"":4.0,""damping"":10.0,""model_ridge"":1.0}",10,horizon,200,pre_update_selected_prediction,10,0.5194135023976252,0.2702475422860092,0.08545977656864563,0.3260900567017293,0.7127369480935211,0.1933234456958959
covertype_rerun,full,evaluation,default,last_layer_full,,,{},"{""bonus_scale"":4.0,""damping"":10.0,""model_ridge"":1.0}",10,horizon,200,pseudo_regret,10,0.9,0.31622776601683794,0.09999999999999999,0.6737842837201795,1.1262157162798205,0.22621571627982048
covertype_rerun,full,evaluation,default,last_layer_full,,,{},"{""bonus_scale"":4.0,""damping"":10.0,""model_ridge"":1.0}",10,horizon,200,regularizer,10,0.014890293698465928,0.010368435537067906,0.003278787206976577,0.007473161732912744,0.022307425664019113,0.007417131965553184
covertype_rerun,full,evaluation,default,last_layer_full,,,{},"{""bonus_scale"":4.0,""damping"":10.0,""model_ridge"":1.0}",10,horizon,200,reward,10,0.1,0.31622776601683794,0.09999999999999999,-0.12621571627982048,0.3262157162798205,0.22621571627982048
covertype_rerun,full,evaluation,default,last_layer_full,,,{},"{""bonus_scale"":4.0,""damping"":10.0,""model_ridge"":1.0}",10,horizon,200,round,10,200.0,0.0,0.0,200.0,200.0,0.0
covertype_rerun,full,evaluation,default,last_layer_full,,,{},"{""bonus_scale"":4.0,""damping"":10.0,""model_ridge"":1.0}",10,horizon,200,round_runtime_seconds,10,6.356240483000875e-05,3.941314646304703e-06,1.24635312577038e-06,6.074295817917135e-05,6.638185148084615e-05,2.819446650837397e-06
covertype_rerun,full,evaluation,default,last_layer_full,,,{},"{""bonus_scale"":4.0,""damping"":10.0,""model_ridge"":1.0}",10,horizon,200,runtime_seconds,10,0.013440544228069484,0.001091481358279065,0.00034515671157761264,0.012659745500686314,0.014221342955452654,0.0007807987273831705
covertype_rerun,full,evaluation,default,last_layer_full,,,{},"{""bonus_scale"":4.0,""damping"":10.0,""model_ridge"":1.0}",10,horizon,200,squared_loss,10,0.18376008129047233,0.15799662681001428,0.04996292033432686,0.07073610318185874,0.2967840593990859,0.11302397810861359
covertype_rerun,full,evaluation,default,last_layer_full,,,{},"{""bonus_scale"":4.0,""damping"":10.0,""model_ridge"":1.0}",10,horizon,200,true_label_arm,10,1.0,1.8257418583505538,0.5773502691896257,-0.3060570468907835,2.3060570468907837,1.3060570468907835
covertype_rerun,full,evaluation,default,last_layer_full,,,{},"{""bonus_scale"":4.0,""damping"":10.0,""model_ridge"":1.0}",10,horizon,200,update_gradient_norm,10,0.666579569952913,0.37184788060009044,0.11758862458026248,0.40057562059508317,0.9325835193107428,0.26600394935782984
covertype_rerun,full,evaluation,default,last_layer_full,,,{},"{""bonus_scale"":4.0,""damping"":10.0,""model_ridge"":1.0}",10,horizon,200,update_norm,10,0.0066657956995291295,0.003718478806000905,0.001175886245802625,0.004005756205950831,0.009325835193107427,0.0026600394935782984
covertype_rerun,full,evaluation,default,last_layer_full,,,{},"{""bonus_scale"":4.0,""damping"":10.0,""model_ridge"":1.0}",10,horizon,200,updates_completed,10,1.0,0.0,0.0,1.0,1.0,0.0
covertype_rerun,full,evaluation,default,greedy_full_network,full_network_ggn_cg,method_minus_reference,{},"{""bonus_scale"":0.0,""damping"":1.0,""model_ridge"":1.0}",10,paired_summary,,accuracy,10,0.005,0.039157800414902445,0.01238278374733781,-0.02301180294942142,0.03301180294942142,0.028011802949421422
covertype_rerun,full,evaluation,default,greedy_full_network,full_network_ggn_cg,method_minus_reference,{},"{""bonus_scale"":0.0,""damping"":1.0,""model_ridge"":1.0}",10,paired_summary,,bonus_scale,10,-1.0,0.0,0.0,-1.0,-1.0,0.0
covertype_rerun,full,evaluation,default,greedy_full_network,full_network_ggn_cg,method_minus_reference,{},"{""bonus_scale"":0.0,""damping"":1.0,""model_ridge"":1.0}",10,paired_summary,,cumulative_pseudo_regret,10,-1.0,7.831560082980487,2.4765567494675613,-6.602360589884284,4.602360589884284,5.602360589884284
covertype_rerun,full,evaluation,default,greedy_full_network,full_network_ggn_cg,method_minus_reference,{},"{""bonus_scale"":0.0,""damping"":1.0,""model_ridge"":1.0}",10,paired_summary,,cumulative_reward,10,1.0,7.831560082980487,2.4765567494675613,-4.602360589884284,6.602360589884284,5.602360589884284
covertype_rerun,full,evaluation,default,greedy_full_network,full_network_ggn_cg,method_minus_reference,{},"{""bonus_scale"":0.0,""damping"":1.0,""model_ridge"":1.0}",10,paired_summary,,curvature_vector_products,10,-19438.0,1590.7949794573362,503.053542544595,-20575.986174538266,-18300.013825461734,1137.986174538267
covertype_rerun,full,evaluation,default,greedy_full_network,full_network_ggn_cg,method_minus_reference,{},"{""bonus_scale"":0.0,""damping"":1.0,""model_ridge"":1.0}",10,paired_summary,,damping,10,-9.0,0.0,0.0,-9.0,-9.0,0.0
covertype_rerun,full,evaluation,default,greedy_full_network,full_network_ggn_cg,method_minus_reference,{},"{""bonus_scale"":0.0,""damping"":1.0,""model_ridge"":1.0}",10,paired_summary,,environment_seed,10,0.0,0.0,0.0,0.0,0.0,0.0
covertype_rerun,full,evaluation,default,greedy_full_network,full_network_ggn_cg,method_minus_reference,{},"{""bonus_scale"":0.0,""damping"":1.0,""model_ridge"":1.0}",10,paired_summary,,final_displacement_norm,10,0.005092879359568583,0.004441955803509057,0.0014046697604891973,0.0019152955995119063,0.00827046311962526,0.0031775837600566768
covertype_rerun,full,evaluation,default,greedy_full_network,full_network_ggn_cg,method_minus_reference,{},"{""bonus_scale"":0.0,""damping"":1.0,""model_ridge"":1.0}",10,paired_summary,,initialization_seed,10,0.0,0.0,0.0,0.0,0.0,0.0
covertype_rerun,full,evaluation,default,greedy_full_network,full_network_ggn_cg,method_minus_reference,{},"{""bonus_scale"":0.0,""damping"":1.0,""model_ridge"":1.0}",10,paired_summary,,mean_pseudo_regret,10,-0.0050000000000000044,0.039157800414902424,0.012382783747337802,-0.03301180294942141,0.023011802949421404,0.02801180294942141
covertype_rerun,full,evaluation,default,greedy_full_network,full_network_ggn_cg,method_minus_reference,{},"{""bonus_scale"":0.0,""damping"":1.0,""model_ridge"":1.0}",10,paired_summary,,model_ridge,10,0.0,0.0,0.0,0.0,0.0,0.0
covertype_rerun,full,evaluation,default,greedy_full_network,full_network_ggn_cg,method_minus_reference,{},"{""bonus_scale"":0.0,""damping"":1.0,""model_ridge"":1.0}",10,paired_summary,,peak_host_memory_bytes,10,6655180.8,75200.00181560281,23780.32857861023,6601385.959372202,6708975.640627798,53794.84062779799
covertype_rerun,full,evaluation,default,greedy_full_network,full_network_ggn_cg,method_minus_reference,{},"{""bonus_scale"":0.0,""damping"":1.0,""model_ridge"":1.0}",10,paired_summary,,rounds,10,0.0,0.0,0.0,0.0,0.0,0.0
covertype_rerun,full,evaluation,default,greedy_full_network,full_network_ggn_cg,method_minus_reference,{},"{""bonus_scale"":0.0,""damping"":1.0,""model_ridge"":1.0}",10,paired_summary,,runtime_seconds,10,-0.22757476436672733,0.01850641210534172,0.0058522413570591784,-0.24081345407102264,-0.214336074662432,0.013238689704295308
covertype_rerun,full,evaluation,default,greedy_full_network,full_network_ggn_cg,method_minus_reference,{},"{""bonus_scale"":0.0,""damping"":1.0,""model_ridge"":1.0}",10,paired_summary,,schema_version,10,0.0,0.0,0.0,0.0,0.0,0.0
covertype_rerun,full,evaluation,default,greedy_full_network,full_network_ggn_cg,method_minus_reference,{},"{""bonus_scale"":0.0,""damping"":1.0,""model_ridge"":1.0}",10,paired_summary,,seed,10,0.0,0.0,0.0,0.0,0.0,0.0
covertype_rerun,full,evaluation,default,greedy_full_network,full_network_ggn_cg,method_minus_reference,{},"{""bonus_scale"":0.0,""damping"":1.0,""model_ridge"":1.0}",10,paired_horizon,200,action,10,0.3,0.9486832980505138,0.3,-0.37864714883946143,0.9786471488394615,0.6786471488394614
covertype_rerun,full,evaluation,default,greedy_full_network,full_network_ggn_cg,method_minus_reference,{},"{""bonus_scale"":0.0,""damping"":1.0,""model_ridge"":1.0}",10,paired_horizon,200,bonus_scale,10,-1.0,0.0,0.0,-1.0,-1.0,0.0
covertype_rerun,full,evaluation,default,greedy_full_network,full_network_ggn_cg,method_minus_reference,{},"{""bonus_scale"":0.0,""damping"":1.0,""model_ridge"":1.0}",10,paired_horizon,200,cumulative_curvature_vector_products,10,-19438.0,1590.7949794573362,503.053542544595,-20575.986174538266,-18300.013825461734,1137.986174538267
covertype_rerun,full,evaluation,default,greedy_full_network,full_network_ggn_cg,method_minus_reference,{},"{""bonus_scale"":0.0,""damping"":1.0,""model_ridge"":1.0}",10,paired_horizon,200,cumulative_pseudo_regret,10,-1.0,7.831560082980487,2.4765567494675613,-6.602360589884284,4.602360589884284,5.602360589884284
covertype_rerun,full,evaluation,default,greedy_full_network,full_network_ggn_cg,method_minus_reference,{},"{""bonus_scale"":0.0,""damping"":1.0,""model_ridge"":1.0}",10,paired_horizon,200,cumulative_runtime_seconds,10,-0.22757476436672733,0.01850641210534172,0.0058522413570591784,-0.24081345407102264,-0.214336074662432,0.013238689704295308
covertype_rerun,full,evaluation,default,greedy_full_network,full_network_ggn_cg,method_minus_reference,{},"{""bonus_scale"":0.0,""damping"":1.0,""model_ridge"":1.0}",10,paired_horizon,200,curvature_dimension,10,0.0,0.0,0.0,0.0,0.0,0.0
covertype_rerun,full,evaluation,default,greedy_full_network,full_network_ggn_cg,method_minus_reference,{},"{""bonus_scale"":0.0,""damping"":1.0,""model_ridge"":1.0}",10,paired_horizon,200,curvature_trace_diagnostic,10,-5740.453022241921,743.9994543946445,235.27328538096472,-6272.6781699815365,-5208.227874502305,532.2251477396155
covertype_rerun,full,evaluation,default,greedy_full_network,full_network_ggn_cg,method_minus_reference,{},"{""bonus_scale"":0.0,""damping"":1.0,""model_ridge"":1.0}",10,paired_horizon,200,curvature_vector_products,10,-124.3,10.154911236550628,3.21126489443369,-131.56438588258558,-117.0356141174144,7.264385882585594
covertype_rerun,full,evaluation,default,greedy_full_network,full_network_ggn_cg,method_minus_reference,{},"{""bonus_scale"":0.0,""damping"":1.0,""model_ridge"":1.0}",10,paired_horizon,200,damping,10,-9.0,0.0,0.0,-9.0,-9.0,0.0
covertype_rerun,full,evaluation,default,greedy_full_network,full_network_ggn_cg,method_minus_reference,{},"{""bonus_scale"":0.0,""damping"":1.0,""model_ridge"":1.0}",10,paired_horizon,200,dataset_index,10,0.0,0.0,0.0,0.0,0.0,0.0
covertype_rerun,full,evaluation,default,greedy_full_network,full_network_ggn_cg,method_minus_reference,{},"{""bonus_scale"":0.0,""damping"":1.0,""model_ridge"":1.0}",10,paired_horizon,200,mean_cg_iterations,10,-12.884285714285715,1.1362821281838116,0.359323958960425,-13.697132981813049,-12.071438446758382,0.8128472675273337
covertype_rerun,full,evaluation,default,greedy_full_network,full_network_ggn_cg,method_minus_reference,{},"{""bonus_scale"":0.0,""damping"":1.0,""model_ridge"":1.0}",10,paired_horizon,200,mean_round_runtime_seconds,10,-0.0011378738218336365,9.253206052670858e-05,2.9261206785295884e-05,-0.001204067270355113,-0.00107168037331216,6.619344852147652e-05
covertype_rerun,full,evaluation,default,greedy_full_network,full_network_ggn_cg,method_minus_reference,{},"{""bonus_scale"":0.0,""damping"":1.0,""model_ridge"":1.0}",10,paired_horizon,200,model_ridge,10,0.0,0.0,0.0,0.0,0.0,0.0
covertype_rerun,full,evaluation,default,greedy_full_network,full_network_ggn_cg,method_minus_reference,{},"{""bonus_scale"":0.0,""damping"":1.0,""model_ridge"":1.0}",10,paired_horizon,200,peak_host_memory_bytes,10,6655180.8,75200.00181560281,23780.32857861023,6601385.959372202,6708975.640627798,53794.84062779799
covertype_rerun,full,evaluation,default,greedy_full_network,full_network_ggn_cg,method_minus_reference,{},"{""bonus_scale"":0.0,""damping"":1.0,""model_ridge"":1.0}",10,paired_horizon,200,pre_update_selected_prediction,10,0.003930745103879,0.06397751159379023,0.02023146556662063,-0.0418360096415571,0.049697499849315104,0.0457667547454361
covertype_rerun,full,evaluation,default,greedy_full_network,full_network_ggn_cg,method_minus_reference,{},"{""bonus_scale"":0.0,""damping"":1.0,""model_ridge"":1.0}",10,paired_horizon,200,pseudo_regret,10,0.0,0.0,0.0,0.0,0.0,0.0
covertype_rerun,full,evaluation,default,greedy_full_network,full_network_ggn_cg,method_minus_reference,{},"{""bonus_scale"":0.0,""damping"":1.0,""model_ridge"":1.0}",10,paired_horizon,200,regularizer,10,0.001238516404158658,0.001367293015581735,0.0004323760158078376,0.00026041390297680826,0.0022166189053405075,0.0009781025011818497
covertype_rerun,full,evaluation,default,greedy_full_network,full_network_ggn_cg,method_minus_reference,{},"{""bonus_scale"":0.0,""damping"":1.0,""model_ridge"":1.0}",10,paired_horizon,200,reward,10,0.0,0.0,0.0,0.0,0.0,0.0
covertype_rerun,full,evaluation,default,greedy_full_network,full_network_ggn_cg,method_minus_reference,{},"{""bonus_scale"":0.0,""damping"":1.0,""model_ridge"":1.0}",10,paired_horizon,200,round,10,0.0,0.0,0.0,0.0,0.0,0.0
covertype_rerun,full,evaluation,default,greedy_full_network,full_network_ggn_cg,method_minus_reference,{},"{""bonus_scale"":0.0,""damping"":1.0,""model_ridge"":1.0}",10,paired_horizon,200,round_runtime_seconds,10,-0.0015867418027482928,0.0001167142989636086,3.690830202348329e-05,-0.0016702341825374349,-0.0015032494229591507,8.34923797891422e-05
covertype_rerun,full,evaluation,default,greedy_full_network,full_network_ggn_cg,method_minus_reference,{},"{""bonus_scale"":0.0,""damping"":1.0,""model_ridge"":1.0}",10,paired_horizon,200,runtime_seconds,10,-0.22757476436672733,0.01850641210534172,0.0058522413570591784,-0.24081345407102264,-0.214336074662432,0.013238689704295308
covertype_rerun,full,evaluation,default,greedy_full_network,full_network_ggn_cg,method_minus_reference,{},"{""bonus_scale"":0.0,""damping"":1.0,""model_ridge"":1.0}",10,paired_horizon,200,squared_loss,10,-0.006138237007392212,0.027618093609348908,0.008733608043728313,-0.025895031000584233,0.013618556985799807,0.01975679399319202
covertype_rerun,full,evaluation,default,greedy_full_network,full_network_ggn_cg,method_minus_reference,{},"{""bonus_scale"":0.0,""damping"":1.0,""model_ridge"":1.0}",10,paired_horizon,200,true_label_arm,10,0.0,0.0,0.0,0.0,0.0,0.0
covertype_rerun,full,evaluation,default,greedy_full_network,full_network_ggn_cg,method_minus_reference,{},"{""bonus_scale"":0.0,""damping"":1.0,""model_ridge"":1.0}",10,paired_horizon,200,update_gradient_norm,10,-0.02786391355395948,0.2508299907247509,0.07931940761691214,-0.20729687964346777,0.1515690525355488,0.1794329660895083
covertype_rerun,full,evaluation,default,greedy_full_network,full_network_ggn_cg,method_minus_reference,{},"{""bonus_scale"":0.0,""damping"":1.0,""model_ridge"":1.0}",10,paired_horizon,200,update_norm,10,-0.00027863913553959524,0.0025082999072475083,0.0007931940761691214,-0.002072968796434678,0.0015156905253554875,0.0017943296608950827
covertype_rerun,full,evaluation,default,greedy_full_network,full_network_ggn_cg,method_minus_reference,{},"{""bonus_scale"":0.0,""damping"":1.0,""model_ridge"":1.0}",10,paired_horizon,200,updates_completed,10,0.0,0.0,0.0,0.0,0.0,0.0
covertype_rerun,full,evaluation,default,last_layer_diagonal,full_network_ggn_cg,method_minus_reference,{},"{""bonus_scale"":1.0,""damping"":1.0,""model_ridge"":1.0}",10,paired_summary,,accuracy,10,-0.039,0.057677262995626505,0.018239152027072603,-0.08025982840140769,0.0022598284014076833,0.04125982840140768
covertype_rerun,full,evaluation,default,last_layer_diagonal,full_network_ggn_cg,method_minus_reference,{},"{""bonus_scale"":1.0,""damping"":1.0,""model_ridge"":1.0}",10,paired_summary,,bonus_scale,10,0.0,0.0,0.0,0.0,0.0,0.0
covertype_rerun,full,evaluation,default,last_layer_diagonal,full_network_ggn_cg,method_minus_reference,{},"{""bonus_scale"":1.0,""damping"":1.0,""model_ridge"":1.0}",10,paired_summary,,cumulative_pseudo_regret,10,7.8,11.535452599125302,3.6478304054145205,-0.45196568028153816,16.051965680281537,8.251965680281538
covertype_rerun,full,evaluation,default,last_layer_diagonal,full_network_ggn_cg,method_minus_reference,{},"{""bonus_scale"":1.0,""damping"":1.0,""model_ridge"":1.0}",10,paired_summary,,cumulative_reward,10,-7.8,11.535452599125302,3.6478304054145205,-16.051965680281537,0.45196568028153816,8.251965680281538
covertype_rerun,full,evaluation,default,last_layer_diagonal,full_network_ggn_cg,method_minus_reference,{},"{""bonus_scale"":1.0,""damping"":1.0,""model_ridge"":1.0}",10,paired_summary,,curvature_vector_products,10,-19438.0,1590.7949794573362,503.053542544595,-20575.986174538266,-18300.013825461734,1137.986174538267
covertype_rerun,full,evaluation,default,last_layer_diagonal,full_network_ggn_cg,method_minus_reference,{},"{""bonus_scale"":1.0,""damping"":1.0,""model_ridge"":1.0}",10,paired_summary,,damping,10,-9.0,0.0,0.0,-9.0,-9.0,0.0
covertype_rerun,full,evaluation,default,last_layer_diagonal,full_network_ggn_cg,method_minus_reference,{},"{""bonus_scale"":1.0,""damping"":1.0,""model_ridge"":1.0}",10,paired_summary,,environment_seed,10,0.0,0.0,0.0,0.0,0.0,0.0
covertype_rerun,full,evaluation,default,last_layer_diagonal,full_network_ggn_cg,method_minus_reference,{},"{""bonus_scale"":1.0,""damping"":1.0,""model_ridge"":1.0}",10,paired_summary,,final_displacement_norm,10,-0.07089339374233372,0.024917947804827503,0.007879746968044771,-0.08871861978713363,-0.05306816769753381,0.017825226044799917
covertype_rerun,full,evaluation,default,last_layer_diagonal,full_network_ggn_cg,method_minus_reference,{},"{""bonus_scale"":1.0,""damping"":1.0,""model_ridge"":1.0}",10,paired_summary,,initialization_seed,10,0.0,0.0,0.0,0.0,0.0,0.0
covertype_rerun,full,evaluation,default,last_layer_diagonal,full_network_ggn_cg,method_minus_reference,{},"{""bonus_scale"":1.0,""damping"":1.0,""model_ridge"":1.0}",10,paired_summary,,mean_pseudo_regret,10,0.039,0.05767726299562651,0.018239152027072606,-0.002259828401407697,0.08025982840140769,0.0412598284014077
covertype_rerun,full,evaluation,default,last_layer_diagonal,full_network_ggn_cg,method_minus_reference,{},"{""bonus_scale"":1.0,""damping"":1.0,""model_ridge"":1.0}",10,paired_summary,,model_ridge,10,0.0,0.0,0.0,0.0,0.0,0.0
covertype_rerun,full,evaluation,default,last_layer_diagonal,full_network_ggn_cg,method_minus_reference,{},"{""bonus_scale"":1.0,""damping"":1.0,""model_ridge"":1.0}",10,paired_summary,,peak_host_memory_bytes,10,5329715.2,66012.13703352842,20874.870624110066,5282492.961895184,5376937.438104817,47222.23810481642
covertype_rerun,full,evaluation,default,last_layer_diagonal,full_network_ggn_cg,method_minus_reference,{},"{""bonus_scale"":1.0,""damping"":1.0,""model_ridge"":1.0}",10,paired_summary,,rounds,10,0.0,0.0,0.0,0.0,0.0,0.0
covertype_rerun,full,evaluation,default,last_layer_diagonal,full_network_ggn_cg,method_minus_reference,{},"{""bonus_scale"":1.0,""damping"":1.0,""model_ridge"":1.0}",10,paired_summary,,runtime_seconds,10,-0.22522880617761984,0.019557265913091832,0.006184550509094284,-0.23921923141045476,-0.21123838094478492,0.013990425232834919
covertype_rerun,full,evaluation,default,last_layer_diagonal,full_network_ggn_cg,method_minus_reference,{},"{""bonus_scale"":1.0,""damping"":1.0,""model_ridge"":1.0}",10,paired_summary,,schema_version,10,0.0,0.0,0.0,0.0,0.0,0.0
covertype_rerun,full,evaluation,default,last_layer_diagonal,full_network_ggn_cg,method_minus_reference,{},"{""bonus_scale"":1.0,""damping"":1.0,""model_ridge"":1.0}",10,paired_summary,,seed,10,0.0,0.0,0.0,0.0,0.0,0.0
covertype_rerun,full,evaluation,default,last_layer_diagonal,full_network_ggn_cg,method_minus_reference,{},"{""bonus_scale"":1.0,""damping"":1.0,""model_ridge"":1.0}",10,paired_horizon,200,action,10,0.3,3.5605867181937554,1.1259563836036357,-2.2470902981673277,2.8470902981673274,2.5470902981673276
covertype_rerun,full,evaluation,default,last_layer_diagonal,full_network_ggn_cg,method_minus_reference,{},"{""bonus_scale"":1.0,""damping"":1.0,""model_ridge"":1.0}",10,paired_horizon,200,bonus_scale,10,0.0,0.0,0.0,0.0,0.0,0.0
covertype_rerun,full,evaluation,default,last_layer_diagonal,full_network_ggn_cg,method_minus_reference,{},"{""bonus_scale"":1.0,""damping"":1.0,""model_ridge"":1.0}",10,paired_horizon,200,cumulative_curvature_vector_products,10,-19438.0,1590.7949794573362,503.053542544595,-20575.986174538266,-18300.013825461734,1137.986174538267
covertype_rerun,full,evaluation,default,last_layer_diagonal,full_network_ggn_cg,method_minus_reference,{},"{""bonus_scale"":1.0,""damping"":1.0,""model_ridge"":1.0}",10,paired_horizon,200,cumulative_pseudo_regret,10,7.8,11.535452599125302,3.6478304054145205,-0.45196568028153816,16.051965680281537,8.251965680281538
covertype_rerun,full,evaluation,default,last_layer_diagonal,full_network_ggn_cg,method_minus_reference,{},"{""bonus_scale"":1.0,""damping"":1.0,""model_ridge"":1.0}",10,paired_horizon,200,cumulative_runtime_seconds,10,-0.22522880617761984,0.019557265913091832,0.006184550509094284,-0.23921923141045476,-0.21123838094478492,0.013990425232834919
covertype_rerun,full,evaluation,default,last_layer_diagonal,full_network_ggn_cg,method_minus_reference,{},"{""bonus_scale"":1.0,""damping"":1.0,""model_ridge"":1.0}",10,paired_horizon,200,curvature_dimension,10,-220.0,0.0,0.0,-220.0,-220.0,0.0
covertype_rerun,full,evaluation,default,last_layer_diagonal,full_network_ggn_cg,method_minus_reference,{},"{""bonus_scale"":1.0,""damping"":1.0,""model_ridge"":1.0}",10,paired_horizon,200,curvature_trace_diagnostic,10,-5391.17686223386,757.376459387781,239.50346578594034,-5932.97134287652,-4849.382381591201,541.7944806426598
covertype_rerun,full,evaluation,default,last_layer_diagonal,full_network_ggn_cg,method_minus_reference,{},"{""bonus_scale"":1.0,""damping"":1.0,""model_ridge"":1.0}",10,paired_horizon,200,curvature_vector_products,10,-124.3,10.154911236550628,3.21126489443369,-131.56438588258558,-117.0356141174144,7.264385882585594
covertype_rerun,full,evaluation,default,last_layer_diagonal,full_network_ggn_cg,method_minus_reference,{},"{""bonus_scale"":1.0,""damping"":1.0,""model_ridge"":1.0}",10,paired_horizon,200,damping,10,-9.0,0.0,0.0,-9.0,-9.0,0.0
covertype_rerun,full,evaluation,default,last_layer_diagonal,full_network_ggn_cg,method_minus_reference,{},"{""bonus_scale"":1.0,""damping"":1.0,""model_ridge"":1.0}",10,paired_horizon,200,dataset_index,10,0.0,0.0,0.0,0.0,0.0,0.0
covertype_rerun,full,evaluation,default,last_layer_diagonal,full_network_ggn_cg,method_minus_reference,{},"{""bonus_scale"":1.0,""damping"":1.0,""model_ridge"":1.0}",10,paired_horizon,200,mean_cg_iterations,10,-12.884285714285715,1.1362821281838116,0.359323958960425,-13.697132981813049,-12.071438446758382,0.8128472675273337
covertype_rerun,full,evaluation,default,last_layer_diagonal,full_network_ggn_cg,method_minus_reference,{},"{""bonus_scale"":1.0,""damping"":1.0,""model_ridge"":1.0}",10,paired_horizon,200,mean_round_runtime_seconds,10,-0.001126144030888099,9.778632956545914e-05,3.0922752545471414e-05,-0.0011960961570522738,-0.0010561919047239244,6.995212616417458e-05
covertype_rerun,full,evaluation,default,last_layer_diagonal,full_network_ggn_cg,method_minus_reference,{},"{""bonus_scale"":1.0,""damping"":1.0,""model_ridge"":1.0}",10,paired_horizon,200,model_ridge,10,0.0,0.0,0.0,0.0,0.0,0.0
covertype_rerun,full,evaluation,default,last_layer_diagonal,full_network_ggn_cg,method_minus_reference,{},"{""bonus_scale"":1.0,""damping"":1.0,""model_ridge"":1.0}",10,paired_horizon,200,peak_host_memory_bytes,10,5329715.2,66012.13703352842,20874.870624110066,5282492.961895184,5376937.438104817,47222.23810481642
covertype_rerun,full,evaluation,default,last_layer_diagonal,full_network_ggn_cg,method_minus_reference,{},"{""bonus_scale"":1.0,""damping"":1.0,""model_ridge"":1.0}",10,paired_horizon,200,pre_update_selected_prediction,10,0.10215959822698858,0.25758568677688776,0.08145574628736817,-0.0821061016880546,0.28642529814203177,0.18426569991504319
covertype_rerun,full,evaluation,default,last_layer_diagonal,full_network_ggn_cg,method_minus_reference,{},"{""bonus_scale"":1.0,""damping"":1.0,""model_ridge"":1.0}",10,paired_horizon,200,pseudo_regret,10,0.1,0.5676462121975467,0.17950549357115014,-0.30606963804360443,0.5060696380436044,0.4060696380436044
covertype_rerun,full,evaluation,default,last_layer_diagonal,full_network_ggn_cg,method_minus_reference,{},"{""bonus_scale"":1.0,""damping"":1.0,""model_ridge"":1.0}",10,paired_horizon,200,regularizer,10,-0.014776354195085972,0.0066055595437866784,0.0020888613378228643,-0.019501686832534205,-0.010051021557637738,0.004725332637448234
covertype_rerun,full,evaluation,default,last_layer_diagonal,full_network_ggn_cg,method_minus_reference,{},"{""bonus_scale"":1.0,""damping"":1.0,""model_ridge"":1.0}",10,paired_horizon,200,reward,10,-0.1,0.5676462121975467,0.17950549357115014,-0.5060696380436044,0.30606963804360443,0.4060696380436044
covertype_rerun,full,evaluation,default,last_layer_diagonal,full_network_ggn_cg,method_minus_reference,{},"{""bonus_scale"":1.0,""damping"":1.0,""model_ridge"":1.0}",10,paired_horizon,200,round,10,0.0,0.0,0.0,0.0,0.0,0.0
covertype_rerun,full,evaluation,default,last_layer_diagonal,full_network_ggn_cg,method_minus_reference,{},"{""bonus_scale"":1.0,""damping"":1.0,""model_ridge"":1.0}",10,paired_horizon,200,round_runtime_seconds,10,-0.0015850668016355485,0.00011455321659274428,3.6224907773166496e-05,-0.0016670132362263214,-0.0015031203670447756,8.194643459077296e-05
covertype_rerun,full,evaluation,default,last_layer_diagonal,full_network_ggn_cg,method_minus_reference,{},"{""bonus_scale"":1.0,""damping"":1.0,""model_ridge"":1.0}",10,paired_horizon,200,runtime_seconds,10,-0.22522880617761984,0.019557265913091832,0.006184550509094284,-0.23921923141045476,-0.21123838094478492,0.013990425232834919
covertype_rerun,full,evaluation,default,last_layer_diagonal,full_network_ggn_cg,method_minus_reference,{},"{""bonus_scale"":1.0,""damping"":1.0,""model_ridge"":1.0}",10,paired_horizon,200,squared_loss,10,0.06866028578019392,0.12344209431271756,0.039035817716950486,-0.019644868873890692,0.15696544043427854,0.08830515465408462
covertype_rerun,full,evaluation,default,last_layer_diagonal,full_network_ggn_cg,method_minus_reference,{},"{""bonus_scale"":1.0,""damping"":1.0,""model_ridge"":1.0}",10,paired_horizon,200,true_label_arm,10,0.0,0.0,0.0,0.0,0.0,0.0
covertype_rerun,full,evaluation,default,last_layer_diagonal,full_network_ggn_cg,method_minus_reference,{},"{""bonus_scale"":1.0,""damping"":1.0,""model_ridge"":1.0}",10,paired_horizon,200,update_gradient_norm,10,-1.1124417876367612,0.7688911780787137,0.24314473955388632,-1.6624734018152891,-0.5624101734582332,0.550031614178528
covertype_rerun,full,evaluation,default,last_layer_diagonal,full_network_ggn_cg,method_minus_reference,{},"{""bonus_scale"":1.0,""damping"":1.0,""model_ridge"":1.0}",10,paired_horizon,200,update_norm,10,-0.011124417876367611,0.007688911780787137,0.002431447395538863,-0.01662473401815289,-0.005624101734582332,0.00550031614178528
covertype_rerun,full,evaluation,default,last_layer_diagonal,full_network_ggn_cg,method_minus_reference,{},"{""bonus_scale"":1.0,""damping"":1.0,""model_ridge"":1.0}",10,paired_horizon,200,updates_completed,10,0.0,0.0,0.0,0.0,0.0,0.0
covertype_rerun,full,evaluation,default,diagonal_full_network,full_network_ggn_cg,method_minus_reference,{},"{""bonus_scale"":1.0,""damping"":10.0,""model_ridge"":1.0}",10,paired_summary,,accuracy,10,-0.015499999999999996,0.024771175004652313,0.007833333333333335,-0.033220231108585935,0.0022202311085859454,0.017720231108585942
covertype_rerun,full,evaluation,default,diagonal_full_network,full_network_ggn_cg,method_minus_reference,{},"{""bonus_scale"":1.0,""damping"":10.0,""model_ridge"":1.0}",10,paired_summary,,bonus_scale,10,0.0,0.0,0.0,0.0,0.0,0.0
covertype_rerun,full,evaluation,default,diagonal_full_network,full_network_ggn_cg,method_minus_reference,{},"{""bonus_scale"":1.0,""damping"":10.0,""model_ridge"":1.0}",10,paired_summary,,cumulative_pseudo_regret,10,3.1,4.954235000930461,1.5666666666666664,-0.444046221717187,6.644046221717187,3.544046221717187
covertype_rerun,full,evaluation,default,diagonal_full_network,full_network_ggn_cg,method_minus_reference,{},"{""bonus_scale"":1.0,""damping"":10.0,""model_ridge"":1.0}",10,paired_summary,,cumulative_reward,10,-3.1,4.954235000930461,1.5666666666666664,-6.644046221717187,0.444046221717187,3.544046221717187
covertype_rerun,full,evaluation,default,diagonal_full_network,full_network_ggn_cg,method_minus_reference,{},"{""bonus_scale"":1.0,""damping"":10.0,""model_ridge"":1.0}",10,paired_summary,,curvature_vector_products,10,-19438.0,1590.7949794573362,503.053542544595,-20575.986174538266,-18300.013825461734,1137.986174538267
covertype_rerun,full,evaluation,default,diagonal_full_network,full_network_ggn_cg,method_minus_reference,{},"{""bonus_scale"":1.0,""damping"":10.0,""model_ridge"":1.0}",10,paired_summary,,damping,10,0.0,0.0,0.0,0.0,0.0,0.0
covertype_rerun,full,evaluation,default,diagonal_full_network,full_network_ggn_cg,method_minus_reference,{},"{""bonus_scale"":1.0,""damping"":10.0,""model_ridge"":1.0}",10,paired_summary,,environment_seed,10,0.0,0.0,0.0,0.0,0.0,0.0
covertype_rerun,full,evaluation,default,diagonal_full_network,full_network_ggn_cg,method_minus_reference,{},"{""bonus_scale"":1.0,""damping"":10.0,""model_ridge"":1.0}",10,paired_summary,,final_displacement_norm,10,0.0024318442378558403,0.004992768113648232,0.0015788519068190823,-0.0011397669121525505,0.006003455387864232,0.003571611150008391
covertype_rerun,full,evaluation,default,diagonal_full_network,full_network_ggn_cg,method_minus_reference,{},"{""bonus_scale"":1.0,""damping"":10.0,""model_ridge"":1.0}",10,paired_summary,,initialization_seed,10,0.0,0.0,0.0,0.0,0.0,0.0
covertype_rerun,full,evaluation,default,diagonal_full_network,full_network_ggn_cg,method_minus_reference,{},"{""bonus_scale"":1.0,""damping"":10.0,""model_ridge"":1.0}",10,paired_summary,,mean_pseudo_regret,10,0.015499999999999991,0.02477117500465232,0.007833333333333338,-0.0022202311085859575,0.03322023110858594,0.01772023110858595
covertype_rerun,full,evaluation,default,diagonal_full_network,full_network_ggn_cg,method_minus_reference,{},"{""bonus_scale"":1.0,""damping"":10.0,""model_ridge"":1.0}",10,paired_summary,,model_ridge,10,0.0,0.0,0.0,0.0,0.0,0.0
covertype_rerun,full,evaluation,default,diagonal_full_network,full_network_ggn_cg,method_minus_reference,{},"{""bonus_scale"":1.0,""damping"":10.0,""model_ridge"":1.0}",10,paired_summary,,peak_host_memory_bytes,10,2678784.0,50202.69584616171,15875.486355454506,2642871.1548281033,2714696.8451718967,35912.84517189658
covertype_rerun,full,evaluation,default,diagonal_full_network,full_network_ggn_cg,method_minus_reference,{},"{""bonus_scale"":1.0,""damping"":10.0,""model_ridge"":1.0}",10,paired_summary,,rounds,10,0.0,0.0,0.0,0.0,0.0,0.0
covertype_rerun,full,evaluation,default,diagonal_full_network,full_network_ggn_cg,method_minus_reference,{},"{""bonus_scale"":1.0,""damping"":10.0,""model_ridge"":1.0}",10,paired_summary,,runtime_seconds,10,-0.20799289917340502,0.018543761336211682,0.0058640522208996335,-0.22125830690793585,-0.1947274914388742,0.013265407734530827
covertype_rerun,full,evaluation,default,diagonal_full_network,full_network_ggn_cg,method_minus_reference,{},"{""bonus_scale"":1.0,""damping"":10.0,""model_ridge"":1.0}",10,paired_summary,,schema_version,10,0.0,0.0,0.0,0.0,0.0,0.0
covertype_rerun,full,evaluation,default,diagonal_full_network,full_network_ggn_cg,method_minus_reference,{},"{""bonus_scale"":1.0,""damping"":10.0,""model_ridge"":1.0}",10,paired_summary,,seed,10,0.0,0.0,0.0,0.0,0.0,0.0
covertype_rerun,full,evaluation,default,diagonal_full_network,full_network_ggn_cg,method_minus_reference,{},"{""bonus_scale"":1.0,""damping"":10.0,""model_ridge"":1.0}",10,paired_horizon,200,action,10,-0.4,1.6465452046971292,0.5206833117271102,-1.577867483172973,0.7778674831729729,1.177867483172973
covertype_rerun,full,evaluation,default,diagonal_full_network,full_network_ggn_cg,method_minus_reference,{},"{""bonus_scale"":1.0,""damping"":10.0,""model_ridge"":1.0}",10,paired_horizon,200,bonus_scale,10,0.0,0.0,0.0,0.0,0.0,0.0
covertype_rerun,full,evaluation,default,diagonal_full_network,full_network_ggn_cg,method_minus_reference,{},"{""bonus_scale"":1.0,""damping"":10.0,""model_ridge"":1.0}",10,paired_horizon,200,cumulative_curvature_vector_products,10,-19438.0,1590.7949794573362,503.053542544595,-20575.986174538266,-18300.013825461734,1137.986174538267
covertype_rerun,full,evaluation,default,diagonal_full_network,full_network_ggn_cg,method_minus_reference,{},"{""bonus_scale"":1.0,""damping"":10.0,""model_ridge"":1.0}",10,paired_horizon,200,cumulative_pseudo_regret,10,3.1,4.954235000930461,1.5666666666666664,-0.444046221717187,6.644046221717187,3.544046221717187
covertype_rerun,full,evaluation,default,diagonal_full_network,full_network_ggn_cg,method_minus_reference,{},"{""bonus_scale"":1.0,""damping"":10.0,""model_ridge"":1.0}",10,paired_horizon,200,cumulative_runtime_seconds,10,-0.20799289917340502,0.018543761336211682,0.0058640522208996335,-0.22125830690793585,-0.1947274914388742,0.013265407734530827
covertype_rerun,full,evaluation,default,diagonal_full_network,full_network_ggn_cg,method_minus_reference,{},"{""bonus_scale"":1.0,""damping"":10.0,""model_ridge"":1.0}",10,paired_horizon,200,curvature_dimension,10,0.0,0.0,0.0,0.0,0.0,0.0
covertype_rerun,full,evaluation,default,diagonal_full_network,full_network_ggn_cg,method_minus_reference,{},"{""bonus_scale"":1.0,""damping"":10.0,""model_ridge"":1.0}",10,paired_horizon,200,curvature_trace_diagnostic,10,358.5223334433501,343.1318380109609,108.50781458345767,113.06060346380178,603.9840634228983,245.4617299795483
covertype_rerun,full,evaluation,default,diagonal_full_network,full_network_ggn_cg,method_minus_reference,{},"{""bonus_scale"":1.0,""damping"":10.0,""model_ridge"":1.0}",10,paired_horizon,200,curvature_vector_products,10,-124.3,10.154911236550628,3.21126489443369,-131.56438588258558,-117.0356141174144,7.264385882585594
covertype_rerun,full,evaluation,default,diagonal_full_network,full_network_ggn_cg,method_minus_reference,{},"{""bonus_scale"":1.0,""damping"":10.0,""model_ridge"":1.0}",10,paired_horizon,200,damping,10,0.0,0.0,0.0,0.0,0.0,0.0
covertype_rerun,full,evaluation,default,diagonal_full_network,full_network_ggn_cg,method_minus_reference,{},"{""bonus_scale"":1.0,""damping"":10.0,""model_ridge"":1.0}",10,paired_horizon,200,dataset_index,10,0.0,0.0,0.0,0.0,0.0,0.0
covertype_rerun,full,evaluation,default,diagonal_full_network,full_network_ggn_cg,method_minus_reference,{},"{""bonus_scale"":1.0,""damping"":10.0,""model_ridge"":1.0}",10,paired_horizon,200,mean_cg_iterations,10,-12.884285714285715,1.1362821281838116,0.359323958960425,-13.697132981813049,-12.071438446758382,0.8128472675273337
covertype_rerun,full,evaluation,default,diagonal_full_network,full_network_ggn_cg,method_minus_reference,{},"{""bonus_scale"":1.0,""damping"":10.0,""model_ridge"":1.0}",10,paired_horizon,200,mean_round_runtime_seconds,10,-0.001039964495867025,9.271880668105838e-05,2.9320261104498158e-05,-0.0011062915345396791,-0.0009736374571943709,6.632703867265411e-05
covertype_rerun,full,evaluation,default,diagonal_full_network,full_network_ggn_cg,method_minus_reference,{},"{""bonus_scale"":1.0,""damping"":10.0,""model_ridge"":1.0}",10,paired_horizon,200,model_ridge,10,0.0,0.0,0.0,0.0,0.0,0.0
covertype_rerun,full,evaluation,default,diagonal_full_network,full_network_ggn_cg,method_minus_reference,{},"{""bonus_scale"":1.0,""damping"":10.0,""model_ridge"":1.0}",10,paired_horizon,200,peak_host_memory_bytes,10,2678784.0,50202.69584616171,15875.486355454506,2642871.1548281033,2714696.8451718967,35912.84517189658
covertype_rerun,full,evaluation,default,diagonal_full_network,full_network_ggn_cg,method_minus_reference,{},"{""bonus_scale"":1.0,""damping"":10.0,""model_ridge"":1.0}",10,paired_horizon,200,pre_update_selected_prediction,10,-0.044523782873598136,0.08052290842411966,0.02546357944413778,-0.10212640150363554,0.01307883575643927,0.057602618630037405
covertype_rerun,full,evaluation,default,diagonal_full_network,full_network_ggn_cg,method_minus_reference,{},"{""bonus_scale"":1.0,""damping"":10.0,""model_ridge"":1.0}",10,paired_horizon,200,pseudo_regret,10,-0.1,0.31622776601683794,0.09999999999999999,-0.3262157162798205,0.12621571627982048,0.22621571627982048
covertype_rerun,full,evaluation,default,diagonal_full_network,full_network_ggn_cg,method_minus_reference,{},"{""bonus_scale"":1.0,""damping"":10.0,""model_ridge"":1.0}",10,paired_horizon,200,regularizer,10,0.0009141693991369564,0.0015701781404288005,0.0004965339255962724,-0.00020906837722296226,0.002037407175496875,0.0011232377763599186
covertype_rerun,full,evaluation,default,diagonal_full_network,full_network_ggn_cg,method_minus_reference,{},"{""bonus_scale"":1.0,""damping"":10.0,""model_ridge"":1.0}",10,paired_horizon,200,reward,10,0.1,0.31622776601683794,0.09999999999999999,-0.12621571627982048,0.3262157162798205,0.22621571627982048
covertype_rerun,full,evaluation,default,diagonal_full_network,full_network_ggn_cg,method_minus_reference,{},"{""bonus_scale"":1.0,""damping"":10.0,""model_ridge"":1.0}",10,paired_horizon,200,round,10,0.0,0.0,0.0,0.0,0.0,0.0
covertype_rerun,full,evaluation,default,diagonal_full_network,full_network_ggn_cg,method_minus_reference,{},"{""bonus_scale"":1.0,""damping"":10.0,""model_ridge"":1.0}",10,paired_horizon,200,round_runtime_seconds,10,-0.0014452875009737908,0.00011904087229538149,3.764402911066418e-05,-0.0015304442110630639,-0.0013601307908845178,8.51567100892731e-05
covertype_rerun,full,evaluation,default,diagonal_full_network,full_network_ggn_cg,method_minus_reference,{},"{""bonus_scale"":1.0,""damping"":10.0,""model_ridge"":1.0}",10,paired_horizon,200,runtime_seconds,10,-0.20799289917340502,0.018543761336211682,0.0058640522208996335,-0.22125830690793585,-0.1947274914388742,0.013265407734530827
covertype_rerun,full,evaluation,default,diagonal_full_network,full_network_ggn_cg,method_minus_reference,{},"{""bonus_scale"":1.0,""damping"":10.0,""model_ridge"":1.0}",10,paired_horizon,200,squared_loss,10,-0.02440210154460263,0.05570771998201527,0.01761632783980425,-0.06425300374961725,0.015448800660411988,0.03985090220501462
covertype_rerun,full,evaluation,default,diagonal_full_network,full_network_ggn_cg,method_minus_reference,{},"{""bonus_scale"":1.0,""damping"":10.0,""model_ridge"":1.0}",10,paired_horizon,200,true_label_arm,10,0.0,0.0,0.0,0.0,0.0,0.0
covertype_rerun,full,evaluation,default,diagonal_full_network,full_network_ggn_cg,method_minus_reference,{},"{""bonus_scale"":1.0,""damping"":10.0,""model_ridge"":1.0}",10,paired_horizon,200,update_gradient_norm,10,-0.10764486357202414,0.16312068293937004,0.05158328915705791,-0.22433437061935368,0.009044643475305383,0.11668950704732953
covertype_rerun,full,evaluation,default,diagonal_full_network,full_network_ggn_cg,method_minus_reference,{},"{""bonus_scale"":1.0,""damping"":10.0,""model_ridge"":1.0}",10,paired_horizon,200,update_norm,10,-0.001076448635720241,0.0016312068293937003,0.0005158328915705791,-0.002243343706193536,9.044643475305419e-05,0.0011668950704732952
covertype_rerun,full,evaluation,default,diagonal_full_network,full_network_ggn_cg,method_minus_reference,{},"{""bonus_scale"":1.0,""damping"":10.0,""model_ridge"":1.0}",10,paired_horizon,200,updates_completed,10,0.0,0.0,0.0,0.0,0.0,0.0
covertype_rerun,full,evaluation,default,frozen_full_gram,full_network_ggn_cg,method_minus_reference,{},"{""bonus_scale"":1.0,""damping"":10.0,""model_ridge"":1.0}",10,paired_summary,,accuracy,10,-0.0035000000000000005,0.010554093465991714,0.003337497399083466,-0.011049943647157043,0.004049943647157041,0.007549943647157041
covertype_rerun,full,evaluation,default,frozen_full_gram,full_network_ggn_cg,method_minus_reference,{},"{""bonus_scale"":1.0,""damping"":10.0,""model_ridge"":1.0}",10,paired_summary,,bonus_scale,10,0.0,0.0,0.0,0.0,0.0,0.0
covertype_rerun,full,evaluation,default,frozen_full_gram,full_network_ggn_cg,method_minus_reference,{},"{""bonus_scale"":1.0,""damping"":10.0,""model_ridge"":1.0}",10,paired_summary,,cumulative_pseudo_regret,10,0.7,2.110818693198342,0.6674994798166929,-0.8099887294314077,2.209988729431408,1.5099887294314076
covertype_rerun,full,evaluation,default,frozen_full_gram,full_network_ggn_cg,method_minus_reference,{},"{""bonus_scale"":1.0,""damping"":10.0,""model_ridge"":1.0}",10,paired_summary,,cumulative_reward,10,-0.7,2.110818693198342,0.6674994798166929,-2.209988729431408,0.8099887294314077,1.5099887294314076
covertype_rerun,full,evaluation,default,frozen_full_gram,full_network_ggn_cg,method_minus_reference,{},"{""bonus_scale"":1.0,""damping"":10.0,""model_ridge"":1.0}",10,paired_summary,,curvature_vector_products,10,-19438.0,1590.7949794573362,503.053542544595,-20575.986174538266,-18300.013825461734,1137.986174538267
covertype_rerun,full,evaluation,default,frozen_full_gram,full_network_ggn_cg,method_minus_reference,{},"{""bonus_scale"":1.0,""damping"":10.0,""model_ridge"":1.0}",10,paired_summary,,damping,10,0.0,0.0,0.0,0.0,0.0,0.0
covertype_rerun,full,evaluation,default,frozen_full_gram,full_network_ggn_cg,method_minus_reference,{},"{""bonus_scale"":1.0,""damping"":10.0,""model_ridge"":1.0}",10,paired_summary,,environment_seed,10,0.0,0.0,0.0,0.0,0.0,0.0
covertype_rerun,full,evaluation,default,frozen_full_gram,full_network_ggn_cg,method_minus_reference,{},"{""bonus_scale"":1.0,""damping"":10.0,""model_ridge"":1.0}",10,paired_summary,,final_displacement_norm,10,-0.001210894649271005,0.005182029921165987,0.0016387017454027306,-0.004917895540323712,0.002496106241781703,0.0037070008910527075
covertype_rerun,full,evaluation,default,frozen_full_gram,full_network_ggn_cg,method_minus_reference,{},"{""bonus_scale"":1.0,""damping"":10.0,""model_ridge"":1.0}",10,paired_summary,,initialization_seed,10,0.0,0.0,0.0,0.0,0.0,0.0
covertype_rerun,full,evaluation,default,frozen_full_gram,full_network_ggn_cg,method_minus_reference,{},"{""bonus_scale"":1.0,""damping"":10.0,""model_ridge"":1.0}",10,paired_summary,,mean_pseudo_regret,10,0.0035000000000000144,0.010554093465991697,0.0033374973990834603,-0.004049943647157014,0.011049943647157043,0.007549943647157028
covertype_rerun,full,evaluation,default,frozen_full_gram,full_network_ggn_cg,method_minus_reference,{},"{""bonus_scale"":1.0,""damping"":10.0,""model_ridge"":1.0}",10,paired_summary,,model_ridge,10,0.0,0.0,0.0,0.0,0.0,0.0
covertype_rerun,full,evaluation,default,frozen_full_gram,full_network_ggn_cg,method_minus_reference,{},"{""bonus_scale"":1.0,""damping"":10.0,""model_ridge"":1.0}",10,paired_summary,,peak_host_memory_bytes,10,1336934.4,51925.76455586486,16420.368524217447,1299788.9457271553,1374079.8542728445,37145.45427284468
covertype_rerun,full,evaluation,default,frozen_full_gram,full_network_ggn_cg,method_minus_reference,{},"{""bonus_scale"":1.0,""damping"":10.0,""model_ridge"":1.0}",10,paired_summary,,rounds,10,0.0,0.0,0.0,0.0,0.0,0.0
covertype_rerun,full,evaluation,default,frozen_full_gram,full_network_ggn_cg,method_minus_reference,{},"{""bonus_scale"":1.0,""damping"":10.0,""model_ridge"":1.0}",10,paired_summary,,runtime_seconds,10,-0.20316240536049007,0.018923892901000626,0.005984260376425326,-0.2166997428350701,-0.18962506788591005,0.013537337474580033
covertype_rerun,full,evaluation,default,frozen_full_gram,full_network_ggn_cg,method_minus_reference,{},"{""bonus_scale"":1.0,""damping"":10.0,""model_ridge"":1.0}",10,paired_summary,,schema_version,10,0.0,0.0,0.0,0.0,0.0,0.0
covertype_rerun,full,evaluation,default,frozen_full_gram,full_network_ggn_cg,method_minus_reference,{},"{""bonus_scale"":1.0,""damping"":10.0,""model_ridge"":1.0}",10,paired_summary,,seed,10,0.0,0.0,0.0,0.0,0.0,0.0
covertype_rerun,full,evaluation,default,frozen_full_gram,full_network_ggn_cg,method_minus_reference,{},"{""bonus_scale"":1.0,""damping"":10.0,""model_ridge"":1.0}",10,paired_horizon,200,action,10,-0.5,1.5811388300841898,0.5,-1.6310785813991024,0.6310785813991024,1.1310785813991024
covertype_rerun,full,evaluation,default,frozen_full_gram,full_network_ggn_cg,method_minus_reference,{},"{""bonus_scale"":1.0,""damping"":10.0,""model_ridge"":1.0}",10,paired_horizon,200,bonus_scale,10,0.0,0.0,0.0,0.0,0.0,0.0
covertype_rerun,full,evaluation,default,frozen_full_gram,full_network_ggn_cg,method_minus_reference,{},"{""bonus_scale"":1.0,""damping"":10.0,""model_ridge"":1.0}",10,paired_horizon,200,cumulative_curvature_vector_products,10,-19438.0,1590.7949794573362,503.053542544595,-20575.986174538266,-18300.013825461734,1137.986174538267
covertype_rerun,full,evaluation,default,frozen_full_gram,full_network_ggn_cg,method_minus_reference,{},"{""bonus_scale"":1.0,""damping"":10.0,""model_ridge"":1.0}",10,paired_horizon,200,cumulative_pseudo_regret,10,0.7,2.110818693198342,0.6674994798166929,-0.8099887294314077,2.209988729431408,1.5099887294314076
covertype_rerun,full,evaluation,default,frozen_full_gram,full_network_ggn_cg,method_minus_reference,{},"{""bonus_scale"":1.0,""damping"":10.0,""model_ridge"":1.0}",10,paired_horizon,200,cumulative_runtime_seconds,10,-0.20316240536049007,0.018923892901000626,0.005984260376425326,-0.2166997428350701,-0.18962506788591005,0.013537337474580033
covertype_rerun,full,evaluation,default,frozen_full_gram,full_network_ggn_cg,method_minus_reference,{},"{""bonus_scale"":1.0,""damping"":10.0,""model_ridge"":1.0}",10,paired_horizon,200,curvature_dimension,10,0.0,0.0,0.0,0.0,0.0,0.0
covertype_rerun,full,evaluation,default,frozen_full_gram,full_network_ggn_cg,method_minus_reference,{},"{""bonus_scale"":1.0,""damping"":10.0,""model_ridge"":1.0}",10,paired_horizon,200,curvature_trace_diagnostic,10,-48.08156128282817,65.29506130341522,20.648111367911476,-94.79083431200415,-1.3722882536521865,46.70927302917598
covertype_rerun,full,evaluation,default,frozen_full_gram,full_network_ggn_cg,method_minus_reference,{},"{""bonus_scale"":1.0,""damping"":10.0,""model_ridge"":1.0}",10,paired_horizon,200,curvature_vector_products,10,-124.3,10.154911236550628,3.21126489443369,-131.56438588258558,-117.0356141174144,7.264385882585594
covertype_rerun,full,evaluation,default,frozen_full_gram,full_network_ggn_cg,method_minus_reference,{},"{""bonus_scale"":1.0,""damping"":10.0,""model_ridge"":1.0}",10,paired_horizon,200,damping,10,0.0,0.0,0.0,0.0,0.0,0.0
covertype_rerun,full,evaluation,default,frozen_full_gram,full_network_ggn_cg,method_minus_reference,{},"{""bonus_scale"":1.0,""damping"":10.0,""model_ridge"":1.0}",10,paired_horizon,200,dataset_index,10,0.0,0.0,0.0,0.0,0.0,0.0
covertype_rerun,full,evaluation,default,frozen_full_gram,full_network_ggn_cg,method_minus_reference,{},"{""bonus_scale"":1.0,""damping"":10.0,""model_ridge"":1.0}",10,paired_horizon,200,mean_cg_iterations,10,-12.884285714285715,1.1362821281838116,0.359323958960425,-13.697132981813049,-12.071438446758382,0.8128472675273337
covertype_rerun,full,evaluation,default,frozen_full_gram,full_network_ggn_cg,method_minus_reference,{},"{""bonus_scale"":1.0,""damping"":10.0,""model_ridge"":1.0}",10,paired_horizon,200,mean_round_runtime_seconds,10,-0.0010158120268024503,9.46194645050031e-05,2.992130188212662e-05,-0.0010834987141753504,-0.0009481253394295502,6.768668737290014e-05
covertype_rerun,full,evaluation,default,frozen_full_gram,full_network_ggn_cg,method_minus_reference,{},"{""bonus_scale"":1.0,""damping"":10.0,""model_ridge"":1.0}",10,paired_horizon,200,model_ridge,10,0.0,0.0,0.0,0.0,0.0,0.0
covertype_rerun,full,evaluation,default,frozen_full_gram,full_network_ggn_cg,method_minus_reference,{},"{""bonus_scale"":1.0,""damping"":10.0,""model_ridge"":1.0}",10,paired_horizon,200,peak_host_memory_bytes,10,1336934.4,51925.76455586486,16420.368524217447,1299788.9457271553,1374079.8542728445,37145.45427284468
covertype_rerun,full,evaluation,default,frozen_full_gram,full_network_ggn_cg,method_minus_reference,{},"{""bonus_scale"":1.0,""damping"":10.0,""model_ridge"":1.0}",10,paired_horizon,200,pre_update_selected_prediction,10,-0.007928521321508297,0.03658764953400133,0.011570030675944242,-0.03410174908889052,0.018244706445873927,0.026173227767382224
covertype_rerun,full,evaluation,default,frozen_full_gram,full_network_ggn_cg,method_minus_reference,{},"{""bonus_scale"":1.0,""damping"":10.0,""model_ridge"":1.0}",10,paired_horizon,200,pseudo_regret,10,0.0,0.0,0.0,0.0,0.0,0.0
covertype_rerun,full,evaluation,default,frozen_full_gram,full_network_ggn_cg,method_minus_reference,{},"{""bonus_scale"":1.0,""damping"":10.0,""model_ridge"":1.0}",10,paired_horizon,200,regularizer,10,7.680443504045152e-05,0.0009193233680960838,0.00029071557494009974,-0.0005808398851472934,0.0007344487552281966,0.000657644320187745
covertype_rerun,full,evaluation,default,frozen_full_gram,full_network_ggn_cg,method_minus_reference,{},"{""bonus_scale"":1.0,""damping"":10.0,""model_ridge"":1.0}",10,paired_horizon,200,reward,10,0.0,0.0,0.0,0.0,0.0,0.0
covertype_rerun,full,evaluation,default,frozen_full_gram,full_network_ggn_cg,method_minus_reference,{},"{""bonus_scale"":1.0,""damping"":10.0,""model_ridge"":1.0}",10,paired_horizon,200,round,10,0.0,0.0,0.0,0.0,0.0,0.0
covertype_rerun,full,evaluation,default,frozen_full_gram,full_network_ggn_cg,method_minus_reference,{},"{""bonus_scale"":1.0,""damping"":10.0,""model_ridge"":1.0}",10,paired_horizon,200,round_runtime_seconds,10,-0.0014562083932105451,0.00012046311446969761,3.8093781576183096e-05,-0.001542382514061178,-0.0013700342723599122,8.617412085063288e-05
covertype_rerun,full,evaluation,default,frozen_full_gram,full_network_ggn_cg,method_minus_reference,{},"{""bonus_scale"":1.0,""damping"":10.0,""model_ridge"":1.0}",10,paired_horizon,200,runtime_seconds,10,-0.20316240536049007,0.018923892901000626,0.005984260376425326,-0.2166997428350701,-0.18962506788591005,0.013537337474580033
covertype_rerun,full,evaluation,default,frozen_full_gram,full_network_ggn_cg,method_minus_reference,{},"{""bonus_scale"":1.0,""damping"":10.0,""model_ridge"":1.0}",10,paired_horizon,200,squared_loss,10,-0.005562637961743373,0.016423626610978296,0.005193606753084357,-0.01731139267899028,0.006186116755503533,0.011748754717246906
covertype_rerun,full,evaluation,default,frozen_full_gram,full_network_ggn_cg,method_minus_reference,{},"{""bonus_scale"":1.0,""damping"":10.0,""model_ridge"":1.0}",10,paired_horizon,200,true_label_arm,10,0.0,0.0,0.0,0.0,0.0,0.0
covertype_rerun,full,evaluation,default,frozen_full_gram,full_network_ggn_cg,method_minus_reference,{},"{""bonus_scale"":1.0,""damping"":10.0,""model_ridge"":1.0}",10,paired_horizon,200,update_gradient_norm,10,-0.1998900583919537,0.51118876652831,0.16165208165215042,-0.565572472782606,0.16579235599869865,0.36568241439065235
covertype_rerun,full,evaluation,default,frozen_full_gram,full_network_ggn_cg,method_minus_reference,{},"{""bonus_scale"":1.0,""damping"":10.0,""model_ridge"":1.0}",10,paired_horizon,200,update_norm,10,-0.0019989005839195356,0.0051118876652831,0.001616520816521504,-0.005655724727826059,0.0016579235599869873,0.003656824143906523
covertype_rerun,full,evaluation,default,frozen_full_gram,full_network_ggn_cg,method_minus_reference,{},"{""bonus_scale"":1.0,""damping"":10.0,""model_ridge"":1.0}",10,paired_horizon,200,updates_completed,10,0.0,0.0,0.0,0.0,0.0,0.0
covertype_rerun,full,evaluation,default,last_layer_full,full_network_ggn_cg,method_minus_reference,{},"{""bonus_scale"":4.0,""damping"":10.0,""model_ridge"":1.0}",10,paired_summary,,accuracy,10,-0.037,0.06356099432828281,0.020099751242241778,-0.08246879624309936,0.008468796243099354,0.04546879624309935
covertype_rerun,full,evaluation,default,last_layer_full,full_network_ggn_cg,method_minus_reference,{},"{""bonus_scale"":4.0,""damping"":10.0,""model_ridge"":1.0}",10,paired_summary,,bonus_scale,10,3.0,0.0,0.0,3.0,3.0,0.0
covertype_rerun,full,evaluation,default,last_layer_full,full_network_ggn_cg,method_minus_reference,{},"{""bonus_scale"":4.0,""damping"":10.0,""model_ridge"":1.0}",10,paired_summary,,cumulative_pseudo_regret,10,7.4,12.712198865656562,4.019950248448356,-1.6937592486198714,16.493759248619874,9.093759248619872
covertype_rerun,full,evaluation,default,last_layer_full,full_network_ggn_cg,method_minus_reference,{},"{""bonus_scale"":4.0,""damping"":10.0,""model_ridge"":1.0}",10,paired_summary,,cumulative_reward,10,-7.4,12.712198865656562,4.019950248448356,-16.493759248619874,1.6937592486198714,9.093759248619872
covertype_rerun,full,evaluation,default,last_layer_full,full_network_ggn_cg,method_minus_reference,{},"{""bonus_scale"":4.0,""damping"":10.0,""model_ridge"":1.0}",10,paired_summary,,curvature_vector_products,10,-19438.0,1590.7949794573362,503.053542544595,-20575.986174538266,-18300.013825461734,1137.986174538267
covertype_rerun,full,evaluation,default,last_layer_full,full_network_ggn_cg,method_minus_reference,{},"{""bonus_scale"":4.0,""damping"":10.0,""model_ridge"":1.0}",10,paired_summary,,damping,10,0.0,0.0,0.0,0.0,0.0,0.0
covertype_rerun,full,evaluation,default,last_layer_full,full_network_ggn_cg,method_minus_reference,{},"{""bonus_scale"":4.0,""damping"":10.0,""model_ridge"":1.0}",10,paired_summary,,environment_seed,10,0.0,0.0,0.0,0.0,0.0,0.0
covertype_rerun,full,evaluation,default,last_layer_full,full_network_ggn_cg,method_minus_reference,{},"{""bonus_scale"":4.0,""damping"":10.0,""model_ridge"":1.0}",10,paired_summary,,final_displacement_norm,10,-0.08036716751497733,0.02692621501211412,0.008514816820569891,-0.09962902137554415,-0.061105313654410506,0.019261853860566818
covertype_rerun,full,evaluation,default,last_layer_full,full_network_ggn_cg,method_minus_reference,{},"{""bonus_scale"":4.0,""damping"":10.0,""model_ridge"":1.0}",10,paired_summary,,initialization_seed,10,0.0,0.0,0.0,0.0,0.0,0.0
covertype_rerun,full,evaluation,default,last_layer_full,full_network_ggn_cg,method_minus_reference,{},"{""bonus_scale"":4.0,""damping"":10.0,""model_ridge"":1.0}",10,paired_summary,,mean_pseudo_regret,10,0.037,0.06356099432828283,0.020099751242241785,-0.008468796243099375,0.08246879624309937,0.04546879624309937
covertype_rerun,full,evaluation,default,last_layer_full,full_network_ggn_cg,method_minus_reference,{},"{""bonus_scale"":4.0,""damping"":10.0,""model_ridge"":1.0}",10,paired_summary,,model_ridge,10,0.0,0.0,0.0,0.0,0.0,0.0
covertype_rerun,full,evaluation,default,last_layer_full,full_network_ggn_cg,method_minus_reference,{},"{""bonus_scale"":4.0,""damping"":10.0,""model_ridge"":1.0}",10,paired_summary,,peak_host_memory_bytes,10,3997696.0,63689.5438967636,20140.402185104886,3952135.244935328,4043256.755064672,45560.75506467163
covertype_rerun,full,evaluation,default,last_layer_full,full_network_ggn_cg,method_minus_reference,{},"{""bonus_scale"":4.0,""damping"":10.0,""model_ridge"":1.0}",10,paired_summary,,rounds,10,0.0,0.0,0.0,0.0,0.0,0.0
covertype_rerun,full,evaluation,default,last_layer_full,full_network_ggn_cg,method_minus_reference,{},"{""bonus_scale"":4.0,""damping"":10.0,""model_ridge"":1.0}",10,paired_summary,,runtime_seconds,10,-0.22392262244247832,0.01854962898564517,0.005865907734571756,-0.2371922276405532,-0.21065301724440344,0.013269605198074888
covertype_rerun,full,evaluation,default,last_layer_full,full_network_ggn_cg,method_minus_reference,{},"{""bonus_scale"":4.0,""damping"":10.0,""model_ridge"":1.0}",10,paired_summary,,schema_version,10,0.0,0.0,0.0,0.0,0.0,0.0
covertype_rerun,full,evaluation,default,last_layer_full,full_network_ggn_cg,method_minus_reference,{},"{""bonus_scale"":4.0,""damping"":10.0,""model_ridge"":1.0}",10,paired_summary,,seed,10,0.0,0.0,0.0,0.0,0.0,0.0
covertype_rerun,full,evaluation,default,last_layer_full,full_network_ggn_cg,method_minus_reference,{},"{""bonus_scale"":4.0,""damping"":10.0,""model_ridge"":1.0}",10,paired_horizon,200,action,10,0.1,3.314949304120485,1.0482790129010924,-2.271371877645238,2.4713718776452382,2.371371877645238
covertype_rerun,full,evaluation,default,last_layer_full,full_network_ggn_cg,method_minus_reference,{},"{""bonus_scale"":4.0,""damping"":10.0,""model_ridge"":1.0}",10,paired_horizon,200,bonus_scale,10,3.0,0.0,0.0,3.0,3.0,0.0
covertype_rerun,full,evaluation,default,last_layer_full,full_network_ggn_cg,method_minus_reference,{},"{""bonus_scale"":4.0,""damping"":10.0,""model_ridge"":1.0}",10,paired_horizon,200,cumulative_curvature_vector_products,10,-19438.0,1590.7949794573362,503.053542544595,-20575.986174538266,-18300.013825461734,1137.986174538267
covertype_rerun,full,evaluation,default,last_layer_full,full_network_ggn_cg,method_minus_reference,{},"{""bonus_scale"":4.0,""damping"":10.0,""model_ridge"":1.0}",10,paired_horizon,200,cumulative_pseudo_regret,10,7.4,12.712198865656562,4.019950248448356,-1.6937592486198714,16.493759248619874,9.093759248619872
covertype_rerun,full,evaluation,default,last_layer_full,full_network_ggn_cg,method_minus_reference,{},"{""bonus_scale"":4.0,""damping"":10.0,""model_ridge"":1.0}",10,paired_horizon,200,cumulative_runtime_seconds,10,-0.22392262244247832,0.01854962898564517,0.005865907734571756,-0.2371922276405532,-0.21065301724440344,0.013269605198074888
covertype_rerun,full,evaluation,default,last_layer_full,full_network_ggn_cg,method_minus_reference,{},"{""bonus_scale"":4.0,""damping"":10.0,""model_ridge"":1.0}",10,paired_horizon,200,curvature_dimension,10,-220.0,0.0,0.0,-220.0,-220.0,0.0
covertype_rerun,full,evaluation,default,last_layer_full,full_network_ggn_cg,method_minus_reference,{},"{""bonus_scale"":4.0,""damping"":10.0,""model_ridge"":1.0}",10,paired_horizon,200,curvature_trace_diagnostic,10,-5076.17686223386,757.376459387781,239.50346578594034,-5617.97134287652,-4534.382381591201,541.7944806426598
covertype_rerun,full,evaluation,default,last_layer_full,full_network_ggn_cg,method_minus_reference,{},"{""bonus_scale"":4.0,""damping"":10.0,""model_ridge"":1.0}",10,paired_horizon,200,curvature_vector_products,10,-124.3,10.154911236550628,3.21126489443369,-131.56438588258558,-117.0356141174144,7.264385882585594
covertype_rerun,full,evaluation,default,last_layer_full,full_network_ggn_cg,method_minus_reference,{},"{""bonus_scale"":4.0,""damping"":10.0,""model_ridge"":1.0}",10,paired_horizon,200,damping,10,0.0,0.0,0.0,0.0,0.0,0.0
covertype_rerun,full,evaluation,default,last_layer_full,full_network_ggn_cg,method_minus_reference,{},"{""bonus_scale"":4.0,""damping"":10.0,""model_ridge"":1.0}",10,paired_horizon,200,dataset_index,10,0.0,0.0,0.0,0.0,0.0,0.0
covertype_rerun,full,evaluation,default,last_layer_full,full_network_ggn_cg,method_minus_reference,{},"{""bonus_scale"":4.0,""damping"":10.0,""model_ridge"":1.0}",10,paired_horizon,200,mean_cg_iterations,10,-12.884285714285715,1.1362821281838116,0.359323958960425,-13.697132981813049,-12.071438446758382,0.8128472675273337
covertype_rerun,full,evaluation,default,last_layer_full,full_network_ggn_cg,method_minus_reference,{},"{""bonus_scale"":4.0,""damping"":10.0,""model_ridge"":1.0}",10,paired_horizon,200,mean_round_runtime_seconds,10,-0.0011196131122123915,9.274814492822582e-05,2.9329538672858767e-05,-0.001185961138202766,-0.001053265086222017,6.634802599037441e-05
covertype_rerun,full,evaluation,default,last_layer_full,full_network_ggn_cg,method_minus_reference,{},"{""bonus_scale"":4.0,""damping"":10.0,""model_ridge"":1.0}",10,paired_horizon,200,model_ridge,10,0.0,0.0,0.0,0.0,0.0,0.0
covertype_rerun,full,evaluation,default,last_layer_full,full_network_ggn_cg,method_minus_reference,{},"{""bonus_scale"":4.0,""damping"":10.0,""model_ridge"":1.0}",10,paired_horizon,200,peak_host_memory_bytes,10,3997696.0,63689.5438967636,20140.402185104886,3952135.244935328,4043256.755064672,45560.75506467163
covertype_rerun,full,evaluation,default,last_layer_full,full_network_ggn_cg,method_minus_reference,{},"{""bonus_scale"":4.0,""damping"":10.0,""model_ridge"":1.0}",10,paired_horizon,200,pre_update_selected_prediction,10,0.10218217263065166,0.2707794934644727,0.08562799430144118,-0.09152180801439738,0.29588615327570067,0.19370398064504904
covertype_rerun,full,evaluation,default,last_layer_full,full_network_ggn_cg,method_minus_reference,{},"{""bonus_scale"":4.0,""damping"":10.0,""model_ridge"":1.0}",10,paired_horizon,200,pseudo_regret,10,0.1,0.5676462121975467,0.17950549357115014,-0.30606963804360443,0.5060696380436044,0.4060696380436044
covertype_rerun,full,evaluation,default,last_layer_full,full_network_ggn_cg,method_minus_reference,{},"{""bonus_scale"":4.0,""damping"":10.0,""model_ridge"":1.0}",10,paired_horizon,200,regularizer,10,-0.016250916905779872,0.007088079869305327,0.002241447662419344,-0.021321423790359083,-0.011180410021200661,0.005070506884579212
covertype_rerun,full,evaluation,default,last_layer_full,full_network_ggn_cg,method_minus_reference,{},"{""bonus_scale"":4.0,""damping"":10.0,""model_ridge"":1.0}",10,paired_horizon,200,reward,10,-0.1,0.5676462121975467,0.17950549357115014,-0.5060696380436044,0.30606963804360443,0.4060696380436044
covertype_rerun,full,evaluation,default,last_layer_full,full_network_ggn_cg,method_minus_reference,{},"{""bonus_scale"":4.0,""damping"":10.0,""model_ridge"":1.0}",10,paired_horizon,200,round,10,0.0,0.0,0.0,0.0,0.0,0.0
covertype_rerun,full,evaluation,default,last_layer_full,full_network_ggn_cg,method_minus_reference,{},"{""bonus_scale"":4.0,""damping"":10.0,""model_ridge"":1.0}",10,paired_horizon,200,round_runtime_seconds,10,-0.0015744750970043242,0.00011968197656196134,3.784676408066859e-05,-0.0016600904254581424,-0.001488859768550506,8.561532845381827e-05
covertype_rerun,full,evaluation,default,last_layer_full,full_network_ggn_cg,method_minus_reference,{},"{""bonus_scale"":4.0,""damping"":10.0,""model_ridge"":1.0}",10,paired_horizon,200,runtime_seconds,10,-0.22392262244247832,0.01854962898564517,0.005865907734571756,-0.2371922276405532,-0.21065301724440344,0.013269605198074888
covertype_rerun,full,evaluation,default,last_layer_full,full_network_ggn_cg,method_minus_reference,{},"{""bonus_scale"":4.0,""damping"":10.0,""model_ridge"":1.0}",10,paired_horizon,200,squared_loss,10,0.071601148435507,0.1290820374348059,0.04081932433091051,-0.020738578480245254,0.16394087535125923,0.09233972691575225
covertype_rerun,full,evaluation,default,last_layer_full,full_network_ggn_cg,method_minus_reference,{},"{""bonus_scale"":4.0,""damping"":10.0,""model_ridge"":1.0}",10,paired_horizon,200,true_label_arm,10,0.0,0.0,0.0,0.0,0.0,0.0
covertype_rerun,full,evaluation,default,last_layer_full,full_network_ggn_cg,method_minus_reference,{},"{""bonus_scale"":4.0,""damping"":10.0,""model_ridge"":1.0}",10,paired_horizon,200,update_gradient_norm,10,-1.1040077408645768,0.7607523428802709,0.24057101388110358,-1.6482171830773416,-0.559798298651812,0.5442094422127648
covertype_rerun,full,evaluation,default,last_layer_full,full_network_ggn_cg,method_minus_reference,{},"{""bonus_scale"":4.0,""damping"":10.0,""model_ridge"":1.0}",10,paired_horizon,200,update_norm,10,-0.011040077408645767,0.007607523428802709,0.0024057101388110357,-0.016482171830773416,-0.0055979829865181185,0.0054420944221276486
covertype_rerun,full,evaluation,default,last_layer_full,full_network_ggn_cg,method_minus_reference,{},"{""bonus_scale"":4.0,""damping"":10.0,""model_ridge"":1.0}",10,paired_horizon,200,updates_completed,10,0.0,0.0,0.0,0.0,0.0,0.0
