experiment,profile,seed_set,comparison,method,reference_method,difference_direction,variant_json,hyperparameters_json,run_count,scope,horizon,metric,n,mean,standard_deviation,standard_error,ci95_low,ci95_high,ci95_half_width
nonlinear_audit,full,evaluation,default,aggressive,,,"{""center"":""corrected""}","{""ridge"":1.0}",20,summary,,E_T,20,2.545731397223385,0.4536983323654814,0.10145003124475094,2.3333940415076464,2.7580687529391232,0.2123373557157382
nonlinear_audit,full,evaluation,default,aggressive,,,"{""center"":""corrected""}","{""ridge"":1.0}",20,summary,,F_T,20,0.0895350454224906,0.03170576255287866,0.007089624034670394,0.07469629178121419,0.10437379906376702,0.01483875364127642
nonlinear_audit,full,evaluation,default,aggressive,,,"{""center"":""corrected""}","{""ridge"":1.0}",20,summary,,Gamma_dynamic_T,20,199.78141761610635,3.619570205509061,0.8093605028851143,198.0874066148798,201.4754286173329,1.6940110012265497
nonlinear_audit,full,evaluation,default,aggressive,,,"{""center"":""corrected""}","{""ridge"":1.0}",20,summary,,Lambda_alg_T,20,184.96332250700505,1.896171775621802,0.42399689873068275,184.0758867989672,185.8507582150429,0.8874357080378427
nonlinear_audit,full,evaluation,default,aggressive,,,"{""center"":""corrected""}","{""ridge"":1.0}",20,summary,,V_alg_T,20,7.549961334946443,3.1565461827327352,0.7058251838707869,6.072652246897718,9.027270422995167,1.4773090880487243
nonlinear_audit,full,evaluation,default,aggressive,,,"{""center"":""corrected""}","{""ridge"":1.0}",20,summary,,chi_T,20,2.7591173195114345,0.4398638392662743,0.09835654454434305,2.553254705871642,2.964979933151227,0.2058626136397923
nonlinear_audit,full,evaluation,default,aggressive,,,"{""center"":""corrected""}","{""ridge"":1.0}",20,summary,,cumulative_pseudo_regret,20,17.71891518873017,1.6024237236749952,0.35831283748956283,16.96895780086122,18.468872576599118,0.7499573878689503
nonlinear_audit,full,evaluation,default,aggressive,,,"{""center"":""corrected""}","{""ridge"":1.0}",20,summary,,optimism_violation_rate,20,0.0016,0.003346640106136302,0.0007483314773547883,3.372421722552159e-05,0.0031662757827744786,0.0015662757827744785
nonlinear_audit,full,evaluation,default,aggressive,,,"{""center"":""corrected""}","{""ridge"":1.0}",20,summary,,peak_host_memory_bytes,20,91800371.2,378738.3323195164,84688.46567513442,91623116.20421101,91977626.195789,177254.99578898872
nonlinear_audit,full,evaluation,default,aggressive,,,"{""center"":""corrected""}","{""ridge"":1.0}",20,summary,,policy_optimism_violation_rate,20,0.0016,0.003346640106136302,0.0007483314773547883,3.372421722552159e-05,0.0031662757827744786,0.0015662757827744785
nonlinear_audit,full,evaluation,default,aggressive,,,"{""center"":""corrected""}","{""ridge"":1.0}",20,summary,,psi_T,20,304.2885763472742,165.1562055241443,36.93005024579129,226.99309285232556,381.58405984222287,77.29548349494866
nonlinear_audit,full,evaluation,default,aggressive,,,"{""center"":""corrected""}","{""ridge"":1.0}",20,summary,,rounds,20,100.0,0.0,0.0,100.0,100.0,0.0
nonlinear_audit,full,evaluation,default,aggressive,,,"{""center"":""corrected""}","{""ridge"":1.0}",20,summary,,runtime_seconds,20,2.904383281362243,0.044148971902713906,0.009872010231119652,2.8837209264831447,2.9250456362413413,0.020662354879098357
nonlinear_audit,full,evaluation,default,aggressive,,,"{""center"":""corrected""}","{""ridge"":1.0}",20,summary,,seed,20,119.5,5.916079783099616,1.3228756555322954,116.73118943197974,122.26881056802026,2.768810568020254
nonlinear_audit,full,evaluation,default,aggressive,,,"{""center"":""corrected""}","{""ridge"":1.0}",20,summary,,theorem_rhs,20,2643.2419427002565,47.29233598124799,10.574887806882971,2621.1084481477815,2665.3754372527314,22.133494552475184
nonlinear_audit,full,evaluation,default,aggressive,,,"{""center"":""corrected""}","{""ridge"":1.0}",20,summary,,theorem_rhs_policy_schedule,20,2643.2419427002565,47.29233598124799,10.574887806882971,2621.1084481477815,2665.3754372527314,22.133494552475184
nonlinear_audit,full,evaluation,default,aggressive,,,"{""center"":""corrected""}","{""ridge"":1.0}",20,summary,,u_T,20,14.314769209090196,3.327647360005281,0.7440845702119523,12.757382305122512,15.87215611305788,1.5573869039676842
nonlinear_audit,full,evaluation,default,aggressive,,,"{""center"":""corrected""}","{""ridge"":1.0}",20,horizon,100,E_T,20,2.545731397223385,0.4536983323654814,0.10145003124475094,2.3333940415076464,2.7580687529391232,0.2123373557157382
nonlinear_audit,full,evaluation,default,aggressive,,,"{""center"":""corrected""}","{""ridge"":1.0}",20,horizon,100,F_T,20,0.0895350454224906,0.03170576255287866,0.007089624034670394,0.07469629178121419,0.10437379906376702,0.01483875364127642
nonlinear_audit,full,evaluation,default,aggressive,,,"{""center"":""corrected""}","{""ridge"":1.0}",20,horizon,100,Gamma_dynamic_T,20,199.78141761610635,3.619570205509061,0.8093605028851143,198.0874066148798,201.4754286173329,1.6940110012265497
nonlinear_audit,full,evaluation,default,aggressive,,,"{""center"":""corrected""}","{""ridge"":1.0}",20,horizon,100,Lambda_alg_T,20,184.96332250700505,1.896171775621802,0.42399689873068275,184.0758867989672,185.8507582150429,0.8874357080378427
nonlinear_audit,full,evaluation,default,aggressive,,,"{""center"":""corrected""}","{""ridge"":1.0}",20,horizon,100,S_T,20,2632.9450454369403,0.0,0.0,2632.9450454369403,2632.9450454369403,0.0
nonlinear_audit,full,evaluation,default,aggressive,,,"{""center"":""corrected""}","{""ridge"":1.0}",20,horizon,100,V_alg_T,20,7.549961334946443,3.1565461827327352,0.7058251838707869,6.072652246897718,9.027270422995167,1.4773090880487243
nonlinear_audit,full,evaluation,default,aggressive,,,"{""center"":""corrected""}","{""ridge"":1.0}",20,horizon,100,backbone_distance_from_initial,20,0.5267419621162157,0.06214077399542675,0.013895099482822542,0.4976591846602717,0.5558247395721597,0.02908277745594403
nonlinear_audit,full,evaluation,default,aggressive,,,"{""center"":""corrected""}","{""ridge"":1.0}",20,horizon,100,backbone_step_norm,20,0.03223812810412778,0.0036701758171754557,0.0008206762616580159,0.030520432947595665,0.03395582326065989,0.0017176951565321145
nonlinear_audit,full,evaluation,default,aggressive,,,"{""center"":""corrected""}","{""ridge"":1.0}",20,horizon,100,chi_t,20,2.7591173195114345,0.4398638392662743,0.09835654454434305,2.553254705871642,2.964979933151227,0.2058626136397923
nonlinear_audit,full,evaluation,default,aggressive,,,"{""center"":""corrected""}","{""ridge"":1.0}",20,horizon,100,cumulative_backbone_path_length,20,2.997805278502706,0.23326110412534834,0.05215876853309355,2.8886357213146256,3.106974835690786,0.10916955718807998
nonlinear_audit,full,evaluation,default,aggressive,,,"{""center"":""corrected""}","{""ridge"":1.0}",20,horizon,100,cumulative_parameter_path_length,20,7.996652960684413,0.014968414866054448,0.0033470393155916153,7.98964752688583,8.003658394482997,0.0070054337985835735
nonlinear_audit,full,evaluation,default,aggressive,,,"{""center"":""corrected""}","{""ridge"":1.0}",20,horizon,100,cumulative_pseudo_regret,20,17.71891518873017,1.6024237236749952,0.35831283748956283,16.96895780086122,18.468872576599118,0.7499573878689503
nonlinear_audit,full,evaluation,default,aggressive,,,"{""center"":""corrected""}","{""ridge"":1.0}",20,horizon,100,diagnostic_S_T,20,767001.6868211499,188304.502003447,42106.166694895284,678872.4670898081,855130.9065524917,88129.21973134183
nonlinear_audit,full,evaluation,default,aggressive,,,"{""center"":""corrected""}","{""ridge"":1.0}",20,horizon,100,diagnostic_theorem_rhs,20,44696.22354305901,5314.289448326385,1188.3112458567653,42209.059521356896,47183.38756476112,2487.1640217021154
nonlinear_audit,full,evaluation,default,aggressive,,,"{""center"":""corrected""}","{""ridge"":1.0}",20,horizon,100,diagnostic_u_t,20,14.314769209090196,3.327647360005281,0.7440845702119523,12.757382305122512,15.87215611305788,1.5573869039676842
nonlinear_audit,full,evaluation,default,aggressive,,,"{""center"":""corrected""}","{""ridge"":1.0}",20,horizon,100,instantaneous_pseudo_regret,20,0.01771703618697122,0.05252539654287865,0.01174503572150091,-0.00686560609801503,0.04229967847195747,0.02458264228498625
nonlinear_audit,full,evaluation,default,aggressive,,,"{""center"":""corrected""}","{""ridge"":1.0}",20,horizon,100,max_chi_t,20,8.143123104203088,1.008705632970985,0.22555343646100753,7.671034336135743,8.615211872270432,0.47208876806734484
nonlinear_audit,full,evaluation,default,aggressive,,,"{""center"":""corrected""}","{""ridge"":1.0}",20,horizon,100,max_diagnostic_u_t,20,84.56331279990034,18.34128392551857,4.101235765208371,75.97932769051955,93.14729790928114,8.583985109380787
nonlinear_audit,full,evaluation,default,aggressive,,,"{""center"":""corrected""}","{""ridge"":1.0}",20,horizon,100,max_psi_t,20,484.5443592679732,41.236482196419345,9.220757734415349,465.2450915299704,503.84362700597603,19.299267738002786
nonlinear_audit,full,evaluation,default,aggressive,,,"{""center"":""corrected""}","{""ridge"":1.0}",20,horizon,100,max_theory_factor,20,26.859568658823385,0.0,0.0,26.859568658823385,26.859568658823385,0.0
nonlinear_audit,full,evaluation,default,aggressive,,,"{""center"":""corrected""}","{""ridge"":1.0}",20,horizon,100,max_u_t,20,4.0,0.0,0.0,4.0,4.0,0.0
nonlinear_audit,full,evaluation,default,aggressive,,,"{""center"":""corrected""}","{""ridge"":1.0}",20,horizon,100,mean_cg_iterations,20,44.3157,1.5424063598634992,0.3448925469582787,43.593831603030175,45.037568396969824,0.7218683969698245
nonlinear_audit,full,evaluation,default,aggressive,,,"{""center"":""corrected""}","{""ridge"":1.0}",20,horizon,100,mean_chi_t,20,4.317194597220019,0.5263198053581188,0.11768868626852118,4.070869345928291,4.5635198485117465,0.24632525129172764
nonlinear_audit,full,evaluation,default,aggressive,,,"{""center"":""corrected""}","{""ridge"":1.0}",20,horizon,100,mean_diagnostic_u_t,20,31.953310161066685,6.546941937993691,1.4639407218098106,28.88924701609089,35.01737330604248,3.064063144975796
nonlinear_audit,full,evaluation,default,aggressive,,,"{""center"":""corrected""}","{""ridge"":1.0}",20,horizon,100,mean_psi_t,20,159.00046982588486,9.805231979569646,2.1925165241472557,154.41148000115697,163.58945965061275,4.588989824727902
nonlinear_audit,full,evaluation,default,aggressive,,,"{""center"":""corrected""}","{""ridge"":1.0}",20,horizon,100,mean_round_runtime_seconds,20,0.02904117580348975,0.0004413623874159349,9.869163009736282e-05,0.0288346118477272,0.029247739759252298,0.0002065639557625474
nonlinear_audit,full,evaluation,default,aggressive,,,"{""center"":""corrected""}","{""ridge"":1.0}",20,horizon,100,mean_theory_factor,20,26.329450454369415,0.0,0.0,26.329450454369415,26.329450454369415,0.0
nonlinear_audit,full,evaluation,default,aggressive,,,"{""center"":""corrected""}","{""ridge"":1.0}",20,horizon,100,mean_u_t,20,4.0,0.0,0.0,4.0,4.0,0.0
nonlinear_audit,full,evaluation,default,aggressive,,,"{""center"":""corrected""}","{""ridge"":1.0}",20,horizon,100,observed_reward,20,0.4717405682455511,0.19594877356464932,0.043815477779826965,0.3800337192969805,0.5634474171941217,0.09170684894857059
nonlinear_audit,full,evaluation,default,aggressive,,,"{""center"":""corrected""}","{""ridge"":1.0}",20,horizon,100,optimal_action,20,1.55,1.234376040972246,0.27601487374110073,0.9722942298854039,2.1277057701145963,0.5777057701145961
nonlinear_audit,full,evaluation,default,aggressive,,,"{""center"":""corrected""}","{""ridge"":1.0}",20,horizon,100,optimism_violation_rate,20,0.0016,0.003346640106136302,0.0007483314773547883,3.372421722552159e-05,0.0031662757827744786,0.0015662757827744785
nonlinear_audit,full,evaluation,default,aggressive,,,"{""center"":""corrected""}","{""ridge"":1.0}",20,horizon,100,parameter_distance_from_initial,20,1.3898122060398883,0.048403708154449464,0.01082339817964099,1.3671585732994607,1.412465838780316,0.02265363274042769
nonlinear_audit,full,evaluation,default,aggressive,,,"{""center"":""corrected""}","{""ridge"":1.0}",20,horizon,100,parameter_step_norm,20,0.08,1.2952167178874728e-17,2.8961926267905567e-18,0.08,0.08,6.061800834072621e-18
nonlinear_audit,full,evaluation,default,aggressive,,,"{""center"":""corrected""}","{""ridge"":1.0}",20,horizon,100,peak_host_memory_bytes,20,91800371.2,378738.3323195164,84688.46567513442,91623116.20421101,91977626.195789,177254.99578898872
nonlinear_audit,full,evaluation,default,aggressive,,,"{""center"":""corrected""}","{""ridge"":1.0}",20,horizon,100,policy_beta,20,2.464828315564808,0.0,0.0,2.464828315564808,2.464828315564808,0.0
nonlinear_audit,full,evaluation,default,aggressive,,,"{""center"":""corrected""}","{""ridge"":1.0}",20,horizon,100,policy_centering,20,0.0,0.0,0.0,0.0,0.0,0.0
nonlinear_audit,full,evaluation,default,aggressive,,,"{""center"":""corrected""}","{""ridge"":1.0}",20,horizon,100,policy_cg_energy_tolerance,20,0.05,0.0,0.0,0.05,0.05,0.0
nonlinear_audit,full,evaluation,default,aggressive,,,"{""center"":""corrected""}","{""ridge"":1.0}",20,horizon,100,policy_condition_number_bound,20,100000000.0,0.0,0.0,100000000.0,100000000.0,0.0
nonlinear_audit,full,evaluation,default,aggressive,,,"{""center"":""corrected""}","{""ridge"":1.0}",20,horizon,100,policy_corrected_optimism_violation_count,20,0.0,0.0,0.0,0.0,0.0,0.0
nonlinear_audit,full,evaluation,default,aggressive,,,"{""center"":""corrected""}","{""ridge"":1.0}",20,horizon,100,policy_omega,20,2.464828315564808,0.0,0.0,2.464828315564808,2.464828315564808,0.0
nonlinear_audit,full,evaluation,default,aggressive,,,"{""center"":""corrected""}","{""ridge"":1.0}",20,horizon,100,policy_optimism_violation_count,20,0.0,0.0,0.0,0.0,0.0,0.0
nonlinear_audit,full,evaluation,default,aggressive,,,"{""center"":""corrected""}","{""ridge"":1.0}",20,horizon,100,policy_original_optimism_violation_count,20,0.0,0.0,0.0,0.0,0.0,0.0
nonlinear_audit,full,evaluation,default,aggressive,,,"{""center"":""corrected""}","{""ridge"":1.0}",20,horizon,100,policy_transfer_factor,20,4.0,0.0,0.0,4.0,4.0,0.0
nonlinear_audit,full,evaluation,default,aggressive,,,"{""center"":""corrected""}","{""ridge"":1.0}",20,horizon,100,posthoc_E_including_round,20,2.545731397223385,0.4536983323654814,0.10145003124475094,2.3333940415076464,2.7580687529391232,0.2123373557157382
nonlinear_audit,full,evaluation,default,aggressive,,,"{""center"":""corrected""}","{""ridge"":1.0}",20,horizon,100,posthoc_E_prior,20,2.5163820982371177,0.4440285491989778,0.0992878019959524,2.30857034035026,2.7241938561239754,0.20781175788685766
nonlinear_audit,full,evaluation,default,aggressive,,,"{""center"":""corrected""}","{""ridge"":1.0}",20,horizon,100,posthoc_F_including_round,20,0.0895350454224906,0.03170576255287866,0.007089624034670394,0.07469629178121419,0.10437379906376702,0.01483875364127642
nonlinear_audit,full,evaluation,default,aggressive,,,"{""center"":""corrected""}","{""ridge"":1.0}",20,horizon,100,posthoc_F_prior,20,0.08829378008470581,0.030879501913949243,0.006904866539092536,0.07384172832590609,0.10274583184350554,0.014452051758799727
nonlinear_audit,full,evaluation,default,aggressive,,,"{""center"":""corrected""}","{""ridge"":1.0}",20,horizon,100,posthoc_Gamma_dynamic,20,199.78141761610635,3.619570205509061,0.8093605028851143,198.0874066148798,201.4754286173329,1.6940110012265497
nonlinear_audit,full,evaluation,default,aggressive,,,"{""center"":""corrected""}","{""ridge"":1.0}",20,horizon,100,posthoc_Lambda_algorithmic,20,184.96332250700505,1.896171775621802,0.42399689873068275,184.0758867989672,185.8507582150429,0.8874357080378427
nonlinear_audit,full,evaluation,default,aggressive,,,"{""center"":""corrected""}","{""ridge"":1.0}",20,horizon,100,posthoc_Lambda_cg_observable_bound,20,188.10491587490827,1.933010297564696,0.4322342426561756,187.20023920788995,189.0095925419266,0.9046766670183334
nonlinear_audit,full,evaluation,default,aggressive,,,"{""center"":""corrected""}","{""ridge"":1.0}",20,horizon,100,posthoc_V_variation_charge,20,7.549961334946443,3.1565461827327352,0.7058251838707869,6.072652246897718,9.027270422995167,1.4773090880487243
nonlinear_audit,full,evaluation,default,aggressive,,,"{""center"":""corrected""}","{""ridge"":1.0}",20,horizon,100,posthoc_actionwise_required_transfer,20,2.3909249565784005,1.100536879980933,0.24608752753828936,1.8758578419508938,2.9059920712059073,0.5150671146275068
nonlinear_audit,full,evaluation,default,aggressive,,,"{""center"":""corrected""}","{""ridge"":1.0}",20,horizon,100,posthoc_beta_exact_teacher_diagnostic,20,18.86628554658239,0.5335582210867963,0.11930724523039382,18.616572612449986,19.115998480714794,0.24971293413240522
nonlinear_audit,full,evaluation,default,aggressive,,,"{""center"":""corrected""}","{""ridge"":1.0}",20,horizon,100,posthoc_centering_ratio,20,1.4455336055998436,0.678272164059953,0.15166626660839447,1.1280924613461702,1.7629747498535169,0.31744114425367326
nonlinear_audit,full,evaluation,default,aggressive,,,"{""center"":""corrected""}","{""ridge"":1.0}",20,horizon,100,posthoc_cg_max_energy_error,20,5.20023791324021e-05,1.6180704154359998e-05,3.6181154412962203e-06,4.442957648214298e-05,5.957518178266123e-05,7.5728026502591224e-06
nonlinear_audit,full,evaluation,default,aggressive,,,"{""center"":""corrected""}","{""ridge"":1.0}",20,horizon,100,posthoc_chi_frobenius_primitive,20,6.445423083826851,0.6321666370757971,0.14135675736089212,6.1495599904173455,6.741286177236357,0.29586309340950595
nonlinear_audit,full,evaluation,default,aggressive,,,"{""center"":""corrected""}","{""ridge"":1.0}",20,horizon,100,posthoc_chi_operator_norm,20,2.7591173195114345,0.4398638392662743,0.09835654454434305,2.553254705871642,2.964979933151227,0.2058626136397923
nonlinear_audit,full,evaluation,default,aggressive,,,"{""center"":""corrected""}","{""ridge"":1.0}",20,horizon,100,posthoc_coarse_psi,20,364.00811984116547,171.62548743978988,38.37662565869065,283.6849192105028,444.3313204718281,80.32320063066264
nonlinear_audit,full,evaluation,default,aggressive,,,"{""center"":""corrected""}","{""ridge"":1.0}",20,horizon,100,posthoc_condition_number_C,20,4022.6356983379164,309.1344229955902,69.1245584003314,3877.956334855671,4167.315061820162,144.67936348224552
nonlinear_audit,full,evaluation,default,aggressive,,,"{""center"":""corrected""}","{""ridge"":1.0}",20,horizon,100,posthoc_condition_number_Cbar,20,2179.9051509769906,385.33892487717173,86.16440304020408,1999.560982780111,2360.2493191738704,180.34416819687954
nonlinear_audit,full,evaluation,default,aggressive,,,"{""center"":""corrected""}","{""ridge"":1.0}",20,horizon,100,posthoc_corrected_center_identity_error,20,8.014422459012849e-17,3.42839239688879e-17,7.666118452986772e-18,6.409885426408377e-17,9.618959491617321e-17,1.6045370326044725e-17
nonlinear_audit,full,evaluation,default,aggressive,,,"{""center"":""corrected""}","{""ridge"":1.0}",20,horizon,100,posthoc_corrected_optimism_violation_count,20,0.0,0.0,0.0,0.0,0.0,0.0
nonlinear_audit,full,evaluation,default,aggressive,,,"{""center"":""corrected""}","{""ridge"":1.0}",20,horizon,100,posthoc_dynamic_identity_residual,20,-1.0800249583553522e-13,1.979020802357286e-13,4.425225042957067e-14,-2.0062352044632705e-13,-1.5381471224743392e-14,9.262102461079183e-14
nonlinear_audit,full,evaluation,default,aggressive,,,"{""center"":""corrected""}","{""ridge"":1.0}",20,horizon,100,posthoc_dynamic_identity_rhs,20,184.96332250700516,1.8961717756217151,0.4239968987306633,184.07588679896736,185.85075821504296,0.887435708037802
nonlinear_audit,full,evaluation,default,aggressive,,,"{""center"":""corrected""}","{""ridge"":1.0}",20,horizon,100,posthoc_endpoint_logdet,20,192.2314562811599,2.326170714462952,0.5201475844808414,191.1427748749991,193.32013768732068,1.088681406160779
nonlinear_audit,full,evaluation,default,aggressive,,,"{""center"":""corrected""}","{""ridge"":1.0}",20,horizon,100,posthoc_epsilon_lin,20,0.029349298986267258,0.01999694678798699,0.004471453236038498,0.01999043980507681,0.03870815816745771,0.009358859181190449
nonlinear_audit,full,evaluation,default,aggressive,,,"{""center"":""corrected""}","{""ridge"":1.0}",20,horizon,100,posthoc_exact_diagnostic_S_sum,20,767001.6868211499,188304.502003447,42106.166694895284,678872.4670898081,855130.9065524917,88129.21973134183
nonlinear_audit,full,evaluation,default,aggressive,,,"{""center"":""corrected""}","{""ridge"":1.0}",20,horizon,100,posthoc_gamma_frozen_prior,20,206.7476252697999,2.207593251099164,0.4936328576127492,205.7144398247701,207.7808107148297,1.0331854450297957
nonlinear_audit,full,evaluation,default,aggressive,,,"{""center"":""corrected""}","{""ridge"":1.0}",20,horizon,100,posthoc_generalized_eigen_residual,20,6.866631867733737e-13,2.1906825634000617e-13,4.8985151288860306e-14,5.841360868169589e-13,7.891902867297885e-13,1.0252709995641479e-13
nonlinear_audit,full,evaluation,default,aggressive,,,"{""center"":""corrected""}","{""ridge"":1.0}",20,horizon,100,posthoc_generalized_eigenvalue_C_over_Cbar,20,8.205551332770094,2.5180575565746763,0.5630547867757999,7.027064120098603,9.384038545441584,1.1784872126714905
nonlinear_audit,full,evaluation,default,aggressive,,,"{""center"":""corrected""}","{""ridge"":1.0}",20,horizon,100,posthoc_gradient_bound_seen,20,1.8875059691545615,0.028427627588672965,0.006356610772732117,1.874201429902722,1.9008105084064009,0.013304539251839309
nonlinear_audit,full,evaluation,default,aggressive,,,"{""center"":""corrected""}","{""ridge"":1.0}",20,horizon,100,posthoc_mismatch_gradient_identity_residual,20,5.470981182136147e-13,1.0145054249606833e-13,2.2685030937543996e-14,4.996178027863384e-13,5.945784336408909e-13,4.748031542727625e-14
nonlinear_audit,full,evaluation,default,aggressive,,,"{""center"":""corrected""}","{""ridge"":1.0}",20,horizon,100,posthoc_mismatch_norm,20,66.6098044242504,25.652000041888538,5.735961585249022,54.604298851162184,78.61530999733861,12.005505573088218
nonlinear_audit,full,evaluation,default,aggressive,,,"{""center"":""corrected""}","{""ridge"":1.0}",20,horizon,100,posthoc_optimizer_residual_zeta,20,297.39831541691507,163.20489615289105,36.49372420586583,221.01607281909514,373.780558014735,76.38224259781994
nonlinear_audit,full,evaluation,default,aggressive,,,"{""center"":""corrected""}","{""ridge"":1.0}",20,horizon,100,posthoc_original_optimism_violation_count,20,0.0,0.0,0.0,0.0,0.0,0.0
nonlinear_audit,full,evaluation,default,aggressive,,,"{""center"":""corrected""}","{""ridge"":1.0}",20,horizon,100,posthoc_policy_S_sum,20,2632.9450454369403,0.0,0.0,2632.9450454369403,2632.9450454369403,0.0
nonlinear_audit,full,evaluation,default,aggressive,,,"{""center"":""corrected""}","{""ridge"":1.0}",20,horizon,100,posthoc_primitive_psi,20,304.2885763472742,165.1562055241443,36.93005024579129,226.99309285232556,381.58405984222287,77.29548349494866
nonlinear_audit,full,evaluation,default,aggressive,,,"{""center"":""corrected""}","{""ridge"":1.0}",20,horizon,100,posthoc_regret_minus_policy_theorem_rhs,20,-2625.5230275115264,47.04268410776345,10.519063950900811,-2647.539681390621,-2603.506373632432,22.0166538790947
nonlinear_audit,full,evaluation,default,aggressive,,,"{""center"":""corrected""}","{""ridge"":1.0}",20,horizon,100,posthoc_theorem_rhs_using_exact_diagnostics,20,44696.22354305901,5314.289448326385,1188.3112458567653,42209.059521356896,47183.38756476112,2487.1640217021154
nonlinear_audit,full,evaluation,default,aggressive,,,"{""center"":""corrected""}","{""ridge"":1.0}",20,horizon,100,posthoc_theorem_rhs_using_policy_schedule,20,2643.2419427002565,47.29233598124799,10.574887806882971,2621.1084481477815,2665.3754372527314,22.133494552475184
nonlinear_audit,full,evaluation,default,aggressive,,,"{""center"":""corrected""}","{""ridge"":1.0}",20,horizon,100,posthoc_theta_hat_lin_norm,20,2.1303849822056944,0.22226279983735037,0.04969947293057446,2.0263627898705874,2.2344071745408014,0.10402219233510694
nonlinear_audit,full,evaluation,default,aggressive,,,"{""center"":""corrected""}","{""ridge"":1.0}",20,horizon,100,posthoc_theta_hat_normal_equation_residual,20,4.948645217428057e-13,1.0772216549513308e-13,2.4087408473059984e-14,4.444489964003326e-13,5.452800470852787e-13,5.0415525342473056e-14
nonlinear_audit,full,evaluation,default,aggressive,,,"{""center"":""corrected""}","{""ridge"":1.0}",20,horizon,100,posthoc_transfer_factor_one_plus_chi_squared,20,14.314769209090196,3.327647360005281,0.7440845702119523,12.757382305122512,15.87215611305788,1.5573869039676842
nonlinear_audit,full,evaluation,default,aggressive,,,"{""center"":""corrected""}","{""ridge"":1.0}",20,horizon,100,posthoc_whitened_curvature_difference_operator_norm,20,7.2055513327700735,2.51805755657485,0.5630547867758386,6.027064120098502,8.384038545441644,1.1784872126715715
nonlinear_audit,full,evaluation,default,aggressive,,,"{""center"":""corrected""}","{""ridge"":1.0}",20,horizon,100,psi_t,20,304.2885763472742,165.1562055241443,36.93005024579129,226.99309285232556,381.58405984222287,77.29548349494866
nonlinear_audit,full,evaluation,default,aggressive,,,"{""center"":""corrected""}","{""ridge"":1.0}",20,horizon,100,realized_noise,20,0.0434185099502319,0.09820006328812295,0.02195820169070244,-0.0025405343799575,0.0893775542804213,0.0459590443301894
nonlinear_audit,full,evaluation,default,aggressive,,,"{""center"":""corrected""}","{""ridge"":1.0}",20,horizon,100,round_number,20,100.0,0.0,0.0,100.0,100.0,0.0
nonlinear_audit,full,evaluation,default,aggressive,,,"{""center"":""corrected""}","{""ridge"":1.0}",20,horizon,100,round_runtime_seconds,20,0.05533100210013799,0.0021054291550961397,0.0004707882712604916,0.054345630923856476,0.05631637327641951,0.0009853711762815127
nonlinear_audit,full,evaluation,default,aggressive,,,"{""center"":""corrected""}","{""ridge"":1.0}",20,horizon,100,runtime_seconds,20,2.904383281362243,0.044148971902713906,0.009872010231119652,2.8837209264831447,2.9250456362413413,0.020662354879098357
nonlinear_audit,full,evaluation,default,aggressive,,,"{""center"":""corrected""}","{""ridge"":1.0}",20,horizon,100,selected_action,20,1.75,1.292692009559488,0.2890547207345823,1.145001516462243,2.354998483537757,0.604998483537757
nonlinear_audit,full,evaluation,default,aggressive,,,"{""center"":""corrected""}","{""ridge"":1.0}",20,horizon,100,theorem_rhs,20,2643.2419427002565,47.29233598124799,10.574887806882971,2621.1084481477815,2665.3754372527314,22.133494552475184
nonlinear_audit,full,evaluation,default,aggressive,,,"{""center"":""corrected""}","{""ridge"":1.0}",20,horizon,100,theory_factor,20,26.859568658823385,0.0,0.0,26.859568658823385,26.859568658823385,0.0
nonlinear_audit,full,evaluation,default,aggressive,,,"{""center"":""corrected""}","{""ridge"":1.0}",20,horizon,100,training_gradient_norm_after_update,20,337.104991687605,172.46843987580775,38.56511555356415,256.3872771729592,417.82270620225074,80.71771451464576
nonlinear_audit,full,evaluation,default,aggressive,,,"{""center"":""corrected""}","{""ridge"":1.0}",20,horizon,100,training_objective_after_update,20,53.50824740173247,16.445732251134608,3.6773775253297623,45.81140778407678,61.20508701938816,7.696839617655692
nonlinear_audit,full,evaluation,default,aggressive,,,"{""center"":""corrected""}","{""ridge"":1.0}",20,horizon,100,u_t,20,4.0,0.0,0.0,4.0,4.0,0.0
nonlinear_audit,full,evaluation,default,aggressive,,,"{""center"":""original""}","{""ridge"":1.0}",20,summary,,E_T,20,2.5683921920040462,0.7351754072652211,0.1643902186031127,2.224319510158291,2.9124648738498014,0.3440726818457551
nonlinear_audit,full,evaluation,default,aggressive,,,"{""center"":""original""}","{""ridge"":1.0}",20,summary,,F_T,20,0.09968758128452208,0.06542924674929163,0.01463042434480232,0.06906575120464992,0.13030941136439425,0.030621830079872174
nonlinear_audit,full,evaluation,default,aggressive,,,"{""center"":""original""}","{""ridge"":1.0}",20,summary,,Gamma_dynamic_T,20,206.23938551276788,4.201591690932468,0.9395044634623285,204.27298007151725,208.2057909540185,1.9664054412506256
nonlinear_audit,full,evaluation,default,aggressive,,,"{""center"":""original""}","{""ridge"":1.0}",20,summary,,Lambda_alg_T,20,188.65928702998292,1.7160993394653472,0.3837314779187004,187.85612781626543,189.4624462437004,0.8031592137174907
nonlinear_audit,full,evaluation,default,aggressive,,,"{""center"":""original""}","{""ridge"":1.0}",20,summary,,V_alg_T,20,9.867080195782924,4.099502046383487,0.9166765249612971,7.94845417892751,11.785706212638337,1.9186260168554135
nonlinear_audit,full,evaluation,default,aggressive,,,"{""center"":""original""}","{""ridge"":1.0}",20,summary,,chi_T,20,2.696711019870885,0.433984180348146,0.09704181284179828,2.493600171309612,2.899821868432158,0.2031108485612729
nonlinear_audit,full,evaluation,default,aggressive,,,"{""center"":""original""}","{""ridge"":1.0}",20,summary,,cumulative_pseudo_regret,20,20.719024808241215,0.9471027557224146,0.2117786143472697,20.27576707420312,21.16228254227931,0.44325773403809604
nonlinear_audit,full,evaluation,default,aggressive,,,"{""center"":""original""}","{""ridge"":1.0}",20,summary,,optimism_violation_rate,20,0.0,0.0,0.0,0.0,0.0,0.0
nonlinear_audit,full,evaluation,default,aggressive,,,"{""center"":""original""}","{""ridge"":1.0}",20,summary,,peak_host_memory_bytes,20,91772518.4,417179.4758607026,93284.16668422635,91577272.39523448,91967764.40476553,195246.00476551993
nonlinear_audit,full,evaluation,default,aggressive,,,"{""center"":""original""}","{""ridge"":1.0}",20,summary,,policy_optimism_violation_rate,20,0.0,0.0,0.0,0.0,0.0,0.0
nonlinear_audit,full,evaluation,default,aggressive,,,"{""center"":""original""}","{""ridge"":1.0}",20,summary,,psi_T,20,349.7532344102455,188.393977507201,42.12617402576678,261.5821388541251,437.9243299663659,88.17109555612038
nonlinear_audit,full,evaluation,default,aggressive,,,"{""center"":""original""}","{""ridge"":1.0}",20,summary,,rounds,20,100.0,0.0,0.0,100.0,100.0,0.0
nonlinear_audit,full,evaluation,default,aggressive,,,"{""center"":""original""}","{""ridge"":1.0}",20,summary,,runtime_seconds,20,2.8921113414369755,0.050195879873331274,0.011224139958718226,2.8686189465133327,2.915603736360618,0.023492394923642728
nonlinear_audit,full,evaluation,default,aggressive,,,"{""center"":""original""}","{""ridge"":1.0}",20,summary,,seed,20,119.5,5.916079783099616,1.3228756555322954,116.73118943197974,122.26881056802026,2.768810568020254
nonlinear_audit,full,evaluation,default,aggressive,,,"{""center"":""original""}","{""ridge"":1.0}",20,summary,,theorem_rhs,20,4442.658897400879,82.41216548991632,18.427920420841513,4404.088816687336,4481.228978114423,38.57008071354337
nonlinear_audit,full,evaluation,default,aggressive,,,"{""center"":""original""}","{""ridge"":1.0}",20,summary,,theorem_rhs_policy_schedule,20,4442.658897400879,82.41216548991632,18.427920420841513,4404.088816687336,4481.228978114423,38.57008071354337
nonlinear_audit,full,evaluation,default,aggressive,,,"{""center"":""original""}","{""ridge"":1.0}",20,summary,,u_T,20,13.844597519787666,3.3266607517783022,0.7438639579056838,12.2876723626837,15.40152267689163,1.556925157103966
nonlinear_audit,full,evaluation,default,aggressive,,,"{""center"":""original""}","{""ridge"":1.0}",20,horizon,100,E_T,20,2.5683921920040462,0.7351754072652211,0.1643902186031127,2.224319510158291,2.9124648738498014,0.3440726818457551
nonlinear_audit,full,evaluation,default,aggressive,,,"{""center"":""original""}","{""ridge"":1.0}",20,horizon,100,F_T,20,0.09968758128452208,0.06542924674929163,0.01463042434480232,0.06906575120464992,0.13030941136439425,0.030621830079872174
nonlinear_audit,full,evaluation,default,aggressive,,,"{""center"":""original""}","{""ridge"":1.0}",20,horizon,100,Gamma_dynamic_T,20,206.23938551276788,4.201591690932468,0.9395044634623285,204.27298007151725,208.2057909540185,1.9664054412506256
nonlinear_audit,full,evaluation,default,aggressive,,,"{""center"":""original""}","{""ridge"":1.0}",20,horizon,100,Lambda_alg_T,20,188.65928702998292,1.7160993394653472,0.3837314779187004,187.85612781626543,189.4624462437004,0.8031592137174907
nonlinear_audit,full,evaluation,default,aggressive,,,"{""center"":""original""}","{""ridge"":1.0}",20,horizon,100,S_T,20,7217.049394876982,0.0,0.0,7217.049394876982,7217.049394876982,0.0
nonlinear_audit,full,evaluation,default,aggressive,,,"{""center"":""original""}","{""ridge"":1.0}",20,horizon,100,V_alg_T,20,9.867080195782924,4.099502046383487,0.9166765249612971,7.94845417892751,11.785706212638337,1.9186260168554135
nonlinear_audit,full,evaluation,default,aggressive,,,"{""center"":""original""}","{""ridge"":1.0}",20,horizon,100,backbone_distance_from_initial,20,0.552404073897138,0.0789319720471664,0.01764972550955773,0.5154627738519297,0.5893453739423462,0.03694130004520828
nonlinear_audit,full,evaluation,default,aggressive,,,"{""center"":""original""}","{""ridge"":1.0}",20,horizon,100,backbone_step_norm,20,0.032067515097744984,0.004820197253579813,0.0010778288723962254,0.0298115933412839,0.034323436854206066,0.0022559217564610836
nonlinear_audit,full,evaluation,default,aggressive,,,"{""center"":""original""}","{""ridge"":1.0}",20,horizon,100,chi_t,20,2.696711019870885,0.433984180348146,0.09704181284179828,2.493600171309612,2.899821868432158,0.2031108485612729
nonlinear_audit,full,evaluation,default,aggressive,,,"{""center"":""original""}","{""ridge"":1.0}",20,horizon,100,cumulative_backbone_path_length,20,3.058331434198827,0.20144106528638986,0.04504359154403408,2.964054113600221,3.152608754797433,0.09427732059860602
nonlinear_audit,full,evaluation,default,aggressive,,,"{""center"":""original""}","{""ridge"":1.0}",20,horizon,100,cumulative_parameter_path_length,20,7.996652960684413,0.014968414866054448,0.0033470393155916153,7.98964752688583,8.003658394482997,0.0070054337985835735
nonlinear_audit,full,evaluation,default,aggressive,,,"{""center"":""original""}","{""ridge"":1.0}",20,horizon,100,cumulative_pseudo_regret,20,20.719024808241215,0.9471027557224146,0.2117786143472697,20.27576707420312,21.16228254227931,0.44325773403809604
nonlinear_audit,full,evaluation,default,aggressive,,,"{""center"":""original""}","{""ridge"":1.0}",20,horizon,100,diagnostic_S_T,20,102886417.40858702,23514414.09786927,5257982.837391508,91881332.85226054,113891501.9649135,11005084.556326477
nonlinear_audit,full,evaluation,default,aggressive,,,"{""center"":""original""}","{""ridge"":1.0}",20,horizon,100,diagnostic_theorem_rhs,20,526858.0087892727,63619.81340847774,14225.82274972088,497083.019580358,556632.9979981876,29774.989208914754
nonlinear_audit,full,evaluation,default,aggressive,,,"{""center"":""original""}","{""ridge"":1.0}",20,horizon,100,diagnostic_u_t,20,13.844597519787666,3.3266607517783022,0.7438639579056838,12.2876723626837,15.40152267689163,1.556925157103966
nonlinear_audit,full,evaluation,default,aggressive,,,"{""center"":""original""}","{""ridge"":1.0}",20,horizon,100,instantaneous_pseudo_regret,20,0.048595095325721566,0.0896724608386827,0.02005137181449823,0.006627091794091988,0.09056309885735114,0.04196800353162958
nonlinear_audit,full,evaluation,default,aggressive,,,"{""center"":""original""}","{""ridge"":1.0}",20,horizon,100,max_chi_t,20,8.122705073755515,1.1448899736775087,0.25600518079008544,7.586880072308719,8.658530075202313,0.5358250014467967
nonlinear_audit,full,evaluation,default,aggressive,,,"{""center"":""original""}","{""ridge"":1.0}",20,horizon,100,max_diagnostic_u_t,20,84.46898226196055,21.75809170350144,4.865257210970341,74.28588188851614,94.65208263540495,10.183100373444404
nonlinear_audit,full,evaluation,default,aggressive,,,"{""center"":""original""}","{""ridge"":1.0}",20,horizon,100,max_psi_t,20,489.3921704353041,54.03844979144052,12.083364713237033,464.1013974323104,514.6829434382978,25.290773002993667
nonlinear_audit,full,evaluation,default,aggressive,,,"{""center"":""original""}","{""ridge"":1.0}",20,horizon,100,max_theory_factor,20,73.04829767060342,0.0,0.0,73.04829767060342,73.04829767060342,0.0
nonlinear_audit,full,evaluation,default,aggressive,,,"{""center"":""original""}","{""ridge"":1.0}",20,horizon,100,max_u_t,20,4.0,0.0,0.0,4.0,4.0,0.0
nonlinear_audit,full,evaluation,default,aggressive,,,"{""center"":""original""}","{""ridge"":1.0}",20,horizon,100,mean_cg_iterations,20,44.9632,1.4342957780553385,0.32071828595726876,44.29192891280283,45.63447108719717,0.671271087197166
nonlinear_audit,full,evaluation,default,aggressive,,,"{""center"":""original""}","{""ridge"":1.0}",20,horizon,100,mean_chi_t,20,4.260452161988886,0.42623415991097496,0.09530885558934557,4.060968434642258,4.459935889335514,0.19948372734662806
nonlinear_audit,full,evaluation,default,aggressive,,,"{""center"":""original""}","{""ridge"":1.0}",20,horizon,100,mean_diagnostic_u_t,20,31.439184102860537,5.454651090754216,1.2196970632469801,28.886328810393437,33.99203939532764,2.5528552924671017
nonlinear_audit,full,evaluation,default,aggressive,,,"{""center"":""original""}","{""ridge"":1.0}",20,horizon,100,mean_psi_t,20,159.4693541468,14.926950704993766,3.337767647315447,152.48332617294292,166.45538212065705,6.986027973857059
nonlinear_audit,full,evaluation,default,aggressive,,,"{""center"":""original""}","{""ridge"":1.0}",20,horizon,100,mean_round_runtime_seconds,20,0.028918506885092937,0.0005019833915811095,0.00011224689871512563,0.028683571426049447,0.029153442344136426,0.00023493545904349102
nonlinear_audit,full,evaluation,default,aggressive,,,"{""center"":""original""}","{""ridge"":1.0}",20,horizon,100,mean_theory_factor,20,72.17049394876982,0.0,0.0,72.17049394876982,72.17049394876982,0.0
nonlinear_audit,full,evaluation,default,aggressive,,,"{""center"":""original""}","{""ridge"":1.0}",20,horizon,100,mean_u_t,20,4.0,0.0,0.0,4.0,4.0,0.0
nonlinear_audit,full,evaluation,default,aggressive,,,"{""center"":""original""}","{""ridge"":1.0}",20,horizon,100,observed_reward,20,0.4408625091068008,0.17878611874177475,0.039977791493995746,0.35718802986774784,0.5245369883458537,0.08367447923905297
nonlinear_audit,full,evaluation,default,aggressive,,,"{""center"":""original""}","{""ridge"":1.0}",20,horizon,100,optimal_action,20,1.55,1.234376040972246,0.27601487374110073,0.9722942298854039,2.1277057701145963,0.5777057701145961
nonlinear_audit,full,evaluation,default,aggressive,,,"{""center"":""original""}","{""ridge"":1.0}",20,horizon,100,optimism_violation_rate,20,0.0,0.0,0.0,0.0,0.0,0.0
nonlinear_audit,full,evaluation,default,aggressive,,,"{""center"":""original""}","{""ridge"":1.0}",20,horizon,100,parameter_distance_from_initial,20,1.4031438306221982,0.05543646026611215,0.012395969358699285,1.3771987685767322,1.4290888926676641,0.02594506204546594
nonlinear_audit,full,evaluation,default,aggressive,,,"{""center"":""original""}","{""ridge"":1.0}",20,horizon,100,parameter_step_norm,20,0.08,1.1278862578446139e-17,2.522030343428412e-18,0.08,0.08,5.278670174743314e-18
nonlinear_audit,full,evaluation,default,aggressive,,,"{""center"":""original""}","{""ridge"":1.0}",20,horizon,100,peak_host_memory_bytes,20,91772518.4,417179.4758607026,93284.16668422635,91577272.39523448,91967764.40476553,195246.00476551993
nonlinear_audit,full,evaluation,default,aggressive,,,"{""center"":""original""}","{""ridge"":1.0}",20,horizon,100,policy_beta,20,2.464828315564808,0.0,0.0,2.464828315564808,2.464828315564808,0.0
nonlinear_audit,full,evaluation,default,aggressive,,,"{""center"":""original""}","{""ridge"":1.0}",20,horizon,100,policy_centering,20,1.6,0.0,0.0,1.6,1.6,0.0
nonlinear_audit,full,evaluation,default,aggressive,,,"{""center"":""original""}","{""ridge"":1.0}",20,horizon,100,policy_cg_energy_tolerance,20,0.05,0.0,0.0,0.05,0.05,0.0
nonlinear_audit,full,evaluation,default,aggressive,,,"{""center"":""original""}","{""ridge"":1.0}",20,horizon,100,policy_condition_number_bound,20,100000000.0,0.0,0.0,100000000.0,100000000.0,0.0
nonlinear_audit,full,evaluation,default,aggressive,,,"{""center"":""original""}","{""ridge"":1.0}",20,horizon,100,policy_corrected_optimism_violation_count,20,0.0,0.0,0.0,0.0,0.0,0.0
nonlinear_audit,full,evaluation,default,aggressive,,,"{""center"":""original""}","{""ridge"":1.0}",20,horizon,100,policy_omega,20,4.064828315564808,0.0,0.0,4.064828315564808,4.064828315564808,0.0
nonlinear_audit,full,evaluation,default,aggressive,,,"{""center"":""original""}","{""ridge"":1.0}",20,horizon,100,policy_optimism_violation_count,20,0.0,0.0,0.0,0.0,0.0,0.0
nonlinear_audit,full,evaluation,default,aggressive,,,"{""center"":""original""}","{""ridge"":1.0}",20,horizon,100,policy_original_optimism_violation_count,20,0.0,0.0,0.0,0.0,0.0,0.0
nonlinear_audit,full,evaluation,default,aggressive,,,"{""center"":""original""}","{""ridge"":1.0}",20,horizon,100,policy_transfer_factor,20,4.0,0.0,0.0,4.0,4.0,0.0
nonlinear_audit,full,evaluation,default,aggressive,,,"{""center"":""original""}","{""ridge"":1.0}",20,horizon,100,posthoc_E_including_round,20,2.5683921920040462,0.7351754072652211,0.1643902186031127,2.224319510158291,2.9124648738498014,0.3440726818457551
nonlinear_audit,full,evaluation,default,aggressive,,,"{""center"":""original""}","{""ridge"":1.0}",20,horizon,100,posthoc_E_prior,20,2.5405573492980658,0.7274564052355322,0.1626641972774284,2.2000972716053897,2.881017426990742,0.34046007769267617
nonlinear_audit,full,evaluation,default,aggressive,,,"{""center"":""original""}","{""ridge"":1.0}",20,horizon,100,posthoc_F_including_round,20,0.09968758128452208,0.06542924674929163,0.01463042434480232,0.06906575120464992,0.13030941136439425,0.030621830079872174
nonlinear_audit,full,evaluation,default,aggressive,,,"{""center"":""original""}","{""ridge"":1.0}",20,horizon,100,posthoc_F_prior,20,0.09850615176024127,0.06479925112673895,0.014489553041046814,0.06817916870770523,0.1288331348127773,0.030326983052536043
nonlinear_audit,full,evaluation,default,aggressive,,,"{""center"":""original""}","{""ridge"":1.0}",20,horizon,100,posthoc_Gamma_dynamic,20,206.23938551276788,4.201591690932468,0.9395044634623285,204.27298007151725,208.2057909540185,1.9664054412506256
nonlinear_audit,full,evaluation,default,aggressive,,,"{""center"":""original""}","{""ridge"":1.0}",20,horizon,100,posthoc_Lambda_algorithmic,20,188.65928702998292,1.7160993394653472,0.3837314779187004,187.85612781626543,189.4624462437004,0.8031592137174907
nonlinear_audit,full,evaluation,default,aggressive,,,"{""center"":""original""}","{""ridge"":1.0}",20,horizon,100,posthoc_Lambda_cg_observable_bound,20,191.89221704882428,1.7586296457925439,0.3932415435238505,191.0691530390362,192.71528105861236,0.8230640097880709
nonlinear_audit,full,evaluation,default,aggressive,,,"{""center"":""original""}","{""ridge"":1.0}",20,horizon,100,posthoc_V_variation_charge,20,9.867080195782924,4.099502046383487,0.9166765249612971,7.94845417892751,11.785706212638337,1.9186260168554135
nonlinear_audit,full,evaluation,default,aggressive,,,"{""center"":""original""}","{""ridge"":1.0}",20,horizon,100,posthoc_actionwise_required_transfer,20,2.702003501015,1.4173716222003843,0.3169339296619209,2.0386531625744486,3.3653538394555516,0.6633503384405515
nonlinear_audit,full,evaluation,default,aggressive,,,"{""center"":""original""}","{""ridge"":1.0}",20,horizon,100,posthoc_beta_exact_teacher_diagnostic,20,19.063011425804667,0.9549650907438441,0.21353668590424904,18.61607400570844,19.509948845900894,0.4469374200962249
nonlinear_audit,full,evaluation,default,aggressive,,,"{""center"":""original""}","{""ridge"":1.0}",20,horizon,100,posthoc_centering_ratio,20,1.5177403884976752,0.6445168010009984,0.1441183379678937,1.2160972404495274,1.819383536545823,0.30164314804814774
nonlinear_audit,full,evaluation,default,aggressive,,,"{""center"":""original""}","{""ridge"":1.0}",20,horizon,100,posthoc_cg_max_energy_error,20,5.0996208814262076e-05,1.4601496287530799e-05,3.264993827212968e-06,4.416249819641069e-05,5.7829919432113464e-05,6.833710617851388e-06
nonlinear_audit,full,evaluation,default,aggressive,,,"{""center"":""original""}","{""ridge"":1.0}",20,horizon,100,posthoc_chi_frobenius_primitive,20,6.184350098563767,0.5031833282955208,0.11251521272133778,5.948853051851139,6.419847145276395,0.23549704671262772
nonlinear_audit,full,evaluation,default,aggressive,,,"{""center"":""original""}","{""ridge"":1.0}",20,horizon,100,posthoc_chi_operator_norm,20,2.696711019870885,0.433984180348146,0.09704181284179828,2.493600171309612,2.899821868432158,0.2031108485612729
nonlinear_audit,full,evaluation,default,aggressive,,,"{""center"":""original""}","{""ridge"":1.0}",20,horizon,100,posthoc_coarse_psi,20,413.6232285793532,200.04116047160196,44.73056331124458,320.0010836016845,507.24537355702194,93.62214497766868
nonlinear_audit,full,evaluation,default,aggressive,,,"{""center"":""original""}","{""ridge"":1.0}",20,horizon,100,posthoc_condition_number_C,20,4103.618238148154,491.1866115036701,109.83266529599865,3873.7358277238523,4333.500648572456,229.88241042430184
nonlinear_audit,full,evaluation,default,aggressive,,,"{""center"":""original""}","{""ridge"":1.0}",20,horizon,100,posthoc_condition_number_Cbar,20,2145.259219426895,457.5017927506469,102.3005108418467,1931.1417894566518,2359.376649397138,214.11742997024314
nonlinear_audit,full,evaluation,default,aggressive,,,"{""center"":""original""}","{""ridge"":1.0}",20,horizon,100,posthoc_corrected_center_identity_error,20,7.294512216482473e-17,3.291634938742031e-17,7.360319480140537e-18,5.753979644476053e-17,8.835044788488894e-17,1.5405325720064202e-17
nonlinear_audit,full,evaluation,default,aggressive,,,"{""center"":""original""}","{""ridge"":1.0}",20,horizon,100,posthoc_corrected_optimism_violation_count,20,0.0,0.0,0.0,0.0,0.0,0.0
nonlinear_audit,full,evaluation,default,aggressive,,,"{""center"":""original""}","{""ridge"":1.0}",20,horizon,100,posthoc_dynamic_identity_residual,20,-2.4158453015843406e-14,1.8425719337311047e-13,4.1201160972559874e-14,-1.1039347400096005e-13,6.207656796927324e-14,8.623502098511664e-14
nonlinear_audit,full,evaluation,default,aggressive,,,"{""center"":""original""}","{""ridge"":1.0}",20,horizon,100,posthoc_dynamic_identity_rhs,20,188.65928702998295,1.7160993394653172,0.38373147791869366,187.85612781626548,189.4624462437004,0.8031592137174766
nonlinear_audit,full,evaluation,default,aggressive,,,"{""center"":""original""}","{""ridge"":1.0}",20,horizon,100,posthoc_endpoint_logdet,20,196.37230531698495,2.322167447022495,0.519252426667944,195.28549749765907,197.45911313631083,1.0868078193258932
nonlinear_audit,full,evaluation,default,aggressive,,,"{""center"":""original""}","{""ridge"":1.0}",20,horizon,100,posthoc_epsilon_lin,20,0.027834842705980228,0.0206894597068716,0.0046263038322307765,0.01815187750211987,0.037517807909840585,0.009682965203860356
nonlinear_audit,full,evaluation,default,aggressive,,,"{""center"":""original""}","{""ridge"":1.0}",20,horizon,100,posthoc_exact_diagnostic_S_sum,20,102886417.40858702,23514414.09786927,5257982.837391508,91881332.85226054,113891501.9649135,11005084.556326477
nonlinear_audit,full,evaluation,default,aggressive,,,"{""center"":""original""}","{""ridge"":1.0}",20,horizon,100,posthoc_gamma_frozen_prior,20,210.1741405882508,2.219707595190806,0.49634170730192273,209.13528545566177,211.2129957208398,1.0388551325890123
nonlinear_audit,full,evaluation,default,aggressive,,,"{""center"":""original""}","{""ridge"":1.0}",20,horizon,100,posthoc_generalized_eigen_residual,20,6.479467562811106e-13,2.396044277651744e-13,5.35771788192868e-14,5.358084322450079e-13,7.600850803172132e-13,1.1213832403610262e-13
nonlinear_audit,full,evaluation,default,aggressive,,,"{""center"":""original""}","{""ridge"":1.0}",20,horizon,100,posthoc_generalized_eigenvalue_C_over_Cbar,20,7.83237994650414,2.3812837339963493,0.5324712302930363,6.717904853220429,8.946855039787852,1.114475093283711
nonlinear_audit,full,evaluation,default,aggressive,,,"{""center"":""original""}","{""ridge"":1.0}",20,horizon,100,posthoc_gradient_bound_seen,20,1.8988788811729358,0.03509012255700747,0.007846389937626744,1.8824561982932158,1.9153015640526558,0.016422682879720086
nonlinear_audit,full,evaluation,default,aggressive,,,"{""center"":""original""}","{""ridge"":1.0}",20,horizon,100,posthoc_mismatch_gradient_identity_residual,20,5.00262725789075e-13,1.1116971761045868e-13,2.4858304561644106e-14,4.4823369638974605e-13,5.522917551884038e-13,5.2029029399328905e-14
nonlinear_audit,full,evaluation,default,aggressive,,,"{""center"":""original""}","{""ridge"":1.0}",20,horizon,100,posthoc_mismatch_norm,20,70.3767549276729,24.331614516646617,5.440714406154252,58.98920880242624,81.76430105291958,11.387546125246667
nonlinear_audit,full,evaluation,default,aggressive,,,"{""center"":""original""}","{""ridge"":1.0}",20,horizon,100,posthoc_optimizer_residual_zeta,20,343.2464736516804,187.33790813703405,41.89002973570191,255.56963377497698,430.9233135283838,87.67683987670343
nonlinear_audit,full,evaluation,default,aggressive,,,"{""center"":""original""}","{""ridge"":1.0}",20,horizon,100,posthoc_original_optimism_violation_count,20,0.0,0.0,0.0,0.0,0.0,0.0
nonlinear_audit,full,evaluation,default,aggressive,,,"{""center"":""original""}","{""ridge"":1.0}",20,horizon,100,posthoc_policy_S_sum,20,7217.049394876982,0.0,0.0,7217.049394876982,7217.049394876982,0.0
nonlinear_audit,full,evaluation,default,aggressive,,,"{""center"":""original""}","{""ridge"":1.0}",20,horizon,100,posthoc_primitive_psi,20,349.7532344102455,188.393977507201,42.12617402576678,261.5821388541251,437.9243299663659,88.17109555612038
nonlinear_audit,full,evaluation,default,aggressive,,,"{""center"":""original""}","{""ridge"":1.0}",20,horizon,100,posthoc_regret_minus_policy_theorem_rhs,20,-4421.939872592638,82.52215616314179,18.452515083063826,-4460.561430525822,-4383.318314659453,38.62155793318472
nonlinear_audit,full,evaluation,default,aggressive,,,"{""center"":""original""}","{""ridge"":1.0}",20,horizon,100,posthoc_theorem_rhs_using_exact_diagnostics,20,526858.0087892727,63619.81340847774,14225.82274972088,497083.019580358,556632.9979981876,29774.989208914754
nonlinear_audit,full,evaluation,default,aggressive,,,"{""center"":""original""}","{""ridge"":1.0}",20,horizon,100,posthoc_theorem_rhs_using_policy_schedule,20,4442.658897400879,82.41216548991632,18.427920420841513,4404.088816687336,4481.228978114423,38.57008071354337
nonlinear_audit,full,evaluation,default,aggressive,,,"{""center"":""original""}","{""ridge"":1.0}",20,horizon,100,posthoc_theta_hat_lin_norm,20,2.120577102102234,0.24635742487948165,0.05508719487923189,2.0052782781301235,2.235875926074345,0.11529882397211055
nonlinear_audit,full,evaluation,default,aggressive,,,"{""center"":""original""}","{""ridge"":1.0}",20,horizon,100,posthoc_theta_hat_normal_equation_residual,20,4.646648230149929e-13,1.2150995659396262e-13,2.7170452288714922e-14,4.077964128055593e-13,5.215332332244266e-13,5.686841020943362e-14
nonlinear_audit,full,evaluation,default,aggressive,,,"{""center"":""original""}","{""ridge"":1.0}",20,horizon,100,posthoc_transfer_factor_one_plus_chi_squared,20,13.844597519787666,3.3266607517783022,0.7438639579056838,12.2876723626837,15.40152267689163,1.556925157103966
nonlinear_audit,full,evaluation,default,aggressive,,,"{""center"":""original""}","{""ridge"":1.0}",20,horizon,100,posthoc_whitened_curvature_difference_operator_norm,20,6.832379946504157,2.3812837339964403,0.5324712302930568,5.7179048532204035,7.946855039787911,1.114475093283754
nonlinear_audit,full,evaluation,default,aggressive,,,"{""center"":""original""}","{""ridge"":1.0}",20,horizon,100,psi_t,20,349.7532344102455,188.393977507201,42.12617402576678,261.5821388541251,437.9243299663659,88.17109555612038
nonlinear_audit,full,evaluation,default,aggressive,,,"{""center"":""original""}","{""ridge"":1.0}",20,horizon,100,realized_noise,20,0.0434185099502319,0.09820006328812295,0.02195820169070244,-0.0025405343799575,0.0893775542804213,0.0459590443301894
nonlinear_audit,full,evaluation,default,aggressive,,,"{""center"":""original""}","{""ridge"":1.0}",20,horizon,100,round_number,20,100.0,0.0,0.0,100.0,100.0,0.0
nonlinear_audit,full,evaluation,default,aggressive,,,"{""center"":""original""}","{""ridge"":1.0}",20,horizon,100,round_runtime_seconds,20,0.05525777900184039,0.001085036569122954,0.00024262155266320743,0.0547499662559984,0.05576559174768238,0.0005078127458419855
nonlinear_audit,full,evaluation,default,aggressive,,,"{""center"":""original""}","{""ridge"":1.0}",20,horizon,100,runtime_seconds,20,2.8921113414369755,0.050195879873331274,0.011224139958718226,2.8686189465133327,2.915603736360618,0.023492394923642728
nonlinear_audit,full,evaluation,default,aggressive,,,"{""center"":""original""}","{""ridge"":1.0}",20,horizon,100,selected_action,20,1.75,1.1641577031891928,0.26031357608610584,1.2051574235627331,2.294842576437267,0.544842576437267
nonlinear_audit,full,evaluation,default,aggressive,,,"{""center"":""original""}","{""ridge"":1.0}",20,horizon,100,theorem_rhs,20,4442.658897400879,82.41216548991632,18.427920420841513,4404.088816687336,4481.228978114423,38.57008071354337
nonlinear_audit,full,evaluation,default,aggressive,,,"{""center"":""original""}","{""ridge"":1.0}",20,horizon,100,theory_factor,20,73.04829767060342,0.0,0.0,73.04829767060342,73.04829767060342,0.0
nonlinear_audit,full,evaluation,default,aggressive,,,"{""center"":""original""}","{""ridge"":1.0}",20,horizon,100,training_gradient_norm_after_update,20,293.56134215974157,154.9993551211301,34.6589094519477,221.01941097725555,366.10327334222757,72.54193118248602
nonlinear_audit,full,evaluation,default,aggressive,,,"{""center"":""original""}","{""ridge"":1.0}",20,horizon,100,training_objective_after_update,20,51.38111706003002,12.072913078406842,2.6995854329763946,45.73081981188016,57.03141430817988,5.6502972481498634
nonlinear_audit,full,evaluation,default,aggressive,,,"{""center"":""original""}","{""ridge"":1.0}",20,horizon,100,u_t,20,4.0,0.0,0.0,4.0,4.0,0.0
nonlinear_audit,full,evaluation,default,frozen_head,,,"{""center"":""corrected""}","{""ridge"":1.0}",20,summary,,E_T,20,9.479803010289944e-15,5.526756894240626e-16,1.2358204110637656e-16,9.221142825561422e-15,9.738463195018467e-15,2.5866018472852255e-16
nonlinear_audit,full,evaluation,default,frozen_head,,,"{""center"":""corrected""}","{""ridge"":1.0}",20,summary,,F_T,20,1.0674181477184556e-30,1.1335578966846127e-31,2.5347125134184773e-32,1.0143660051025094e-30,1.1204702903344018e-30,5.305214261594616e-32
nonlinear_audit,full,evaluation,default,frozen_head,,,"{""center"":""corrected""}","{""ridge"":1.0}",20,summary,,Gamma_dynamic_T,20,151.4161878609009,1.232932281116397,0.2756920392230144,150.83915779119823,151.99321793060355,0.577030069702648
nonlinear_audit,full,evaluation,default,frozen_head,,,"{""center"":""corrected""}","{""ridge"":1.0}",20,summary,,Lambda_alg_T,20,151.41618786090078,1.2329322811164025,0.2756920392230156,150.83915779119812,151.99321793060344,0.5770300697026506
nonlinear_audit,full,evaluation,default,frozen_head,,,"{""center"":""corrected""}","{""ridge"":1.0}",20,summary,,V_alg_T,20,9.219291996487329e-14,3.2437785408752405e-14,7.253309321352118e-15,7.70115690812193e-14,1.0737427084852728e-13,1.518135088365399e-14
nonlinear_audit,full,evaluation,default,frozen_head,,,"{""center"":""corrected""}","{""ridge"":1.0}",20,summary,,chi_T,20,0.0,0.0,0.0,0.0,0.0,0.0
nonlinear_audit,full,evaluation,default,frozen_head,,,"{""center"":""corrected""}","{""ridge"":1.0}",20,summary,,cumulative_pseudo_regret,20,11.123638049235765,1.701430497518139,0.38045142514418456,10.327344064875065,11.919932033596465,0.7962939843607003
nonlinear_audit,full,evaluation,default,frozen_head,,,"{""center"":""corrected""}","{""ridge"":1.0}",20,summary,,optimism_violation_rate,20,0.008799999999999999,0.014558773806088275,0.0032554407899456723,0.0019862841189417207,0.015613715881058277,0.006813715881058278
nonlinear_audit,full,evaluation,default,frozen_head,,,"{""center"":""corrected""}","{""ridge"":1.0}",20,summary,,peak_host_memory_bytes,20,90655129.6,5083906.345393434,1136796.0179542243,88275788.18946622,93034471.01053376,2379341.410533771
nonlinear_audit,full,evaluation,default,frozen_head,,,"{""center"":""corrected""}","{""ridge"":1.0}",20,summary,,policy_optimism_violation_rate,20,0.008799999999999999,0.014558773806088275,0.0032554407899456723,0.0019862841189417207,0.015613715881058277,0.006813715881058278
nonlinear_audit,full,evaluation,default,frozen_head,,,"{""center"":""corrected""}","{""ridge"":1.0}",20,summary,,psi_T,20,4.617525167988618e-13,1.0778503697442125e-13,2.4101466963213416e-14,4.11307566698329e-13,5.121974668993948e-13,5.044495010053285e-14
nonlinear_audit,full,evaluation,default,frozen_head,,,"{""center"":""corrected""}","{""ridge"":1.0}",20,summary,,rounds,20,100.0,0.0,0.0,100.0,100.0,0.0
nonlinear_audit,full,evaluation,default,frozen_head,,,"{""center"":""corrected""}","{""ridge"":1.0}",20,summary,,runtime_seconds,20,1.491066416745889,0.04503690665633162,0.010070558477987027,1.4699884956101366,1.5121443378816413,0.021077921135752374
nonlinear_audit,full,evaluation,default,frozen_head,,,"{""center"":""corrected""}","{""ridge"":1.0}",20,summary,,seed,20,119.5,5.916079783099616,1.3228756555322954,116.73118943197974,122.26881056802026,2.768810568020254
nonlinear_audit,full,evaluation,default,frozen_head,,,"{""center"":""corrected""}","{""ridge"":1.0}",20,summary,,theorem_rhs,20,1001.386070624639,4.080304043547283,0.9123837210238986,999.4764295496855,1003.2957116995926,1.9096410749535797
nonlinear_audit,full,evaluation,default,frozen_head,,,"{""center"":""corrected""}","{""ridge"":1.0}",20,summary,,theorem_rhs_policy_schedule,20,1001.386070624639,4.080304043547283,0.9123837210238986,999.4764295496855,1003.2957116995926,1.9096410749535797
nonlinear_audit,full,evaluation,default,frozen_head,,,"{""center"":""corrected""}","{""ridge"":1.0}",20,summary,,u_T,20,1.0,0.0,0.0,1.0,1.0,0.0
nonlinear_audit,full,evaluation,default,frozen_head,,,"{""center"":""corrected""}","{""ridge"":1.0}",20,horizon,100,E_T,20,9.479803010289944e-15,5.526756894240626e-16,1.2358204110637656e-16,9.221142825561422e-15,9.738463195018467e-15,2.5866018472852255e-16
nonlinear_audit,full,evaluation,default,frozen_head,,,"{""center"":""corrected""}","{""ridge"":1.0}",20,horizon,100,F_T,20,1.0674181477184556e-30,1.1335578966846127e-31,2.5347125134184773e-32,1.0143660051025094e-30,1.1204702903344018e-30,5.305214261594616e-32
nonlinear_audit,full,evaluation,default,frozen_head,,,"{""center"":""corrected""}","{""ridge"":1.0}",20,horizon,100,Gamma_dynamic_T,20,151.4161878609009,1.232932281116397,0.2756920392230144,150.83915779119823,151.99321793060355,0.577030069702648
nonlinear_audit,full,evaluation,default,frozen_head,,,"{""center"":""corrected""}","{""ridge"":1.0}",20,horizon,100,Lambda_alg_T,20,151.41618786090078,1.2329322811164025,0.2756920392230156,150.83915779119812,151.99321793060344,0.5770300697026506
nonlinear_audit,full,evaluation,default,frozen_head,,,"{""center"":""corrected""}","{""ridge"":1.0}",20,horizon,100,S_T,20,658.2362613592351,0.0,0.0,658.2362613592351,658.2362613592351,0.0
nonlinear_audit,full,evaluation,default,frozen_head,,,"{""center"":""corrected""}","{""ridge"":1.0}",20,horizon,100,V_alg_T,20,9.219291996487329e-14,3.2437785408752405e-14,7.253309321352118e-15,7.70115690812193e-14,1.0737427084852728e-13,1.518135088365399e-14
nonlinear_audit,full,evaluation,default,frozen_head,,,"{""center"":""corrected""}","{""ridge"":1.0}",20,horizon,100,backbone_distance_from_initial,20,0.0,0.0,0.0,0.0,0.0,0.0
nonlinear_audit,full,evaluation,default,frozen_head,,,"{""center"":""corrected""}","{""ridge"":1.0}",20,horizon,100,backbone_step_norm,20,0.0,0.0,0.0,0.0,0.0,0.0
nonlinear_audit,full,evaluation,default,frozen_head,,,"{""center"":""corrected""}","{""ridge"":1.0}",20,horizon,100,chi_t,20,0.0,0.0,0.0,0.0,0.0,0.0
nonlinear_audit,full,evaluation,default,frozen_head,,,"{""center"":""corrected""}","{""ridge"":1.0}",20,horizon,100,cumulative_backbone_path_length,20,0.0,0.0,0.0,0.0,0.0,0.0
nonlinear_audit,full,evaluation,default,frozen_head,,,"{""center"":""corrected""}","{""ridge"":1.0}",20,horizon,100,cumulative_parameter_path_length,20,9.9714118745995,0.7848729665115294,0.17550293068216954,9.604080019062565,10.338743730136436,0.36733185553693487
nonlinear_audit,full,evaluation,default,frozen_head,,,"{""center"":""corrected""}","{""ridge"":1.0}",20,horizon,100,cumulative_pseudo_regret,20,11.123638049235765,1.701430497518139,0.38045142514418456,10.327344064875065,11.919932033596465,0.7962939843607003
nonlinear_audit,full,evaluation,default,frozen_head,,,"{""center"":""corrected""}","{""ridge"":1.0}",20,horizon,100,diagnostic_S_T,20,15679.136446786366,102.18699689748038,22.849707147932623,15631.311460089557,15726.961433483175,47.82498669680845
nonlinear_audit,full,evaluation,default,frozen_head,,,"{""center"":""corrected""}","{""ridge"":1.0}",20,horizon,100,diagnostic_theorem_rhs,20,4887.354244378614,33.8646135670177,7.57235779676132,4871.505117361406,4903.203371395822,15.849127017207746
nonlinear_audit,full,evaluation,default,frozen_head,,,"{""center"":""corrected""}","{""ridge"":1.0}",20,horizon,100,diagnostic_u_t,20,1.0,0.0,0.0,1.0,1.0,0.0
nonlinear_audit,full,evaluation,default,frozen_head,,,"{""center"":""corrected""}","{""ridge"":1.0}",20,horizon,100,instantaneous_pseudo_regret,20,0.006422742554558586,0.019299044953972635,0.004315397641790711,-0.002609488514046263,0.015454973623163434,0.00903223106860485
nonlinear_audit,full,evaluation,default,frozen_head,,,"{""center"":""corrected""}","{""ridge"":1.0}",20,horizon,100,max_chi_t,20,0.0,0.0,0.0,0.0,0.0,0.0
nonlinear_audit,full,evaluation,default,frozen_head,,,"{""center"":""corrected""}","{""ridge"":1.0}",20,horizon,100,max_diagnostic_u_t,20,1.0,0.0,0.0,1.0,1.0,0.0
nonlinear_audit,full,evaluation,default,frozen_head,,,"{""center"":""corrected""}","{""ridge"":1.0}",20,horizon,100,max_psi_t,20,5.182497416858614e-13,1.0476814702511114e-13,2.3426869862484085e-14,4.692167395441892e-13,5.672827438275337e-13,4.903300214167226e-14
nonlinear_audit,full,evaluation,default,frozen_head,,,"{""center"":""corrected""}","{""ridge"":1.0}",20,horizon,100,max_theory_factor,20,6.714892164705846,0.0,0.0,6.714892164705846,6.714892164705846,0.0
nonlinear_audit,full,evaluation,default,frozen_head,,,"{""center"":""corrected""}","{""ridge"":1.0}",20,horizon,100,max_u_t,20,1.0,0.0,0.0,1.0,1.0,0.0
nonlinear_audit,full,evaluation,default,frozen_head,,,"{""center"":""corrected""}","{""ridge"":1.0}",20,horizon,100,mean_cg_iterations,20,4.5438,0.008205261469903009,0.0018347522419862971,4.539959819423643,4.547640180576357,0.003840180576356894
nonlinear_audit,full,evaluation,default,frozen_head,,,"{""center"":""corrected""}","{""ridge"":1.0}",20,horizon,100,mean_chi_t,20,0.0,0.0,0.0,0.0,0.0,0.0
nonlinear_audit,full,evaluation,default,frozen_head,,,"{""center"":""corrected""}","{""ridge"":1.0}",20,horizon,100,mean_diagnostic_u_t,20,1.0,0.0,0.0,1.0,1.0,0.0
nonlinear_audit,full,evaluation,default,frozen_head,,,"{""center"":""corrected""}","{""ridge"":1.0}",20,horizon,100,mean_psi_t,20,1.8329346663679845e-13,2.4848176089058764e-14,5.5562210852020265e-15,1.7166416225385998e-13,1.9492277101973692e-13,1.1629304382938479e-14
nonlinear_audit,full,evaluation,default,frozen_head,,,"{""center"":""corrected""}","{""ridge"":1.0}",20,horizon,100,mean_round_runtime_seconds,20,0.014908227520412765,0.00045032219598931176,0.00010069510420090842,0.014697470245159112,0.015118984795666417,0.00021075727525365247
nonlinear_audit,full,evaluation,default,frozen_head,,,"{""center"":""corrected""}","{""ridge"":1.0}",20,horizon,100,mean_theory_factor,20,6.582362613592354,0.0,0.0,6.582362613592354,6.582362613592354,0.0
nonlinear_audit,full,evaluation,default,frozen_head,,,"{""center"":""corrected""}","{""ridge"":1.0}",20,horizon,100,mean_u_t,20,1.0,0.0,0.0,1.0,1.0,0.0
nonlinear_audit,full,evaluation,default,frozen_head,,,"{""center"":""corrected""}","{""ridge"":1.0}",20,horizon,100,observed_reward,20,0.4830348618779638,0.1921038096259484,0.042955717706029906,0.3931275114448703,0.5729422123110572,0.08990735043309349
nonlinear_audit,full,evaluation,default,frozen_head,,,"{""center"":""corrected""}","{""ridge"":1.0}",20,horizon,100,optimal_action,20,1.55,1.234376040972246,0.27601487374110073,0.9722942298854039,2.1277057701145963,0.5777057701145961
nonlinear_audit,full,evaluation,default,frozen_head,,,"{""center"":""corrected""}","{""ridge"":1.0}",20,horizon,100,optimism_violation_rate,20,0.008799999999999999,0.014558773806088275,0.0032554407899456723,0.0019862841189417207,0.015613715881058277,0.006813715881058278
nonlinear_audit,full,evaluation,default,frozen_head,,,"{""center"":""corrected""}","{""ridge"":1.0}",20,horizon,100,parameter_distance_from_initial,20,1.4492927501288357,0.09926462090766203,0.022196244011027915,1.402835477496238,1.4957500227614335,0.04645727263259779
nonlinear_audit,full,evaluation,default,frozen_head,,,"{""center"":""corrected""}","{""ridge"":1.0}",20,horizon,100,parameter_step_norm,20,0.017232567662095806,0.018808460715794662,0.004205699671265122,0.00842993708452079,0.02603519823967082,0.008802630577575016
nonlinear_audit,full,evaluation,default,frozen_head,,,"{""center"":""corrected""}","{""ridge"":1.0}",20,horizon,100,peak_host_memory_bytes,20,90655129.6,5083906.345393434,1136796.0179542243,88275788.18946622,93034471.01053376,2379341.410533771
nonlinear_audit,full,evaluation,default,frozen_head,,,"{""center"":""corrected""}","{""ridge"":1.0}",20,horizon,100,policy_beta,20,2.464828315564808,0.0,0.0,2.464828315564808,2.464828315564808,0.0
nonlinear_audit,full,evaluation,default,frozen_head,,,"{""center"":""corrected""}","{""ridge"":1.0}",20,horizon,100,policy_centering,20,0.0,0.0,0.0,0.0,0.0,0.0
nonlinear_audit,full,evaluation,default,frozen_head,,,"{""center"":""corrected""}","{""ridge"":1.0}",20,horizon,100,policy_cg_energy_tolerance,20,0.05,0.0,0.0,0.05,0.05,0.0
nonlinear_audit,full,evaluation,default,frozen_head,,,"{""center"":""corrected""}","{""ridge"":1.0}",20,horizon,100,policy_condition_number_bound,20,100000000.0,0.0,0.0,100000000.0,100000000.0,0.0
nonlinear_audit,full,evaluation,default,frozen_head,,,"{""center"":""corrected""}","{""ridge"":1.0}",20,horizon,100,policy_corrected_optimism_violation_count,20,0.05,0.22360679774997896,0.049999999999999996,-0.05465120272041543,0.15465120272041544,0.10465120272041543
nonlinear_audit,full,evaluation,default,frozen_head,,,"{""center"":""corrected""}","{""ridge"":1.0}",20,horizon,100,policy_omega,20,2.464828315564808,0.0,0.0,2.464828315564808,2.464828315564808,0.0
nonlinear_audit,full,evaluation,default,frozen_head,,,"{""center"":""corrected""}","{""ridge"":1.0}",20,horizon,100,policy_optimism_violation_count,20,0.05,0.22360679774997896,0.049999999999999996,-0.05465120272041543,0.15465120272041544,0.10465120272041543
nonlinear_audit,full,evaluation,default,frozen_head,,,"{""center"":""corrected""}","{""ridge"":1.0}",20,horizon,100,policy_original_optimism_violation_count,20,0.05,0.22360679774997896,0.049999999999999996,-0.05465120272041543,0.15465120272041544,0.10465120272041543
nonlinear_audit,full,evaluation,default,frozen_head,,,"{""center"":""corrected""}","{""ridge"":1.0}",20,horizon,100,policy_transfer_factor,20,1.0,0.0,0.0,1.0,1.0,0.0
nonlinear_audit,full,evaluation,default,frozen_head,,,"{""center"":""corrected""}","{""ridge"":1.0}",20,horizon,100,posthoc_E_including_round,20,9.479803010289944e-15,5.526756894240626e-16,1.2358204110637656e-16,9.221142825561422e-15,9.738463195018467e-15,2.5866018472852255e-16
nonlinear_audit,full,evaluation,default,frozen_head,,,"{""center"":""corrected""}","{""ridge"":1.0}",20,horizon,100,posthoc_E_prior,20,9.387515721367979e-15,5.367595954878543e-16,1.2002309430861315e-16,9.136304497895534e-15,9.638726944840423e-15,2.512112234724443e-16
nonlinear_audit,full,evaluation,default,frozen_head,,,"{""center"":""corrected""}","{""ridge"":1.0}",20,horizon,100,posthoc_F_including_round,20,1.0674181477184556e-30,1.1335578966846127e-31,2.5347125134184773e-32,1.0143660051025094e-30,1.1204702903344018e-30,5.305214261594616e-32
nonlinear_audit,full,evaluation,default,frozen_head,,,"{""center"":""corrected""}","{""ridge"":1.0}",20,horizon,100,posthoc_F_prior,20,1.0575501641659015e-30,1.097901314968426e-31,2.4549819728558077e-32,1.0061668009426417e-30,1.1089335273891612e-30,5.138336322325972e-32
nonlinear_audit,full,evaluation,default,frozen_head,,,"{""center"":""corrected""}","{""ridge"":1.0}",20,horizon,100,posthoc_Gamma_dynamic,20,151.4161878609009,1.232932281116397,0.2756920392230144,150.83915779119823,151.99321793060355,0.577030069702648
nonlinear_audit,full,evaluation,default,frozen_head,,,"{""center"":""corrected""}","{""ridge"":1.0}",20,horizon,100,posthoc_Lambda_algorithmic,20,151.41618786090078,1.2329322811164025,0.2756920392230156,150.83915779119812,151.99321793060344,0.5770300697026506
nonlinear_audit,full,evaluation,default,frozen_head,,,"{""center"":""corrected""}","{""ridge"":1.0}",20,horizon,100,posthoc_Lambda_cg_observable_bound,20,153.94375253897798,1.2542036018924567,0.2804484511456617,153.35676718470856,154.5307378932474,0.5869853542694233
nonlinear_audit,full,evaluation,default,frozen_head,,,"{""center"":""corrected""}","{""ridge"":1.0}",20,horizon,100,posthoc_V_variation_charge,20,9.219291996487329e-14,3.2437785408752405e-14,7.253309321352118e-15,7.70115690812193e-14,1.0737427084852728e-13,1.518135088365399e-14
nonlinear_audit,full,evaluation,default,frozen_head,,,"{""center"":""corrected""}","{""ridge"":1.0}",20,horizon,100,posthoc_actionwise_required_transfer,20,1.0,0.0,0.0,1.0,1.0,0.0
nonlinear_audit,full,evaluation,default,frozen_head,,,"{""center"":""corrected""}","{""ridge"":1.0}",20,horizon,100,posthoc_beta_exact_teacher_diagnostic,20,13.884089719100832,0.04923209696068437,0.011008631547895104,13.861048388464969,13.907131049736694,0.023041330635862625
nonlinear_audit,full,evaluation,default,frozen_head,,,"{""center"":""corrected""}","{""ridge"":1.0}",20,horizon,100,posthoc_centering_ratio,20,6.1167403220302495e-15,3.5479094078625674e-15,7.933366613991727e-16,4.456267606477801e-15,7.777213037582698e-15,1.660472715552448e-15
nonlinear_audit,full,evaluation,default,frozen_head,,,"{""center"":""corrected""}","{""ridge"":1.0}",20,horizon,100,posthoc_cg_max_energy_error,20,3.6671229004250144e-13,4.3802728128798114e-13,9.794587769593474e-14,1.6170921199477579e-13,5.717153680902271e-13,2.0500307804772565e-13
nonlinear_audit,full,evaluation,default,frozen_head,,,"{""center"":""corrected""}","{""ridge"":1.0}",20,horizon,100,posthoc_chi_frobenius_primitive,20,0.0,0.0,0.0,0.0,0.0,0.0
nonlinear_audit,full,evaluation,default,frozen_head,,,"{""center"":""corrected""}","{""ridge"":1.0}",20,horizon,100,posthoc_chi_operator_norm,20,0.0,0.0,0.0,0.0,0.0,0.0
nonlinear_audit,full,evaluation,default,frozen_head,,,"{""center"":""corrected""}","{""ridge"":1.0}",20,horizon,100,posthoc_coarse_psi,20,6.4025730631837e-13,1.3017554033776603e-13,2.9108135720301076e-14,5.793332780767981e-13,7.011813345599419e-13,6.092402824157188e-14
nonlinear_audit,full,evaluation,default,frozen_head,,,"{""center"":""corrected""}","{""ridge"":1.0}",20,horizon,100,posthoc_condition_number_C,20,72.35784404929791,31.245931579259313,6.986802703153118,57.73429792819344,86.98139017040238,14.62354612110447
nonlinear_audit,full,evaluation,default,frozen_head,,,"{""center"":""corrected""}","{""ridge"":1.0}",20,horizon,100,posthoc_condition_number_Cbar,20,72.35784404929791,31.245931579259313,6.986802703153118,57.73429792819344,86.98139017040238,14.62354612110447
nonlinear_audit,full,evaluation,default,frozen_head,,,"{""center"":""corrected""}","{""ridge"":1.0}",20,horizon,100,posthoc_corrected_center_identity_error,20,3.712308238590367e-17,1.4594267612290143e-17,3.2633774462904304e-18,3.029275489220424e-17,4.39534098796031e-17,6.83032749369943e-18
nonlinear_audit,full,evaluation,default,frozen_head,,,"{""center"":""corrected""}","{""ridge"":1.0}",20,horizon,100,posthoc_corrected_optimism_violation_count,20,0.0,0.0,0.0,0.0,0.0,0.0
nonlinear_audit,full,evaluation,default,frozen_head,,,"{""center"":""corrected""}","{""ridge"":1.0}",20,horizon,100,posthoc_dynamic_identity_residual,20,-4.121147867408581e-14,3.6274690971869865e-14,8.111267487589893e-15,-5.818855663735151e-14,-2.4234400710820115e-14,1.6977077963265695e-14
nonlinear_audit,full,evaluation,default,frozen_head,,,"{""center"":""corrected""}","{""ridge"":1.0}",20,horizon,100,posthoc_dynamic_identity_rhs,20,151.41618786090083,1.2329322811164043,0.275692039223016,150.83915779119818,151.9932179306035,0.5770300697026515
nonlinear_audit,full,evaluation,default,frozen_head,,,"{""center"":""corrected""}","{""ridge"":1.0}",20,horizon,100,posthoc_endpoint_logdet,20,151.4161878609008,1.2329322811164067,0.27569203922301655,150.83915779119815,151.99321793060346,0.5770300697026526
nonlinear_audit,full,evaluation,default,frozen_head,,,"{""center"":""corrected""}","{""ridge"":1.0}",20,horizon,100,posthoc_epsilon_lin,20,9.228728892196614e-17,3.771136720975654e-17,8.432518060547218e-18,7.463782578200832e-17,1.0993675206192397e-16,1.7649463139957828e-17
nonlinear_audit,full,evaluation,default,frozen_head,,,"{""center"":""corrected""}","{""ridge"":1.0}",20,horizon,100,posthoc_exact_diagnostic_S_sum,20,15679.136446786366,102.18699689748038,22.849707147932623,15631.311460089557,15726.961433483175,47.82498669680845
nonlinear_audit,full,evaluation,default,frozen_head,,,"{""center"":""corrected""}","{""ridge"":1.0}",20,horizon,100,posthoc_gamma_frozen_prior,20,151.22556129436776,1.228225979809637,0.2746396782585633,150.65073384147763,151.8003887472579,0.5748274528901316
nonlinear_audit,full,evaluation,default,frozen_head,,,"{""center"":""corrected""}","{""ridge"":1.0}",20,horizon,100,posthoc_generalized_eigen_residual,20,3.921435417336186e-13,1.975994856165877e-13,4.41845882157682e-14,2.996641357638899e-13,4.846229477033474e-13,9.247940596972874e-14
nonlinear_audit,full,evaluation,default,frozen_head,,,"{""center"":""corrected""}","{""ridge"":1.0}",20,horizon,100,posthoc_generalized_eigenvalue_C_over_Cbar,20,1.0000000000000016,5.510060353776176e-16,1.232086951117007e-16,1.0000000000000013,1.0000000000000018,2.57878762581049e-16
nonlinear_audit,full,evaluation,default,frozen_head,,,"{""center"":""corrected""}","{""ridge"":1.0}",20,horizon,100,posthoc_gradient_bound_seen,20,1.582825016157509,0.0,0.0,1.582825016157509,1.582825016157509,0.0
nonlinear_audit,full,evaluation,default,frozen_head,,,"{""center"":""corrected""}","{""ridge"":1.0}",20,horizon,100,posthoc_mismatch_gradient_identity_residual,20,4.201669698985064e-13,1.0311939887416374e-13,2.305819856815454e-14,3.719056056440357e-13,4.68428334152977e-13,4.8261364254470676e-14
nonlinear_audit,full,evaluation,default,frozen_head,,,"{""center"":""corrected""}","{""ridge"":1.0}",20,horizon,100,posthoc_mismatch_norm,20,1.8334527822619338e-13,5.321617642440844e-14,1.1899498798759897e-14,1.5843934100498615e-13,2.0825121544740062e-13,2.490593722120724e-14
nonlinear_audit,full,evaluation,default,frozen_head,,,"{""center"":""corrected""}","{""ridge"":1.0}",20,horizon,100,posthoc_optimizer_residual_zeta,20,4.569120280921768e-13,1.0741593865700239e-13,2.401893407040048e-14,4.066398213215813e-13,5.071842348627723e-13,5.027220677059547e-14
nonlinear_audit,full,evaluation,default,frozen_head,,,"{""center"":""corrected""}","{""ridge"":1.0}",20,horizon,100,posthoc_original_optimism_violation_count,20,0.0,0.0,0.0,0.0,0.0,0.0
nonlinear_audit,full,evaluation,default,frozen_head,,,"{""center"":""corrected""}","{""ridge"":1.0}",20,horizon,100,posthoc_policy_S_sum,20,658.2362613592351,0.0,0.0,658.2362613592351,658.2362613592351,0.0
nonlinear_audit,full,evaluation,default,frozen_head,,,"{""center"":""corrected""}","{""ridge"":1.0}",20,horizon,100,posthoc_primitive_psi,20,4.617525167988618e-13,1.0778503697442125e-13,2.4101466963213416e-14,4.11307566698329e-13,5.121974668993948e-13,5.044495010053285e-14
nonlinear_audit,full,evaluation,default,frozen_head,,,"{""center"":""corrected""}","{""ridge"":1.0}",20,horizon,100,posthoc_regret_minus_policy_theorem_rhs,20,-990.2624325754032,2.7888066545778942,0.6235961255739946,-991.5676342664653,-988.957230884341,1.3052016910621949
nonlinear_audit,full,evaluation,default,frozen_head,,,"{""center"":""corrected""}","{""ridge"":1.0}",20,horizon,100,posthoc_theorem_rhs_using_exact_diagnostics,20,4887.354244378614,33.8646135670177,7.57235779676132,4871.505117361406,4903.203371395822,15.849127017207746
nonlinear_audit,full,evaluation,default,frozen_head,,,"{""center"":""corrected""}","{""ridge"":1.0}",20,horizon,100,posthoc_theorem_rhs_using_policy_schedule,20,1001.386070624639,4.080304043547283,0.9123837210238986,999.4764295496855,1003.2957116995926,1.9096410749535797
nonlinear_audit,full,evaluation,default,frozen_head,,,"{""center"":""corrected""}","{""ridge"":1.0}",20,horizon,100,posthoc_theta_hat_lin_norm,20,1.4486279573702845,0.10013010488847186,0.022389772112480708,1.401765625766142,1.495490288974427,0.04686233160414245
nonlinear_audit,full,evaluation,default,frozen_head,,,"{""center"":""corrected""}","{""ridge"":1.0}",20,horizon,100,posthoc_theta_hat_normal_equation_residual,20,2.6602946200133027e-13,8.623048854371203e-14,1.9281723411675693e-14,2.256723510902452e-13,3.0638657291241536e-13,4.0357110911085065e-14
nonlinear_audit,full,evaluation,default,frozen_head,,,"{""center"":""corrected""}","{""ridge"":1.0}",20,horizon,100,posthoc_transfer_factor_one_plus_chi_squared,20,1.0,0.0,0.0,1.0,1.0,0.0
nonlinear_audit,full,evaluation,default,frozen_head,,,"{""center"":""corrected""}","{""ridge"":1.0}",20,horizon,100,posthoc_whitened_curvature_difference_operator_norm,20,0.0,0.0,0.0,0.0,0.0,0.0
nonlinear_audit,full,evaluation,default,frozen_head,,,"{""center"":""corrected""}","{""ridge"":1.0}",20,horizon,100,psi_t,20,4.617525167988618e-13,1.0778503697442125e-13,2.4101466963213416e-14,4.11307566698329e-13,5.121974668993948e-13,5.044495010053285e-14
nonlinear_audit,full,evaluation,default,frozen_head,,,"{""center"":""corrected""}","{""ridge"":1.0}",20,horizon,100,realized_noise,20,0.0434185099502319,0.09820006328812295,0.02195820169070244,-0.0025405343799575,0.0893775542804213,0.0459590443301894
nonlinear_audit,full,evaluation,default,frozen_head,,,"{""center"":""corrected""}","{""ridge"":1.0}",20,horizon,100,round_number,20,100.0,0.0,0.0,100.0,100.0,0.0
nonlinear_audit,full,evaluation,default,frozen_head,,,"{""center"":""corrected""}","{""ridge"":1.0}",20,horizon,100,round_runtime_seconds,20,0.02890904998930637,0.001171211632547667,0.00026189088264150885,0.028360906072307467,0.02945719390630527,0.0005481439169989014
nonlinear_audit,full,evaluation,default,frozen_head,,,"{""center"":""corrected""}","{""ridge"":1.0}",20,horizon,100,runtime_seconds,20,1.491066416745889,0.04503690665633162,0.010070558477987027,1.4699884956101366,1.5121443378816413,0.021077921135752374
nonlinear_audit,full,evaluation,default,frozen_head,,,"{""center"":""corrected""}","{""ridge"":1.0}",20,horizon,100,selected_action,20,1.6,1.1424811411549587,0.255466549463402,1.0653023668764097,2.1346976331235905,0.5346976331235904
nonlinear_audit,full,evaluation,default,frozen_head,,,"{""center"":""corrected""}","{""ridge"":1.0}",20,horizon,100,theorem_rhs,20,1001.386070624639,4.080304043547283,0.9123837210238986,999.4764295496855,1003.2957116995926,1.9096410749535797
nonlinear_audit,full,evaluation,default,frozen_head,,,"{""center"":""corrected""}","{""ridge"":1.0}",20,horizon,100,theory_factor,20,6.714892164705846,0.0,0.0,6.714892164705846,6.714892164705846,0.0
nonlinear_audit,full,evaluation,default,frozen_head,,,"{""center"":""corrected""}","{""ridge"":1.0}",20,horizon,100,training_gradient_norm_after_update,20,4.601943281157597e-13,1.117670122311055e-13,2.4991863699080234e-14,4.0788575622909094e-13,5.125029000024285e-13,5.2308571886668744e-14
nonlinear_audit,full,evaluation,default,frozen_head,,,"{""center"":""corrected""}","{""ridge"":1.0}",20,horizon,100,training_objective_after_update,20,39.86809125670302,6.092210101375223,1.3622595919885883,37.01684916232245,42.719333351083584,2.8512420943805634
nonlinear_audit,full,evaluation,default,frozen_head,,,"{""center"":""corrected""}","{""ridge"":1.0}",20,horizon,100,u_t,20,1.0,0.0,0.0,1.0,1.0,0.0
nonlinear_audit,full,evaluation,default,frozen_head,,,"{""center"":""original""}","{""ridge"":1.0}",20,summary,,E_T,20,9.479803010289944e-15,5.526756894240626e-16,1.2358204110637656e-16,9.221142825561422e-15,9.738463195018467e-15,2.5866018472852255e-16
nonlinear_audit,full,evaluation,default,frozen_head,,,"{""center"":""original""}","{""ridge"":1.0}",20,summary,,F_T,20,1.0674181477184556e-30,1.1335578966846127e-31,2.5347125134184773e-32,1.0143660051025094e-30,1.1204702903344018e-30,5.305214261594616e-32
nonlinear_audit,full,evaluation,default,frozen_head,,,"{""center"":""original""}","{""ridge"":1.0}",20,summary,,Gamma_dynamic_T,20,151.4161878609009,1.232932281116397,0.2756920392230144,150.83915779119823,151.99321793060355,0.577030069702648
nonlinear_audit,full,evaluation,default,frozen_head,,,"{""center"":""original""}","{""ridge"":1.0}",20,summary,,Lambda_alg_T,20,151.41618786090078,1.2329322811164025,0.2756920392230156,150.83915779119812,151.99321793060344,0.5770300697026506
nonlinear_audit,full,evaluation,default,frozen_head,,,"{""center"":""original""}","{""ridge"":1.0}",20,summary,,V_alg_T,20,9.219291996487329e-14,3.2437785408752405e-14,7.253309321352118e-15,7.70115690812193e-14,1.0737427084852728e-13,1.518135088365399e-14
nonlinear_audit,full,evaluation,default,frozen_head,,,"{""center"":""original""}","{""ridge"":1.0}",20,summary,,chi_T,20,0.0,0.0,0.0,0.0,0.0,0.0
nonlinear_audit,full,evaluation,default,frozen_head,,,"{""center"":""original""}","{""ridge"":1.0}",20,summary,,cumulative_pseudo_regret,20,11.123638049235765,1.701430497518139,0.38045142514418456,10.327344064875065,11.919932033596465,0.7962939843607003
nonlinear_audit,full,evaluation,default,frozen_head,,,"{""center"":""original""}","{""ridge"":1.0}",20,summary,,optimism_violation_rate,20,0.008799999999999999,0.014558773806088275,0.0032554407899456723,0.0019862841189417207,0.015613715881058277,0.006813715881058278
nonlinear_audit,full,evaluation,default,frozen_head,,,"{""center"":""original""}","{""ridge"":1.0}",20,summary,,peak_host_memory_bytes,20,90354483.2,6410619.641880574,1433458.129714032,87354220.85352139,93354745.54647861,3000262.3464786145
nonlinear_audit,full,evaluation,default,frozen_head,,,"{""center"":""original""}","{""ridge"":1.0}",20,summary,,policy_optimism_violation_rate,20,0.008799999999999999,0.014558773806088275,0.0032554407899456723,0.0019862841189417207,0.015613715881058277,0.006813715881058278
nonlinear_audit,full,evaluation,default,frozen_head,,,"{""center"":""original""}","{""ridge"":1.0}",20,summary,,psi_T,20,4.617525167988618e-13,1.0778503697442125e-13,2.4101466963213416e-14,4.11307566698329e-13,5.121974668993948e-13,5.044495010053285e-14
nonlinear_audit,full,evaluation,default,frozen_head,,,"{""center"":""original""}","{""ridge"":1.0}",20,summary,,rounds,20,100.0,0.0,0.0,100.0,100.0,0.0
nonlinear_audit,full,evaluation,default,frozen_head,,,"{""center"":""original""}","{""ridge"":1.0}",20,summary,,runtime_seconds,20,1.4885895644983975,0.03898174435803787,0.008716583026609158,1.4703455465514574,1.5068335824453376,0.018244017946940146
nonlinear_audit,full,evaluation,default,frozen_head,,,"{""center"":""original""}","{""ridge"":1.0}",20,summary,,seed,20,119.5,5.916079783099616,1.3228756555322954,116.73118943197974,122.26881056802026,2.768810568020254
nonlinear_audit,full,evaluation,default,frozen_head,,,"{""center"":""original""}","{""ridge"":1.0}",20,summary,,theorem_rhs,20,1001.386070624639,4.080304043547283,0.9123837210238986,999.4764295496855,1003.2957116995926,1.9096410749535797
nonlinear_audit,full,evaluation,default,frozen_head,,,"{""center"":""original""}","{""ridge"":1.0}",20,summary,,theorem_rhs_policy_schedule,20,1001.386070624639,4.080304043547283,0.9123837210238986,999.4764295496855,1003.2957116995926,1.9096410749535797
nonlinear_audit,full,evaluation,default,frozen_head,,,"{""center"":""original""}","{""ridge"":1.0}",20,summary,,u_T,20,1.0,0.0,0.0,1.0,1.0,0.0
nonlinear_audit,full,evaluation,default,frozen_head,,,"{""center"":""original""}","{""ridge"":1.0}",20,horizon,100,E_T,20,9.479803010289944e-15,5.526756894240626e-16,1.2358204110637656e-16,9.221142825561422e-15,9.738463195018467e-15,2.5866018472852255e-16
nonlinear_audit,full,evaluation,default,frozen_head,,,"{""center"":""original""}","{""ridge"":1.0}",20,horizon,100,F_T,20,1.0674181477184556e-30,1.1335578966846127e-31,2.5347125134184773e-32,1.0143660051025094e-30,1.1204702903344018e-30,5.305214261594616e-32
nonlinear_audit,full,evaluation,default,frozen_head,,,"{""center"":""original""}","{""ridge"":1.0}",20,horizon,100,Gamma_dynamic_T,20,151.4161878609009,1.232932281116397,0.2756920392230144,150.83915779119823,151.99321793060355,0.577030069702648
nonlinear_audit,full,evaluation,default,frozen_head,,,"{""center"":""original""}","{""ridge"":1.0}",20,horizon,100,Lambda_alg_T,20,151.41618786090078,1.2329322811164025,0.2756920392230156,150.83915779119812,151.99321793060344,0.5770300697026506
nonlinear_audit,full,evaluation,default,frozen_head,,,"{""center"":""original""}","{""ridge"":1.0}",20,horizon,100,S_T,20,658.2362613592351,0.0,0.0,658.2362613592351,658.2362613592351,0.0
nonlinear_audit,full,evaluation,default,frozen_head,,,"{""center"":""original""}","{""ridge"":1.0}",20,horizon,100,V_alg_T,20,9.219291996487329e-14,3.2437785408752405e-14,7.253309321352118e-15,7.70115690812193e-14,1.0737427084852728e-13,1.518135088365399e-14
nonlinear_audit,full,evaluation,default,frozen_head,,,"{""center"":""original""}","{""ridge"":1.0}",20,horizon,100,backbone_distance_from_initial,20,0.0,0.0,0.0,0.0,0.0,0.0
nonlinear_audit,full,evaluation,default,frozen_head,,,"{""center"":""original""}","{""ridge"":1.0}",20,horizon,100,backbone_step_norm,20,0.0,0.0,0.0,0.0,0.0,0.0
nonlinear_audit,full,evaluation,default,frozen_head,,,"{""center"":""original""}","{""ridge"":1.0}",20,horizon,100,chi_t,20,0.0,0.0,0.0,0.0,0.0,0.0
nonlinear_audit,full,evaluation,default,frozen_head,,,"{""center"":""original""}","{""ridge"":1.0}",20,horizon,100,cumulative_backbone_path_length,20,0.0,0.0,0.0,0.0,0.0,0.0
nonlinear_audit,full,evaluation,default,frozen_head,,,"{""center"":""original""}","{""ridge"":1.0}",20,horizon,100,cumulative_parameter_path_length,20,9.9714118745995,0.7848729665115294,0.17550293068216954,9.604080019062565,10.338743730136436,0.36733185553693487
nonlinear_audit,full,evaluation,default,frozen_head,,,"{""center"":""original""}","{""ridge"":1.0}",20,horizon,100,cumulative_pseudo_regret,20,11.123638049235765,1.701430497518139,0.38045142514418456,10.327344064875065,11.919932033596465,0.7962939843607003
nonlinear_audit,full,evaluation,default,frozen_head,,,"{""center"":""original""}","{""ridge"":1.0}",20,horizon,100,diagnostic_S_T,20,15679.136446786859,102.18699689745331,22.84970714792657,15631.311460090063,15726.961433483655,47.82498669679578
nonlinear_audit,full,evaluation,default,frozen_head,,,"{""center"":""original""}","{""ridge"":1.0}",20,horizon,100,diagnostic_theorem_rhs,20,4887.354244378691,33.86461356701364,7.5723577967604125,4871.505117361485,4903.203371395897,15.849127017205847
nonlinear_audit,full,evaluation,default,frozen_head,,,"{""center"":""original""}","{""ridge"":1.0}",20,horizon,100,diagnostic_u_t,20,1.0,0.0,0.0,1.0,1.0,0.0
nonlinear_audit,full,evaluation,default,frozen_head,,,"{""center"":""original""}","{""ridge"":1.0}",20,horizon,100,instantaneous_pseudo_regret,20,0.006422742554558586,0.019299044953972635,0.004315397641790711,-0.002609488514046263,0.015454973623163434,0.00903223106860485
nonlinear_audit,full,evaluation,default,frozen_head,,,"{""center"":""original""}","{""ridge"":1.0}",20,horizon,100,max_chi_t,20,0.0,0.0,0.0,0.0,0.0,0.0
nonlinear_audit,full,evaluation,default,frozen_head,,,"{""center"":""original""}","{""ridge"":1.0}",20,horizon,100,max_diagnostic_u_t,20,1.0,0.0,0.0,1.0,1.0,0.0
nonlinear_audit,full,evaluation,default,frozen_head,,,"{""center"":""original""}","{""ridge"":1.0}",20,horizon,100,max_psi_t,20,5.182497416858614e-13,1.0476814702511114e-13,2.3426869862484085e-14,4.692167395441892e-13,5.672827438275337e-13,4.903300214167226e-14
nonlinear_audit,full,evaluation,default,frozen_head,,,"{""center"":""original""}","{""ridge"":1.0}",20,horizon,100,max_theory_factor,20,6.714892164705846,0.0,0.0,6.714892164705846,6.714892164705846,0.0
nonlinear_audit,full,evaluation,default,frozen_head,,,"{""center"":""original""}","{""ridge"":1.0}",20,horizon,100,max_u_t,20,1.0,0.0,0.0,1.0,1.0,0.0
nonlinear_audit,full,evaluation,default,frozen_head,,,"{""center"":""original""}","{""ridge"":1.0}",20,horizon,100,mean_cg_iterations,20,4.5438,0.008205261469903009,0.0018347522419862971,4.539959819423643,4.547640180576357,0.003840180576356894
nonlinear_audit,full,evaluation,default,frozen_head,,,"{""center"":""original""}","{""ridge"":1.0}",20,horizon,100,mean_chi_t,20,0.0,0.0,0.0,0.0,0.0,0.0
nonlinear_audit,full,evaluation,default,frozen_head,,,"{""center"":""original""}","{""ridge"":1.0}",20,horizon,100,mean_diagnostic_u_t,20,1.0,0.0,0.0,1.0,1.0,0.0
nonlinear_audit,full,evaluation,default,frozen_head,,,"{""center"":""original""}","{""ridge"":1.0}",20,horizon,100,mean_psi_t,20,1.8329346663679845e-13,2.4848176089058764e-14,5.5562210852020265e-15,1.7166416225385998e-13,1.9492277101973692e-13,1.1629304382938479e-14
nonlinear_audit,full,evaluation,default,frozen_head,,,"{""center"":""original""}","{""ridge"":1.0}",20,horizon,100,mean_round_runtime_seconds,20,0.014883422660292125,0.00038983590420663215,8.716995818761257e-05,0.014700973840983686,0.015065871479600564,0.0001824488193084396
nonlinear_audit,full,evaluation,default,frozen_head,,,"{""center"":""original""}","{""ridge"":1.0}",20,horizon,100,mean_theory_factor,20,6.582362613592354,0.0,0.0,6.582362613592354,6.582362613592354,0.0
nonlinear_audit,full,evaluation,default,frozen_head,,,"{""center"":""original""}","{""ridge"":1.0}",20,horizon,100,mean_u_t,20,1.0,0.0,0.0,1.0,1.0,0.0
nonlinear_audit,full,evaluation,default,frozen_head,,,"{""center"":""original""}","{""ridge"":1.0}",20,horizon,100,observed_reward,20,0.4830348618779638,0.1921038096259484,0.042955717706029906,0.3931275114448703,0.5729422123110572,0.08990735043309349
nonlinear_audit,full,evaluation,default,frozen_head,,,"{""center"":""original""}","{""ridge"":1.0}",20,horizon,100,optimal_action,20,1.55,1.234376040972246,0.27601487374110073,0.9722942298854039,2.1277057701145963,0.5777057701145961
nonlinear_audit,full,evaluation,default,frozen_head,,,"{""center"":""original""}","{""ridge"":1.0}",20,horizon,100,optimism_violation_rate,20,0.008799999999999999,0.014558773806088275,0.0032554407899456723,0.0019862841189417207,0.015613715881058277,0.006813715881058278
nonlinear_audit,full,evaluation,default,frozen_head,,,"{""center"":""original""}","{""ridge"":1.0}",20,horizon,100,parameter_distance_from_initial,20,1.4492927501288357,0.09926462090766203,0.022196244011027915,1.402835477496238,1.4957500227614335,0.04645727263259779
nonlinear_audit,full,evaluation,default,frozen_head,,,"{""center"":""original""}","{""ridge"":1.0}",20,horizon,100,parameter_step_norm,20,0.017232567662095806,0.018808460715794662,0.004205699671265122,0.00842993708452079,0.02603519823967082,0.008802630577575016
nonlinear_audit,full,evaluation,default,frozen_head,,,"{""center"":""original""}","{""ridge"":1.0}",20,horizon,100,peak_host_memory_bytes,20,90354483.2,6410619.641880574,1433458.129714032,87354220.85352139,93354745.54647861,3000262.3464786145
nonlinear_audit,full,evaluation,default,frozen_head,,,"{""center"":""original""}","{""ridge"":1.0}",20,horizon,100,policy_beta,20,2.464828315564808,0.0,0.0,2.464828315564808,2.464828315564808,0.0
nonlinear_audit,full,evaluation,default,frozen_head,,,"{""center"":""original""}","{""ridge"":1.0}",20,horizon,100,policy_centering,20,0.0,0.0,0.0,0.0,0.0,0.0
nonlinear_audit,full,evaluation,default,frozen_head,,,"{""center"":""original""}","{""ridge"":1.0}",20,horizon,100,policy_cg_energy_tolerance,20,0.05,0.0,0.0,0.05,0.05,0.0
nonlinear_audit,full,evaluation,default,frozen_head,,,"{""center"":""original""}","{""ridge"":1.0}",20,horizon,100,policy_condition_number_bound,20,100000000.0,0.0,0.0,100000000.0,100000000.0,0.0
nonlinear_audit,full,evaluation,default,frozen_head,,,"{""center"":""original""}","{""ridge"":1.0}",20,horizon,100,policy_corrected_optimism_violation_count,20,0.05,0.22360679774997896,0.049999999999999996,-0.05465120272041543,0.15465120272041544,0.10465120272041543
nonlinear_audit,full,evaluation,default,frozen_head,,,"{""center"":""original""}","{""ridge"":1.0}",20,horizon,100,policy_omega,20,2.464828315564808,0.0,0.0,2.464828315564808,2.464828315564808,0.0
nonlinear_audit,full,evaluation,default,frozen_head,,,"{""center"":""original""}","{""ridge"":1.0}",20,horizon,100,policy_optimism_violation_count,20,0.05,0.22360679774997896,0.049999999999999996,-0.05465120272041543,0.15465120272041544,0.10465120272041543
nonlinear_audit,full,evaluation,default,frozen_head,,,"{""center"":""original""}","{""ridge"":1.0}",20,horizon,100,policy_original_optimism_violation_count,20,0.05,0.22360679774997896,0.049999999999999996,-0.05465120272041543,0.15465120272041544,0.10465120272041543
nonlinear_audit,full,evaluation,default,frozen_head,,,"{""center"":""original""}","{""ridge"":1.0}",20,horizon,100,policy_transfer_factor,20,1.0,0.0,0.0,1.0,1.0,0.0
nonlinear_audit,full,evaluation,default,frozen_head,,,"{""center"":""original""}","{""ridge"":1.0}",20,horizon,100,posthoc_E_including_round,20,9.479803010289944e-15,5.526756894240626e-16,1.2358204110637656e-16,9.221142825561422e-15,9.738463195018467e-15,2.5866018472852255e-16
nonlinear_audit,full,evaluation,default,frozen_head,,,"{""center"":""original""}","{""ridge"":1.0}",20,horizon,100,posthoc_E_prior,20,9.387515721367979e-15,5.367595954878543e-16,1.2002309430861315e-16,9.136304497895534e-15,9.638726944840423e-15,2.512112234724443e-16
nonlinear_audit,full,evaluation,default,frozen_head,,,"{""center"":""original""}","{""ridge"":1.0}",20,horizon,100,posthoc_F_including_round,20,1.0674181477184556e-30,1.1335578966846127e-31,2.5347125134184773e-32,1.0143660051025094e-30,1.1204702903344018e-30,5.305214261594616e-32
nonlinear_audit,full,evaluation,default,frozen_head,,,"{""center"":""original""}","{""ridge"":1.0}",20,horizon,100,posthoc_F_prior,20,1.0575501641659015e-30,1.097901314968426e-31,2.4549819728558077e-32,1.0061668009426417e-30,1.1089335273891612e-30,5.138336322325972e-32
nonlinear_audit,full,evaluation,default,frozen_head,,,"{""center"":""original""}","{""ridge"":1.0}",20,horizon,100,posthoc_Gamma_dynamic,20,151.4161878609009,1.232932281116397,0.2756920392230144,150.83915779119823,151.99321793060355,0.577030069702648
nonlinear_audit,full,evaluation,default,frozen_head,,,"{""center"":""original""}","{""ridge"":1.0}",20,horizon,100,posthoc_Lambda_algorithmic,20,151.41618786090078,1.2329322811164025,0.2756920392230156,150.83915779119812,151.99321793060344,0.5770300697026506
nonlinear_audit,full,evaluation,default,frozen_head,,,"{""center"":""original""}","{""ridge"":1.0}",20,horizon,100,posthoc_Lambda_cg_observable_bound,20,153.94375253897798,1.2542036018924567,0.2804484511456617,153.35676718470856,154.5307378932474,0.5869853542694233
nonlinear_audit,full,evaluation,default,frozen_head,,,"{""center"":""original""}","{""ridge"":1.0}",20,horizon,100,posthoc_V_variation_charge,20,9.219291996487329e-14,3.2437785408752405e-14,7.253309321352118e-15,7.70115690812193e-14,1.0737427084852728e-13,1.518135088365399e-14
nonlinear_audit,full,evaluation,default,frozen_head,,,"{""center"":""original""}","{""ridge"":1.0}",20,horizon,100,posthoc_actionwise_required_transfer,20,1.0,0.0,0.0,1.0,1.0,0.0
nonlinear_audit,full,evaluation,default,frozen_head,,,"{""center"":""original""}","{""ridge"":1.0}",20,horizon,100,posthoc_beta_exact_teacher_diagnostic,20,13.884089719100832,0.04923209696068437,0.011008631547895104,13.861048388464969,13.907131049736694,0.023041330635862625
nonlinear_audit,full,evaluation,default,frozen_head,,,"{""center"":""original""}","{""ridge"":1.0}",20,horizon,100,posthoc_centering_ratio,20,6.1167403220302495e-15,3.5479094078625674e-15,7.933366613991727e-16,4.456267606477801e-15,7.777213037582698e-15,1.660472715552448e-15
nonlinear_audit,full,evaluation,default,frozen_head,,,"{""center"":""original""}","{""ridge"":1.0}",20,horizon,100,posthoc_cg_max_energy_error,20,3.6671229004250144e-13,4.3802728128798114e-13,9.794587769593474e-14,1.6170921199477579e-13,5.717153680902271e-13,2.0500307804772565e-13
nonlinear_audit,full,evaluation,default,frozen_head,,,"{""center"":""original""}","{""ridge"":1.0}",20,horizon,100,posthoc_chi_frobenius_primitive,20,0.0,0.0,0.0,0.0,0.0,0.0
nonlinear_audit,full,evaluation,default,frozen_head,,,"{""center"":""original""}","{""ridge"":1.0}",20,horizon,100,posthoc_chi_operator_norm,20,0.0,0.0,0.0,0.0,0.0,0.0
nonlinear_audit,full,evaluation,default,frozen_head,,,"{""center"":""original""}","{""ridge"":1.0}",20,horizon,100,posthoc_coarse_psi,20,6.4025730631837e-13,1.3017554033776603e-13,2.9108135720301076e-14,5.793332780767981e-13,7.011813345599419e-13,6.092402824157188e-14
nonlinear_audit,full,evaluation,default,frozen_head,,,"{""center"":""original""}","{""ridge"":1.0}",20,horizon,100,posthoc_condition_number_C,20,72.35784404929791,31.245931579259313,6.986802703153118,57.73429792819344,86.98139017040238,14.62354612110447
nonlinear_audit,full,evaluation,default,frozen_head,,,"{""center"":""original""}","{""ridge"":1.0}",20,horizon,100,posthoc_condition_number_Cbar,20,72.35784404929791,31.245931579259313,6.986802703153118,57.73429792819344,86.98139017040238,14.62354612110447
nonlinear_audit,full,evaluation,default,frozen_head,,,"{""center"":""original""}","{""ridge"":1.0}",20,horizon,100,posthoc_corrected_center_identity_error,20,3.712308238590367e-17,1.4594267612290143e-17,3.2633774462904304e-18,3.029275489220424e-17,4.39534098796031e-17,6.83032749369943e-18
nonlinear_audit,full,evaluation,default,frozen_head,,,"{""center"":""original""}","{""ridge"":1.0}",20,horizon,100,posthoc_corrected_optimism_violation_count,20,0.0,0.0,0.0,0.0,0.0,0.0
nonlinear_audit,full,evaluation,default,frozen_head,,,"{""center"":""original""}","{""ridge"":1.0}",20,horizon,100,posthoc_dynamic_identity_residual,20,-4.121147867408581e-14,3.6274690971869865e-14,8.111267487589893e-15,-5.818855663735151e-14,-2.4234400710820115e-14,1.6977077963265695e-14
nonlinear_audit,full,evaluation,default,frozen_head,,,"{""center"":""original""}","{""ridge"":1.0}",20,horizon,100,posthoc_dynamic_identity_rhs,20,151.41618786090083,1.2329322811164043,0.275692039223016,150.83915779119818,151.9932179306035,0.5770300697026515
nonlinear_audit,full,evaluation,default,frozen_head,,,"{""center"":""original""}","{""ridge"":1.0}",20,horizon,100,posthoc_endpoint_logdet,20,151.4161878609008,1.2329322811164067,0.27569203922301655,150.83915779119815,151.99321793060346,0.5770300697026526
nonlinear_audit,full,evaluation,default,frozen_head,,,"{""center"":""original""}","{""ridge"":1.0}",20,horizon,100,posthoc_epsilon_lin,20,9.228728892196614e-17,3.771136720975654e-17,8.432518060547218e-18,7.463782578200832e-17,1.0993675206192397e-16,1.7649463139957828e-17
nonlinear_audit,full,evaluation,default,frozen_head,,,"{""center"":""original""}","{""ridge"":1.0}",20,horizon,100,posthoc_exact_diagnostic_S_sum,20,15679.136446786859,102.18699689745331,22.84970714792657,15631.311460090063,15726.961433483655,47.82498669679578
nonlinear_audit,full,evaluation,default,frozen_head,,,"{""center"":""original""}","{""ridge"":1.0}",20,horizon,100,posthoc_gamma_frozen_prior,20,151.22556129436776,1.228225979809637,0.2746396782585633,150.65073384147763,151.8003887472579,0.5748274528901316
nonlinear_audit,full,evaluation,default,frozen_head,,,"{""center"":""original""}","{""ridge"":1.0}",20,horizon,100,posthoc_generalized_eigen_residual,20,3.921435417336186e-13,1.975994856165877e-13,4.41845882157682e-14,2.996641357638899e-13,4.846229477033474e-13,9.247940596972874e-14
nonlinear_audit,full,evaluation,default,frozen_head,,,"{""center"":""original""}","{""ridge"":1.0}",20,horizon,100,posthoc_generalized_eigenvalue_C_over_Cbar,20,1.0000000000000016,5.510060353776176e-16,1.232086951117007e-16,1.0000000000000013,1.0000000000000018,2.57878762581049e-16
nonlinear_audit,full,evaluation,default,frozen_head,,,"{""center"":""original""}","{""ridge"":1.0}",20,horizon,100,posthoc_gradient_bound_seen,20,1.582825016157509,0.0,0.0,1.582825016157509,1.582825016157509,0.0
nonlinear_audit,full,evaluation,default,frozen_head,,,"{""center"":""original""}","{""ridge"":1.0}",20,horizon,100,posthoc_mismatch_gradient_identity_residual,20,4.201669698985064e-13,1.0311939887416374e-13,2.305819856815454e-14,3.719056056440357e-13,4.68428334152977e-13,4.8261364254470676e-14
nonlinear_audit,full,evaluation,default,frozen_head,,,"{""center"":""original""}","{""ridge"":1.0}",20,horizon,100,posthoc_mismatch_norm,20,1.8334527822619338e-13,5.321617642440844e-14,1.1899498798759897e-14,1.5843934100498615e-13,2.0825121544740062e-13,2.490593722120724e-14
nonlinear_audit,full,evaluation,default,frozen_head,,,"{""center"":""original""}","{""ridge"":1.0}",20,horizon,100,posthoc_optimizer_residual_zeta,20,4.569120280921768e-13,1.0741593865700239e-13,2.401893407040048e-14,4.066398213215813e-13,5.071842348627723e-13,5.027220677059547e-14
nonlinear_audit,full,evaluation,default,frozen_head,,,"{""center"":""original""}","{""ridge"":1.0}",20,horizon,100,posthoc_original_optimism_violation_count,20,0.0,0.0,0.0,0.0,0.0,0.0
nonlinear_audit,full,evaluation,default,frozen_head,,,"{""center"":""original""}","{""ridge"":1.0}",20,horizon,100,posthoc_policy_S_sum,20,658.2362613592351,0.0,0.0,658.2362613592351,658.2362613592351,0.0
nonlinear_audit,full,evaluation,default,frozen_head,,,"{""center"":""original""}","{""ridge"":1.0}",20,horizon,100,posthoc_primitive_psi,20,4.617525167988618e-13,1.0778503697442125e-13,2.4101466963213416e-14,4.11307566698329e-13,5.121974668993948e-13,5.044495010053285e-14
nonlinear_audit,full,evaluation,default,frozen_head,,,"{""center"":""original""}","{""ridge"":1.0}",20,horizon,100,posthoc_regret_minus_policy_theorem_rhs,20,-990.2624325754032,2.7888066545778942,0.6235961255739946,-991.5676342664653,-988.957230884341,1.3052016910621949
nonlinear_audit,full,evaluation,default,frozen_head,,,"{""center"":""original""}","{""ridge"":1.0}",20,horizon,100,posthoc_theorem_rhs_using_exact_diagnostics,20,4887.354244378691,33.86461356701364,7.5723577967604125,4871.505117361485,4903.203371395897,15.849127017205847
nonlinear_audit,full,evaluation,default,frozen_head,,,"{""center"":""original""}","{""ridge"":1.0}",20,horizon,100,posthoc_theorem_rhs_using_policy_schedule,20,1001.386070624639,4.080304043547283,0.9123837210238986,999.4764295496855,1003.2957116995926,1.9096410749535797
nonlinear_audit,full,evaluation,default,frozen_head,,,"{""center"":""original""}","{""ridge"":1.0}",20,horizon,100,posthoc_theta_hat_lin_norm,20,1.4486279573702845,0.10013010488847186,0.022389772112480708,1.401765625766142,1.495490288974427,0.04686233160414245
nonlinear_audit,full,evaluation,default,frozen_head,,,"{""center"":""original""}","{""ridge"":1.0}",20,horizon,100,posthoc_theta_hat_normal_equation_residual,20,2.6602946200133027e-13,8.623048854371203e-14,1.9281723411675693e-14,2.256723510902452e-13,3.0638657291241536e-13,4.0357110911085065e-14
nonlinear_audit,full,evaluation,default,frozen_head,,,"{""center"":""original""}","{""ridge"":1.0}",20,horizon,100,posthoc_transfer_factor_one_plus_chi_squared,20,1.0,0.0,0.0,1.0,1.0,0.0
nonlinear_audit,full,evaluation,default,frozen_head,,,"{""center"":""original""}","{""ridge"":1.0}",20,horizon,100,posthoc_whitened_curvature_difference_operator_norm,20,0.0,0.0,0.0,0.0,0.0,0.0
nonlinear_audit,full,evaluation,default,frozen_head,,,"{""center"":""original""}","{""ridge"":1.0}",20,horizon,100,psi_t,20,4.617525167988618e-13,1.0778503697442125e-13,2.4101466963213416e-14,4.11307566698329e-13,5.121974668993948e-13,5.044495010053285e-14
nonlinear_audit,full,evaluation,default,frozen_head,,,"{""center"":""original""}","{""ridge"":1.0}",20,horizon,100,realized_noise,20,0.0434185099502319,0.09820006328812295,0.02195820169070244,-0.0025405343799575,0.0893775542804213,0.0459590443301894
nonlinear_audit,full,evaluation,default,frozen_head,,,"{""center"":""original""}","{""ridge"":1.0}",20,horizon,100,round_number,20,100.0,0.0,0.0,100.0,100.0,0.0
nonlinear_audit,full,evaluation,default,frozen_head,,,"{""center"":""original""}","{""ridge"":1.0}",20,horizon,100,round_runtime_seconds,20,0.028416085449862294,0.0010002320748181324,0.00022365869125689995,0.027947962429084122,0.028884208470640466,0.0004681230207781729
nonlinear_audit,full,evaluation,default,frozen_head,,,"{""center"":""original""}","{""ridge"":1.0}",20,horizon,100,runtime_seconds,20,1.4885895644983975,0.03898174435803787,0.008716583026609158,1.4703455465514574,1.5068335824453376,0.018244017946940146
nonlinear_audit,full,evaluation,default,frozen_head,,,"{""center"":""original""}","{""ridge"":1.0}",20,horizon,100,selected_action,20,1.6,1.1424811411549587,0.255466549463402,1.0653023668764097,2.1346976331235905,0.5346976331235904
nonlinear_audit,full,evaluation,default,frozen_head,,,"{""center"":""original""}","{""ridge"":1.0}",20,horizon,100,theorem_rhs,20,1001.386070624639,4.080304043547283,0.9123837210238986,999.4764295496855,1003.2957116995926,1.9096410749535797
nonlinear_audit,full,evaluation,default,frozen_head,,,"{""center"":""original""}","{""ridge"":1.0}",20,horizon,100,theory_factor,20,6.714892164705846,0.0,0.0,6.714892164705846,6.714892164705846,0.0
nonlinear_audit,full,evaluation,default,frozen_head,,,"{""center"":""original""}","{""ridge"":1.0}",20,horizon,100,training_gradient_norm_after_update,20,4.601943281157597e-13,1.117670122311055e-13,2.4991863699080234e-14,4.0788575622909094e-13,5.125029000024285e-13,5.2308571886668744e-14
nonlinear_audit,full,evaluation,default,frozen_head,,,"{""center"":""original""}","{""ridge"":1.0}",20,horizon,100,training_objective_after_update,20,39.86809125670302,6.092210101375223,1.3622595919885883,37.01684916232245,42.719333351083584,2.8512420943805634
nonlinear_audit,full,evaluation,default,frozen_head,,,"{""center"":""original""}","{""ridge"":1.0}",20,horizon,100,u_t,20,1.0,0.0,0.0,1.0,1.0,0.0
nonlinear_audit,full,evaluation,default,medium,,,"{""center"":""corrected""}","{""ridge"":1.0}",20,summary,,E_T,20,1.3211567395063275,0.1909442693935416,0.04269643662779915,1.231792070606824,1.410521408405831,0.08936466889950359
nonlinear_audit,full,evaluation,default,medium,,,"{""center"":""corrected""}","{""ridge"":1.0}",20,summary,,F_T,20,0.025228470031966117,0.008472737179450355,0.0018945616288740827,0.021263106970173674,0.02919383309375856,0.003965363061792442
nonlinear_audit,full,evaluation,default,medium,,,"{""center"":""corrected""}","{""ridge"":1.0}",20,summary,,Gamma_dynamic_T,20,186.81962880824378,1.9908155923760238,0.4451598995219301,185.8878984304864,187.75135918600117,0.9317303777573854
nonlinear_audit,full,evaluation,default,medium,,,"{""center"":""corrected""}","{""ridge"":1.0}",20,summary,,Lambda_alg_T,20,170.90894188092028,2.054770018798231,0.4594605440161365,169.94727991024297,171.8706038515976,0.9616619706773012
nonlinear_audit,full,evaluation,default,medium,,,"{""center"":""corrected""}","{""ridge"":1.0}",20,summary,,V_alg_T,20,0.2999100616152143,0.3084718646243099,0.06897640584460696,0.15554078499582205,0.4442793382346065,0.14436927661939222
nonlinear_audit,full,evaluation,default,medium,,,"{""center"":""corrected""}","{""ridge"":1.0}",20,summary,,chi_T,20,4.341671578865414,0.7477016497906352,0.16719117158206018,3.9917364350594555,4.691606722671373,0.3499351438059588
nonlinear_audit,full,evaluation,default,medium,,,"{""center"":""corrected""}","{""ridge"":1.0}",20,summary,,cumulative_pseudo_regret,20,15.173542276313981,1.7774338064626232,0.39744628167566304,14.341677648431677,16.005406904196285,0.831864627882303
nonlinear_audit,full,evaluation,default,medium,,,"{""center"":""corrected""}","{""ridge"":1.0}",20,summary,,optimism_violation_rate,20,0.0083,0.006996991834841749,0.0015645749380717132,0.005025307019691514,0.011574692980308486,0.003274692980308486
nonlinear_audit,full,evaluation,default,medium,,,"{""center"":""corrected""}","{""ridge"":1.0}",20,summary,,peak_host_memory_bytes,20,91771699.2,418053.14934141294,93479.52601352707,91576044.303459,91967354.096541,195654.89654099938
nonlinear_audit,full,evaluation,default,medium,,,"{""center"":""corrected""}","{""ridge"":1.0}",20,summary,,policy_optimism_violation_rate,20,0.0083,0.006996991834841749,0.0015645749380717132,0.005025307019691514,0.011574692980308486,0.003274692980308486
nonlinear_audit,full,evaluation,default,medium,,,"{""center"":""corrected""}","{""ridge"":1.0}",20,summary,,psi_T,20,54.51606544682738,12.651168786715226,2.828887340191878,48.595136196594645,60.43699469706012,5.920929250232741
nonlinear_audit,full,evaluation,default,medium,,,"{""center"":""corrected""}","{""ridge"":1.0}",20,summary,,rounds,20,100.0,0.0,0.0,100.0,100.0,0.0
nonlinear_audit,full,evaluation,default,medium,,,"{""center"":""corrected""}","{""ridge"":1.0}",20,summary,,runtime_seconds,20,2.706856708400301,0.04118755902232186,0.009209818180119645,2.6875803374125833,2.7261330793880183,0.01927637098771737
nonlinear_audit,full,evaluation,default,medium,,,"{""center"":""corrected""}","{""ridge"":1.0}",20,summary,,seed,20,119.5,5.916079783099616,1.3228756555322954,116.73118943197974,122.26881056802026,2.768810568020254
nonlinear_audit,full,evaluation,default,medium,,,"{""center"":""corrected""}","{""ridge"":1.0}",20,summary,,theorem_rhs,20,1751.4641769429356,18.11376106689696,4.050360107377071,1742.9866758091796,1759.9416780766917,8.47750113375603
nonlinear_audit,full,evaluation,default,medium,,,"{""center"":""corrected""}","{""ridge"":1.0}",20,summary,,theorem_rhs_policy_schedule,20,1751.4641769429356,18.11376106689696,4.050360107377071,1742.9866758091796,1759.9416780766917,8.47750113375603
nonlinear_audit,full,evaluation,default,medium,,,"{""center"":""corrected""}","{""ridge"":1.0}",20,summary,,u_T,20,29.064560125703185,8.150591960212529,1.8225277679898475,25.249965667473347,32.87915458393302,3.814594458229836
nonlinear_audit,full,evaluation,default,medium,,,"{""center"":""corrected""}","{""ridge"":1.0}",20,horizon,100,E_T,20,1.3211567395063275,0.1909442693935416,0.04269643662779915,1.231792070606824,1.410521408405831,0.08936466889950359
nonlinear_audit,full,evaluation,default,medium,,,"{""center"":""corrected""}","{""ridge"":1.0}",20,horizon,100,F_T,20,0.025228470031966117,0.008472737179450355,0.0018945616288740827,0.021263106970173674,0.02919383309375856,0.003965363061792442
nonlinear_audit,full,evaluation,default,medium,,,"{""center"":""corrected""}","{""ridge"":1.0}",20,horizon,100,Gamma_dynamic_T,20,186.81962880824378,1.9908155923760238,0.4451598995219301,185.8878984304864,187.75135918600117,0.9317303777573854
nonlinear_audit,full,evaluation,default,medium,,,"{""center"":""corrected""}","{""ridge"":1.0}",20,horizon,100,Lambda_alg_T,20,170.90894188092028,2.054770018798231,0.4594605440161365,169.94727991024297,171.8706038515976,0.9616619706773012
nonlinear_audit,full,evaluation,default,medium,,,"{""center"":""corrected""}","{""ridge"":1.0}",20,horizon,100,S_T,20,1316.4725227184701,0.0,0.0,1316.4725227184701,1316.4725227184701,0.0
nonlinear_audit,full,evaluation,default,medium,,,"{""center"":""corrected""}","{""ridge"":1.0}",20,horizon,100,V_alg_T,20,0.2999100616152143,0.3084718646243099,0.06897640584460696,0.15554078499582205,0.4442793382346065,0.14436927661939222
nonlinear_audit,full,evaluation,default,medium,,,"{""center"":""corrected""}","{""ridge"":1.0}",20,horizon,100,backbone_distance_from_initial,20,0.35954812108579043,0.02303484698884731,0.005150748371836892,0.3487674808453314,0.3703287613262495,0.010780640240459048
nonlinear_audit,full,evaluation,default,medium,,,"{""center"":""corrected""}","{""ridge"":1.0}",20,horizon,100,backbone_step_norm,20,0.007972935573451407,0.0009658715721912001,0.0002159754492954119,0.0075208937629144676,0.008424977383988346,0.0004520418105369391
nonlinear_audit,full,evaluation,default,medium,,,"{""center"":""corrected""}","{""ridge"":1.0}",20,horizon,100,chi_t,20,4.341671578865414,0.7477016497906352,0.16719117158206018,3.9917364350594555,4.691606722671373,0.3499351438059588
nonlinear_audit,full,evaluation,default,medium,,,"{""center"":""corrected""}","{""ridge"":1.0}",20,horizon,100,cumulative_backbone_path_length,20,0.5520555158196877,0.01776312463617927,0.003971955417929806,0.5437421175869233,0.5603689140524521,0.008313398232764491
nonlinear_audit,full,evaluation,default,medium,,,"{""center"":""corrected""}","{""ridge"":1.0}",20,horizon,100,cumulative_parameter_path_length,20,1.9996507264293935,0.0015619988932463252,0.000349273570607822,1.9989196884445422,2.0003817644142448,0.0007310379848512503
nonlinear_audit,full,evaluation,default,medium,,,"{""center"":""corrected""}","{""ridge"":1.0}",20,horizon,100,cumulative_pseudo_regret,20,15.173542276313981,1.7774338064626232,0.39744628167566304,14.341677648431677,16.005406904196285,0.831864627882303
nonlinear_audit,full,evaluation,default,medium,,,"{""center"":""corrected""}","{""ridge"":1.0}",20,horizon,100,diagnostic_S_T,20,528443.7424958746,87263.84431933273,19512.78878759868,487603.0061948419,569284.4787969075,40840.73630103278
nonlinear_audit,full,evaluation,default,medium,,,"{""center"":""corrected""}","{""ridge"":1.0}",20,horizon,100,diagnostic_theorem_rhs,20,34920.86586423377,2860.863943034881,639.7086251004079,33581.94032408615,36259.79140438139,1338.9255401476205
nonlinear_audit,full,evaluation,default,medium,,,"{""center"":""corrected""}","{""ridge"":1.0}",20,horizon,100,diagnostic_u_t,20,29.064560125703185,8.150591960212529,1.8225277679898475,25.249965667473347,32.87915458393302,3.814594458229836
nonlinear_audit,full,evaluation,default,medium,,,"{""center"":""corrected""}","{""ridge"":1.0}",20,horizon,100,instantaneous_pseudo_regret,20,0.03349828838840373,0.062464837250423365,0.01396756222954077,0.0042638446605299495,0.0627327321162775,0.029234443727873777
nonlinear_audit,full,evaluation,default,medium,,,"{""center"":""corrected""}","{""ridge"":1.0}",20,horizon,100,max_chi_t,20,5.385884517682062,0.6373800226075527,0.14252250580508405,5.0875814847374725,5.684187550626651,0.2983030329445887
nonlinear_audit,full,evaluation,default,medium,,,"{""center"":""corrected""}","{""ridge"":1.0}",20,horizon,100,max_diagnostic_u_t,20,41.165461701729704,8.120156690651271,1.8157222348245972,37.36511138811781,44.9658120153416,3.8003503136118937
nonlinear_audit,full,evaluation,default,medium,,,"{""center"":""corrected""}","{""ridge"":1.0}",20,horizon,100,max_psi_t,20,221.80136020823443,25.278359639362403,5.65241305133014,209.97072372634898,233.63199669011988,11.83063648188545
nonlinear_audit,full,evaluation,default,medium,,,"{""center"":""corrected""}","{""ridge"":1.0}",20,horizon,100,max_theory_factor,20,13.429784329411692,0.0,0.0,13.429784329411692,13.429784329411692,0.0
nonlinear_audit,full,evaluation,default,medium,,,"{""center"":""corrected""}","{""ridge"":1.0}",20,horizon,100,max_u_t,20,2.0,0.0,0.0,2.0,2.0,0.0
nonlinear_audit,full,evaluation,default,medium,,,"{""center"":""corrected""}","{""ridge"":1.0}",20,horizon,100,mean_cg_iterations,20,40.665800000000004,0.9283104970576218,0.2075765375647461,40.2313373137462,41.10026268625381,0.43446268625380347
nonlinear_audit,full,evaluation,default,medium,,,"{""center"":""corrected""}","{""ridge"":1.0}",20,horizon,100,mean_chi_t,20,3.4980259076974014,0.35194577465086113,0.07869746765131477,3.3333102148821796,3.662741600512623,0.16471569281522158
nonlinear_audit,full,evaluation,default,medium,,,"{""center"":""corrected""}","{""ridge"":1.0}",20,horizon,100,mean_diagnostic_u_t,20,22.72642901374975,3.7963526115885484,0.848890250607085,20.949681299676424,24.503176727823078,1.7767477140733263
nonlinear_audit,full,evaluation,default,medium,,,"{""center"":""corrected""}","{""ridge"":1.0}",20,horizon,100,mean_psi_t,20,122.82875446474141,12.879788480416257,2.880008257802947,116.80082790426528,128.85668102521754,6.027926560476134
nonlinear_audit,full,evaluation,default,medium,,,"{""center"":""corrected""}","{""ridge"":1.0}",20,horizon,100,mean_round_runtime_seconds,20,0.027065981720777926,0.0004117089370913704,9.206091702804887e-05,0.02687329600696733,0.02725866743458852,0.00019268571381059375
nonlinear_audit,full,evaluation,default,medium,,,"{""center"":""corrected""}","{""ridge"":1.0}",20,horizon,100,mean_theory_factor,20,13.164725227184707,0.0,0.0,13.164725227184707,13.164725227184707,0.0
nonlinear_audit,full,evaluation,default,medium,,,"{""center"":""corrected""}","{""ridge"":1.0}",20,horizon,100,mean_u_t,20,2.0,0.0,0.0,2.0,2.0,0.0
nonlinear_audit,full,evaluation,default,medium,,,"{""center"":""corrected""}","{""ridge"":1.0}",20,horizon,100,observed_reward,20,0.4559593160441186,0.18395612010711068,0.04113383894366154,0.36986520168487774,0.5420534304033595,0.08609411435924086
nonlinear_audit,full,evaluation,default,medium,,,"{""center"":""corrected""}","{""ridge"":1.0}",20,horizon,100,optimal_action,20,1.55,1.234376040972246,0.27601487374110073,0.9722942298854039,2.1277057701145963,0.5777057701145961
nonlinear_audit,full,evaluation,default,medium,,,"{""center"":""corrected""}","{""ridge"":1.0}",20,horizon,100,optimism_violation_rate,20,0.0083,0.006996991834841749,0.0015645749380717132,0.005025307019691514,0.011574692980308486,0.003274692980308486
nonlinear_audit,full,evaluation,default,medium,,,"{""center"":""corrected""}","{""ridge"":1.0}",20,horizon,100,parameter_distance_from_initial,20,1.286263618625274,0.05128085562483071,0.011466747912147392,1.2622634394193133,1.3102637978312348,0.02400017920596074
nonlinear_audit,full,evaluation,default,medium,,,"{""center"":""corrected""}","{""ridge"":1.0}",20,horizon,100,parameter_step_norm,20,0.02,1.3266292596657255e-17,2.966433205552782e-18,0.019999999999999993,0.020000000000000007,6.2088160550175195e-18
nonlinear_audit,full,evaluation,default,medium,,,"{""center"":""corrected""}","{""ridge"":1.0}",20,horizon,100,peak_host_memory_bytes,20,91771699.2,418053.14934141294,93479.52601352707,91576044.303459,91967354.096541,195654.89654099938
nonlinear_audit,full,evaluation,default,medium,,,"{""center"":""corrected""}","{""ridge"":1.0}",20,horizon,100,policy_beta,20,2.464828315564808,0.0,0.0,2.464828315564808,2.464828315564808,0.0
nonlinear_audit,full,evaluation,default,medium,,,"{""center"":""corrected""}","{""ridge"":1.0}",20,horizon,100,policy_centering,20,0.0,0.0,0.0,0.0,0.0,0.0
nonlinear_audit,full,evaluation,default,medium,,,"{""center"":""corrected""}","{""ridge"":1.0}",20,horizon,100,policy_cg_energy_tolerance,20,0.05,0.0,0.0,0.05,0.05,0.0
nonlinear_audit,full,evaluation,default,medium,,,"{""center"":""corrected""}","{""ridge"":1.0}",20,horizon,100,policy_condition_number_bound,20,100000000.0,0.0,0.0,100000000.0,100000000.0,0.0
nonlinear_audit,full,evaluation,default,medium,,,"{""center"":""corrected""}","{""ridge"":1.0}",20,horizon,100,policy_corrected_optimism_violation_count,20,0.05,0.22360679774997896,0.049999999999999996,-0.05465120272041543,0.15465120272041544,0.10465120272041543
nonlinear_audit,full,evaluation,default,medium,,,"{""center"":""corrected""}","{""ridge"":1.0}",20,horizon,100,policy_omega,20,2.464828315564808,0.0,0.0,2.464828315564808,2.464828315564808,0.0
nonlinear_audit,full,evaluation,default,medium,,,"{""center"":""corrected""}","{""ridge"":1.0}",20,horizon,100,policy_optimism_violation_count,20,0.05,0.22360679774997896,0.049999999999999996,-0.05465120272041543,0.15465120272041544,0.10465120272041543
nonlinear_audit,full,evaluation,default,medium,,,"{""center"":""corrected""}","{""ridge"":1.0}",20,horizon,100,policy_original_optimism_violation_count,20,0.0,0.0,0.0,0.0,0.0,0.0
nonlinear_audit,full,evaluation,default,medium,,,"{""center"":""corrected""}","{""ridge"":1.0}",20,horizon,100,policy_transfer_factor,20,2.0,0.0,0.0,2.0,2.0,0.0
nonlinear_audit,full,evaluation,default,medium,,,"{""center"":""corrected""}","{""ridge"":1.0}",20,horizon,100,posthoc_E_including_round,20,1.3211567395063275,0.1909442693935416,0.04269643662779915,1.231792070606824,1.410521408405831,0.08936466889950359
nonlinear_audit,full,evaluation,default,medium,,,"{""center"":""corrected""}","{""ridge"":1.0}",20,horizon,100,posthoc_E_prior,20,1.302650626505304,0.1899228614425092,0.04246804286667243,1.2137639912417153,1.3915372617688926,0.08888663526358859
nonlinear_audit,full,evaluation,default,medium,,,"{""center"":""corrected""}","{""ridge"":1.0}",20,horizon,100,posthoc_F_including_round,20,0.025228470031966117,0.008472737179450355,0.0018945616288740827,0.021263106970173674,0.02919383309375856,0.003965363061792442
nonlinear_audit,full,evaluation,default,medium,,,"{""center"":""corrected""}","{""ridge"":1.0}",20,horizon,100,posthoc_F_prior,20,0.024800375413467364,0.008444318695367888,0.0018882070626514934,0.020848312611634133,0.028752438215300595,0.003952062801833232
nonlinear_audit,full,evaluation,default,medium,,,"{""center"":""corrected""}","{""ridge"":1.0}",20,horizon,100,posthoc_Gamma_dynamic,20,186.81962880824378,1.9908155923760238,0.4451598995219301,185.8878984304864,187.75135918600117,0.9317303777573854
nonlinear_audit,full,evaluation,default,medium,,,"{""center"":""corrected""}","{""ridge"":1.0}",20,horizon,100,posthoc_Lambda_algorithmic,20,170.90894188092028,2.054770018798231,0.4594605440161365,169.94727991024297,171.8706038515976,0.9616619706773012
nonlinear_audit,full,evaluation,default,medium,,,"{""center"":""corrected""}","{""ridge"":1.0}",20,horizon,100,posthoc_Lambda_cg_observable_bound,20,173.87700034470373,2.09884563538195,0.4693161514992778,172.8947103504934,174.85929033891406,0.9822899942103225
nonlinear_audit,full,evaluation,default,medium,,,"{""center"":""corrected""}","{""ridge"":1.0}",20,horizon,100,posthoc_V_variation_charge,20,0.2999100616152143,0.3084718646243099,0.06897640584460696,0.15554078499582205,0.4442793382346065,0.14436927661939222
nonlinear_audit,full,evaluation,default,medium,,,"{""center"":""corrected""}","{""ridge"":1.0}",20,horizon,100,posthoc_actionwise_required_transfer,20,4.89252898239828,2.5604480008687207,0.57253357827959,3.694202431102635,6.090855533693924,1.1983265512956442
nonlinear_audit,full,evaluation,default,medium,,,"{""center"":""corrected""}","{""ridge"":1.0}",20,horizon,100,posthoc_beta_exact_teacher_diagnostic,20,17.07728366067727,0.26913692482970847,0.06018084591744791,16.951323702557413,17.203243618797128,0.12595995811985855
nonlinear_audit,full,evaluation,default,medium,,,"{""center"":""corrected""}","{""ridge"":1.0}",20,horizon,100,posthoc_centering_ratio,20,1.0952691198506836,0.2990243214835611,0.06686387097629934,0.9553214295264356,1.2352168101749317,0.1399476903242481
nonlinear_audit,full,evaluation,default,medium,,,"{""center"":""corrected""}","{""ridge"":1.0}",20,horizon,100,posthoc_cg_max_energy_error,20,5.3718878234620535e-05,2.163729315438451e-05,4.838245834229461e-06,4.359231332243748e-05,6.384544314680359e-05,1.0126564912183056e-05
nonlinear_audit,full,evaluation,default,medium,,,"{""center"":""corrected""}","{""ridge"":1.0}",20,horizon,100,posthoc_chi_frobenius_primitive,20,9.466594026724696,0.9598334257757338,0.21462527871110396,9.017378155698268,9.915809897751124,0.44921587102642807
nonlinear_audit,full,evaluation,default,medium,,,"{""center"":""corrected""}","{""ridge"":1.0}",20,horizon,100,posthoc_chi_operator_norm,20,4.341671578865414,0.7477016497906352,0.16719117158206018,3.9917364350594555,4.691606722671373,0.3499351438059588
nonlinear_audit,full,evaluation,default,medium,,,"{""center"":""corrected""}","{""ridge"":1.0}",20,horizon,100,posthoc_coarse_psi,20,101.55042272680107,18.038769360826876,4.0335914521249325,93.10801879184785,109.9928266617543,8.442403934953225
nonlinear_audit,full,evaluation,default,medium,,,"{""center"":""corrected""}","{""ridge"":1.0}",20,horizon,100,posthoc_condition_number_C,20,4284.207622859866,646.4094274416274,144.54154210561967,3981.678698371533,4586.7365473482,302.52892448833336
nonlinear_audit,full,evaluation,default,medium,,,"{""center"":""corrected""}","{""ridge"":1.0}",20,horizon,100,posthoc_condition_number_Cbar,20,2987.788065138112,674.6683661570589,150.86043289959022,2672.033550220819,3303.542580055405,315.7545149172929
nonlinear_audit,full,evaluation,default,medium,,,"{""center"":""corrected""}","{""ridge"":1.0}",20,horizon,100,posthoc_corrected_center_identity_error,20,7.892991815694472e-17,4.031722383506778e-17,9.015205315928632e-18,6.006087657527644e-17,9.779895973861301e-17,1.8869041581668284e-17
nonlinear_audit,full,evaluation,default,medium,,,"{""center"":""corrected""}","{""ridge"":1.0}",20,horizon,100,posthoc_corrected_optimism_violation_count,20,0.0,0.0,0.0,0.0,0.0,0.0
nonlinear_audit,full,evaluation,default,medium,,,"{""center"":""corrected""}","{""ridge"":1.0}",20,horizon,100,posthoc_dynamic_identity_residual,20,-1.6768808563938365e-13,1.495146283109683e-13,3.3432487253393965e-14,-2.376630856594364e-13,-9.771308561933091e-14,6.997500002005274e-14
nonlinear_audit,full,evaluation,default,medium,,,"{""center"":""corrected""}","{""ridge"":1.0}",20,horizon,100,posthoc_dynamic_identity_rhs,20,170.90894188092042,2.054770018798258,0.45946054401614256,169.9472799102431,171.87060385159774,0.9616619706773138
nonlinear_audit,full,evaluation,default,medium,,,"{""center"":""corrected""}","{""ridge"":1.0}",20,horizon,100,posthoc_endpoint_logdet,20,186.51971874662857,1.9958592194663203,0.4462876888246363,185.5856278787323,187.45380961452483,0.934090867896254
nonlinear_audit,full,evaluation,default,medium,,,"{""center"":""corrected""}","{""ridge"":1.0}",20,horizon,100,posthoc_epsilon_lin,20,0.018506113001023516,0.009493399374085928,0.002122788633801009,0.014063065328053452,0.02294916067399358,0.004443047672970063
nonlinear_audit,full,evaluation,default,medium,,,"{""center"":""corrected""}","{""ridge"":1.0}",20,horizon,100,posthoc_exact_diagnostic_S_sum,20,528443.7424958746,87263.84431933273,19512.78878759868,487603.0061948419,569284.4787969075,40840.73630103278
nonlinear_audit,full,evaluation,default,medium,,,"{""center"":""corrected""}","{""ridge"":1.0}",20,horizon,100,posthoc_gamma_frozen_prior,20,194.79765930105725,2.606591942153015,0.582851677225734,193.57773672047156,196.01758188164294,1.2199225805856888
nonlinear_audit,full,evaluation,default,medium,,,"{""center"":""corrected""}","{""ridge"":1.0}",20,horizon,100,posthoc_generalized_eigen_residual,20,1.0969183128453224e-12,3.263447240286296e-13,7.297289870264247e-14,9.44184280540791e-13,1.249652345149854e-12,1.5273403230453156e-13
nonlinear_audit,full,evaluation,default,medium,,,"{""center"":""corrected""}","{""ridge"":1.0}",20,horizon,100,posthoc_generalized_eigenvalue_C_over_Cbar,20,20.377907112713807,6.907088075419239,1.5444718463215612,17.145290387006366,23.610523838421248,3.2326167257074405
nonlinear_audit,full,evaluation,default,medium,,,"{""center"":""corrected""}","{""ridge"":1.0}",20,horizon,100,posthoc_gradient_bound_seen,20,1.840754184526272,0.01600206296404962,0.003578170056784672,1.833264988526658,1.848243380525886,0.007489195999613862
nonlinear_audit,full,evaluation,default,medium,,,"{""center"":""corrected""}","{""ridge"":1.0}",20,horizon,100,posthoc_mismatch_gradient_identity_residual,20,5.686582064708998e-13,1.352892043975359e-13,3.025158576547537e-14,5.053409097797639e-13,6.319755031620357e-13,6.331729669113594e-14
nonlinear_audit,full,evaluation,default,medium,,,"{""center"":""corrected""}","{""ridge"":1.0}",20,horizon,100,posthoc_mismatch_norm,20,52.37693014148982,11.225940593258166,2.5101966277899574,47.12302821823082,57.63083206474882,5.253901923259001
nonlinear_audit,full,evaluation,default,medium,,,"{""center"":""corrected""}","{""ridge"":1.0}",20,horizon,100,posthoc_optimizer_residual_zeta,20,49.17349258531125,12.284459730404842,2.7468887024043966,43.42418845639642,54.92279671422608,5.749304128914829
nonlinear_audit,full,evaluation,default,medium,,,"{""center"":""corrected""}","{""ridge"":1.0}",20,horizon,100,posthoc_original_optimism_violation_count,20,0.0,0.0,0.0,0.0,0.0,0.0
nonlinear_audit,full,evaluation,default,medium,,,"{""center"":""corrected""}","{""ridge"":1.0}",20,horizon,100,posthoc_policy_S_sum,20,1316.4725227184701,0.0,0.0,1316.4725227184701,1316.4725227184701,0.0
nonlinear_audit,full,evaluation,default,medium,,,"{""center"":""corrected""}","{""ridge"":1.0}",20,horizon,100,posthoc_primitive_psi,20,54.51606544682738,12.651168786715226,2.828887340191878,48.595136196594645,60.43699469706012,5.920929250232741
nonlinear_audit,full,evaluation,default,medium,,,"{""center"":""corrected""}","{""ridge"":1.0}",20,horizon,100,posthoc_regret_minus_policy_theorem_rhs,20,-1736.2906346666216,18.034116061217183,4.0325509427002375,-1744.73086079032,-1727.850408542923,8.4402261236985
nonlinear_audit,full,evaluation,default,medium,,,"{""center"":""corrected""}","{""ridge"":1.0}",20,horizon,100,posthoc_theorem_rhs_using_exact_diagnostics,20,34920.86586423377,2860.863943034881,639.7086251004079,33581.94032408615,36259.79140438139,1338.9255401476205
nonlinear_audit,full,evaluation,default,medium,,,"{""center"":""corrected""}","{""ridge"":1.0}",20,horizon,100,posthoc_theorem_rhs_using_policy_schedule,20,1751.4641769429356,18.11376106689696,4.050360107377071,1742.9866758091796,1759.9416780766917,8.47750113375603
nonlinear_audit,full,evaluation,default,medium,,,"{""center"":""corrected""}","{""ridge"":1.0}",20,horizon,100,posthoc_theta_hat_lin_norm,20,2.296977378355007,0.172893978222065,0.038660268820490555,2.2160605057638287,2.377894250946185,0.08091687259117826
nonlinear_audit,full,evaluation,default,medium,,,"{""center"":""corrected""}","{""ridge"":1.0}",20,horizon,100,posthoc_theta_hat_normal_equation_residual,20,5.030404040554323e-13,1.198526370998126e-13,2.6799864383779422e-14,4.469476432453014e-13,5.59133164865563e-13,5.6092760810130835e-14
nonlinear_audit,full,evaluation,default,medium,,,"{""center"":""corrected""}","{""ridge"":1.0}",20,horizon,100,posthoc_transfer_factor_one_plus_chi_squared,20,29.064560125703185,8.150591960212529,1.8225277679898475,25.249965667473347,32.87915458393302,3.814594458229836
nonlinear_audit,full,evaluation,default,medium,,,"{""center"":""corrected""}","{""ridge"":1.0}",20,horizon,100,posthoc_whitened_curvature_difference_operator_norm,20,19.37790711271383,6.907088075418789,1.5444718463214606,16.1452903870066,22.610523838421063,3.23261672570723
nonlinear_audit,full,evaluation,default,medium,,,"{""center"":""corrected""}","{""ridge"":1.0}",20,horizon,100,psi_t,20,54.51606544682738,12.651168786715226,2.828887340191878,48.595136196594645,60.43699469706012,5.920929250232741
nonlinear_audit,full,evaluation,default,medium,,,"{""center"":""corrected""}","{""ridge"":1.0}",20,horizon,100,realized_noise,20,0.0434185099502319,0.09820006328812295,0.02195820169070244,-0.0025405343799575,0.0893775542804213,0.0459590443301894
nonlinear_audit,full,evaluation,default,medium,,,"{""center"":""corrected""}","{""ridge"":1.0}",20,horizon,100,round_number,20,100.0,0.0,0.0,100.0,100.0,0.0
nonlinear_audit,full,evaluation,default,medium,,,"{""center"":""corrected""}","{""ridge"":1.0}",20,horizon,100,round_runtime_seconds,20,0.05119756660715211,0.0015895838596625064,0.000355441756614185,0.05045361846061748,0.051941514753686746,0.0007439481465346328
nonlinear_audit,full,evaluation,default,medium,,,"{""center"":""corrected""}","{""ridge"":1.0}",20,horizon,100,runtime_seconds,20,2.706856708400301,0.04118755902232186,0.009209818180119645,2.6875803374125833,2.7261330793880183,0.01927637098771737
nonlinear_audit,full,evaluation,default,medium,,,"{""center"":""corrected""}","{""ridge"":1.0}",20,horizon,100,selected_action,20,1.65,1.4964871146156007,0.3346246915733002,0.9496224713381213,2.3503775286618787,0.7003775286618786
nonlinear_audit,full,evaluation,default,medium,,,"{""center"":""corrected""}","{""ridge"":1.0}",20,horizon,100,theorem_rhs,20,1751.4641769429356,18.11376106689696,4.050360107377071,1742.9866758091796,1759.9416780766917,8.47750113375603
nonlinear_audit,full,evaluation,default,medium,,,"{""center"":""corrected""}","{""ridge"":1.0}",20,horizon,100,theory_factor,20,13.429784329411692,0.0,0.0,13.429784329411692,13.429784329411692,0.0
nonlinear_audit,full,evaluation,default,medium,,,"{""center"":""corrected""}","{""ridge"":1.0}",20,horizon,100,training_gradient_norm_after_update,20,49.879558270184575,9.956456166175071,2.22633128025644,45.2197933475262,54.53932319284295,4.659764922658375
nonlinear_audit,full,evaluation,default,medium,,,"{""center"":""corrected""}","{""ridge"":1.0}",20,horizon,100,training_objective_after_update,20,40.52672119237781,6.342768419794245,1.4182861352198854,37.5582141953288,43.495228189426825,2.9685069970490154
nonlinear_audit,full,evaluation,default,medium,,,"{""center"":""corrected""}","{""ridge"":1.0}",20,horizon,100,u_t,20,2.0,0.0,0.0,2.0,2.0,0.0
nonlinear_audit,full,evaluation,default,medium,,,"{""center"":""original""}","{""ridge"":1.0}",20,summary,,E_T,20,1.2984266450798454,0.15410990993030138,0.034460023461052376,1.226300987060388,1.3705523030993028,0.07212565801945728
nonlinear_audit,full,evaluation,default,medium,,,"{""center"":""original""}","{""ridge"":1.0}",20,summary,,F_T,20,0.024248695664749676,0.006765706837191901,0.001512858040379619,0.021082247395330118,0.027415143934169234,0.0031664482694195592
nonlinear_audit,full,evaluation,default,medium,,,"{""center"":""original""}","{""ridge"":1.0}",20,summary,,Gamma_dynamic_T,20,191.04856979846753,1.901814477412881,0.425258645208844,190.15849322470032,191.93864637223473,0.8900765737671992
nonlinear_audit,full,evaluation,default,medium,,,"{""center"":""original""}","{""ridge"":1.0}",20,summary,,Lambda_alg_T,20,173.34115922852604,1.31525720206825,0.2941004511720784,172.72559990981054,173.95671854724154,0.6155593187154964
nonlinear_audit,full,evaluation,default,medium,,,"{""center"":""original""}","{""ridge"":1.0}",20,summary,,V_alg_T,20,0.4450674020908073,0.35767288928162766,0.07997808941424753,0.2776713371211687,0.6124634670604459,0.1673960649696386
nonlinear_audit,full,evaluation,default,medium,,,"{""center"":""original""}","{""ridge"":1.0}",20,summary,,chi_T,20,4.356047176891548,0.8048174520510136,0.17996265322642438,3.9793810147935007,4.732713338989595,0.37666616209804726
nonlinear_audit,full,evaluation,default,medium,,,"{""center"":""original""}","{""ridge"":1.0}",20,summary,,cumulative_pseudo_regret,20,18.339041576094097,1.4145020958256047,0.31629228405819737,17.677034217336544,19.00104893485165,0.6620073587575528
nonlinear_audit,full,evaluation,default,medium,,,"{""center"":""original""}","{""ridge"":1.0}",20,summary,,optimism_violation_rate,20,0.0010999999999999998,0.0015183093090324964,0.00033950428258673973,0.00038940936997131765,0.001810590630028682,0.0007105906300286822
nonlinear_audit,full,evaluation,default,medium,,,"{""center"":""original""}","{""ridge"":1.0}",20,summary,,peak_host_memory_bytes,20,91718451.2,537316.1923949926,120147.55316065588,91466979.48115645,91969922.91884355,251471.71884355377
nonlinear_audit,full,evaluation,default,medium,,,"{""center"":""original""}","{""ridge"":1.0}",20,summary,,policy_optimism_violation_rate,20,0.0010999999999999998,0.0015183093090324964,0.00033950428258673973,0.00038940936997131765,0.001810590630028682,0.0007105906300286822
nonlinear_audit,full,evaluation,default,medium,,,"{""center"":""original""}","{""ridge"":1.0}",20,summary,,psi_T,20,53.18086729499318,11.943281271188148,2.67059887967768,47.591239600151916,58.77049498983444,5.589627694841265
nonlinear_audit,full,evaluation,default,medium,,,"{""center"":""original""}","{""ridge"":1.0}",20,summary,,rounds,20,100.0,0.0,0.0,100.0,100.0,0.0
nonlinear_audit,full,evaluation,default,medium,,,"{""center"":""original""}","{""ridge"":1.0}",20,summary,,runtime_seconds,20,2.7145458146493184,0.05465649078464566,0.012221562880605852,2.688965789557747,2.74012583974089,0.02558002509157175
nonlinear_audit,full,evaluation,default,medium,,,"{""center"":""original""}","{""ridge"":1.0}",20,summary,,seed,20,119.5,5.916079783099616,1.3228756555322954,116.73118943197974,122.26881056802026,2.768810568020254
nonlinear_audit,full,evaluation,default,medium,,,"{""center"":""original""}","{""ridge"":1.0}",20,summary,,theorem_rhs,20,2344.538479219122,24.060823167335197,5.380163619676329,2333.277667346487,2355.7992910917574,11.260811872635033
nonlinear_audit,full,evaluation,default,medium,,,"{""center"":""original""}","{""ridge"":1.0}",20,summary,,theorem_rhs_policy_schedule,20,2344.538479219122,24.060823167335197,5.380163619676329,2333.277667346487,2355.7992910917574,11.260811872635033
nonlinear_audit,full,evaluation,default,medium,,,"{""center"":""original""}","{""ridge"":1.0}",20,summary,,u_T,20,29.30258593565751,9.16564822322867,2.0495012484989474,25.012930523009352,33.59224134830567,4.289655412648158
nonlinear_audit,full,evaluation,default,medium,,,"{""center"":""original""}","{""ridge"":1.0}",20,horizon,100,E_T,20,1.2984266450798454,0.15410990993030138,0.034460023461052376,1.226300987060388,1.3705523030993028,0.07212565801945728
nonlinear_audit,full,evaluation,default,medium,,,"{""center"":""original""}","{""ridge"":1.0}",20,horizon,100,F_T,20,0.024248695664749676,0.006765706837191901,0.001512858040379619,0.021082247395330118,0.027415143934169234,0.0031664482694195592
nonlinear_audit,full,evaluation,default,medium,,,"{""center"":""original""}","{""ridge"":1.0}",20,horizon,100,Gamma_dynamic_T,20,191.04856979846753,1.901814477412881,0.425258645208844,190.15849322470032,191.93864637223473,0.8900765737671992
nonlinear_audit,full,evaluation,default,medium,,,"{""center"":""original""}","{""ridge"":1.0}",20,horizon,100,Lambda_alg_T,20,173.34115922852604,1.31525720206825,0.2941004511720784,172.72559990981054,173.95671854724154,0.6155593187154964
nonlinear_audit,full,evaluation,default,medium,,,"{""center"":""original""}","{""ridge"":1.0}",20,horizon,100,S_T,20,2321.024925867954,0.0,0.0,2321.024925867954,2321.024925867954,0.0
nonlinear_audit,full,evaluation,default,medium,,,"{""center"":""original""}","{""ridge"":1.0}",20,horizon,100,V_alg_T,20,0.4450674020908073,0.35767288928162766,0.07997808941424753,0.2776713371211687,0.6124634670604459,0.1673960649696386
nonlinear_audit,full,evaluation,default,medium,,,"{""center"":""original""}","{""ridge"":1.0}",20,horizon,100,backbone_distance_from_initial,20,0.3621544340031808,0.022979131140773556,0.005138289929465196,0.3513998695822862,0.37290899842407543,0.010754564420894626
nonlinear_audit,full,evaluation,default,medium,,,"{""center"":""original""}","{""ridge"":1.0}",20,horizon,100,backbone_step_norm,20,0.007925147821962903,0.0011694109367492089,0.0002614882348202938,0.007377846656539259,0.008472448987386546,0.0005473011654236432
nonlinear_audit,full,evaluation,default,medium,,,"{""center"":""original""}","{""ridge"":1.0}",20,horizon,100,chi_t,20,4.356047176891548,0.8048174520510136,0.17996265322642438,3.9793810147935007,4.732713338989595,0.37666616209804726
nonlinear_audit,full,evaluation,default,medium,,,"{""center"":""original""}","{""ridge"":1.0}",20,horizon,100,cumulative_backbone_path_length,20,0.5658254805557154,0.022611720350727636,0.005056134379244238,0.5552428696776364,0.5764080914337943,0.010582610878079012
nonlinear_audit,full,evaluation,default,medium,,,"{""center"":""original""}","{""ridge"":1.0}",20,horizon,100,cumulative_parameter_path_length,20,1.9996507264293935,0.0015619988932463252,0.000349273570607822,1.9989196884445422,2.0003817644142448,0.0007310379848512503
nonlinear_audit,full,evaluation,default,medium,,,"{""center"":""original""}","{""ridge"":1.0}",20,horizon,100,cumulative_pseudo_regret,20,18.339041576094097,1.4145020958256047,0.31629228405819737,17.677034217336544,19.00104893485165,0.6620073587575528
nonlinear_audit,full,evaluation,default,medium,,,"{""center"":""original""}","{""ridge"":1.0}",20,horizon,100,diagnostic_S_T,20,47047386.93284492,11422866.452620499,2554230.5885961317,41701320.87040772,52393452.99528212,5346066.062437196
nonlinear_audit,full,evaluation,default,medium,,,"{""center"":""original""}","{""ridge"":1.0}",20,horizon,100,diagnostic_theorem_rhs,20,331342.6493594205,40312.15478531454,9014.071841945675,312475.98016606364,350209.3185527774,18866.66919335691
nonlinear_audit,full,evaluation,default,medium,,,"{""center"":""original""}","{""ridge"":1.0}",20,horizon,100,diagnostic_u_t,20,29.30258593565751,9.16564822322867,2.0495012484989474,25.012930523009352,33.59224134830567,4.289655412648158
nonlinear_audit,full,evaluation,default,medium,,,"{""center"":""original""}","{""ridge"":1.0}",20,horizon,100,instantaneous_pseudo_regret,20,0.022381271414019986,0.05411126711298993,0.012099647161329427,-0.0029435811444957147,0.04770612397253569,0.0253248525585157
nonlinear_audit,full,evaluation,default,medium,,,"{""center"":""original""}","{""ridge"":1.0}",20,horizon,100,max_chi_t,20,5.318014036963496,0.7242560469732142,0.16194857541473878,4.97905177304329,5.656976300883702,0.33896226392020634
nonlinear_audit,full,evaluation,default,medium,,,"{""center"":""original""}","{""ridge"":1.0}",20,horizon,100,max_diagnostic_u_t,20,40.41562085176618,9.370354567018294,2.0952749785128515,36.03015992113893,44.801081782393425,4.38546093062725
nonlinear_audit,full,evaluation,default,medium,,,"{""center"":""original""}","{""ridge"":1.0}",20,horizon,100,max_psi_t,20,225.81762648952977,23.297169583806937,5.209405487273279,214.91421549550017,236.72103748355937,10.90341099402961
nonlinear_audit,full,evaluation,default,medium,,,"{""center"":""original""}","{""ridge"":1.0}",20,horizon,100,max_theory_factor,20,23.562229740251432,0.0,0.0,23.562229740251432,23.562229740251432,0.0
nonlinear_audit,full,evaluation,default,medium,,,"{""center"":""original""}","{""ridge"":1.0}",20,horizon,100,max_u_t,20,2.0,0.0,0.0,2.0,2.0,0.0
nonlinear_audit,full,evaluation,default,medium,,,"{""center"":""original""}","{""ridge"":1.0}",20,horizon,100,mean_cg_iterations,20,41.257600000000004,0.8676942464158436,0.19402233186712795,40.85150659230971,41.663693407690296,0.4060934076902905
nonlinear_audit,full,evaluation,default,medium,,,"{""center"":""original""}","{""ridge"":1.0}",20,horizon,100,mean_chi_t,20,3.42552289837898,0.3093976679667712,0.06918342176536095,3.280720332457804,3.570325464300156,0.1448025659211758
nonlinear_audit,full,evaluation,default,medium,,,"{""center"":""original""}","{""ridge"":1.0}",20,horizon,100,mean_diagnostic_u_t,20,21.988179450526975,3.4220372753265575,0.7651907969168347,20.386616706368176,23.589742194685773,1.601562744158798
nonlinear_audit,full,evaluation,default,medium,,,"{""center"":""original""}","{""ridge"":1.0}",20,horizon,100,mean_psi_t,20,129.17052823666137,12.976863619624103,2.901714918822347,123.09716911253075,135.243887360792,6.073359124130625
nonlinear_audit,full,evaluation,default,medium,,,"{""center"":""original""}","{""ridge"":1.0}",20,horizon,100,mean_round_runtime_seconds,20,0.0271429212767398,0.000546564838051118,0.00012221561319934634,0.026887121058489307,0.027398721494990296,0.0002558002182504935
nonlinear_audit,full,evaluation,default,medium,,,"{""center"":""original""}","{""ridge"":1.0}",20,horizon,100,mean_theory_factor,20,23.210249258679546,0.0,0.0,23.210249258679546,23.210249258679546,0.0
nonlinear_audit,full,evaluation,default,medium,,,"{""center"":""original""}","{""ridge"":1.0}",20,horizon,100,mean_u_t,20,2.0,0.0,0.0,2.0,2.0,0.0
nonlinear_audit,full,evaluation,default,medium,,,"{""center"":""original""}","{""ridge"":1.0}",20,horizon,100,observed_reward,20,0.46707633301850243,0.19423279534191104,0.04343177338443176,0.3761725865992762,0.5579800794377286,0.09090374641922623
nonlinear_audit,full,evaluation,default,medium,,,"{""center"":""original""}","{""ridge"":1.0}",20,horizon,100,optimal_action,20,1.55,1.234376040972246,0.27601487374110073,0.9722942298854039,2.1277057701145963,0.5777057701145961
nonlinear_audit,full,evaluation,default,medium,,,"{""center"":""original""}","{""ridge"":1.0}",20,horizon,100,optimism_violation_rate,20,0.0010999999999999998,0.0015183093090324964,0.00033950428258673973,0.00038940936997131765,0.001810590630028682,0.0007105906300286822
nonlinear_audit,full,evaluation,default,medium,,,"{""center"":""original""}","{""ridge"":1.0}",20,horizon,100,parameter_distance_from_initial,20,1.2896408712921894,0.04216210022266447,0.009427732217203678,1.269908400983062,1.309373341601317,0.019732470309127476
nonlinear_audit,full,evaluation,default,medium,,,"{""center"":""original""}","{""ridge"":1.0}",20,horizon,100,parameter_step_norm,20,0.019999999999999997,1.3767790397201362e-17,3.0785715228111075e-18,0.01999999999999999,0.020000000000000004,6.443524250460065e-18
nonlinear_audit,full,evaluation,default,medium,,,"{""center"":""original""}","{""ridge"":1.0}",20,horizon,100,peak_host_memory_bytes,20,91718451.2,537316.1923949926,120147.55316065588,91466979.48115645,91969922.91884355,251471.71884355377
nonlinear_audit,full,evaluation,default,medium,,,"{""center"":""original""}","{""ridge"":1.0}",20,horizon,100,policy_beta,20,2.464828315564808,0.0,0.0,2.464828315564808,2.464828315564808,0.0
nonlinear_audit,full,evaluation,default,medium,,,"{""center"":""original""}","{""ridge"":1.0}",20,horizon,100,policy_centering,20,0.8,0.0,0.0,0.8,0.8,0.0
nonlinear_audit,full,evaluation,default,medium,,,"{""center"":""original""}","{""ridge"":1.0}",20,horizon,100,policy_cg_energy_tolerance,20,0.05,0.0,0.0,0.05,0.05,0.0
nonlinear_audit,full,evaluation,default,medium,,,"{""center"":""original""}","{""ridge"":1.0}",20,horizon,100,policy_condition_number_bound,20,100000000.0,0.0,0.0,100000000.0,100000000.0,0.0
nonlinear_audit,full,evaluation,default,medium,,,"{""center"":""original""}","{""ridge"":1.0}",20,horizon,100,policy_corrected_optimism_violation_count,20,0.15,0.36634754853252327,0.08191780219091253,-0.021455930469841594,0.32145593046984156,0.1714559304698416
nonlinear_audit,full,evaluation,default,medium,,,"{""center"":""original""}","{""ridge"":1.0}",20,horizon,100,policy_omega,20,3.2648283155648072,0.0,0.0,3.2648283155648072,3.2648283155648072,0.0
nonlinear_audit,full,evaluation,default,medium,,,"{""center"":""original""}","{""ridge"":1.0}",20,horizon,100,policy_optimism_violation_count,20,0.0,0.0,0.0,0.0,0.0,0.0
nonlinear_audit,full,evaluation,default,medium,,,"{""center"":""original""}","{""ridge"":1.0}",20,horizon,100,policy_original_optimism_violation_count,20,0.0,0.0,0.0,0.0,0.0,0.0
nonlinear_audit,full,evaluation,default,medium,,,"{""center"":""original""}","{""ridge"":1.0}",20,horizon,100,policy_transfer_factor,20,2.0,0.0,0.0,2.0,2.0,0.0
nonlinear_audit,full,evaluation,default,medium,,,"{""center"":""original""}","{""ridge"":1.0}",20,horizon,100,posthoc_E_including_round,20,1.2984266450798454,0.15410990993030138,0.034460023461052376,1.226300987060388,1.3705523030993028,0.07212565801945728
nonlinear_audit,full,evaluation,default,medium,,,"{""center"":""original""}","{""ridge"":1.0}",20,horizon,100,posthoc_E_prior,20,1.281137834902236,0.15136323196032683,0.03384584759573595,1.210297661742523,1.351978008061949,0.07084017315971297
nonlinear_audit,full,evaluation,default,medium,,,"{""center"":""original""}","{""ridge"":1.0}",20,horizon,100,posthoc_F_including_round,20,0.024248695664749676,0.006765706837191901,0.001512858040379619,0.021082247395330118,0.027415143934169234,0.0031664482694195592
nonlinear_audit,full,evaluation,default,medium,,,"{""center"":""original""}","{""ridge"":1.0}",20,horizon,100,posthoc_F_prior,20,0.023904451581873366,0.006667106091308613,0.001490810243336898,0.020784149882010935,0.027024753281735796,0.0031203016998624313
nonlinear_audit,full,evaluation,default,medium,,,"{""center"":""original""}","{""ridge"":1.0}",20,horizon,100,posthoc_Gamma_dynamic,20,191.04856979846753,1.901814477412881,0.425258645208844,190.15849322470032,191.93864637223473,0.8900765737671992
nonlinear_audit,full,evaluation,default,medium,,,"{""center"":""original""}","{""ridge"":1.0}",20,horizon,100,posthoc_Lambda_algorithmic,20,173.34115922852604,1.31525720206825,0.2941004511720784,172.72559990981054,173.95671854724154,0.6155593187154964
nonlinear_audit,full,evaluation,default,medium,,,"{""center"":""original""}","{""ridge"":1.0}",20,horizon,100,posthoc_Lambda_cg_observable_bound,20,176.37510828913395,1.349969573791857,0.30186237345550104,175.7433030803708,177.0069134978971,0.6318052087631478
nonlinear_audit,full,evaluation,default,medium,,,"{""center"":""original""}","{""ridge"":1.0}",20,horizon,100,posthoc_V_variation_charge,20,0.4450674020908073,0.35767288928162766,0.07997808941424753,0.2776713371211687,0.6124634670604459,0.1673960649696386
nonlinear_audit,full,evaluation,default,medium,,,"{""center"":""original""}","{""ridge"":1.0}",20,horizon,100,posthoc_actionwise_required_transfer,20,5.689924906749333,3.132421283602017,0.7004306924301257,4.223906619047212,7.155943194451454,1.4660182877021208
nonlinear_audit,full,evaluation,default,medium,,,"{""center"":""original""}","{""ridge"":1.0}",20,horizon,100,posthoc_beta_exact_teacher_diagnostic,20,17.12540814531319,0.2200038580904351,0.049194358200242996,17.022443170258903,17.22837312036748,0.10296497505428723
nonlinear_audit,full,evaluation,default,medium,,,"{""center"":""original""}","{""ridge"":1.0}",20,horizon,100,posthoc_centering_ratio,20,1.0748910573778505,0.3381054797826689,0.07560268363592285,0.9166528219500426,1.2331292928056585,0.15823823542780793
nonlinear_audit,full,evaluation,default,medium,,,"{""center"":""original""}","{""ridge"":1.0}",20,horizon,100,posthoc_cg_max_energy_error,20,5.6480454820356685e-05,2.0941048308688157e-05,4.682560753833371e-06,4.667974252635513e-05,6.628116711435824e-05,9.80071229400155e-06
nonlinear_audit,full,evaluation,default,medium,,,"{""center"":""original""}","{""ridge"":1.0}",20,horizon,100,posthoc_chi_frobenius_primitive,20,9.479579732415008,1.0419615864836917,0.23298969373210607,8.991926699004486,9.96723276582553,0.48765303341052274
nonlinear_audit,full,evaluation,default,medium,,,"{""center"":""original""}","{""ridge"":1.0}",20,horizon,100,posthoc_chi_operator_norm,20,4.356047176891548,0.8048174520510136,0.17996265322642438,3.9793810147935007,4.732713338989595,0.37666616209804726
nonlinear_audit,full,evaluation,default,medium,,,"{""center"":""original""}","{""ridge"":1.0}",20,horizon,100,posthoc_coarse_psi,20,98.20866862197333,12.710791264099013,2.8422193314335873,92.25983519337854,104.15750205056813,5.948833428594799
nonlinear_audit,full,evaluation,default,medium,,,"{""center"":""original""}","{""ridge"":1.0}",20,horizon,100,posthoc_condition_number_C,20,4038.8316664417166,410.45379876174013,91.78025956542699,3846.7333754514398,4230.929957431994,192.09829099027695
nonlinear_audit,full,evaluation,default,medium,,,"{""center"":""original""}","{""ridge"":1.0}",20,horizon,100,posthoc_condition_number_Cbar,20,2763.866717068155,400.79478336812525,89.62043806384301,2576.2889844339215,2951.4444497023887,187.57773263423343
nonlinear_audit,full,evaluation,default,medium,,,"{""center"":""original""}","{""ridge"":1.0}",20,horizon,100,posthoc_corrected_center_identity_error,20,9.0726037793587e-17,3.0955535478661894e-17,6.921868161019448e-18,7.62384012311303e-17,1.0521367435604371e-16,1.4487636562456708e-17
nonlinear_audit,full,evaluation,default,medium,,,"{""center"":""original""}","{""ridge"":1.0}",20,horizon,100,posthoc_corrected_optimism_violation_count,20,0.0,0.0,0.0,0.0,0.0,0.0
nonlinear_audit,full,evaluation,default,medium,,,"{""center"":""original""}","{""ridge"":1.0}",20,horizon,100,posthoc_dynamic_identity_residual,20,-8.242295734817162e-14,1.4282476444209203e-13,3.193658821629126e-14,-1.4926700470060218e-13,-1.5578909995741062e-14,6.684404735243056e-14
nonlinear_audit,full,evaluation,default,medium,,,"{""center"":""original""}","{""ridge"":1.0}",20,horizon,100,posthoc_dynamic_identity_rhs,20,173.34115922852612,1.3152572020682851,0.2941004511720862,172.7255999098106,173.95671854724165,0.6155593187155127
nonlinear_audit,full,evaluation,default,medium,,,"{""center"":""original""}","{""ridge"":1.0}",20,horizon,100,posthoc_endpoint_logdet,20,190.6035023963767,1.8536929969951486,0.41449835506964655,189.73594736870328,191.47105742405014,0.8675550276734464
nonlinear_audit,full,evaluation,default,medium,,,"{""center"":""original""}","{""ridge"":1.0}",20,horizon,100,posthoc_epsilon_lin,20,0.017288810177609547,0.006908509285381832,0.001544789638530227,0.014055528305165065,0.02052209205005403,0.0032332818724444814
nonlinear_audit,full,evaluation,default,medium,,,"{""center"":""original""}","{""ridge"":1.0}",20,horizon,100,posthoc_exact_diagnostic_S_sum,20,47047386.93284492,11422866.452620499,2554230.5885961317,41701320.87040772,52393452.99528212,5346066.062437196
nonlinear_audit,full,evaluation,default,medium,,,"{""center"":""original""}","{""ridge"":1.0}",20,horizon,100,posthoc_gamma_frozen_prior,20,196.8049521718545,1.9320552334615004,0.4320206838304141,195.9007224885955,197.70918185511348,0.9042296832589833
nonlinear_audit,full,evaluation,default,medium,,,"{""center"":""original""}","{""ridge"":1.0}",20,horizon,100,posthoc_generalized_eigen_residual,20,1.314462976325915e-12,6.193846460052633e-13,1.3849861726874121e-13,1.0245820388801497e-12,1.6043439137716802e-12,2.8988093744576535e-13
nonlinear_audit,full,evaluation,default,medium,,,"{""center"":""original""}","{""ridge"":1.0}",20,horizon,100,posthoc_generalized_eigenvalue_C_over_Cbar,20,20.274041494860494,7.472464877799668,1.6708939426239715,16.776820280583387,23.771262709137602,3.4972212142771086
nonlinear_audit,full,evaluation,default,medium,,,"{""center"":""original""}","{""ridge"":1.0}",20,horizon,100,posthoc_gradient_bound_seen,20,1.8434014463665995,0.017554018010679646,0.003925197755013532,1.8351859130470467,1.8516169796861524,0.008215533319552814
nonlinear_audit,full,evaluation,default,medium,,,"{""center"":""original""}","{""ridge"":1.0}",20,horizon,100,posthoc_mismatch_gradient_identity_residual,20,5.188148490832133e-13,1.78725298357732e-13,3.9964191642682023e-14,4.3516883466009634e-13,6.024608635063303e-13,8.364601442311698e-14
nonlinear_audit,full,evaluation,default,medium,,,"{""center"":""original""}","{""ridge"":1.0}",20,horizon,100,posthoc_mismatch_norm,20,50.02474812454171,9.442033408036279,2.111302854619313,45.60574046368256,54.44375578540086,4.41900766085915
nonlinear_audit,full,evaluation,default,medium,,,"{""center"":""original""}","{""ridge"":1.0}",20,horizon,100,posthoc_optimizer_residual_zeta,20,48.18392049743163,11.87198993363339,2.654657651979748,42.62765817561893,53.740182819244325,5.556262321812693
nonlinear_audit,full,evaluation,default,medium,,,"{""center"":""original""}","{""ridge"":1.0}",20,horizon,100,posthoc_original_optimism_violation_count,20,0.0,0.0,0.0,0.0,0.0,0.0
nonlinear_audit,full,evaluation,default,medium,,,"{""center"":""original""}","{""ridge"":1.0}",20,horizon,100,posthoc_policy_S_sum,20,2321.024925867954,0.0,0.0,2321.024925867954,2321.024925867954,0.0
nonlinear_audit,full,evaluation,default,medium,,,"{""center"":""original""}","{""ridge"":1.0}",20,horizon,100,posthoc_primitive_psi,20,53.18086729499318,11.943281271188148,2.67059887967768,47.591239600151916,58.77049498983444,5.589627694841265
nonlinear_audit,full,evaluation,default,medium,,,"{""center"":""original""}","{""ridge"":1.0}",20,horizon,100,posthoc_regret_minus_policy_theorem_rhs,20,-2326.1994376430275,24.374215186652098,5.450240205556181,-2337.60692149556,-2314.791953790495,11.407483852532373
nonlinear_audit,full,evaluation,default,medium,,,"{""center"":""original""}","{""ridge"":1.0}",20,horizon,100,posthoc_theorem_rhs_using_exact_diagnostics,20,331342.6493594205,40312.15478531454,9014.071841945675,312475.98016606364,350209.3185527774,18866.66919335691
nonlinear_audit,full,evaluation,default,medium,,,"{""center"":""original""}","{""ridge"":1.0}",20,horizon,100,posthoc_theorem_rhs_using_policy_schedule,20,2344.538479219122,24.060823167335197,5.380163619676329,2333.277667346487,2355.7992910917574,11.260811872635033
nonlinear_audit,full,evaluation,default,medium,,,"{""center"":""original""}","{""ridge"":1.0}",20,horizon,100,posthoc_theta_hat_lin_norm,20,2.2946529325129332,0.26545584003891914,0.05935773033513336,2.1704157751064175,2.418890089919449,0.12423715740651589
nonlinear_audit,full,evaluation,default,medium,,,"{""center"":""original""}","{""ridge"":1.0}",20,horizon,100,posthoc_theta_hat_normal_equation_residual,20,5.044320814919079e-13,1.577778906517924e-13,3.5280208884393636e-14,4.305897556523223e-13,5.782744073314936e-13,7.38423258395856e-14
nonlinear_audit,full,evaluation,default,medium,,,"{""center"":""original""}","{""ridge"":1.0}",20,horizon,100,posthoc_transfer_factor_one_plus_chi_squared,20,29.30258593565751,9.16564822322867,2.0495012484989474,25.012930523009352,33.59224134830567,4.289655412648158
nonlinear_audit,full,evaluation,default,medium,,,"{""center"":""original""}","{""ridge"":1.0}",20,horizon,100,posthoc_whitened_curvature_difference_operator_norm,20,19.27404149486036,7.472464877799667,1.6708939426239715,15.776820280583252,22.771262709137467,3.4972212142771086
nonlinear_audit,full,evaluation,default,medium,,,"{""center"":""original""}","{""ridge"":1.0}",20,horizon,100,psi_t,20,53.18086729499318,11.943281271188148,2.67059887967768,47.591239600151916,58.77049498983444,5.589627694841265
nonlinear_audit,full,evaluation,default,medium,,,"{""center"":""original""}","{""ridge"":1.0}",20,horizon,100,realized_noise,20,0.0434185099502319,0.09820006328812295,0.02195820169070244,-0.0025405343799575,0.0893775542804213,0.0459590443301894
nonlinear_audit,full,evaluation,default,medium,,,"{""center"":""original""}","{""ridge"":1.0}",20,horizon,100,round_number,20,100.0,0.0,0.0,100.0,100.0,0.0
nonlinear_audit,full,evaluation,default,medium,,,"{""center"":""original""}","{""ridge"":1.0}",20,horizon,100,round_runtime_seconds,20,0.05165944169566501,0.0015338654586025532,0.0003429827433774198,0.05094157056352912,0.052377312827800906,0.0007178711321358918
nonlinear_audit,full,evaluation,default,medium,,,"{""center"":""original""}","{""ridge"":1.0}",20,horizon,100,runtime_seconds,20,2.7145458146493184,0.05465649078464566,0.012221562880605852,2.688965789557747,2.74012583974089,0.02558002509157175
nonlinear_audit,full,evaluation,default,medium,,,"{""center"":""original""}","{""ridge"":1.0}",20,horizon,100,selected_action,20,1.5,1.1002392084403616,0.2460209661583209,0.9850721999418619,2.014927800058138,0.5149278000581381
nonlinear_audit,full,evaluation,default,medium,,,"{""center"":""original""}","{""ridge"":1.0}",20,horizon,100,theorem_rhs,20,2344.538479219122,24.060823167335197,5.380163619676329,2333.277667346487,2355.7992910917574,11.260811872635033
nonlinear_audit,full,evaluation,default,medium,,,"{""center"":""original""}","{""ridge"":1.0}",20,horizon,100,theory_factor,20,23.562229740251432,0.0,0.0,23.562229740251432,23.562229740251432,0.0
nonlinear_audit,full,evaluation,default,medium,,,"{""center"":""original""}","{""ridge"":1.0}",20,horizon,100,training_gradient_norm_after_update,20,43.42158952367039,10.045354557139852,2.2462095647852003,38.720218873332946,48.12296017400784,4.701370650337442
nonlinear_audit,full,evaluation,default,medium,,,"{""center"":""original""}","{""ridge"":1.0}",20,horizon,100,training_objective_after_update,20,39.54940164099549,6.84272291738289,1.5300793594463817,36.346908736520554,42.75189454547043,3.202492904474934
nonlinear_audit,full,evaluation,default,medium,,,"{""center"":""original""}","{""ridge"":1.0}",20,horizon,100,u_t,20,2.0,0.0,0.0,2.0,2.0,0.0
nonlinear_audit,full,evaluation,default,mild,,,"{""center"":""corrected""}","{""ridge"":1.0}",20,summary,,E_T,20,0.394082322252557,0.05038288353744496,0.0112659552492182,0.37050240692005576,0.41766223758505827,0.023579915332501245
nonlinear_audit,full,evaluation,default,mild,,,"{""center"":""corrected""}","{""ridge"":1.0}",20,summary,,F_T,20,0.0024326998141462096,0.0006518113942372184,0.0001457494586023335,0.0021276426913745374,0.002737756936917882,0.000305057122771672
nonlinear_audit,full,evaluation,default,mild,,,"{""center"":""corrected""}","{""ridge"":1.0}",20,summary,,Gamma_dynamic_T,20,161.6379610163269,2.0581970679762542,0.46022685550856596,160.67469513726277,162.60122689539102,0.9632658790641256
nonlinear_audit,full,evaluation,default,mild,,,"{""center"":""corrected""}","{""ridge"":1.0}",20,summary,,Lambda_alg_T,20,157.38848804375021,1.7823066911850511,0.3985358918242499,156.55434283561698,158.22263325188345,0.8341452081332227
nonlinear_audit,full,evaluation,default,mild,,,"{""center"":""corrected""}","{""ridge"":1.0}",20,summary,,V_alg_T,20,1.5855063403340588e-05,7.090599911487745e-05,1.5855063403340588e-05,-1.7329965684020128e-05,4.90400924907013e-05,3.3185029087360716e-05
nonlinear_audit,full,evaluation,default,mild,,,"{""center"":""corrected""}","{""ridge"":1.0}",20,summary,,chi_T,20,2.516600295750454,0.2037562729263086,0.0455612877105226,2.421239424622512,2.6119611668783955,0.09536087112794146
nonlinear_audit,full,evaluation,default,mild,,,"{""center"":""corrected""}","{""ridge"":1.0}",20,summary,,cumulative_pseudo_regret,20,11.927315785682904,1.7828000828758388,0.3986462175602634,11.092939663130384,12.761691908235424,0.8343761225525193
nonlinear_audit,full,evaluation,default,mild,,,"{""center"":""corrected""}","{""ridge"":1.0}",20,summary,,optimism_violation_rate,20,0.0027,0.003743063760582963,0.0008369745012779502,0.0009481922358988526,0.004451807764101147,0.0017518077641011476
nonlinear_audit,full,evaluation,default,mild,,,"{""center"":""corrected""}","{""ridge"":1.0}",20,summary,,peak_host_memory_bytes,20,91702067.2,561287.4679356756,125507.69332229042,91439376.57886314,91964757.82113686,262690.6211368549
nonlinear_audit,full,evaluation,default,mild,,,"{""center"":""corrected""}","{""ridge"":1.0}",20,summary,,policy_optimism_violation_rate,20,0.0027,0.003743063760582963,0.0008369745012779502,0.0009481922358988526,0.004451807764101147,0.0017518077641011476
nonlinear_audit,full,evaluation,default,mild,,,"{""center"":""corrected""}","{""ridge"":1.0}",20,summary,,psi_T,20,766.821926988949,82.89439035676887,18.53574917911382,728.0261580905848,805.6176958873133,38.795768898364294
nonlinear_audit,full,evaluation,default,mild,,,"{""center"":""corrected""}","{""ridge"":1.0}",20,summary,,rounds,20,100.0,0.0,0.0,100.0,100.0,0.0
nonlinear_audit,full,evaluation,default,mild,,,"{""center"":""corrected""}","{""ridge"":1.0}",20,summary,,runtime_seconds,20,2.4826704686536685,0.05577169211012531,0.012470929477842887,2.456568513275714,2.508772424031623,0.026101955377954813
nonlinear_audit,full,evaluation,default,mild,,,"{""center"":""corrected""}","{""ridge"":1.0}",20,summary,,seed,20,119.5,5.916079783099616,1.3228756555322954,116.73118943197974,122.26881056802026,2.768810568020254
nonlinear_audit,full,evaluation,default,mild,,,"{""center"":""corrected""}","{""ridge"":1.0}",20,summary,,theorem_rhs,20,1175.8979806864447,8.960404598392204,2.003607378790667,1171.704382247046,1180.0915791258435,4.193598439398846
nonlinear_audit,full,evaluation,default,mild,,,"{""center"":""corrected""}","{""ridge"":1.0}",20,summary,,theorem_rhs_policy_schedule,20,1175.8979806864447,8.960404598392204,2.003607378790667,1171.704382247046,1180.0915791258435,4.193598439398846
nonlinear_audit,full,evaluation,default,mild,,,"{""center"":""corrected""}","{""ridge"":1.0}",20,summary,,u_T,20,12.40591842789116,1.4446345754711116,0.3230301113399956,11.729808634558356,13.082028221223965,0.676109793332805
nonlinear_audit,full,evaluation,default,mild,,,"{""center"":""corrected""}","{""ridge"":1.0}",20,horizon,100,E_T,20,0.394082322252557,0.05038288353744496,0.0112659552492182,0.37050240692005576,0.41766223758505827,0.023579915332501245
nonlinear_audit,full,evaluation,default,mild,,,"{""center"":""corrected""}","{""ridge"":1.0}",20,horizon,100,F_T,20,0.0024326998141462096,0.0006518113942372184,0.0001457494586023335,0.0021276426913745374,0.002737756936917882,0.000305057122771672
nonlinear_audit,full,evaluation,default,mild,,,"{""center"":""corrected""}","{""ridge"":1.0}",20,horizon,100,Gamma_dynamic_T,20,161.6379610163269,2.0581970679762542,0.46022685550856596,160.67469513726277,162.60122689539102,0.9632658790641256
nonlinear_audit,full,evaluation,default,mild,,,"{""center"":""corrected""}","{""ridge"":1.0}",20,horizon,100,Lambda_alg_T,20,157.38848804375021,1.7823066911850511,0.3985358918242499,156.55434283561698,158.22263325188345,0.8341452081332227
nonlinear_audit,full,evaluation,default,mild,,,"{""center"":""corrected""}","{""ridge"":1.0}",20,horizon,100,S_T,20,822.795326699044,0.0,0.0,822.795326699044,822.795326699044,0.0
nonlinear_audit,full,evaluation,default,mild,,,"{""center"":""corrected""}","{""ridge"":1.0}",20,horizon,100,V_alg_T,20,1.5855063403340588e-05,7.090599911487745e-05,1.5855063403340588e-05,-1.7329965684020128e-05,4.90400924907013e-05,3.3185029087360716e-05
nonlinear_audit,full,evaluation,default,mild,,,"{""center"":""corrected""}","{""ridge"":1.0}",20,horizon,100,backbone_distance_from_initial,20,0.052557007223648644,0.003692071323582327,0.0008255722457307705,0.05082906465468225,0.054284949792615035,0.0017279425689663897
nonlinear_audit,full,evaluation,default,mild,,,"{""center"":""corrected""}","{""ridge"":1.0}",20,horizon,100,backbone_step_norm,20,0.0007513928242283035,5.546163423278282e-05,1.2401598428773177e-05,0.000725435980403769,0.000777349668052838,2.5956843824534546e-05
nonlinear_audit,full,evaluation,default,mild,,,"{""center"":""corrected""}","{""ridge"":1.0}",20,horizon,100,chi_t,20,2.516600295750454,0.2037562729263086,0.0455612877105226,2.421239424622512,2.6119611668783955,0.09536087112794146
nonlinear_audit,full,evaluation,default,mild,,,"{""center"":""corrected""}","{""ridge"":1.0}",20,horizon,100,cumulative_backbone_path_length,20,0.05662952998521971,0.003488947280456401,0.0007801523289013536,0.054996652394726515,0.0582624075757129,0.0016328775904931956
nonlinear_audit,full,evaluation,default,mild,,,"{""center"":""corrected""}","{""ridge"":1.0}",20,horizon,100,cumulative_parameter_path_length,20,0.5000000000000003,4.067274833957893e-17,9.094703011904019e-18,0.5000000000000003,0.5000000000000003,1.9035432171614807e-17
nonlinear_audit,full,evaluation,default,mild,,,"{""center"":""corrected""}","{""ridge"":1.0}",20,horizon,100,cumulative_pseudo_regret,20,11.927315785682904,1.7828000828758388,0.3986462175602634,11.092939663130384,12.761691908235424,0.8343761225525193
nonlinear_audit,full,evaluation,default,mild,,,"{""center"":""corrected""}","{""ridge"":1.0}",20,horizon,100,diagnostic_S_T,20,124347.26133067715,13079.462107010537,2924.656638040819,118225.88463637278,130468.63802498153,6121.376694304368
nonlinear_audit,full,evaluation,default,mild,,,"{""center"":""corrected""}","{""ridge"":1.0}",20,horizon,100,diagnostic_theorem_rhs,20,14428.500560622037,772.2864246456073,172.6884943607847,14067.05938800536,14789.941733238713,361.44117261667594
nonlinear_audit,full,evaluation,default,mild,,,"{""center"":""corrected""}","{""ridge"":1.0}",20,horizon,100,diagnostic_u_t,20,12.40591842789116,1.4446345754711116,0.3230301113399956,11.729808634558356,13.082028221223965,0.676109793332805
nonlinear_audit,full,evaluation,default,mild,,,"{""center"":""corrected""}","{""ridge"":1.0}",20,horizon,100,instantaneous_pseudo_regret,20,0.03307314335438417,0.12438993990956705,0.027814436135490596,-0.025143140537001334,0.09128942724576966,0.0582162838913855
nonlinear_audit,full,evaluation,default,mild,,,"{""center"":""corrected""}","{""ridge"":1.0}",20,horizon,100,max_chi_t,20,2.558684254300448,0.20621815012291794,0.04611178018691011,2.4621711891776568,2.6551973194232397,0.09651306512279131
nonlinear_audit,full,evaluation,default,mild,,,"{""center"":""corrected""}","{""ridge"":1.0}",20,horizon,100,max_diagnostic_u_t,20,12.70463325097405,1.465653642433606,0.3277301175951713,12.018686231493293,13.390580270454807,0.6859470194807572
nonlinear_audit,full,evaluation,default,mild,,,"{""center"":""corrected""}","{""ridge"":1.0}",20,horizon,100,max_psi_t,20,813.2894548703205,65.79655343923763,14.712556617533291,782.4957199679792,844.0831897726617,30.793734902341324
nonlinear_audit,full,evaluation,default,mild,,,"{""center"":""corrected""}","{""ridge"":1.0}",20,horizon,100,max_theory_factor,20,8.393615205882305,0.0,0.0,8.393615205882305,8.393615205882305,0.0
nonlinear_audit,full,evaluation,default,mild,,,"{""center"":""corrected""}","{""ridge"":1.0}",20,horizon,100,max_u_t,20,1.25,0.0,0.0,1.25,1.25,0.0
nonlinear_audit,full,evaluation,default,mild,,,"{""center"":""corrected""}","{""ridge"":1.0}",20,horizon,100,mean_cg_iterations,20,31.5134,0.6672176635299129,0.14919440514414672,31.201132521250162,31.82566747874984,0.3122674787498378
nonlinear_audit,full,evaluation,default,mild,,,"{""center"":""corrected""}","{""ridge"":1.0}",20,horizon,100,mean_chi_t,20,1.4164984697360699,0.1090356861296095,0.024381120615913777,1.365468197813532,1.4675287416586078,0.051030271922537854
nonlinear_audit,full,evaluation,default,mild,,,"{""center"":""corrected""}","{""ridge"":1.0}",20,horizon,100,mean_diagnostic_u_t,20,6.480564959585219,0.6299369675956067,0.14085818810838588,6.185745383613996,6.775384535556441,0.29481957597122205
nonlinear_audit,full,evaluation,default,mild,,,"{""center"":""corrected""}","{""ridge"":1.0}",20,horizon,100,mean_psi_t,20,515.3860506309315,37.83261103544717,8.459629004156858,497.679843633861,533.092257628002,17.70620699707051
nonlinear_audit,full,evaluation,default,mild,,,"{""center"":""corrected""}","{""ridge"":1.0}",20,horizon,100,mean_round_runtime_seconds,20,0.024824009109550387,0.0005576478347273306,0.00012469384659558792,0.024563021889189122,0.025084996329911652,0.0002609872203612651
nonlinear_audit,full,evaluation,default,mild,,,"{""center"":""corrected""}","{""ridge"":1.0}",20,horizon,100,mean_theory_factor,20,8.227953266990442,0.0,0.0,8.227953266990442,8.227953266990442,0.0
nonlinear_audit,full,evaluation,default,mild,,,"{""center"":""corrected""}","{""ridge"":1.0}",20,horizon,100,mean_u_t,20,1.25,0.0,0.0,1.25,1.25,0.0
nonlinear_audit,full,evaluation,default,mild,,,"{""center"":""corrected""}","{""ridge"":1.0}",20,horizon,100,observed_reward,20,0.45638446107813824,0.24000377633927383,0.05366647587512719,0.34405923615617384,0.5687096860001026,0.11232522492196441
nonlinear_audit,full,evaluation,default,mild,,,"{""center"":""corrected""}","{""ridge"":1.0}",20,horizon,100,optimal_action,20,1.55,1.234376040972246,0.27601487374110073,0.9722942298854039,2.1277057701145963,0.5777057701145961
nonlinear_audit,full,evaluation,default,mild,,,"{""center"":""corrected""}","{""ridge"":1.0}",20,horizon,100,optimism_violation_rate,20,0.0027,0.003743063760582963,0.0008369745012779502,0.0009481922358988526,0.004451807764101147,0.0017518077641011476
nonlinear_audit,full,evaluation,default,mild,,,"{""center"":""corrected""}","{""ridge"":1.0}",20,horizon,100,parameter_distance_from_initial,20,0.44957268101021564,0.010613425904285241,0.0023732341796138976,0.44460544478553976,0.4545399172348915,0.004967236224675857
nonlinear_audit,full,evaluation,default,mild,,,"{""center"":""corrected""}","{""ridge"":1.0}",20,horizon,100,parameter_step_norm,20,0.005,6.521171177428692e-18,1.4581782045642896e-18,0.004999999999999997,0.005000000000000004,3.0520020577669777e-18
nonlinear_audit,full,evaluation,default,mild,,,"{""center"":""corrected""}","{""ridge"":1.0}",20,horizon,100,peak_host_memory_bytes,20,91702067.2,561287.4679356756,125507.69332229042,91439376.57886314,91964757.82113686,262690.6211368549
nonlinear_audit,full,evaluation,default,mild,,,"{""center"":""corrected""}","{""ridge"":1.0}",20,horizon,100,policy_beta,20,2.464828315564808,0.0,0.0,2.464828315564808,2.464828315564808,0.0
nonlinear_audit,full,evaluation,default,mild,,,"{""center"":""corrected""}","{""ridge"":1.0}",20,horizon,100,policy_centering,20,0.0,0.0,0.0,0.0,0.0,0.0
nonlinear_audit,full,evaluation,default,mild,,,"{""center"":""corrected""}","{""ridge"":1.0}",20,horizon,100,policy_cg_energy_tolerance,20,0.05,0.0,0.0,0.05,0.05,0.0
nonlinear_audit,full,evaluation,default,mild,,,"{""center"":""corrected""}","{""ridge"":1.0}",20,horizon,100,policy_condition_number_bound,20,100000000.0,0.0,0.0,100000000.0,100000000.0,0.0
nonlinear_audit,full,evaluation,default,mild,,,"{""center"":""corrected""}","{""ridge"":1.0}",20,horizon,100,policy_corrected_optimism_violation_count,20,0.05,0.22360679774997896,0.049999999999999996,-0.05465120272041543,0.15465120272041544,0.10465120272041543
nonlinear_audit,full,evaluation,default,mild,,,"{""center"":""corrected""}","{""ridge"":1.0}",20,horizon,100,policy_omega,20,2.464828315564808,0.0,0.0,2.464828315564808,2.464828315564808,0.0
nonlinear_audit,full,evaluation,default,mild,,,"{""center"":""corrected""}","{""ridge"":1.0}",20,horizon,100,policy_optimism_violation_count,20,0.05,0.22360679774997896,0.049999999999999996,-0.05465120272041543,0.15465120272041544,0.10465120272041543
nonlinear_audit,full,evaluation,default,mild,,,"{""center"":""corrected""}","{""ridge"":1.0}",20,horizon,100,policy_original_optimism_violation_count,20,0.7,0.6569466853317864,0.14689774459950383,0.3925394870149102,1.0074605129850898,0.30746051298508975
nonlinear_audit,full,evaluation,default,mild,,,"{""center"":""corrected""}","{""ridge"":1.0}",20,horizon,100,policy_transfer_factor,20,1.25,0.0,0.0,1.25,1.25,0.0
nonlinear_audit,full,evaluation,default,mild,,,"{""center"":""corrected""}","{""ridge"":1.0}",20,horizon,100,posthoc_E_including_round,20,0.394082322252557,0.05038288353744496,0.0112659552492182,0.37050240692005576,0.41766223758505827,0.023579915332501245
nonlinear_audit,full,evaluation,default,mild,,,"{""center"":""corrected""}","{""ridge"":1.0}",20,horizon,100,posthoc_E_prior,20,0.3865570980838441,0.04976731094634219,0.011128309033339051,0.3632652795921762,0.409848916575512,0.02329181849166791
nonlinear_audit,full,evaluation,default,mild,,,"{""center"":""corrected""}","{""ridge"":1.0}",20,horizon,100,posthoc_F_including_round,20,0.0024326998141462096,0.0006518113942372184,0.0001457494586023335,0.0021276426913745374,0.002737756936917882,0.000305057122771672
nonlinear_audit,full,evaluation,default,mild,,,"{""center"":""corrected""}","{""ridge"":1.0}",20,horizon,100,posthoc_F_prior,20,0.0023643461837772805,0.0006295236579968475,0.000140765769272528,0.0020697200426525895,0.0026589723249019715,0.00029462614112469107
nonlinear_audit,full,evaluation,default,mild,,,"{""center"":""corrected""}","{""ridge"":1.0}",20,horizon,100,posthoc_Gamma_dynamic,20,161.6379610163269,2.0581970679762542,0.46022685550856596,160.67469513726277,162.60122689539102,0.9632658790641256
nonlinear_audit,full,evaluation,default,mild,,,"{""center"":""corrected""}","{""ridge"":1.0}",20,horizon,100,posthoc_Lambda_algorithmic,20,157.38848804375021,1.7823066911850511,0.3985358918242499,156.55434283561698,158.22263325188345,0.8341452081332227
nonlinear_audit,full,evaluation,default,mild,,,"{""center"":""corrected""}","{""ridge"":1.0}",20,horizon,100,posthoc_Lambda_cg_observable_bound,20,160.0661907299471,1.827210791872557,0.4085767539848258,159.21102975578478,160.9213517041094,0.8551609741623062
nonlinear_audit,full,evaluation,default,mild,,,"{""center"":""corrected""}","{""ridge"":1.0}",20,horizon,100,posthoc_V_variation_charge,20,1.5855063403340588e-05,7.090599911487745e-05,1.5855063403340588e-05,-1.7329965684020128e-05,4.90400924907013e-05,3.3185029087360716e-05
nonlinear_audit,full,evaluation,default,mild,,,"{""center"":""corrected""}","{""ridge"":1.0}",20,horizon,100,posthoc_actionwise_required_transfer,20,2.717753221930982,0.9587585885006426,0.2143849377899185,2.269040390233854,3.16646605362811,0.4487128316971282
nonlinear_audit,full,evaluation,default,mild,,,"{""center"":""corrected""}","{""ridge"":1.0}",20,horizon,100,posthoc_beta_exact_teacher_diagnostic,20,14.815285486361205,0.09760845620985296,0.02182591432640427,14.769603322666585,14.860967650055825,0.045682163694619055
nonlinear_audit,full,evaluation,default,mild,,,"{""center"":""corrected""}","{""ridge"":1.0}",20,horizon,100,posthoc_centering_ratio,20,4.463568666115624,1.3332330515357342,0.2981199733083382,3.8395963908817095,5.087540941349539,0.6239722752339149
nonlinear_audit,full,evaluation,default,mild,,,"{""center"":""corrected""}","{""ridge"":1.0}",20,horizon,100,posthoc_cg_max_energy_error,20,5.461023860238891e-05,1.6979327176545162e-05,3.7966929778964555e-06,4.6663668872448514e-05,6.255680833232931e-05,7.946569729940395e-06
nonlinear_audit,full,evaluation,default,mild,,,"{""center"":""corrected""}","{""ridge"":1.0}",20,horizon,100,posthoc_chi_frobenius_primitive,20,6.0427353492457545,0.22679322802868607,0.050712507470875266,5.936592851249851,6.148877847241658,0.106142497995903
nonlinear_audit,full,evaluation,default,mild,,,"{""center"":""corrected""}","{""ridge"":1.0}",20,horizon,100,posthoc_chi_operator_norm,20,2.516600295750454,0.2037562729263086,0.0455612877105226,2.421239424622512,2.6119611668783955,0.09536087112794146
nonlinear_audit,full,evaluation,default,mild,,,"{""center"":""corrected""}","{""ridge"":1.0}",20,horizon,100,posthoc_coarse_psi,20,776.875366108799,82.86312883628001,18.528758890624513,738.09422805239,815.6565041652079,38.78113805640891
nonlinear_audit,full,evaluation,default,mild,,,"{""center"":""corrected""}","{""ridge"":1.0}",20,horizon,100,posthoc_condition_number_C,20,3910.6927130548975,609.5378374482267,136.29680393924517,3625.420223871084,4195.965202238711,285.27248918381326
nonlinear_audit,full,evaluation,default,mild,,,"{""center"":""corrected""}","{""ridge"":1.0}",20,horizon,100,posthoc_condition_number_Cbar,20,3772.2034656261385,581.1760723184475,129.95492046003824,3500.20469111456,4044.202240137717,271.9987745115785
nonlinear_audit,full,evaluation,default,mild,,,"{""center"":""corrected""}","{""ridge"":1.0}",20,horizon,100,posthoc_corrected_center_identity_error,20,7.745540320236443e-17,3.256709441913919e-17,7.282223695084924e-18,6.221353383896953e-17,9.269727256575934e-17,1.5241869363394902e-17
nonlinear_audit,full,evaluation,default,mild,,,"{""center"":""corrected""}","{""ridge"":1.0}",20,horizon,100,posthoc_corrected_optimism_violation_count,20,0.0,0.0,0.0,0.0,0.0,0.0
nonlinear_audit,full,evaluation,default,mild,,,"{""center"":""corrected""}","{""ridge"":1.0}",20,horizon,100,posthoc_dynamic_identity_residual,20,-6.252776074688882e-14,1.0618426237694028e-13,2.3743522881551186e-14,-1.1222352527436954e-13,-1.2831996219408106e-14,4.9695764527480715e-14
nonlinear_audit,full,evaluation,default,mild,,,"{""center"":""corrected""}","{""ridge"":1.0}",20,horizon,100,posthoc_dynamic_identity_rhs,20,157.38848804375027,1.7823066911850276,0.39853589182424465,156.55434283561706,158.22263325188348,0.8341452081332117
nonlinear_audit,full,evaluation,default,mild,,,"{""center"":""corrected""}","{""ridge"":1.0}",20,horizon,100,posthoc_endpoint_logdet,20,161.6379451612635,2.058222510444489,0.4602325446174148,160.67466737475772,162.6012229477693,0.9632777865057944
nonlinear_audit,full,evaluation,default,mild,,,"{""center"":""corrected""}","{""ridge"":1.0}",20,horizon,100,posthoc_epsilon_lin,20,0.0075252241687129755,0.003513078059502134,0.0007855481351309822,0.005881053025988241,0.00916939531143771,0.0016441711427247344
nonlinear_audit,full,evaluation,default,mild,,,"{""center"":""corrected""}","{""ridge"":1.0}",20,horizon,100,posthoc_exact_diagnostic_S_sum,20,124347.26133067715,13079.462107010537,2924.656638040819,118225.88463637278,130468.63802498153,6121.376694304368
nonlinear_audit,full,evaluation,default,mild,,,"{""center"":""corrected""}","{""ridge"":1.0}",20,horizon,100,posthoc_gamma_frozen_prior,20,162.63951650652,2.052361722211585,0.4589220325283644,161.6789816533402,163.60005135969982,0.960534853179819
nonlinear_audit,full,evaluation,default,mild,,,"{""center"":""corrected""}","{""ridge"":1.0}",20,horizon,100,posthoc_generalized_eigen_residual,20,3.3998931883173095e-13,1.4403746253258761e-13,3.2207755752944494e-14,2.7257771130231056e-13,4.0740092636115133e-13,6.741160752942041e-14
nonlinear_audit,full,evaluation,default,mild,,,"{""center"":""corrected""}","{""ridge"":1.0}",20,horizon,100,posthoc_generalized_eigenvalue_C_over_Cbar,20,7.6031542942500865,1.0716791488304471,0.2396347426853994,7.1015930135376,8.104715574962572,0.5015612807124864
nonlinear_audit,full,evaluation,default,mild,,,"{""center"":""corrected""}","{""ridge"":1.0}",20,horizon,100,posthoc_gradient_bound_seen,20,1.6296874545303186,0.006359641455482411,0.0014220590606984374,1.6267110507094875,1.6326638583511497,0.0029764038208311147
nonlinear_audit,full,evaluation,default,mild,,,"{""center"":""corrected""}","{""ridge"":1.0}",20,horizon,100,posthoc_mismatch_gradient_identity_residual,20,5.209550662072475e-13,1.0776496080163105e-13,2.4096977794504726e-14,4.705195120448062e-13,5.713906203696888e-13,5.043555416244127e-14
nonlinear_audit,full,evaluation,default,mild,,,"{""center"":""corrected""}","{""ridge"":1.0}",20,horizon,100,posthoc_mismatch_norm,20,35.90077666737673,3.8764660226685037,0.8668041539155015,34.086534722770544,37.71501861198292,1.8142419446061866
nonlinear_audit,full,evaluation,default,mild,,,"{""center"":""corrected""}","{""ridge"":1.0}",20,horizon,100,posthoc_optimizer_residual_zeta,20,740.9745894414222,81.24548243549718,18.167042159053686,702.9505332050729,778.9986456777714,38.024056236349224
nonlinear_audit,full,evaluation,default,mild,,,"{""center"":""corrected""}","{""ridge"":1.0}",20,horizon,100,posthoc_original_optimism_violation_count,20,0.0,0.0,0.0,0.0,0.0,0.0
nonlinear_audit,full,evaluation,default,mild,,,"{""center"":""corrected""}","{""ridge"":1.0}",20,horizon,100,posthoc_policy_S_sum,20,822.795326699044,0.0,0.0,822.795326699044,822.795326699044,0.0
nonlinear_audit,full,evaluation,default,mild,,,"{""center"":""corrected""}","{""ridge"":1.0}",20,horizon,100,posthoc_primitive_psi,20,766.821926988949,82.89439035676887,18.53574917911382,728.0261580905848,805.6176958873133,38.795768898364294
nonlinear_audit,full,evaluation,default,mild,,,"{""center"":""corrected""}","{""ridge"":1.0}",20,horizon,100,posthoc_regret_minus_policy_theorem_rhs,20,-1163.9706649007617,7.5994965699721435,1.69929909252342,-1167.5273387770474,-1160.413991024476,3.556673876285728
nonlinear_audit,full,evaluation,default,mild,,,"{""center"":""corrected""}","{""ridge"":1.0}",20,horizon,100,posthoc_theorem_rhs_using_exact_diagnostics,20,14428.500560622037,772.2864246456073,172.6884943607847,14067.05938800536,14789.941733238713,361.44117261667594
nonlinear_audit,full,evaluation,default,mild,,,"{""center"":""corrected""}","{""ridge"":1.0}",20,horizon,100,posthoc_theorem_rhs_using_policy_schedule,20,1175.8979806864447,8.960404598392204,2.003607378790667,1171.704382247046,1180.0915791258435,4.193598439398846
nonlinear_audit,full,evaluation,default,mild,,,"{""center"":""corrected""}","{""ridge"":1.0}",20,horizon,100,posthoc_theta_hat_lin_norm,20,2.275242595729906,0.20288696162384448,0.045366903793930734,2.1802885748151812,2.3701966166446304,0.09495402091472459
nonlinear_audit,full,evaluation,default,mild,,,"{""center"":""corrected""}","{""ridge"":1.0}",20,horizon,100,posthoc_theta_hat_normal_equation_residual,20,4.729838884940293e-13,9.225673790616442e-14,2.0629233734056525e-14,4.2980640606463764e-13,5.161613709234209e-13,4.317748242939164e-14
nonlinear_audit,full,evaluation,default,mild,,,"{""center"":""corrected""}","{""ridge"":1.0}",20,horizon,100,posthoc_transfer_factor_one_plus_chi_squared,20,12.40591842789116,1.4446345754711116,0.3230301113399956,11.729808634558356,13.082028221223965,0.676109793332805
nonlinear_audit,full,evaluation,default,mild,,,"{""center"":""corrected""}","{""ridge"":1.0}",20,horizon,100,posthoc_whitened_curvature_difference_operator_norm,20,6.6031542942501344,1.0716791488304909,0.23963474268540916,6.101593013537627,7.104715574962642,0.5015612807125068
nonlinear_audit,full,evaluation,default,mild,,,"{""center"":""corrected""}","{""ridge"":1.0}",20,horizon,100,psi_t,20,766.821926988949,82.89439035676887,18.53574917911382,728.0261580905848,805.6176958873133,38.795768898364294
nonlinear_audit,full,evaluation,default,mild,,,"{""center"":""corrected""}","{""ridge"":1.0}",20,horizon,100,realized_noise,20,0.0434185099502319,0.09820006328812295,0.02195820169070244,-0.0025405343799575,0.0893775542804213,0.0459590443301894
nonlinear_audit,full,evaluation,default,mild,,,"{""center"":""corrected""}","{""ridge"":1.0}",20,horizon,100,round_number,20,100.0,0.0,0.0,100.0,100.0,0.0
nonlinear_audit,full,evaluation,default,mild,,,"{""center"":""corrected""}","{""ridge"":1.0}",20,horizon,100,round_runtime_seconds,20,0.046533941794768906,0.0015465812179337106,0.00034582607360241933,0.045810119504077464,0.04725776408546035,0.0007238222906914419
nonlinear_audit,full,evaluation,default,mild,,,"{""center"":""corrected""}","{""ridge"":1.0}",20,horizon,100,runtime_seconds,20,2.4826704686536685,0.05577169211012531,0.012470929477842887,2.456568513275714,2.508772424031623,0.026101955377954813
nonlinear_audit,full,evaluation,default,mild,,,"{""center"":""corrected""}","{""ridge"":1.0}",20,horizon,100,selected_action,20,1.9,1.2937094768634556,0.2892822333402378,1.2945253271059252,2.5054746728940747,0.6054746728940749
nonlinear_audit,full,evaluation,default,mild,,,"{""center"":""corrected""}","{""ridge"":1.0}",20,horizon,100,theorem_rhs,20,1175.8979806864447,8.960404598392204,2.003607378790667,1171.704382247046,1180.0915791258435,4.193598439398846
nonlinear_audit,full,evaluation,default,mild,,,"{""center"":""corrected""}","{""ridge"":1.0}",20,horizon,100,theory_factor,20,8.393615205882305,0.0,0.0,8.393615205882305,8.393615205882305,0.0
nonlinear_audit,full,evaluation,default,mild,,,"{""center"":""corrected""}","{""ridge"":1.0}",20,horizon,100,training_gradient_norm_after_update,20,739.1714646538777,81.7598436177365,18.28205681590111,700.9066799741373,777.4362493336181,38.2647846797404
nonlinear_audit,full,evaluation,default,mild,,,"{""center"":""corrected""}","{""ridge"":1.0}",20,horizon,100,training_objective_after_update,20,249.1486565249867,30.85059629994519,6.8984030473080935,234.71013300996728,263.5871800400061,14.438523515019417
nonlinear_audit,full,evaluation,default,mild,,,"{""center"":""corrected""}","{""ridge"":1.0}",20,horizon,100,u_t,20,1.25,0.0,0.0,1.25,1.25,0.0
nonlinear_audit,full,evaluation,default,mild,,,"{""center"":""original""}","{""ridge"":1.0}",20,summary,,E_T,20,0.3969489233203703,0.043237212212795334,0.009668134566539446,0.3767132851113468,0.4171845615293938,0.020235638209023507
nonlinear_audit,full,evaluation,default,mild,,,"{""center"":""original""}","{""ridge"":1.0}",20,summary,,F_T,20,0.002472726932924029,0.000629277357243238,0.00014071069474972997,0.0021782160641003394,0.0027672378017477186,0.00029451086882368975
nonlinear_audit,full,evaluation,default,mild,,,"{""center"":""original""}","{""ridge"":1.0}",20,summary,,Gamma_dynamic_T,20,170.5069325548266,1.3963221321084853,0.31222712058820146,169.85343368099683,171.16043142865635,0.6534988738297494
nonlinear_audit,full,evaluation,default,mild,,,"{""center"":""original""}","{""ridge"":1.0}",20,summary,,Lambda_alg_T,20,163.99623479150503,1.0817491091495255,0.24188645426581787,163.48996062429114,164.50250895871892,0.5062741672138921
nonlinear_audit,full,evaluation,default,mild,,,"{""center"":""original""}","{""ridge"":1.0}",20,summary,,V_alg_T,20,1.5855063403340588e-05,7.090599911487745e-05,1.5855063403340588e-05,-1.7329965684020128e-05,4.90400924907013e-05,3.3185029087360716e-05
nonlinear_audit,full,evaluation,default,mild,,,"{""center"":""original""}","{""ridge"":1.0}",20,summary,,chi_T,20,2.5295749336368956,0.19742948092599077,0.04414657401130135,2.437175092311525,2.621974774962266,0.09239984132537042
nonlinear_audit,full,evaluation,default,mild,,,"{""center"":""original""}","{""ridge"":1.0}",20,summary,,cumulative_pseudo_regret,20,20.255890933822933,1.4086084815071584,0.31497443183327617,19.596641871472297,20.91513999617357,0.6592490623506372
nonlinear_audit,full,evaluation,default,mild,,,"{""center"":""original""}","{""ridge"":1.0}",20,summary,,optimism_violation_rate,20,0.16999999999999998,0.01449500821517169,0.0032411823703541796,0.16321612733412455,0.17678387266587542,0.006783872665875438
nonlinear_audit,full,evaluation,default,mild,,,"{""center"":""original""}","{""ridge"":1.0}",20,summary,,peak_host_memory_bytes,20,91366195.2,1935674.4345630025,432829.9617991342,90460271.67848578,92272118.72151423,905923.5215142173
nonlinear_audit,full,evaluation,default,mild,,,"{""center"":""original""}","{""ridge"":1.0}",20,summary,,policy_optimism_violation_rate,20,0.16999999999999998,0.01449500821517169,0.0032411823703541796,0.16321612733412455,0.17678387266587542,0.006783872665875438
nonlinear_audit,full,evaluation,default,mild,,,"{""center"":""original""}","{""ridge"":1.0}",20,summary,,psi_T,20,671.1778480308066,78.1176223825558,17.467631388805383,634.6176753604993,707.7380207011138,36.56017267030728
nonlinear_audit,full,evaluation,default,mild,,,"{""center"":""original""}","{""ridge"":1.0}",20,summary,,rounds,20,100.0,0.0,0.0,100.0,100.0,0.0
nonlinear_audit,full,evaluation,default,mild,,,"{""center"":""original""}","{""ridge"":1.0}",20,summary,,runtime_seconds,20,2.503720943746157,0.05287314215711999,0.011822794004733015,2.4789755515039364,2.528466335988378,0.02474539224222054
nonlinear_audit,full,evaluation,default,mild,,,"{""center"":""original""}","{""ridge"":1.0}",20,summary,,seed,20,119.5,5.916079783099616,1.3228756555322954,116.73118943197974,122.26881056802026,2.768810568020254
nonlinear_audit,full,evaluation,default,mild,,,"{""center"":""original""}","{""ridge"":1.0}",20,summary,,theorem_rhs,20,1376.7213513597624,6.466797502947574,1.4460198813316671,1373.6947969649825,1379.7479057545422,3.0265543947798275
nonlinear_audit,full,evaluation,default,mild,,,"{""center"":""original""}","{""ridge"":1.0}",20,summary,,theorem_rhs_policy_schedule,20,1376.7213513597624,6.466797502947574,1.4460198813316671,1373.6947969649825,1379.7479057545422,3.0265543947798275
nonlinear_audit,full,evaluation,default,mild,,,"{""center"":""original""}","{""ridge"":1.0}",20,summary,,u_T,20,12.494928692099668,1.4012778805953927,0.31333525963781317,11.839110456583452,13.150746927615884,0.6558182355162158
nonlinear_audit,full,evaluation,default,mild,,,"{""center"":""original""}","{""ridge"":1.0}",20,horizon,100,E_T,20,0.3969489233203703,0.043237212212795334,0.009668134566539446,0.3767132851113468,0.4171845615293938,0.020235638209023507
nonlinear_audit,full,evaluation,default,mild,,,"{""center"":""original""}","{""ridge"":1.0}",20,horizon,100,F_T,20,0.002472726932924029,0.000629277357243238,0.00014071069474972997,0.0021782160641003394,0.0027672378017477186,0.00029451086882368975
nonlinear_audit,full,evaluation,default,mild,,,"{""center"":""original""}","{""ridge"":1.0}",20,horizon,100,Gamma_dynamic_T,20,170.5069325548266,1.3963221321084853,0.31222712058820146,169.85343368099683,171.16043142865635,0.6534988738297494
nonlinear_audit,full,evaluation,default,mild,,,"{""center"":""original""}","{""ridge"":1.0}",20,horizon,100,Lambda_alg_T,20,163.99623479150503,1.0817491091495255,0.24188645426581787,163.48996062429114,164.50250895871892,0.5062741672138921
nonlinear_audit,full,evaluation,default,mild,,,"{""center"":""original""}","{""ridge"":1.0}",20,horizon,100,S_T,20,1075.7177560141786,0.0,0.0,1075.7177560141786,1075.7177560141786,0.0
nonlinear_audit,full,evaluation,default,mild,,,"{""center"":""original""}","{""ridge"":1.0}",20,horizon,100,V_alg_T,20,1.5855063403340588e-05,7.090599911487745e-05,1.5855063403340588e-05,-1.7329965684020128e-05,4.90400924907013e-05,3.3185029087360716e-05
nonlinear_audit,full,evaluation,default,mild,,,"{""center"":""original""}","{""ridge"":1.0}",20,horizon,100,backbone_distance_from_initial,20,0.05863143621968668,0.0036960314943231902,0.0008264577668286781,0.05690164023376169,0.060361232205611674,0.0017297959859249965
nonlinear_audit,full,evaluation,default,mild,,,"{""center"":""original""}","{""ridge"":1.0}",20,horizon,100,backbone_step_norm,20,0.0008784183830073559,6.754530272754939e-05,1.5103588845960237e-05,0.0008468062082448682,0.0009100305577698437,3.16121747624878e-05
nonlinear_audit,full,evaluation,default,mild,,,"{""center"":""original""}","{""ridge"":1.0}",20,horizon,100,chi_t,20,2.5295749336368956,0.19742948092599077,0.04414657401130135,2.437175092311525,2.621974774962266,0.09239984132537042
nonlinear_audit,full,evaluation,default,mild,,,"{""center"":""original""}","{""ridge"":1.0}",20,horizon,100,cumulative_backbone_path_length,20,0.06337488761456361,0.0032717304757640146,0.0007315811747866064,0.06184367061798296,0.06490610461114427,0.0015312169965806565
nonlinear_audit,full,evaluation,default,mild,,,"{""center"":""original""}","{""ridge"":1.0}",20,horizon,100,cumulative_parameter_path_length,20,0.5000000000000003,3.417194367755741e-17,7.641078898631252e-18,0.5000000000000003,0.5000000000000003,1.5992961936466956e-17
nonlinear_audit,full,evaluation,default,mild,,,"{""center"":""original""}","{""ridge"":1.0}",20,horizon,100,cumulative_pseudo_regret,20,20.255890933822933,1.4086084815071584,0.31497443183327617,19.596641871472297,20.91513999617357,0.6592490623506372
nonlinear_audit,full,evaluation,default,mild,,,"{""center"":""original""}","{""ridge"":1.0}",20,horizon,100,diagnostic_S_T,20,229473454.93217245,43155252.96189946,9649807.920900634,209276174.8333076,249670735.0310373,20197280.098864857
nonlinear_audit,full,evaluation,default,mild,,,"{""center"":""original""}","{""ridge"":1.0}",20,horizon,100,diagnostic_theorem_rhs,20,632909.7711018666,59506.78805039523,13306.122320335591,605059.737014505,660759.8051892283,27850.03408736169
nonlinear_audit,full,evaluation,default,mild,,,"{""center"":""original""}","{""ridge"":1.0}",20,horizon,100,diagnostic_u_t,20,12.494928692099668,1.4012778805953927,0.31333525963781317,11.839110456583452,13.150746927615884,0.6558182355162158
nonlinear_audit,full,evaluation,default,mild,,,"{""center"":""original""}","{""ridge"":1.0}",20,horizon,100,instantaneous_pseudo_regret,20,0.05930202806397369,0.13206318582768112,0.029530226083588178,-0.0025054454610920346,0.12110950158903941,0.06180747352506572
nonlinear_audit,full,evaluation,default,mild,,,"{""center"":""original""}","{""ridge"":1.0}",20,horizon,100,max_chi_t,20,2.5881889951639434,0.16968454308436276,0.037942617306762697,2.50877418445368,2.6676038058742066,0.07941481071026332
nonlinear_audit,full,evaluation,default,mild,,,"{""center"":""original""}","{""ridge"":1.0}",20,horizon,100,max_diagnostic_u_t,20,12.902453466969291,1.229071112177485,0.2748286556010126,12.327230479955675,13.477676453982907,0.5752229870136162
nonlinear_audit,full,evaluation,default,mild,,,"{""center"":""original""}","{""ridge"":1.0}",20,horizon,100,max_psi_t,20,713.8612029935272,69.953755858225,15.642135338041522,681.1218374686961,746.6005685183583,32.73936552483114
nonlinear_audit,full,evaluation,default,mild,,,"{""center"":""original""}","{""ridge"":1.0}",20,horizon,100,max_theory_factor,20,10.946607063698272,0.0,0.0,10.946607063698272,10.946607063698272,0.0
nonlinear_audit,full,evaluation,default,mild,,,"{""center"":""original""}","{""ridge"":1.0}",20,horizon,100,max_u_t,20,1.25,0.0,0.0,1.25,1.25,0.0
nonlinear_audit,full,evaluation,default,mild,,,"{""center"":""original""}","{""ridge"":1.0}",20,horizon,100,mean_cg_iterations,20,32.4452,0.8054277451339629,0.18009911890839164,32.068248211946994,32.822151788053006,0.376951788053006
nonlinear_audit,full,evaluation,default,mild,,,"{""center"":""original""}","{""ridge"":1.0}",20,horizon,100,mean_chi_t,20,1.4182684402843022,0.06777002965313744,0.01515383931415918,1.3865510900831288,1.4499857904854756,0.03171735020117347
nonlinear_audit,full,evaluation,default,mild,,,"{""center"":""original""}","{""ridge"":1.0}",20,horizon,100,mean_diagnostic_u_t,20,6.4961303175923515,0.3967455146601519,0.0887149940548239,6.310447701048915,6.681812934135788,0.18568261654343654
nonlinear_audit,full,evaluation,default,mild,,,"{""center"":""original""}","{""ridge"":1.0}",20,horizon,100,mean_psi_t,20,439.7855991233786,34.2350283846952,7.655185067981328,423.76311263514634,455.8080856116108,16.02248648823222
nonlinear_audit,full,evaluation,default,mild,,,"{""center"":""original""}","{""ridge"":1.0}",20,horizon,100,mean_round_runtime_seconds,20,0.02503468671409064,0.0005286507916550399,0.00011820991064997477,0.024787270527630786,0.025282102900550496,0.0002474161864598541
nonlinear_audit,full,evaluation,default,mild,,,"{""center"":""original""}","{""ridge"":1.0}",20,horizon,100,mean_theory_factor,20,10.757177560141786,0.0,0.0,10.757177560141786,10.757177560141786,0.0
nonlinear_audit,full,evaluation,default,mild,,,"{""center"":""original""}","{""ridge"":1.0}",20,horizon,100,mean_u_t,20,1.25,0.0,0.0,1.25,1.25,0.0
nonlinear_audit,full,evaluation,default,mild,,,"{""center"":""original""}","{""ridge"":1.0}",20,horizon,100,observed_reward,20,0.4301555763685487,0.2644773298328981,0.05913892880139933,0.30637637583527955,0.5539347769018178,0.12377920053326913
nonlinear_audit,full,evaluation,default,mild,,,"{""center"":""original""}","{""ridge"":1.0}",20,horizon,100,optimal_action,20,1.55,1.234376040972246,0.27601487374110073,0.9722942298854039,2.1277057701145963,0.5777057701145961
nonlinear_audit,full,evaluation,default,mild,,,"{""center"":""original""}","{""ridge"":1.0}",20,horizon,100,optimism_violation_rate,20,0.16999999999999998,0.01449500821517169,0.0032411823703541796,0.16321612733412455,0.17678387266587542,0.006783872665875438
nonlinear_audit,full,evaluation,default,mild,,,"{""center"":""original""}","{""ridge"":1.0}",20,horizon,100,parameter_distance_from_initial,20,0.44425124869290694,0.009336315867625776,0.0020876636939421165,0.43988171836397116,0.4486207790218427,0.004369530328935755
nonlinear_audit,full,evaluation,default,mild,,,"{""center"":""original""}","{""ridge"":1.0}",20,horizon,100,parameter_step_norm,20,0.005,4.9579177054904854e-18,1.1086241016326508e-18,0.0049999999999999975,0.005000000000000003,2.3203769120139395e-18
nonlinear_audit,full,evaluation,default,mild,,,"{""center"":""original""}","{""ridge"":1.0}",20,horizon,100,peak_host_memory_bytes,20,91366195.2,1935674.4345630025,432829.9617991342,90460271.67848578,92272118.72151423,905923.5215142173
nonlinear_audit,full,evaluation,default,mild,,,"{""center"":""original""}","{""ridge"":1.0}",20,horizon,100,policy_beta,20,2.464828315564808,0.0,0.0,2.464828315564808,2.464828315564808,0.0
nonlinear_audit,full,evaluation,default,mild,,,"{""center"":""original""}","{""ridge"":1.0}",20,horizon,100,policy_centering,20,0.35,0.0,0.0,0.35,0.35,0.0
nonlinear_audit,full,evaluation,default,mild,,,"{""center"":""original""}","{""ridge"":1.0}",20,horizon,100,policy_cg_energy_tolerance,20,0.05,0.0,0.0,0.05,0.05,0.0
nonlinear_audit,full,evaluation,default,mild,,,"{""center"":""original""}","{""ridge"":1.0}",20,horizon,100,policy_condition_number_bound,20,100000000.0,0.0,0.0,100000000.0,100000000.0,0.0
nonlinear_audit,full,evaluation,default,mild,,,"{""center"":""original""}","{""ridge"":1.0}",20,horizon,100,policy_corrected_optimism_violation_count,20,0.1,0.30779350562554625,0.06882472016116853,-0.04405179483524621,0.24405179483524622,0.14405179483524622
nonlinear_audit,full,evaluation,default,mild,,,"{""center"":""original""}","{""ridge"":1.0}",20,horizon,100,policy_omega,20,2.814828315564808,0.0,0.0,2.814828315564808,2.814828315564808,0.0
nonlinear_audit,full,evaluation,default,mild,,,"{""center"":""original""}","{""ridge"":1.0}",20,horizon,100,policy_optimism_violation_count,20,0.7,0.6569466853317864,0.14689774459950383,0.3925394870149102,1.0074605129850898,0.30746051298508975
nonlinear_audit,full,evaluation,default,mild,,,"{""center"":""original""}","{""ridge"":1.0}",20,horizon,100,policy_original_optimism_violation_count,20,0.7,0.6569466853317864,0.14689774459950383,0.3925394870149102,1.0074605129850898,0.30746051298508975
nonlinear_audit,full,evaluation,default,mild,,,"{""center"":""original""}","{""ridge"":1.0}",20,horizon,100,policy_transfer_factor,20,1.25,0.0,0.0,1.25,1.25,0.0
nonlinear_audit,full,evaluation,default,mild,,,"{""center"":""original""}","{""ridge"":1.0}",20,horizon,100,posthoc_E_including_round,20,0.3969489233203703,0.043237212212795334,0.009668134566539446,0.3767132851113468,0.4171845615293938,0.020235638209023507
nonlinear_audit,full,evaluation,default,mild,,,"{""center"":""original""}","{""ridge"":1.0}",20,horizon,100,posthoc_E_prior,20,0.3894053570238436,0.040720509928370514,0.009105382827829156,0.37034757174060084,0.40846314230708636,0.019057785283242774
nonlinear_audit,full,evaluation,default,mild,,,"{""center"":""original""}","{""ridge"":1.0}",20,horizon,100,posthoc_F_including_round,20,0.002472726932924029,0.000629277357243238,0.00014071069474972997,0.0021782160641003394,0.0027672378017477186,0.00029451086882368975
nonlinear_audit,full,evaluation,default,mild,,,"{""center"":""original""}","{""ridge"":1.0}",20,horizon,100,posthoc_F_prior,20,0.0024044320798842157,0.0005755156174158368,0.0001286892042654573,0.0021350824798139494,0.002673781679954482,0.0002693496000702665
nonlinear_audit,full,evaluation,default,mild,,,"{""center"":""original""}","{""ridge"":1.0}",20,horizon,100,posthoc_Gamma_dynamic,20,170.5069325548266,1.3963221321084853,0.31222712058820146,169.85343368099683,171.16043142865635,0.6534988738297494
nonlinear_audit,full,evaluation,default,mild,,,"{""center"":""original""}","{""ridge"":1.0}",20,horizon,100,posthoc_Lambda_algorithmic,20,163.99623479150503,1.0817491091495255,0.24188645426581787,163.48996062429114,164.50250895871892,0.5062741672138921
nonlinear_audit,full,evaluation,default,mild,,,"{""center"":""original""}","{""ridge"":1.0}",20,horizon,100,posthoc_Lambda_cg_observable_bound,20,166.84663377700377,1.1165139073523784,0.24966009946638204,166.32408918339468,167.36917837061287,0.5225445936091085
nonlinear_audit,full,evaluation,default,mild,,,"{""center"":""original""}","{""ridge"":1.0}",20,horizon,100,posthoc_V_variation_charge,20,1.5855063403340588e-05,7.090599911487745e-05,1.5855063403340588e-05,-1.7329965684020128e-05,4.90400924907013e-05,3.3185029087360716e-05
nonlinear_audit,full,evaluation,default,mild,,,"{""center"":""original""}","{""ridge"":1.0}",20,horizon,100,posthoc_actionwise_required_transfer,20,3.1832527422025256,1.1729028325465436,0.2622690464576124,2.6343173192400124,3.732188165165039,0.548935422962513
nonlinear_audit,full,evaluation,default,mild,,,"{""center"":""original""}","{""ridge"":1.0}",20,horizon,100,posthoc_beta_exact_teacher_diagnostic,20,15.136248491696055,0.06855554685977323,0.015329486301312518,15.104163508125685,15.168333475266424,0.032084983570369756
nonlinear_audit,full,evaluation,default,mild,,,"{""center"":""original""}","{""ridge"":1.0}",20,horizon,100,posthoc_centering_ratio,20,4.641777826515913,1.519950591572673,0.33987128451975157,3.9304190526134226,5.353136600418403,0.7113587739024902
nonlinear_audit,full,evaluation,default,mild,,,"{""center"":""original""}","{""ridge"":1.0}",20,horizon,100,posthoc_cg_max_energy_error,20,6.731441249377637e-05,2.0775852639754604e-05,4.645621879300974e-06,5.75910141527139e-05,7.703781083483885e-05,9.723398341062472e-06
nonlinear_audit,full,evaluation,default,mild,,,"{""center"":""original""}","{""ridge"":1.0}",20,horizon,100,posthoc_chi_frobenius_primitive,20,6.156538416470259,0.3323054886955485,0.07430576620195344,6.00101466042833,6.312062172512187,0.15552375604192845
nonlinear_audit,full,evaluation,default,mild,,,"{""center"":""original""}","{""ridge"":1.0}",20,horizon,100,posthoc_chi_operator_norm,20,2.5295749336368956,0.19742948092599077,0.04414657401130135,2.437175092311525,2.621974774962266,0.09239984132537042
nonlinear_audit,full,evaluation,default,mild,,,"{""center"":""original""}","{""ridge"":1.0}",20,horizon,100,posthoc_coarse_psi,20,683.2998498152688,78.25488209833242,17.498323594310264,646.675437620557,719.9242620099806,36.62441219471184
nonlinear_audit,full,evaluation,default,mild,,,"{""center"":""original""}","{""ridge"":1.0}",20,horizon,100,posthoc_condition_number_C,20,4256.264152924578,776.0570055650295,173.53162188583386,3893.058294117041,4619.470011732116,363.2058588075376
nonlinear_audit,full,evaluation,default,mild,,,"{""center"":""original""}","{""ridge"":1.0}",20,horizon,100,posthoc_condition_number_Cbar,20,4026.259985031486,747.3260272877898,167.10717983703606,3676.5006379682345,4376.019332094737,349.7593470632516
nonlinear_audit,full,evaluation,default,mild,,,"{""center"":""original""}","{""ridge"":1.0}",20,horizon,100,posthoc_corrected_center_identity_error,20,9.905271047827569e-17,4.732330729627614e-17,1.0581813203458523e-17,7.690472090418156e-17,1.2120070005236981e-16,2.214798957409413e-17
nonlinear_audit,full,evaluation,default,mild,,,"{""center"":""original""}","{""ridge"":1.0}",20,horizon,100,posthoc_corrected_optimism_violation_count,20,0.0,0.0,0.0,0.0,0.0,0.0
nonlinear_audit,full,evaluation,default,mild,,,"{""center"":""original""}","{""ridge"":1.0}",20,horizon,100,posthoc_dynamic_identity_residual,20,-3.552713678800501e-14,7.194620313880511e-14,1.6087660094137696e-14,-6.919899634417984e-14,-1.855277231830174e-15,3.3671859556174835e-14
nonlinear_audit,full,evaluation,default,mild,,,"{""center"":""original""}","{""ridge"":1.0}",20,horizon,100,posthoc_dynamic_identity_rhs,20,163.99623479150506,1.0817491091495142,0.24188645426581531,163.48996062429117,164.50250895871895,0.5062741672138867
nonlinear_audit,full,evaluation,default,mild,,,"{""center"":""original""}","{""ridge"":1.0}",20,horizon,100,posthoc_endpoint_logdet,20,170.50691669976317,1.3963107375350408,0.3122245726841218,169.85342315875795,171.16041024076839,0.6534935410052223
nonlinear_audit,full,evaluation,default,mild,,,"{""center"":""original""}","{""ridge"":1.0}",20,horizon,100,posthoc_epsilon_lin,20,0.007543566296526682,0.0034624999440958024,0.0007742385247087435,0.00592306644046168,0.009164066152591684,0.0016204998560650017
nonlinear_audit,full,evaluation,default,mild,,,"{""center"":""original""}","{""ridge"":1.0}",20,horizon,100,posthoc_exact_diagnostic_S_sum,20,229473454.93217245,43155252.96189946,9649807.920900634,209276174.8333076,249670735.0310373,20197280.098864857
nonlinear_audit,full,evaluation,default,mild,,,"{""center"":""original""}","{""ridge"":1.0}",20,horizon,100,posthoc_gamma_frozen_prior,20,170.9077609454037,1.537167994287198,0.3437212128063183,170.1883441789897,171.62717771181772,0.7194167664140214
nonlinear_audit,full,evaluation,default,mild,,,"{""center"":""original""}","{""ridge"":1.0}",20,horizon,100,posthoc_generalized_eigen_residual,20,4.3831455973051725e-13,1.6431365658856209e-13,3.67416505763581e-14,3.6141340127553484e-13,5.152157181854997e-13,7.69011584549824e-14
nonlinear_audit,full,evaluation,default,mild,,,"{""center"":""original""}","{""ridge"":1.0}",20,horizon,100,posthoc_generalized_eigenvalue_C_over_Cbar,20,7.79961745317844,1.0610687916357122,0.23726219469010126,7.303021972490351,8.29621293386653,0.49659548068808923
nonlinear_audit,full,evaluation,default,mild,,,"{""center"":""original""}","{""ridge"":1.0}",20,horizon,100,posthoc_gradient_bound_seen,20,1.6349012557785094,0.006322185178179678,0.0014136835824751378,1.631942382035067,1.637860129521952,0.0029588737434425756
nonlinear_audit,full,evaluation,default,mild,,,"{""center"":""original""}","{""ridge"":1.0}",20,horizon,100,posthoc_mismatch_gradient_identity_residual,20,3.964071872098223e-13,1.1050439536089984e-13,2.4709533983948446e-14,3.4468953820819863e-13,4.4812483621144595e-13,5.1717649001623665e-14
nonlinear_audit,full,evaluation,default,mild,,,"{""center"":""original""}","{""ridge"":1.0}",20,horizon,100,posthoc_mismatch_norm,20,39.7148536611235,4.535368380783101,1.0141392002434164,37.592235920495625,41.83747140175137,2.122617740627875
nonlinear_audit,full,evaluation,default,mild,,,"{""center"":""original""}","{""ridge"":1.0}",20,horizon,100,posthoc_optimizer_residual_zeta,20,643.5849961541453,76.12641980068817,17.022384955802472,607.9567349782526,679.213257330038,35.62826117589269
nonlinear_audit,full,evaluation,default,mild,,,"{""center"":""original""}","{""ridge"":1.0}",20,horizon,100,posthoc_original_optimism_violation_count,20,0.0,0.0,0.0,0.0,0.0,0.0
nonlinear_audit,full,evaluation,default,mild,,,"{""center"":""original""}","{""ridge"":1.0}",20,horizon,100,posthoc_policy_S_sum,20,1075.7177560141786,0.0,0.0,1075.7177560141786,1075.7177560141786,0.0
nonlinear_audit,full,evaluation,default,mild,,,"{""center"":""original""}","{""ridge"":1.0}",20,horizon,100,posthoc_primitive_psi,20,671.1778480308066,78.1176223825558,17.467631388805383,634.6176753604993,707.7380207011138,36.56017267030728
nonlinear_audit,full,evaluation,default,mild,,,"{""center"":""original""}","{""ridge"":1.0}",20,horizon,100,posthoc_regret_minus_policy_theorem_rhs,20,-1356.4654604259395,6.5380753588925735,1.4619580944500128,-1359.5253738841602,-1353.4055469677187,3.059913458220811
nonlinear_audit,full,evaluation,default,mild,,,"{""center"":""original""}","{""ridge"":1.0}",20,horizon,100,posthoc_theorem_rhs_using_exact_diagnostics,20,632909.7711018666,59506.78805039523,13306.122320335591,605059.737014505,660759.8051892283,27850.03408736169
nonlinear_audit,full,evaluation,default,mild,,,"{""center"":""original""}","{""ridge"":1.0}",20,horizon,100,posthoc_theorem_rhs_using_policy_schedule,20,1376.7213513597624,6.466797502947574,1.4460198813316671,1373.6947969649825,1379.7479057545422,3.0265543947798275
nonlinear_audit,full,evaluation,default,mild,,,"{""center"":""original""}","{""ridge"":1.0}",20,horizon,100,posthoc_theta_hat_lin_norm,20,2.391835660466635,0.22116427857498783,0.04945383610883731,2.2883275919080726,2.4953437290251976,0.10350806855856268
nonlinear_audit,full,evaluation,default,mild,,,"{""center"":""original""}","{""ridge"":1.0}",20,horizon,100,posthoc_theta_hat_normal_equation_residual,20,3.9029033593699446e-13,7.048260460886714e-14,1.5760389513666687e-14,3.573034615780456e-13,4.2327721029594333e-13,3.298687435894884e-14
nonlinear_audit,full,evaluation,default,mild,,,"{""center"":""original""}","{""ridge"":1.0}",20,horizon,100,posthoc_transfer_factor_one_plus_chi_squared,20,12.494928692099668,1.4012778805953927,0.31333525963781317,11.839110456583452,13.150746927615884,0.6558182355162158
nonlinear_audit,full,evaluation,default,mild,,,"{""center"":""original""}","{""ridge"":1.0}",20,horizon,100,posthoc_whitened_curvature_difference_operator_norm,20,6.799617453178175,1.0610687916355468,0.23726219469006427,6.303021972490162,7.296212933866187,0.4965954806880118
nonlinear_audit,full,evaluation,default,mild,,,"{""center"":""original""}","{""ridge"":1.0}",20,horizon,100,psi_t,20,671.1778480308066,78.1176223825558,17.467631388805383,634.6176753604993,707.7380207011138,36.56017267030728
nonlinear_audit,full,evaluation,default,mild,,,"{""center"":""original""}","{""ridge"":1.0}",20,horizon,100,realized_noise,20,0.0434185099502319,0.09820006328812295,0.02195820169070244,-0.0025405343799575,0.0893775542804213,0.0459590443301894
nonlinear_audit,full,evaluation,default,mild,,,"{""center"":""original""}","{""ridge"":1.0}",20,horizon,100,round_number,20,100.0,0.0,0.0,100.0,100.0,0.0
nonlinear_audit,full,evaluation,default,mild,,,"{""center"":""original""}","{""ridge"":1.0}",20,horizon,100,round_runtime_seconds,20,0.047463500101002865,0.0013949511672742498,0.0003119205635317902,0.046810642858466235,0.048116357343539494,0.000652857242536632
nonlinear_audit,full,evaluation,default,mild,,,"{""center"":""original""}","{""ridge"":1.0}",20,horizon,100,runtime_seconds,20,2.503720943746157,0.05287314215711999,0.011822794004733015,2.4789755515039364,2.528466335988378,0.02474539224222054
nonlinear_audit,full,evaluation,default,mild,,,"{""center"":""original""}","{""ridge"":1.0}",20,horizon,100,selected_action,20,1.85,1.5312533566021214,0.34239865961370697,1.1333513692313488,2.5666486307686514,0.7166486307686514
nonlinear_audit,full,evaluation,default,mild,,,"{""center"":""original""}","{""ridge"":1.0}",20,horizon,100,theorem_rhs,20,1376.7213513597624,6.466797502947574,1.4460198813316671,1373.6947969649825,1379.7479057545422,3.0265543947798275
nonlinear_audit,full,evaluation,default,mild,,,"{""center"":""original""}","{""ridge"":1.0}",20,horizon,100,theory_factor,20,10.946607063698272,0.0,0.0,10.946607063698272,10.946607063698272,0.0
nonlinear_audit,full,evaluation,default,mild,,,"{""center"":""original""}","{""ridge"":1.0}",20,horizon,100,training_gradient_norm_after_update,20,642.9246942486777,76.28495511423218,17.057834529594338,607.2222362621201,678.6271522352354,35.70245798655759
nonlinear_audit,full,evaluation,default,mild,,,"{""center"":""original""}","{""ridge"":1.0}",20,horizon,100,training_objective_after_update,20,263.1730827037033,30.87155008360955,6.903088455774026,248.72475251605997,277.62141289134667,14.448330187643343
nonlinear_audit,full,evaluation,default,mild,,,"{""center"":""original""}","{""ridge"":1.0}",20,horizon,100,u_t,20,1.25,0.0,0.0,1.25,1.25,0.0
nonlinear_audit,full,evaluation,nonlinear_regime_center_rank_audit,mean_policy_schedule_theorem_rhs,mean_cumulative_pseudo_regret,descriptive_noncausal_nonindependent,{},{},8,hypothesis_audit,,spearman_rho,8,0.8313253012048193,,,,,
nonlinear_audit,full,evaluation,nonlinear_regime_center_rank_audit,mean_posthoc_relative_curvature_change_operator_norm,mean_cumulative_pseudo_regret,descriptive_noncausal_nonindependent,{},{},8,hypothesis_audit,,spearman_rho,8,0.5662650602409639,,,,,
nonlinear_audit,full,evaluation,nonlinear_regime_center_rank_audit,policy_schedule_rhs_has_stronger_rank_alignment_with_regret_than_relative_curvature_change,,descriptively_supported_not_inferential,{},{},8,hypothesis_audit,,hypothesis_status,8,,,,,,
nonlinear_audit,full,evaluation,nonlinear_regime_center_rank_audit,optimism_violation_rate_increases_monotonically_with_drift,,failed_or_mixed,{},{},8,hypothesis_audit,,hypothesis_status,8,,,,,,
