experiment,profile,seed_set,comparison,method,reference_method,difference_direction,variant_json,hyperparameters_json,run_count,scope,horizon,metric,n,mean,standard_deviation,standard_error,ci95_low,ci95_high,ci95_half_width
operator_ablation,full,evaluation,default,diagonal,,,"{""operator_kind"":""diagonal""}",{},20,summary,,Gamma_dynamic_T,20,304.2931728199886,0.0006381765778845652,0.00014270062097980767,304.2928741441563,304.29347149582094,0.0002986758322897404
operator_ablation,full,evaluation,default,diagonal,,,"{""operator_kind"":""diagonal""}",{},20,summary,,Lambda_alg_T,20,176.2854425861752,0.0005414842032250139,0.0001210795487153442,176.28518916376726,176.28569600858316,0.000253422407958118
operator_ablation,full,evaluation,default,diagonal,,,"{""operator_kind"":""diagonal""}",{},20,summary,,V_alg_T,20,0.0,0.0,0.0,0.0,0.0,0.0
operator_ablation,full,evaluation,default,diagonal,,,"{""operator_kind"":""diagonal""}",{},20,summary,,action_disagreement_count,20,443.2,11.180810628741973,2.5001052609419214,437.9672195502958,448.4327804497042,5.232780449704203
operator_ablation,full,evaluation,default,diagonal,,,"{""operator_kind"":""diagonal""}",{},20,summary,,action_disagreement_rate,20,0.8864000000000001,0.022361621257483966,0.0050002105218838475,0.8759344391005917,0.8968655608994085,0.010465560899408416
operator_ablation,full,evaluation,default,diagonal,,,"{""operator_kind"":""diagonal""}",{},20,summary,,action_disagreement_with_full_count,20,443.2,11.180810628741973,2.5001052609419214,437.9672195502958,448.4327804497042,5.232780449704203
operator_ablation,full,evaluation,default,diagonal,,,"{""operator_kind"":""diagonal""}",{},20,summary,,action_set_max_cbar_width_squared_over_chat_width_squared,20,16.606196268249317,2.114066720890615,0.472719689688149,15.616782586739589,17.595609949759044,0.9894136815097272
operator_ablation,full,evaluation,default,diagonal,,,"{""operator_kind"":""diagonal""}",{},20,summary,,action_set_transfer_max,20,16.606196268249317,2.114066720890615,0.472719689688149,15.616782586739589,17.595609949759044,0.9894136815097272
operator_ablation,full,evaluation,default,diagonal,,,"{""operator_kind"":""diagonal""}",{},20,summary,,cumulative_pseudo_regret,20,32.57481031553611,3.5143301889160408,0.7858281197795944,30.930053158206967,34.21956747286526,1.6447571573291448
operator_ablation,full,evaluation,default,diagonal,,,"{""operator_kind"":""diagonal""}",{},20,summary,,dynamic_identity_residual,20,-8.640199666842818e-13,1.861225117677316e-13,4.161825884556524e-14,-9.511279835506412e-13,-7.769119498179224e-13,8.710801686635942e-14
operator_ablation,full,evaluation,default,diagonal,,,"{""operator_kind"":""diagonal""}",{},20,summary,,endpoint_logdet_T,20,304.2931728199886,0.0006381765778845652,0.00014270062097980767,304.2928741441563,304.29347149582094,0.0002986758322897404
operator_ablation,full,evaluation,default,diagonal,,,"{""operator_kind"":""diagonal""}",{},20,summary,,exact_global_kappa_plus_max,20,334.587873841858,0.28792650091969174,0.06438232285800864,334.45312009143754,334.7226275922785,0.13475375042049398
operator_ablation,full,evaluation,default,diagonal,,,"{""operator_kind"":""diagonal""}",{},20,summary,,exact_global_kappa_plus_min,20,1.0,0.0,0.0,1.0,1.0,0.0
operator_ablation,full,evaluation,default,diagonal,,,"{""operator_kind"":""diagonal""}",{},20,summary,,kappa_plus_max,20,334.587873841858,0.28792650091969174,0.06438232285800864,334.45312009143754,334.7226275922785,0.13475375042049398
operator_ablation,full,evaluation,default,diagonal,,,"{""operator_kind"":""diagonal""}",{},20,summary,,kappa_plus_min,20,1.0,0.0,0.0,1.0,1.0,0.0
operator_ablation,full,evaluation,default,diagonal,,,"{""operator_kind"":""diagonal""}",{},20,summary,,max_relative_width_distortion,20,0.832430810360599,0.15369322669816152,0.03436685025783747,0.7605001660966968,0.9043614546245011,0.07193064426390221
operator_ablation,full,evaluation,default,diagonal,,,"{""operator_kind"":""diagonal""}",{},20,summary,,mean_cg_iterations,20,0.0,0.0,0.0,0.0,0.0,0.0
operator_ablation,full,evaluation,default,diagonal,,,"{""operator_kind"":""diagonal""}",{},20,summary,,optimism_violation_count,20,0.0,0.0,0.0,0.0,0.0,0.0
operator_ablation,full,evaluation,default,diagonal,,,"{""operator_kind"":""diagonal""}",{},20,summary,,optimism_violation_rate,20,0.0,0.0,0.0,0.0,0.0,0.0
operator_ablation,full,evaluation,default,diagonal,,,"{""operator_kind"":""diagonal""}",{},20,summary,,optimism_violation_rounds,20,0.0,0.0,0.0,0.0,0.0,0.0
operator_ablation,full,evaluation,default,diagonal,,,"{""operator_kind"":""diagonal""}",{},20,summary,,peak_host_memory_bytes,20,1159515340.8,592165196.5061066,132412163.32971753,882373497.8546593,1436657183.7453406,277141842.9453406
operator_ablation,full,evaluation,default,diagonal,,,"{""operator_kind"":""diagonal""}",{},20,summary,,rounds,20,500.0,0.0,0.0,500.0,500.0,0.0
operator_ablation,full,evaluation,default,diagonal,,,"{""operator_kind"":""diagonal""}",{},20,summary,,runtime_seconds,20,0.4382876529241912,0.009768225381452314,0.002184241597246619,0.4337159827205148,0.4428593231278676,0.0045716702036763986
operator_ablation,full,evaluation,default,diagonal,,,"{""operator_kind"":""diagonal""}",{},20,summary,,seed,20,129.5,5.916079783099616,1.3228756555322954,126.73118943197974,132.26881056802026,2.768810568020254
operator_ablation,full,evaluation,default,diagonal,,,"{""operator_kind"":""diagonal""}",{},20,summary,,width_distortion_max,20,0.832430810360599,0.15369322669816152,0.03436685025783747,0.7605001660966968,0.9043614546245011,0.07193064426390221
operator_ablation,full,evaluation,default,diagonal,,,"{""operator_kind"":""diagonal""}",{},20,horizon,500,C_Cbar_max_abs,20,0.0,0.0,0.0,0.0,0.0,0.0
operator_ablation,full,evaluation,default,diagonal,,,"{""operator_kind"":""diagonal""}",{},20,horizon,500,E_T,20,0.0,0.0,0.0,0.0,0.0,0.0
operator_ablation,full,evaluation,default,diagonal,,,"{""operator_kind"":""diagonal""}",{},20,horizon,500,E_t,20,0.0,0.0,0.0,0.0,0.0,0.0
operator_ablation,full,evaluation,default,diagonal,,,"{""operator_kind"":""diagonal""}",{},20,horizon,500,F_T,20,0.0,0.0,0.0,0.0,0.0,0.0
operator_ablation,full,evaluation,default,diagonal,,,"{""operator_kind"":""diagonal""}",{},20,horizon,500,F_t,20,0.0,0.0,0.0,0.0,0.0,0.0
operator_ablation,full,evaluation,default,diagonal,,,"{""operator_kind"":""diagonal""}",{},20,horizon,500,Gamma_dynamic_T,20,304.2931728199886,0.0006381765778845652,0.00014270062097980767,304.2928741441563,304.29347149582094,0.0002986758322897404
operator_ablation,full,evaluation,default,diagonal,,,"{""operator_kind"":""diagonal""}",{},20,horizon,500,Gamma_dynamic_cumulative,20,304.2931728199886,0.0006381765778845652,0.00014270062097980767,304.2928741441563,304.29347149582094,0.0002986758322897404
operator_ablation,full,evaluation,default,diagonal,,,"{""operator_kind"":""diagonal""}",{},20,horizon,500,Lambda_alg_T,20,176.2854425861752,0.0005414842032250139,0.0001210795487153442,176.28518916376726,176.28569600858316,0.000253422407958118
operator_ablation,full,evaluation,default,diagonal,,,"{""operator_kind"":""diagonal""}",{},20,horizon,500,Lambda_alg_cumulative,20,176.2854425861752,0.0005414842032250139,0.0001210795487153442,176.28518916376726,176.28569600858316,0.000253422407958118
operator_ablation,full,evaluation,default,diagonal,,,"{""operator_kind"":""diagonal""}",{},20,horizon,500,S_T,20,31999998.11905969,40780.80119930785,9118.864365855728,31980912.116593067,32019084.121526312,19086.00246662281
operator_ablation,full,evaluation,default,diagonal,,,"{""operator_kind"":""diagonal""}",{},20,horizon,500,S_t_cumulative,20,31999998.11905969,40780.80119930785,9118.864365855728,31980912.116593067,32019084.121526312,19086.00246662281
operator_ablation,full,evaluation,default,diagonal,,,"{""operator_kind"":""diagonal""}",{},20,horizon,500,V_alg_T,20,0.0,0.0,0.0,0.0,0.0,0.0
operator_ablation,full,evaluation,default,diagonal,,,"{""operator_kind"":""diagonal""}",{},20,horizon,500,V_alg_cumulative,20,0.0,0.0,0.0,0.0,0.0,0.0
operator_ablation,full,evaluation,default,diagonal,,,"{""operator_kind"":""diagonal""}",{},20,horizon,500,action,20,2.65,1.1367080817685316,0.2541756541407826,2.118004241838375,3.1819957581616247,0.5319957581616248
operator_ablation,full,evaluation,default,diagonal,,,"{""operator_kind"":""diagonal""}",{},20,horizon,500,action_set_max_cbar_width_over_chat_width,20,1.8643480379449273,0.3381631596743754,0.0756155812518019,1.70608280749684,2.0226132683930147,0.15826523044808732
operator_ablation,full,evaluation,default,diagonal,,,"{""operator_kind"":""diagonal""}",{},20,horizon,500,action_set_max_cbar_width_squared_over_chat_width_squared,20,3.5844302130220087,1.3050384945485969,0.2918154787064651,2.9736533966407017,4.195207029403316,0.6107768163813071
operator_ablation,full,evaluation,default,diagonal,,,"{""operator_kind"":""diagonal""}",{},20,horizon,500,action_set_transfer,20,3.5844302130220087,1.3050384945485969,0.2918154787064651,2.9736533966407017,4.195207029403316,0.6107768163813071
operator_ablation,full,evaluation,default,diagonal,,,"{""operator_kind"":""diagonal""}",{},20,horizon,500,all_action_optimism_violation_rate,20,0.0,0.0,0.0,0.0,0.0,0.0
operator_ablation,full,evaluation,default,diagonal,,,"{""operator_kind"":""diagonal""}",{},20,horizon,500,alpha_t,20,1.0,0.0,0.0,1.0,1.0,0.0
operator_ablation,full,evaluation,default,diagonal,,,"{""operator_kind"":""diagonal""}",{},20,horizon,500,bar_chi_t,20,0.0,0.0,0.0,0.0,0.0,0.0
operator_ablation,full,evaluation,default,diagonal,,,"{""operator_kind"":""diagonal""}",{},20,horizon,500,bar_psi_t,20,0.0,0.0,0.0,0.0,0.0,0.0
operator_ablation,full,evaluation,default,diagonal,,,"{""operator_kind"":""diagonal""}",{},20,horizon,500,beta_t,20,20.206043843304336,0.0,0.0,20.206043843304336,20.206043843304336,0.0
operator_ablation,full,evaluation,default,diagonal,,,"{""operator_kind"":""diagonal""}",{},20,horizon,500,bonus_lower_slack_min,20,26.977515194781585,0.5824517026763831,0.13024016007948888,26.704919406885224,27.250110982677946,0.27259578789635897
operator_ablation,full,evaluation,default,diagonal,,,"{""operator_kind"":""diagonal""}",{},20,horizon,500,bonus_upper_slack_min,20,0.0,0.0,0.0,0.0,0.0,0.0
operator_ablation,full,evaluation,default,diagonal,,,"{""operator_kind"":""diagonal""}",{},20,horizon,500,cg_certified_epsilon,20,0.0,0.0,0.0,0.0,0.0,0.0
operator_ablation,full,evaluation,default,diagonal,,,"{""operator_kind"":""diagonal""}",{},20,horizon,500,cg_energy_error_max,20,0.0,0.0,0.0,0.0,0.0,0.0
operator_ablation,full,evaluation,default,diagonal,,,"{""operator_kind"":""diagonal""}",{},20,horizon,500,cg_sandwich_lower_slack_min,20,0.0,0.0,0.0,0.0,0.0,0.0
operator_ablation,full,evaluation,default,diagonal,,,"{""operator_kind"":""diagonal""}",{},20,horizon,500,cg_sandwich_upper_slack_min,20,0.0,0.0,0.0,0.0,0.0,0.0
operator_ablation,full,evaluation,default,diagonal,,,"{""operator_kind"":""diagonal""}",{},20,horizon,500,chi_t,20,0.0,0.0,0.0,0.0,0.0,0.0
operator_ablation,full,evaluation,default,diagonal,,,"{""operator_kind"":""diagonal""}",{},20,horizon,500,confidence_ratio_max,20,1.622808796049321,0.49943330744120285,0.11167668256660811,1.3890668131208892,1.8565507789777527,0.2337419829284318
operator_ablation,full,evaluation,default,diagonal,,,"{""operator_kind"":""diagonal""}",{},20,horizon,500,cumulative_pseudo_regret,20,32.57481031553611,3.5143301889160408,0.7858281197795944,30.930053158206967,34.21956747286526,1.6447571573291448
operator_ablation,full,evaluation,default,diagonal,,,"{""operator_kind"":""diagonal""}",{},20,horizon,500,dynamic_bound_slack,20,128.00773023381345,0.000155741056137504,3.4824758841106973e-05,128.0076573447555,128.0078031228714,7.288905794340531e-05
operator_ablation,full,evaluation,default,diagonal,,,"{""operator_kind"":""diagonal""}",{},20,horizon,500,dynamic_identity_residual,20,-8.640199666842818e-13,1.861225117677316e-13,4.161825884556524e-14,-9.511279835506412e-13,-7.769119498179224e-13,8.710801686635942e-14
operator_ablation,full,evaluation,default,diagonal,,,"{""operator_kind"":""diagonal""}",{},20,horizon,500,dynamic_identity_rhs,20,176.2854425861761,0.000541484203159474,0.00012107954870068902,176.28518916376817,176.285696008584,0.00025342240792744443
operator_ablation,full,evaluation,default,diagonal,,,"{""operator_kind"":""diagonal""}",{},20,horizon,500,endpoint_logdet,20,304.2931728199886,0.0006381765778845652,0.00014270062097980767,304.2928741441563,304.29347149582094,0.0002986758322897404
operator_ablation,full,evaluation,default,diagonal,,,"{""operator_kind"":""diagonal""}",{},20,horizon,500,exact_global_kappa_plus,20,334.587873841858,0.28792650091969174,0.06438232285800864,334.45312009143754,334.7226275922785,0.13475375042049398
operator_ablation,full,evaluation,default,diagonal,,,"{""operator_kind"":""diagonal""}",{},20,horizon,500,gamma_upper_t,20,324.1334518928847,0.0,0.0,324.1334518928847,324.1334518928847,0.0
operator_ablation,full,evaluation,default,diagonal,,,"{""operator_kind"":""diagonal""}",{},20,horizon,500,global_kappa_plus_C_hat_C_full,20,334.587873841858,0.28792650091969174,0.06438232285800864,334.45312009143754,334.7226275922785,0.13475375042049398
operator_ablation,full,evaluation,default,diagonal,,,"{""operator_kind"":""diagonal""}",{},20,horizon,500,information_increment,20,0.10117418552942947,0.00041919196730038266,9.373417345055246e-05,0.10097799764967738,0.10137037340918156,0.00019618787975208695
operator_ablation,full,evaluation,default,diagonal,,,"{""operator_kind"":""diagonal""}",{},20,horizon,500,kappa_bar_t,20,8.113817820064792,0.06052578411451569,0.0135339767671534,8.085490881139338,8.142144758990247,0.028326938925455264
operator_ablation,full,evaluation,default,diagonal,,,"{""operator_kind"":""diagonal""}",{},20,horizon,500,kappa_plus,20,334.587873841858,0.28792650091969174,0.06438232285800864,334.45312009143754,334.7226275922785,0.13475375042049398
operator_ablation,full,evaluation,default,diagonal,,,"{""operator_kind"":""diagonal""}",{},20,horizon,500,kappa_t,20,8.113817820064792,0.06052578411451569,0.0135339767671534,8.085490881139338,8.142144758990247,0.028326938925455264
operator_ablation,full,evaluation,default,diagonal,,,"{""operator_kind"":""diagonal""}",{},20,horizon,500,max_chi_t,20,0.0,0.0,0.0,0.0,0.0,0.0
operator_ablation,full,evaluation,default,diagonal,,,"{""operator_kind"":""diagonal""}",{},20,horizon,500,max_psi_t,20,0.0,0.0,0.0,0.0,0.0,0.0
operator_ablation,full,evaluation,default,diagonal,,,"{""operator_kind"":""diagonal""}",{},20,horizon,500,max_relative_width_distortion,20,0.44774157572807916,0.0966046424294253,0.02160145474142554,0.40252921134406305,0.49295394011209526,0.045212364384016074
operator_ablation,full,evaluation,default,diagonal,,,"{""operator_kind"":""diagonal""}",{},20,horizon,500,max_theory_factor,20,136606.94501018626,117.55584333191678,26.286285684248128,136551.9271819481,136661.96283842443,55.0178282381801
operator_ablation,full,evaluation,default,diagonal,,,"{""operator_kind"":""diagonal""}",{},20,horizon,500,max_u_t,20,334.5878738418604,0.28792650091969174,0.06438232285800864,334.4531200914399,334.7226275922809,0.13475375042049398
operator_ablation,full,evaluation,default,diagonal,,,"{""operator_kind"":""diagonal""}",{},20,horizon,500,mean_cg_iterations,20,0.0,0.0,0.0,0.0,0.0,0.0
operator_ablation,full,evaluation,default,diagonal,,,"{""operator_kind"":""diagonal""}",{},20,horizon,500,mean_chi_t,20,0.0,0.0,0.0,0.0,0.0,0.0
operator_ablation,full,evaluation,default,diagonal,,,"{""operator_kind"":""diagonal""}",{},20,horizon,500,mean_psi_t,20,0.0,0.0,0.0,0.0,0.0,0.0
operator_ablation,full,evaluation,default,diagonal,,,"{""operator_kind"":""diagonal""}",{},20,horizon,500,mean_relative_width_distortion,20,0.24232245474257308,0.05325665939820708,0.011908551066894407,0.21739757090641335,0.2672473385787328,0.024924883836159723
operator_ablation,full,evaluation,default,diagonal,,,"{""operator_kind"":""diagonal""}",{},20,horizon,500,mean_round_runtime_seconds,20,0.0009704333497211337,3.640704942261395e-05,8.140863736915926e-06,0.0009533943260961083,0.000987472373346159,1.7039023625025344e-05
operator_ablation,full,evaluation,default,diagonal,,,"{""operator_kind"":""diagonal""}",{},20,horizon,500,mean_theory_factor,20,136606.94501018626,117.55584333191678,26.286285684248128,136551.9271819481,136661.96283842443,55.0178282381801
operator_ablation,full,evaluation,default,diagonal,,,"{""operator_kind"":""diagonal""}",{},20,horizon,500,mean_u_t,20,334.5878738418604,0.28792650091969174,0.06438232285800864,334.4531200914399,334.7226275922809,0.13475375042049398
operator_ablation,full,evaluation,default,diagonal,,,"{""operator_kind"":""diagonal""}",{},20,horizon,500,noise,20,-0.12428312308502396,0.28978733638402343,0.06479841831732745,-0.2599077713108023,0.011341525140754372,0.13562464822577833
operator_ablation,full,evaluation,default,diagonal,,,"{""operator_kind"":""diagonal""}",{},20,horizon,500,omega_t,20,20.206043843304336,0.0,0.0,20.206043843304336,20.206043843304336,0.0
operator_ablation,full,evaluation,default,diagonal,,,"{""operator_kind"":""diagonal""}",{},20,horizon,500,operator_condition_number,20,8.113817820064792,0.06052578411451569,0.0135339767671534,8.085490881139338,8.142144758990247,0.028326938925455264
operator_ablation,full,evaluation,default,diagonal,,,"{""operator_kind"":""diagonal""}",{},20,horizon,500,operator_min_eigenvalue,20,198.79999999999998,0.6155870112510925,0.13764944032233706,198.51189641032948,199.08810358967048,0.28810358967049243
operator_ablation,full,evaluation,default,diagonal,,,"{""operator_kind"":""diagonal""}",{},20,horizon,500,optimal_action,20,1.9,1.4832396974191326,0.33166247903553997,1.2058224534339232,2.5941775465660766,0.6941775465660766
operator_ablation,full,evaluation,default,diagonal,,,"{""operator_kind"":""diagonal""}",{},20,horizon,500,optimal_mean,20,0.35904603128039303,0.06404693033427485,0.014321328997763188,0.32907114519697944,0.3890209173638066,0.029974886083413588
operator_ablation,full,evaluation,default,diagonal,,,"{""operator_kind"":""diagonal""}",{},20,horizon,500,optimism_violation_count,20,0.0,0.0,0.0,0.0,0.0,0.0
operator_ablation,full,evaluation,default,diagonal,,,"{""operator_kind"":""diagonal""}",{},20,horizon,500,optimism_violation_max,20,0.0,0.0,0.0,0.0,0.0,0.0
operator_ablation,full,evaluation,default,diagonal,,,"{""operator_kind"":""diagonal""}",{},20,horizon,500,optimism_violation_rate,20,0.0,0.0,0.0,0.0,0.0,0.0
operator_ablation,full,evaluation,default,diagonal,,,"{""operator_kind"":""diagonal""}",{},20,horizon,500,peak_host_memory_bytes,20,1159515340.8,592165196.5061066,132412163.32971753,882373497.8546593,1436657183.7453406,277141842.9453406
operator_ablation,full,evaluation,default,diagonal,,,"{""operator_kind"":""diagonal""}",{},20,horizon,500,policy_transfer_factor,20,334.5878738418604,0.28792650091969174,0.06438232285800864,334.4531200914399,334.7226275922809,0.13475375042049398
operator_ablation,full,evaluation,default,diagonal,,,"{""operator_kind"":""diagonal""}",{},20,horizon,500,pseudo_regret,20,0.019097718241315027,0.02993914968364623,0.00669459738811743,0.00508576487340621,0.033109671609223845,0.014011953367908817
operator_ablation,full,evaluation,default,diagonal,,,"{""operator_kind"":""diagonal""}",{},20,horizon,500,psi_t,20,0.0,0.0,0.0,0.0,0.0,0.0
operator_ablation,full,evaluation,default,diagonal,,,"{""operator_kind"":""diagonal""}",{},20,horizon,500,reference_update_max_abs,20,2.1316282072803006e-14,1.670352197825861e-14,3.735021060704801e-15,1.3498793149026221e-14,2.913377099657979e-14,7.817488923776785e-15
operator_ablation,full,evaluation,default,diagonal,,,"{""operator_kind"":""diagonal""}",{},20,horizon,500,reward,20,0.21566518995405404,0.30599833407189264,0.06842330759864419,0.07245356126791294,0.35887681864019516,0.1432116286861411
operator_ablation,full,evaluation,default,diagonal,,,"{""operator_kind"":""diagonal""}",{},20,horizon,500,rho_minus,20,0.3222239179778557,0.010010160502350115,0.00223833993489383,0.3175390186521802,0.3269088173035312,0.0046848993256755145
operator_ablation,full,evaluation,default,diagonal,,,"{""operator_kind"":""diagonal""}",{},20,horizon,500,rho_plus,20,334.587873841858,0.28792650091969174,0.06438232285800864,334.45312009143754,334.7226275922785,0.13475375042049398
operator_ablation,full,evaluation,default,diagonal,,,"{""operator_kind"":""diagonal""}",{},20,horizon,500,ridge_normal_equation_residual,20,3.418788770698423e-13,1.11503872267687e-13,2.4933023814500174e-14,2.896934584769582e-13,3.9406429566272637e-13,5.218541859288407e-14
operator_ablation,full,evaluation,default,diagonal,,,"{""operator_kind"":""diagonal""}",{},20,horizon,500,round,20,500.0,0.0,0.0,500.0,500.0,0.0
operator_ablation,full,evaluation,default,diagonal,,,"{""operator_kind"":""diagonal""}",{},20,horizon,500,round_runtime_seconds,20,0.0009704333497211337,3.640704942261395e-05,8.140863736915926e-06,0.0009533943260961083,0.000987472373346159,1.7039023625025344e-05
operator_ablation,full,evaluation,default,diagonal,,,"{""operator_kind"":""diagonal""}",{},20,horizon,500,runtime_seconds,20,0.4382876529241912,0.009768225381452314,0.002184241597246619,0.4337159827205148,0.4428593231278676,0.0045716702036763986
operator_ablation,full,evaluation,default,diagonal,,,"{""operator_kind"":""diagonal""}",{},20,horizon,500,same_history_full_action,20,1.1,1.0711528467275955,0.23951705795753164,0.5986850362537773,1.6013149637462227,0.5013149637462228
operator_ablation,full,evaluation,default,diagonal,,,"{""operator_kind"":""diagonal""}",{},20,horizon,500,selected_action_optimism_violation_rate,20,0.0,0.0,0.0,0.0,0.0,0.0
operator_ablation,full,evaluation,default,diagonal,,,"{""operator_kind"":""diagonal""}",{},20,horizon,500,theorem_bound_slack,20,262843.56096691155,168.05284434425096,37.57775837659362,262764.9098147186,262922.2121191045,78.65115219295377
operator_ablation,full,evaluation,default,diagonal,,,"{""operator_kind"":""diagonal""}",{},20,horizon,500,theorem_rhs,20,262876.13577722706,167.41621019102595,37.435402652252705,262797.78257898946,262954.48897546466,78.3531982376255
operator_ablation,full,evaluation,default,diagonal,,,"{""operator_kind"":""diagonal""}",{},20,horizon,500,theory_factor,20,136606.94501018626,117.55584333191678,26.286285684248128,136551.9271819481,136661.96283842443,55.0178282381801
operator_ablation,full,evaluation,default,diagonal,,,"{""operator_kind"":""diagonal""}",{},20,horizon,500,transfer_slack_min,20,2.177231117398843,0.013643346296857529,0.003050744976034346,2.170845834780138,2.183616400017548,0.006385282618705185
operator_ablation,full,evaluation,default,diagonal,,,"{""operator_kind"":""diagonal""}",{},20,horizon,500,transition_logdet,20,0.004827717138752862,4.0011160645547734e-05,8.94676750621091e-06,0.004808991339153164,0.00484644293835256,1.8725799599698073e-05
operator_ablation,full,evaluation,default,diagonal,,,"{""operator_kind"":""diagonal""}",{},20,horizon,500,true_mean,20,0.339948313039078,0.06494159601712185,0.014521382326161405,0.30955471052716255,0.3703419155509935,0.030393602511915502
operator_ablation,full,evaluation,default,diagonal,,,"{""operator_kind"":""diagonal""}",{},20,horizon,500,u_t,20,334.5878738418604,0.28792650091969174,0.06438232285800864,334.4531200914399,334.7226275922809,0.13475375042049398
operator_ablation,full,evaluation,default,diagonal,,,"{""operator_kind"":""diagonal""}",{},20,horizon,500,variation_increment,20,0.0,0.0,0.0,0.0,0.0,0.0
operator_ablation,full,evaluation,default,diagonal,,,"{""operator_kind"":""diagonal""}",{},20,horizon,500,width_distortion,20,0.44774157572807916,0.0966046424294253,0.02160145474142554,0.40252921134406305,0.49295394011209526,0.045212364384016074
operator_ablation,full,evaluation,default,diagonal,,,"{""operator_kind"":""diagonal""}",{},20,horizon,500,width_dynamic_bound,20,931.8978417612152,0.001954415769781891,0.00043702065175298875,931.8969270664788,931.8987564559516,0.0009146947363922021
operator_ablation,full,evaluation,default,diagonal,,,"{""operator_kind"":""diagonal""}",{},20,horizon,500,width_dynamic_slack,20,904.7997450254346,0.0019141314168223229,0.0004280127965882698,904.7988491843557,904.8006408665135,0.0008958410788538192
operator_ablation,full,evaluation,default,diagonal,,,"{""operator_kind"":""diagonal""}",{},20,horizon,500,width_information_bound,20,539.8741679201614,0.001658295372360959,0.00037080611793724303,539.8733918140371,539.8749440262858,0.0007761061243644139
operator_ablation,full,evaluation,default,diagonal,,,"{""operator_kind"":""diagonal""}",{},20,horizon,500,width_information_slack,20,512.776071184381,0.0016189011587188402,0.0003619973039748503,512.7753135153162,512.7768288534457,0.0007576690648503181
operator_ablation,full,evaluation,default,diagonal,,,"{""operator_kind"":""diagonal""}",{},20,horizon,500,width_squared_cumulative,20,27.09809673578051,4.028435298150428e-05,9.00785516962399e-06,27.09807788212296,27.098115589438056,1.885365754864925e-05
operator_ablation,full,evaluation,default,diagonal,,,"{""operator_kind"":""diagonal""}",{},20,horizon,500,xi_min_eigenvalue,20,-0.08831698076282027,0.00033828728834793607,7.564333726700575e-05,-0.08847530408727583,-0.08815865743836471,0.0001583233244555635
operator_ablation,full,evaluation,default,frozen_gram,,,"{""operator_kind"":""frozen""}",{},20,summary,,Gamma_dynamic_T,20,258.34445490579395,0.34836737367829707,0.07789731286877431,258.18141395618585,258.50749585540206,0.16304094960811455
operator_ablation,full,evaluation,default,frozen_gram,,,"{""operator_kind"":""frozen""}",{},20,summary,,Lambda_alg_T,20,258.3444549057904,0.3483673736782185,0.07789731286875676,258.1814139561823,258.50749585539853,0.1630409496080778
operator_ablation,full,evaluation,default,frozen_gram,,,"{""operator_kind"":""frozen""}",{},20,summary,,V_alg_T,20,3.51187967595479e-12,8.218813514106807e-14,1.8377825711936746e-14,3.473414444671983e-12,3.5503449072375973e-12,3.8465231282807114e-14
operator_ablation,full,evaluation,default,frozen_gram,,,"{""operator_kind"":""frozen""}",{},20,summary,,action_disagreement_count,20,0.05,0.22360679774997896,0.049999999999999996,-0.05465120272041543,0.15465120272041544,0.10465120272041543
operator_ablation,full,evaluation,default,frozen_gram,,,"{""operator_kind"":""frozen""}",{},20,summary,,action_disagreement_rate,20,0.0001,0.00044721359549995795,0.0001,-0.00010930240544083088,0.0003093024054408309,0.0002093024054408309
operator_ablation,full,evaluation,default,frozen_gram,,,"{""operator_kind"":""frozen""}",{},20,summary,,action_disagreement_with_full_count,20,0.05,0.22360679774997896,0.049999999999999996,-0.05465120272041543,0.15465120272041544,0.10465120272041543
operator_ablation,full,evaluation,default,frozen_gram,,,"{""operator_kind"":""frozen""}",{},20,summary,,action_set_max_cbar_width_squared_over_chat_width_squared,20,1.000000000000003,7.894959864445977e-16,1.765366693653373e-16,1.0000000000000027,1.0000000000000036,3.6949549546677734e-16
operator_ablation,full,evaluation,default,frozen_gram,,,"{""operator_kind"":""frozen""}",{},20,summary,,action_set_transfer_max,20,1.000000000000003,7.894959864445977e-16,1.765366693653373e-16,1.0000000000000027,1.0000000000000036,3.6949549546677734e-16
operator_ablation,full,evaluation,default,frozen_gram,,,"{""operator_kind"":""frozen""}",{},20,summary,,cumulative_pseudo_regret,20,55.370216255951696,2.929390919261386,0.6550317228139056,53.99921910370168,56.741213408201716,1.3709971522500202
operator_ablation,full,evaluation,default,frozen_gram,,,"{""operator_kind"":""frozen""}",{},20,summary,,dynamic_identity_residual,20,-2.646061147970613e-12,3.6349624245909637e-13,8.128023077042847e-14,-2.816182626120978e-12,-2.4759396698202478e-12,1.7012147815036518e-13
operator_ablation,full,evaluation,default,frozen_gram,,,"{""operator_kind"":""frozen""}",{},20,summary,,endpoint_logdet_T,20,258.3444549057905,0.34836737367828763,0.0778973128687722,258.1814139561824,258.5074958553986,0.1630409496081101
operator_ablation,full,evaluation,default,frozen_gram,,,"{""operator_kind"":""frozen""}",{},20,summary,,exact_global_kappa_plus_max,20,1.0000000000002316,2.7980242616952828e-14,6.256572451844313e-15,1.0000000000002185,1.0000000000002447,1.3095156639858516e-14
operator_ablation,full,evaluation,default,frozen_gram,,,"{""operator_kind"":""frozen""}",{},20,summary,,exact_global_kappa_plus_min,20,1.0,0.0,0.0,1.0,1.0,0.0
operator_ablation,full,evaluation,default,frozen_gram,,,"{""operator_kind"":""frozen""}",{},20,summary,,kappa_plus_max,20,1.0000000000002316,2.7980242616952828e-14,6.256572451844313e-15,1.0000000000002185,1.0000000000002447,1.3095156639858516e-14
operator_ablation,full,evaluation,default,frozen_gram,,,"{""operator_kind"":""frozen""}",{},20,summary,,kappa_plus_min,20,1.0,0.0,0.0,1.0,1.0,0.0
operator_ablation,full,evaluation,default,frozen_gram,,,"{""operator_kind"":""frozen""}",{},20,summary,,max_relative_width_distortion,20,1.84297022087776e-15,3.405784671903781e-16,7.615566043103672e-17,1.6835745917162492e-15,2.002365850039271e-15,1.593956291615109e-16
operator_ablation,full,evaluation,default,frozen_gram,,,"{""operator_kind"":""frozen""}",{},20,summary,,mean_cg_iterations,20,0.0,0.0,0.0,0.0,0.0,0.0
operator_ablation,full,evaluation,default,frozen_gram,,,"{""operator_kind"":""frozen""}",{},20,summary,,optimism_violation_count,20,0.0,0.0,0.0,0.0,0.0,0.0
operator_ablation,full,evaluation,default,frozen_gram,,,"{""operator_kind"":""frozen""}",{},20,summary,,optimism_violation_rate,20,0.0,0.0,0.0,0.0,0.0,0.0
operator_ablation,full,evaluation,default,frozen_gram,,,"{""operator_kind"":""frozen""}",{},20,summary,,optimism_violation_rounds,20,0.0,0.0,0.0,0.0,0.0,0.0
operator_ablation,full,evaluation,default,frozen_gram,,,"{""operator_kind"":""frozen""}",{},20,summary,,peak_host_memory_bytes,20,1154319155.2,592160308.1357812,132411070.25688285,877179600.0823957,1431458710.3176045,277139555.1176044
operator_ablation,full,evaluation,default,frozen_gram,,,"{""operator_kind"":""frozen""}",{},20,summary,,rounds,20,500.0,0.0,0.0,500.0,500.0,0.0
operator_ablation,full,evaluation,default,frozen_gram,,,"{""operator_kind"":""frozen""}",{},20,summary,,runtime_seconds,20,0.4833051478111884,0.0143456747959519,0.0032077904026853875,0.47659116533686774,0.49001913028550903,0.006713982474320631
operator_ablation,full,evaluation,default,frozen_gram,,,"{""operator_kind"":""frozen""}",{},20,summary,,seed,20,129.5,5.916079783099616,1.3228756555322954,126.73118943197974,132.26881056802026,2.768810568020254
operator_ablation,full,evaluation,default,frozen_gram,,,"{""operator_kind"":""frozen""}",{},20,summary,,width_distortion_max,20,1.84297022087776e-15,3.405784671903781e-16,7.615566043103672e-17,1.6835745917162492e-15,2.002365850039271e-15,1.593956291615109e-16
operator_ablation,full,evaluation,default,frozen_gram,,,"{""operator_kind"":""frozen""}",{},20,horizon,500,C_Cbar_max_abs,20,0.0,0.0,0.0,0.0,0.0,0.0
operator_ablation,full,evaluation,default,frozen_gram,,,"{""operator_kind"":""frozen""}",{},20,horizon,500,E_T,20,0.0,0.0,0.0,0.0,0.0,0.0
operator_ablation,full,evaluation,default,frozen_gram,,,"{""operator_kind"":""frozen""}",{},20,horizon,500,E_t,20,0.0,0.0,0.0,0.0,0.0,0.0
operator_ablation,full,evaluation,default,frozen_gram,,,"{""operator_kind"":""frozen""}",{},20,horizon,500,F_T,20,0.0,0.0,0.0,0.0,0.0,0.0
operator_ablation,full,evaluation,default,frozen_gram,,,"{""operator_kind"":""frozen""}",{},20,horizon,500,F_t,20,0.0,0.0,0.0,0.0,0.0,0.0
operator_ablation,full,evaluation,default,frozen_gram,,,"{""operator_kind"":""frozen""}",{},20,horizon,500,Gamma_dynamic_T,20,258.34445490579395,0.34836737367829707,0.07789731286877431,258.18141395618585,258.50749585540206,0.16304094960811455
operator_ablation,full,evaluation,default,frozen_gram,,,"{""operator_kind"":""frozen""}",{},20,horizon,500,Gamma_dynamic_cumulative,20,258.34445490579395,0.34836737367829707,0.07789731286877431,258.18141395618585,258.50749585540206,0.16304094960811455
operator_ablation,full,evaluation,default,frozen_gram,,,"{""operator_kind"":""frozen""}",{},20,horizon,500,Lambda_alg_T,20,258.3444549057904,0.3483673736782185,0.07789731286875676,258.1814139561823,258.50749585539853,0.1630409496080778
operator_ablation,full,evaluation,default,frozen_gram,,,"{""operator_kind"":""frozen""}",{},20,horizon,500,Lambda_alg_cumulative,20,258.3444549057904,0.3483673736782185,0.07789731286875676,258.1814139561823,258.50749585539853,0.1630409496080778
operator_ablation,full,evaluation,default,frozen_gram,,,"{""operator_kind"":""frozen""}",{},20,horizon,500,S_T,20,174617.56819491085,0.0,0.0,174617.56819491085,174617.56819491085,0.0
operator_ablation,full,evaluation,default,frozen_gram,,,"{""operator_kind"":""frozen""}",{},20,horizon,500,S_t_cumulative,20,174617.56819491085,0.0,0.0,174617.56819491085,174617.56819491085,0.0
operator_ablation,full,evaluation,default,frozen_gram,,,"{""operator_kind"":""frozen""}",{},20,horizon,500,V_alg_T,20,3.51187967595479e-12,8.218813514106807e-14,1.8377825711936746e-14,3.473414444671983e-12,3.5503449072375973e-12,3.8465231282807114e-14
operator_ablation,full,evaluation,default,frozen_gram,,,"{""operator_kind"":""frozen""}",{},20,horizon,500,V_alg_cumulative,20,3.51187967595479e-12,8.218813514106807e-14,1.8377825711936746e-14,3.473414444671983e-12,3.5503449072375973e-12,3.8465231282807114e-14
operator_ablation,full,evaluation,default,frozen_gram,,,"{""operator_kind"":""frozen""}",{},20,horizon,500,action,20,2.15,1.4244112357114616,0.3185080350965304,1.4833550210206359,2.816644978979364,0.666644978979364
operator_ablation,full,evaluation,default,frozen_gram,,,"{""operator_kind"":""frozen""}",{},20,horizon,500,action_set_max_cbar_width_over_chat_width,20,1.0,0.0,0.0,1.0,1.0,0.0
operator_ablation,full,evaluation,default,frozen_gram,,,"{""operator_kind"":""frozen""}",{},20,horizon,500,action_set_max_cbar_width_squared_over_chat_width_squared,20,1.0000000000000002,9.864590440485249e-17,2.2057894795119608e-17,1.0000000000000002,1.0000000000000002,4.616770439579317e-17
operator_ablation,full,evaluation,default,frozen_gram,,,"{""operator_kind"":""frozen""}",{},20,horizon,500,action_set_transfer,20,1.0000000000000002,9.864590440485249e-17,2.2057894795119608e-17,1.0000000000000002,1.0000000000000002,4.616770439579317e-17
operator_ablation,full,evaluation,default,frozen_gram,,,"{""operator_kind"":""frozen""}",{},20,horizon,500,all_action_optimism_violation_rate,20,0.0,0.0,0.0,0.0,0.0,0.0
operator_ablation,full,evaluation,default,frozen_gram,,,"{""operator_kind"":""frozen""}",{},20,horizon,500,alpha_t,20,1.0,0.0,0.0,1.0,1.0,0.0
operator_ablation,full,evaluation,default,frozen_gram,,,"{""operator_kind"":""frozen""}",{},20,horizon,500,bar_chi_t,20,0.0,0.0,0.0,0.0,0.0,0.0
operator_ablation,full,evaluation,default,frozen_gram,,,"{""operator_kind"":""frozen""}",{},20,horizon,500,bar_psi_t,20,0.0,0.0,0.0,0.0,0.0,0.0
operator_ablation,full,evaluation,default,frozen_gram,,,"{""operator_kind"":""frozen""}",{},20,horizon,500,beta_t,20,20.206043843304336,0.0,0.0,20.206043843304336,20.206043843304336,0.0
operator_ablation,full,evaluation,default,frozen_gram,,,"{""operator_kind"":""frozen""}",{},20,horizon,500,bonus_lower_slack_min,20,-1.4432899320127036e-16,1.9430989704259285e-16,4.3449013848822295e-17,-2.3526882432717515e-16,-5.338916207536556e-17,9.09398311259048e-17
operator_ablation,full,evaluation,default,frozen_gram,,,"{""operator_kind"":""frozen""}",{},20,horizon,500,bonus_upper_slack_min,20,0.0,0.0,0.0,0.0,0.0,0.0
operator_ablation,full,evaluation,default,frozen_gram,,,"{""operator_kind"":""frozen""}",{},20,horizon,500,cg_certified_epsilon,20,0.0,0.0,0.0,0.0,0.0,0.0
operator_ablation,full,evaluation,default,frozen_gram,,,"{""operator_kind"":""frozen""}",{},20,horizon,500,cg_energy_error_max,20,0.0,0.0,0.0,0.0,0.0,0.0
operator_ablation,full,evaluation,default,frozen_gram,,,"{""operator_kind"":""frozen""}",{},20,horizon,500,cg_sandwich_lower_slack_min,20,0.0,0.0,0.0,0.0,0.0,0.0
operator_ablation,full,evaluation,default,frozen_gram,,,"{""operator_kind"":""frozen""}",{},20,horizon,500,cg_sandwich_upper_slack_min,20,0.0,0.0,0.0,0.0,0.0,0.0
operator_ablation,full,evaluation,default,frozen_gram,,,"{""operator_kind"":""frozen""}",{},20,horizon,500,chi_t,20,0.0,0.0,0.0,0.0,0.0,0.0
operator_ablation,full,evaluation,default,frozen_gram,,,"{""operator_kind"":""frozen""}",{},20,horizon,500,confidence_ratio_max,20,1.7193110937732492,0.7614812163543723,0.1702723763357601,1.3629269143012392,2.075695273245259,0.35638417947200995
operator_ablation,full,evaluation,default,frozen_gram,,,"{""operator_kind"":""frozen""}",{},20,horizon,500,cumulative_pseudo_regret,20,55.370216255951696,2.929390919261386,0.6550317228139056,53.99921910370168,56.741213408201716,1.3709971522500202
operator_ablation,full,evaluation,default,frozen_gram,,,"{""operator_kind"":""frozen""}",{},20,horizon,500,dynamic_bound_slack,20,3.552713678800501e-12,3.630398019018373e-13,8.117816755905656e-14,3.3828058214066073e-12,3.722621536194394e-12,1.699078573938936e-13
operator_ablation,full,evaluation,default,frozen_gram,,,"{""operator_kind"":""frozen""}",{},20,horizon,500,dynamic_identity_residual,20,-2.646061147970613e-12,3.6349624245909637e-13,8.128023077042847e-14,-2.816182626120978e-12,-2.4759396698202478e-12,1.7012147815036518e-13
operator_ablation,full,evaluation,default,frozen_gram,,,"{""operator_kind"":""frozen""}",{},20,horizon,500,dynamic_identity_rhs,20,258.34445490579304,0.3483673736782857,0.07789731286877177,258.18141395618494,258.50749585540115,0.16304094960810922
operator_ablation,full,evaluation,default,frozen_gram,,,"{""operator_kind"":""frozen""}",{},20,horizon,500,endpoint_logdet,20,258.3444549057905,0.34836737367828763,0.0778973128687722,258.1814139561824,258.5074958553986,0.1630409496081101
operator_ablation,full,evaluation,default,frozen_gram,,,"{""operator_kind"":""frozen""}",{},20,horizon,500,exact_global_kappa_plus,20,1.0000000000001037,5.338651092418696e-14,1.1937586750801716e-14,1.0000000000000786,1.0000000000001288,2.4985656221013916e-14
operator_ablation,full,evaluation,default,frozen_gram,,,"{""operator_kind"":""frozen""}",{},20,horizon,500,gamma_upper_t,20,324.1334518928847,0.0,0.0,324.1334518928847,324.1334518928847,0.0
operator_ablation,full,evaluation,default,frozen_gram,,,"{""operator_kind"":""frozen""}",{},20,horizon,500,global_kappa_plus_C_hat_C_full,20,1.0000000000001037,5.338651092418696e-14,1.1937586750801716e-14,1.0000000000000786,1.0000000000001288,2.4985656221013916e-14
operator_ablation,full,evaluation,default,frozen_gram,,,"{""operator_kind"":""frozen""}",{},20,horizon,500,information_increment,20,0.08310072066395072,0.015801041068592057,0.0035332201944637755,0.07570560580741684,0.0904958355204846,0.007395114856533884
operator_ablation,full,evaluation,default,frozen_gram,,,"{""operator_kind"":""frozen""}",{},20,horizon,500,kappa_bar_t,20,2294.9007034282627,63.624686184417705,14.22691233554497,2265.123433690009,2324.6779731665165,29.777269738253914
operator_ablation,full,evaluation,default,frozen_gram,,,"{""operator_kind"":""frozen""}",{},20,horizon,500,kappa_plus,20,1.0000000000001037,5.338651092418696e-14,1.1937586750801716e-14,1.0000000000000786,1.0000000000001288,2.4985656221013916e-14
operator_ablation,full,evaluation,default,frozen_gram,,,"{""operator_kind"":""frozen""}",{},20,horizon,500,kappa_t,20,2294.9007034282627,63.624686184417705,14.22691233554497,2265.123433690009,2324.6779731665165,29.777269738253914
operator_ablation,full,evaluation,default,frozen_gram,,,"{""operator_kind"":""frozen""}",{},20,horizon,500,max_chi_t,20,0.0,0.0,0.0,0.0,0.0,0.0
operator_ablation,full,evaluation,default,frozen_gram,,,"{""operator_kind"":""frozen""}",{},20,horizon,500,max_psi_t,20,0.0,0.0,0.0,0.0,0.0,0.0
operator_ablation,full,evaluation,default,frozen_gram,,,"{""operator_kind"":""frozen""}",{},20,horizon,500,max_relative_width_distortion,20,1.3877787807814457e-16,1.0108197257000806e-16,2.2602616196630713e-17,9.147005868603765e-17,1.8608569747025148e-16,4.730781939210692e-17
operator_ablation,full,evaluation,default,frozen_gram,,,"{""operator_kind"":""frozen""}",{},20,horizon,500,max_theory_factor,20,408.2842077975371,0.0,0.0,408.2842077975371,408.2842077975371,0.0
operator_ablation,full,evaluation,default,frozen_gram,,,"{""operator_kind"":""frozen""}",{},20,horizon,500,max_u_t,20,1.0,0.0,0.0,1.0,1.0,0.0
operator_ablation,full,evaluation,default,frozen_gram,,,"{""operator_kind"":""frozen""}",{},20,horizon,500,mean_cg_iterations,20,0.0,0.0,0.0,0.0,0.0,0.0
operator_ablation,full,evaluation,default,frozen_gram,,,"{""operator_kind"":""frozen""}",{},20,horizon,500,mean_chi_t,20,0.0,0.0,0.0,0.0,0.0,0.0
operator_ablation,full,evaluation,default,frozen_gram,,,"{""operator_kind"":""frozen""}",{},20,horizon,500,mean_psi_t,20,0.0,0.0,0.0,0.0,0.0,0.0
operator_ablation,full,evaluation,default,frozen_gram,,,"{""operator_kind"":""frozen""}",{},20,horizon,500,mean_relative_width_distortion,20,3.9968028886505634e-17,3.4247797141985787e-17,7.658040248910324e-18,2.3939566435909335e-17,5.599649133710193e-17,1.60284624505963e-17
operator_ablation,full,evaluation,default,frozen_gram,,,"{""operator_kind"":""frozen""}",{},20,horizon,500,mean_round_runtime_seconds,20,0.0010825958015630022,0.0001072252469440641,2.3976294107112893e-05,0.0010324128412612468,0.0011327787618647576,5.018296030175547e-05
operator_ablation,full,evaluation,default,frozen_gram,,,"{""operator_kind"":""frozen""}",{},20,horizon,500,mean_theory_factor,20,408.2842077975371,0.0,0.0,408.2842077975371,408.2842077975371,0.0
operator_ablation,full,evaluation,default,frozen_gram,,,"{""operator_kind"":""frozen""}",{},20,horizon,500,mean_u_t,20,1.0,0.0,0.0,1.0,1.0,0.0
operator_ablation,full,evaluation,default,frozen_gram,,,"{""operator_kind"":""frozen""}",{},20,horizon,500,noise,20,-0.12428312308502396,0.28978733638402343,0.06479841831732745,-0.2599077713108023,0.011341525140754372,0.13562464822577833
operator_ablation,full,evaluation,default,frozen_gram,,,"{""operator_kind"":""frozen""}",{},20,horizon,500,omega_t,20,20.206043843304336,0.0,0.0,20.206043843304336,20.206043843304336,0.0
operator_ablation,full,evaluation,default,frozen_gram,,,"{""operator_kind"":""frozen""}",{},20,horizon,500,operator_condition_number,20,2294.9007034282627,63.624686184417705,14.22691233554497,2265.123433690009,2324.6779731665165,29.777269738253914
operator_ablation,full,evaluation,default,frozen_gram,,,"{""operator_kind"":""frozen""}",{},20,horizon,500,operator_min_eigenvalue,20,0.9999999999997456,6.797867160179204e-14,1.520049307217415e-14,0.9999999999997138,0.9999999999997775,3.1814997638927346e-14
operator_ablation,full,evaluation,default,frozen_gram,,,"{""operator_kind"":""frozen""}",{},20,horizon,500,optimal_action,20,1.9,1.4832396974191326,0.33166247903553997,1.2058224534339232,2.5941775465660766,0.6941775465660766
operator_ablation,full,evaluation,default,frozen_gram,,,"{""operator_kind"":""frozen""}",{},20,horizon,500,optimal_mean,20,0.35904603128039303,0.06404693033427485,0.014321328997763188,0.32907114519697944,0.3890209173638066,0.029974886083413588
operator_ablation,full,evaluation,default,frozen_gram,,,"{""operator_kind"":""frozen""}",{},20,horizon,500,optimism_violation_count,20,0.0,0.0,0.0,0.0,0.0,0.0
operator_ablation,full,evaluation,default,frozen_gram,,,"{""operator_kind"":""frozen""}",{},20,horizon,500,optimism_violation_max,20,0.0,0.0,0.0,0.0,0.0,0.0
operator_ablation,full,evaluation,default,frozen_gram,,,"{""operator_kind"":""frozen""}",{},20,horizon,500,optimism_violation_rate,20,0.0,0.0,0.0,0.0,0.0,0.0
operator_ablation,full,evaluation,default,frozen_gram,,,"{""operator_kind"":""frozen""}",{},20,horizon,500,peak_host_memory_bytes,20,1154319155.2,592160308.1357812,132411070.25688285,877179600.0823957,1431458710.3176045,277139555.1176044
operator_ablation,full,evaluation,default,frozen_gram,,,"{""operator_kind"":""frozen""}",{},20,horizon,500,policy_transfer_factor,20,1.0,0.0,0.0,1.0,1.0,0.0
operator_ablation,full,evaluation,default,frozen_gram,,,"{""operator_kind"":""frozen""}",{},20,horizon,500,pseudo_regret,20,0.04537463017589621,0.13874421029672648,0.03102414857080067,-0.019559659050326736,0.11030891940211916,0.06493428922622295
operator_ablation,full,evaluation,default,frozen_gram,,,"{""operator_kind"":""frozen""}",{},20,horizon,500,psi_t,20,0.0,0.0,0.0,0.0,0.0,0.0
operator_ablation,full,evaluation,default,frozen_gram,,,"{""operator_kind"":""frozen""}",{},20,horizon,500,reference_update_max_abs,20,1.0658141036401503e-14,0.0,0.0,1.0658141036401503e-14,1.0658141036401503e-14,0.0
operator_ablation,full,evaluation,default,frozen_gram,,,"{""operator_kind"":""frozen""}",{},20,horizon,500,reward,20,0.18938827801947283,0.3110299241092076,0.06954840533447888,0.0438217927086694,0.3349547633302763,0.14556648531080343
operator_ablation,full,evaluation,default,frozen_gram,,,"{""operator_kind"":""frozen""}",{},20,horizon,500,rho_minus,20,0.9999999999999094,4.068852431261377e-14,9.09823062671573e-15,0.9999999999998903,0.9999999999999285,1.9042815554270404e-14
operator_ablation,full,evaluation,default,frozen_gram,,,"{""operator_kind"":""frozen""}",{},20,horizon,500,rho_plus,20,1.0000000000001037,5.338651092418696e-14,1.1937586750801716e-14,1.0000000000000786,1.0000000000001288,2.4985656221013916e-14
operator_ablation,full,evaluation,default,frozen_gram,,,"{""operator_kind"":""frozen""}",{},20,horizon,500,ridge_normal_equation_residual,20,2.8997988713592555e-13,1.4571363788762991e-13,3.2582559956552935e-14,2.2178380539265932e-13,3.581759688791918e-13,6.819608174326623e-14
operator_ablation,full,evaluation,default,frozen_gram,,,"{""operator_kind"":""frozen""}",{},20,horizon,500,round,20,500.0,0.0,0.0,500.0,500.0,0.0
operator_ablation,full,evaluation,default,frozen_gram,,,"{""operator_kind"":""frozen""}",{},20,horizon,500,round_runtime_seconds,20,0.0010825958015630022,0.0001072252469440641,2.3976294107112893e-05,0.0010324128412612468,0.0011327787618647576,5.018296030175547e-05
operator_ablation,full,evaluation,default,frozen_gram,,,"{""operator_kind"":""frozen""}",{},20,horizon,500,runtime_seconds,20,0.4833051478111884,0.0143456747959519,0.0032077904026853875,0.47659116533686774,0.49001913028550903,0.006713982474320631
operator_ablation,full,evaluation,default,frozen_gram,,,"{""operator_kind"":""frozen""}",{},20,horizon,500,same_history_full_action,20,2.15,1.4244112357114616,0.3185080350965304,1.4833550210206359,2.816644978979364,0.666644978979364
operator_ablation,full,evaluation,default,frozen_gram,,,"{""operator_kind"":""frozen""}",{},20,horizon,500,selected_action_optimism_violation_rate,20,0.0,0.0,0.0,0.0,0.0,0.0
operator_ablation,full,evaluation,default,frozen_gram,,,"{""operator_kind"":""frozen""}",{},20,horizon,500,theorem_bound_slack,20,23452.402905985382,13.228187168697108,2.957912572829721,23446.211923819614,23458.59388815115,6.190982165769374
operator_ablation,full,evaluation,default,frozen_gram,,,"{""operator_kind"":""frozen""}",{},20,horizon,500,theorem_rhs,20,23507.773122241335,15.84858510292994,3.5438513637341846,23500.35575609179,23515.19048839088,7.417366149543337
operator_ablation,full,evaluation,default,frozen_gram,,,"{""operator_kind"":""frozen""}",{},20,horizon,500,theory_factor,20,408.2842077975371,0.0,0.0,408.2842077975371,408.2842077975371,0.0
operator_ablation,full,evaluation,default,frozen_gram,,,"{""operator_kind"":""frozen""}",{},20,horizon,500,transfer_slack_min,20,-1.1275702593849246e-18,7.498383215303272e-19,1.6766894590761557e-19,-1.4785053963468495e-18,-7.766351224229998e-19,3.509351369619249e-19
operator_ablation,full,evaluation,default,frozen_gram,,,"{""operator_kind"":""frozen""}",{},20,horizon,500,transition_logdet,20,-4.5186077102243985e-15,5.324332921563546e-15,1.1905570347456144e-15,-7.010472222091998e-15,-2.026743198356799e-15,2.4918645118675996e-15
operator_ablation,full,evaluation,default,frozen_gram,,,"{""operator_kind"":""frozen""}",{},20,horizon,500,true_mean,20,0.3136714011044968,0.14746849394199477,0.03297495769938162,0.24465402144659462,0.382688780762399,0.0690173796579022
operator_ablation,full,evaluation,default,frozen_gram,,,"{""operator_kind"":""frozen""}",{},20,horizon,500,u_t,20,1.0,0.0,0.0,1.0,1.0,0.0
operator_ablation,full,evaluation,default,frozen_gram,,,"{""operator_kind"":""frozen""}",{},20,horizon,500,variation_increment,20,5.1458837191376094e-15,4.250906010967804e-15,9.505314806486476e-16,3.1563984656676442e-15,7.135368972607574e-15,1.9894852534699652e-15
operator_ablation,full,evaluation,default,frozen_gram,,,"{""operator_kind"":""frozen""}",{},20,horizon,500,width_distortion,20,1.3877787807814457e-16,1.0108197257000806e-16,2.2602616196630713e-17,9.147005868603765e-17,1.8608569747025148e-16,4.730781939210692e-17
operator_ablation,full,evaluation,default,frozen_gram,,,"{""operator_kind"":""frozen""}",{},20,horizon,500,width_dynamic_bound,20,791.1798931489939,1.0668750818897883,0.23856052066062214,790.680580240819,791.6792060571687,0.49931290817485247
operator_ablation,full,evaluation,default,frozen_gram,,,"{""operator_kind"":""frozen""}",{},20,horizon,500,width_dynamic_slack,20,709.9536645242105,2.0410792402843603,0.45639919287394565,708.9984100351128,710.9089190133082,0.9552544890977054
operator_ablation,full,evaluation,default,frozen_gram,,,"{""operator_kind"":""frozen""}",{},20,horizon,500,width_information_bound,20,791.1798931489831,1.0668750818895405,0.2385605206605667,790.6805802408084,791.6792060571578,0.49931290817473645
operator_ablation,full,evaluation,default,frozen_gram,,,"{""operator_kind"":""frozen""}",{},20,horizon,500,width_information_slack,20,709.9536645241997,2.0410792402841613,0.4563991928739012,708.9984100351021,710.9089190132972,0.9552544890976123
operator_ablation,full,evaluation,default,frozen_gram,,,"{""operator_kind"":""frozen""}",{},20,horizon,500,width_squared_cumulative,20,81.22622862478337,1.493795185273503,0.3340227578733445,80.52711095783467,81.92534629173208,0.6991176669487124
operator_ablation,full,evaluation,default,frozen_gram,,,"{""operator_kind"":""frozen""}",{},20,horizon,500,xi_min_eigenvalue,20,-1.2842247240265397e-16,7.164955452546781e-17,1.6021327447652368e-17,-1.6195549613414246e-16,-9.488944867116548e-17,3.353302373148848e-17
operator_ablation,full,evaluation,default,full_relinearized,,,"{""operator_kind"":""full""}",{},20,summary,,Gamma_dynamic_T,20,258.34445490579395,0.34836737367829707,0.07789731286877431,258.18141395618585,258.50749585540206,0.16304094960811455
operator_ablation,full,evaluation,default,full_relinearized,,,"{""operator_kind"":""full""}",{},20,summary,,Lambda_alg_T,20,258.3444549057904,0.3483673736782185,0.07789731286875676,258.1814139561823,258.50749585539853,0.1630409496080778
operator_ablation,full,evaluation,default,full_relinearized,,,"{""operator_kind"":""full""}",{},20,summary,,V_alg_T,20,3.51187967595479e-12,8.218813514106807e-14,1.8377825711936746e-14,3.473414444671983e-12,3.5503449072375973e-12,3.8465231282807114e-14
operator_ablation,full,evaluation,default,full_relinearized,,,"{""operator_kind"":""full""}",{},20,summary,,action_disagreement_count,20,0.05,0.22360679774997896,0.049999999999999996,-0.05465120272041543,0.15465120272041544,0.10465120272041543
operator_ablation,full,evaluation,default,full_relinearized,,,"{""operator_kind"":""full""}",{},20,summary,,action_disagreement_rate,20,0.0001,0.00044721359549995795,0.0001,-0.00010930240544083088,0.0003093024054408309,0.0002093024054408309
operator_ablation,full,evaluation,default,full_relinearized,,,"{""operator_kind"":""full""}",{},20,summary,,action_disagreement_with_full_count,20,0.05,0.22360679774997896,0.049999999999999996,-0.05465120272041543,0.15465120272041544,0.10465120272041543
operator_ablation,full,evaluation,default,full_relinearized,,,"{""operator_kind"":""full""}",{},20,summary,,action_set_max_cbar_width_squared_over_chat_width_squared,20,1.000000000000003,7.894959864445977e-16,1.765366693653373e-16,1.0000000000000027,1.0000000000000036,3.6949549546677734e-16
operator_ablation,full,evaluation,default,full_relinearized,,,"{""operator_kind"":""full""}",{},20,summary,,action_set_transfer_max,20,1.000000000000003,7.894959864445977e-16,1.765366693653373e-16,1.0000000000000027,1.0000000000000036,3.6949549546677734e-16
operator_ablation,full,evaluation,default,full_relinearized,,,"{""operator_kind"":""full""}",{},20,summary,,cumulative_pseudo_regret,20,55.370216255951696,2.929390919261386,0.6550317228139056,53.99921910370168,56.741213408201716,1.3709971522500202
operator_ablation,full,evaluation,default,full_relinearized,,,"{""operator_kind"":""full""}",{},20,summary,,dynamic_identity_residual,20,-2.646061147970613e-12,3.6349624245909637e-13,8.128023077042847e-14,-2.816182626120978e-12,-2.4759396698202478e-12,1.7012147815036518e-13
operator_ablation,full,evaluation,default,full_relinearized,,,"{""operator_kind"":""full""}",{},20,summary,,endpoint_logdet_T,20,258.3444549057905,0.34836737367828763,0.0778973128687722,258.1814139561824,258.5074958553986,0.1630409496081101
operator_ablation,full,evaluation,default,full_relinearized,,,"{""operator_kind"":""full""}",{},20,summary,,exact_global_kappa_plus_max,20,1.0000000000002316,2.7980242616952828e-14,6.256572451844313e-15,1.0000000000002185,1.0000000000002447,1.3095156639858516e-14
operator_ablation,full,evaluation,default,full_relinearized,,,"{""operator_kind"":""full""}",{},20,summary,,exact_global_kappa_plus_min,20,1.0,0.0,0.0,1.0,1.0,0.0
operator_ablation,full,evaluation,default,full_relinearized,,,"{""operator_kind"":""full""}",{},20,summary,,kappa_plus_max,20,1.0000000000002316,2.7980242616952828e-14,6.256572451844313e-15,1.0000000000002185,1.0000000000002447,1.3095156639858516e-14
operator_ablation,full,evaluation,default,full_relinearized,,,"{""operator_kind"":""full""}",{},20,summary,,kappa_plus_min,20,1.0,0.0,0.0,1.0,1.0,0.0
operator_ablation,full,evaluation,default,full_relinearized,,,"{""operator_kind"":""full""}",{},20,summary,,max_relative_width_distortion,20,1.84297022087776e-15,3.405784671903781e-16,7.615566043103672e-17,1.6835745917162492e-15,2.002365850039271e-15,1.593956291615109e-16
operator_ablation,full,evaluation,default,full_relinearized,,,"{""operator_kind"":""full""}",{},20,summary,,mean_cg_iterations,20,0.0,0.0,0.0,0.0,0.0,0.0
operator_ablation,full,evaluation,default,full_relinearized,,,"{""operator_kind"":""full""}",{},20,summary,,optimism_violation_count,20,0.0,0.0,0.0,0.0,0.0,0.0
operator_ablation,full,evaluation,default,full_relinearized,,,"{""operator_kind"":""full""}",{},20,summary,,optimism_violation_rate,20,0.0,0.0,0.0,0.0,0.0,0.0
operator_ablation,full,evaluation,default,full_relinearized,,,"{""operator_kind"":""full""}",{},20,summary,,optimism_violation_rounds,20,0.0,0.0,0.0,0.0,0.0,0.0
operator_ablation,full,evaluation,default,full_relinearized,,,"{""operator_kind"":""full""}",{},20,summary,,peak_host_memory_bytes,20,1147205222.4,595574420.6932309,133174489.03301215,868467813.4203701,1425942631.37963,278737408.97962993
operator_ablation,full,evaluation,default,full_relinearized,,,"{""operator_kind"":""full""}",{},20,summary,,rounds,20,500.0,0.0,0.0,500.0,500.0,0.0
operator_ablation,full,evaluation,default,full_relinearized,,,"{""operator_kind"":""full""}",{},20,summary,,runtime_seconds,20,0.4929549844149733,0.029538712390570133,0.006605056887313014,0.4791304414690919,0.5067795273608547,0.013824542945881407
operator_ablation,full,evaluation,default,full_relinearized,,,"{""operator_kind"":""full""}",{},20,summary,,seed,20,129.5,5.916079783099616,1.3228756555322954,126.73118943197974,132.26881056802026,2.768810568020254
operator_ablation,full,evaluation,default,full_relinearized,,,"{""operator_kind"":""full""}",{},20,summary,,width_distortion_max,20,1.84297022087776e-15,3.405784671903781e-16,7.615566043103672e-17,1.6835745917162492e-15,2.002365850039271e-15,1.593956291615109e-16
operator_ablation,full,evaluation,default,full_relinearized,,,"{""operator_kind"":""full""}",{},20,horizon,500,C_Cbar_max_abs,20,0.0,0.0,0.0,0.0,0.0,0.0
operator_ablation,full,evaluation,default,full_relinearized,,,"{""operator_kind"":""full""}",{},20,horizon,500,E_T,20,0.0,0.0,0.0,0.0,0.0,0.0
operator_ablation,full,evaluation,default,full_relinearized,,,"{""operator_kind"":""full""}",{},20,horizon,500,E_t,20,0.0,0.0,0.0,0.0,0.0,0.0
operator_ablation,full,evaluation,default,full_relinearized,,,"{""operator_kind"":""full""}",{},20,horizon,500,F_T,20,0.0,0.0,0.0,0.0,0.0,0.0
operator_ablation,full,evaluation,default,full_relinearized,,,"{""operator_kind"":""full""}",{},20,horizon,500,F_t,20,0.0,0.0,0.0,0.0,0.0,0.0
operator_ablation,full,evaluation,default,full_relinearized,,,"{""operator_kind"":""full""}",{},20,horizon,500,Gamma_dynamic_T,20,258.34445490579395,0.34836737367829707,0.07789731286877431,258.18141395618585,258.50749585540206,0.16304094960811455
operator_ablation,full,evaluation,default,full_relinearized,,,"{""operator_kind"":""full""}",{},20,horizon,500,Gamma_dynamic_cumulative,20,258.34445490579395,0.34836737367829707,0.07789731286877431,258.18141395618585,258.50749585540206,0.16304094960811455
operator_ablation,full,evaluation,default,full_relinearized,,,"{""operator_kind"":""full""}",{},20,horizon,500,Lambda_alg_T,20,258.3444549057904,0.3483673736782185,0.07789731286875676,258.1814139561823,258.50749585539853,0.1630409496080778
operator_ablation,full,evaluation,default,full_relinearized,,,"{""operator_kind"":""full""}",{},20,horizon,500,Lambda_alg_cumulative,20,258.3444549057904,0.3483673736782185,0.07789731286875676,258.1814139561823,258.50749585539853,0.1630409496080778
operator_ablation,full,evaluation,default,full_relinearized,,,"{""operator_kind"":""full""}",{},20,horizon,500,S_T,20,174617.56819491085,0.0,0.0,174617.56819491085,174617.56819491085,0.0
operator_ablation,full,evaluation,default,full_relinearized,,,"{""operator_kind"":""full""}",{},20,horizon,500,S_t_cumulative,20,174617.56819491085,0.0,0.0,174617.56819491085,174617.56819491085,0.0
operator_ablation,full,evaluation,default,full_relinearized,,,"{""operator_kind"":""full""}",{},20,horizon,500,V_alg_T,20,3.51187967595479e-12,8.218813514106807e-14,1.8377825711936746e-14,3.473414444671983e-12,3.5503449072375973e-12,3.8465231282807114e-14
operator_ablation,full,evaluation,default,full_relinearized,,,"{""operator_kind"":""full""}",{},20,horizon,500,V_alg_cumulative,20,3.51187967595479e-12,8.218813514106807e-14,1.8377825711936746e-14,3.473414444671983e-12,3.5503449072375973e-12,3.8465231282807114e-14
operator_ablation,full,evaluation,default,full_relinearized,,,"{""operator_kind"":""full""}",{},20,horizon,500,action,20,2.15,1.4244112357114616,0.3185080350965304,1.4833550210206359,2.816644978979364,0.666644978979364
operator_ablation,full,evaluation,default,full_relinearized,,,"{""operator_kind"":""full""}",{},20,horizon,500,action_set_max_cbar_width_over_chat_width,20,1.0,0.0,0.0,1.0,1.0,0.0
operator_ablation,full,evaluation,default,full_relinearized,,,"{""operator_kind"":""full""}",{},20,horizon,500,action_set_max_cbar_width_squared_over_chat_width_squared,20,1.0000000000000002,9.864590440485249e-17,2.2057894795119608e-17,1.0000000000000002,1.0000000000000002,4.616770439579317e-17
operator_ablation,full,evaluation,default,full_relinearized,,,"{""operator_kind"":""full""}",{},20,horizon,500,action_set_transfer,20,1.0000000000000002,9.864590440485249e-17,2.2057894795119608e-17,1.0000000000000002,1.0000000000000002,4.616770439579317e-17
operator_ablation,full,evaluation,default,full_relinearized,,,"{""operator_kind"":""full""}",{},20,horizon,500,all_action_optimism_violation_rate,20,0.0,0.0,0.0,0.0,0.0,0.0
operator_ablation,full,evaluation,default,full_relinearized,,,"{""operator_kind"":""full""}",{},20,horizon,500,alpha_t,20,1.0,0.0,0.0,1.0,1.0,0.0
operator_ablation,full,evaluation,default,full_relinearized,,,"{""operator_kind"":""full""}",{},20,horizon,500,bar_chi_t,20,0.0,0.0,0.0,0.0,0.0,0.0
operator_ablation,full,evaluation,default,full_relinearized,,,"{""operator_kind"":""full""}",{},20,horizon,500,bar_psi_t,20,0.0,0.0,0.0,0.0,0.0,0.0
operator_ablation,full,evaluation,default,full_relinearized,,,"{""operator_kind"":""full""}",{},20,horizon,500,beta_t,20,20.206043843304336,0.0,0.0,20.206043843304336,20.206043843304336,0.0
operator_ablation,full,evaluation,default,full_relinearized,,,"{""operator_kind"":""full""}",{},20,horizon,500,bonus_lower_slack_min,20,-1.4432899320127036e-16,1.9430989704259285e-16,4.3449013848822295e-17,-2.3526882432717515e-16,-5.338916207536556e-17,9.09398311259048e-17
operator_ablation,full,evaluation,default,full_relinearized,,,"{""operator_kind"":""full""}",{},20,horizon,500,bonus_upper_slack_min,20,0.0,0.0,0.0,0.0,0.0,0.0
operator_ablation,full,evaluation,default,full_relinearized,,,"{""operator_kind"":""full""}",{},20,horizon,500,cg_certified_epsilon,20,0.0,0.0,0.0,0.0,0.0,0.0
operator_ablation,full,evaluation,default,full_relinearized,,,"{""operator_kind"":""full""}",{},20,horizon,500,cg_energy_error_max,20,0.0,0.0,0.0,0.0,0.0,0.0
operator_ablation,full,evaluation,default,full_relinearized,,,"{""operator_kind"":""full""}",{},20,horizon,500,cg_sandwich_lower_slack_min,20,0.0,0.0,0.0,0.0,0.0,0.0
operator_ablation,full,evaluation,default,full_relinearized,,,"{""operator_kind"":""full""}",{},20,horizon,500,cg_sandwich_upper_slack_min,20,0.0,0.0,0.0,0.0,0.0,0.0
operator_ablation,full,evaluation,default,full_relinearized,,,"{""operator_kind"":""full""}",{},20,horizon,500,chi_t,20,0.0,0.0,0.0,0.0,0.0,0.0
operator_ablation,full,evaluation,default,full_relinearized,,,"{""operator_kind"":""full""}",{},20,horizon,500,confidence_ratio_max,20,1.7193110937732492,0.7614812163543723,0.1702723763357601,1.3629269143012392,2.075695273245259,0.35638417947200995
operator_ablation,full,evaluation,default,full_relinearized,,,"{""operator_kind"":""full""}",{},20,horizon,500,cumulative_pseudo_regret,20,55.370216255951696,2.929390919261386,0.6550317228139056,53.99921910370168,56.741213408201716,1.3709971522500202
operator_ablation,full,evaluation,default,full_relinearized,,,"{""operator_kind"":""full""}",{},20,horizon,500,dynamic_bound_slack,20,3.552713678800501e-12,3.630398019018373e-13,8.117816755905656e-14,3.3828058214066073e-12,3.722621536194394e-12,1.699078573938936e-13
operator_ablation,full,evaluation,default,full_relinearized,,,"{""operator_kind"":""full""}",{},20,horizon,500,dynamic_identity_residual,20,-2.646061147970613e-12,3.6349624245909637e-13,8.128023077042847e-14,-2.816182626120978e-12,-2.4759396698202478e-12,1.7012147815036518e-13
operator_ablation,full,evaluation,default,full_relinearized,,,"{""operator_kind"":""full""}",{},20,horizon,500,dynamic_identity_rhs,20,258.34445490579304,0.3483673736782857,0.07789731286877177,258.18141395618494,258.50749585540115,0.16304094960810922
operator_ablation,full,evaluation,default,full_relinearized,,,"{""operator_kind"":""full""}",{},20,horizon,500,endpoint_logdet,20,258.3444549057905,0.34836737367828763,0.0778973128687722,258.1814139561824,258.5074958553986,0.1630409496081101
operator_ablation,full,evaluation,default,full_relinearized,,,"{""operator_kind"":""full""}",{},20,horizon,500,exact_global_kappa_plus,20,1.0000000000001037,5.338651092418696e-14,1.1937586750801716e-14,1.0000000000000786,1.0000000000001288,2.4985656221013916e-14
operator_ablation,full,evaluation,default,full_relinearized,,,"{""operator_kind"":""full""}",{},20,horizon,500,gamma_upper_t,20,324.1334518928847,0.0,0.0,324.1334518928847,324.1334518928847,0.0
operator_ablation,full,evaluation,default,full_relinearized,,,"{""operator_kind"":""full""}",{},20,horizon,500,global_kappa_plus_C_hat_C_full,20,1.0000000000001037,5.338651092418696e-14,1.1937586750801716e-14,1.0000000000000786,1.0000000000001288,2.4985656221013916e-14
operator_ablation,full,evaluation,default,full_relinearized,,,"{""operator_kind"":""full""}",{},20,horizon,500,information_increment,20,0.08310072066395072,0.015801041068592057,0.0035332201944637755,0.07570560580741684,0.0904958355204846,0.007395114856533884
operator_ablation,full,evaluation,default,full_relinearized,,,"{""operator_kind"":""full""}",{},20,horizon,500,kappa_bar_t,20,2294.9007034282627,63.624686184417705,14.22691233554497,2265.123433690009,2324.6779731665165,29.777269738253914
operator_ablation,full,evaluation,default,full_relinearized,,,"{""operator_kind"":""full""}",{},20,horizon,500,kappa_plus,20,1.0000000000001037,5.338651092418696e-14,1.1937586750801716e-14,1.0000000000000786,1.0000000000001288,2.4985656221013916e-14
operator_ablation,full,evaluation,default,full_relinearized,,,"{""operator_kind"":""full""}",{},20,horizon,500,kappa_t,20,2294.9007034282627,63.624686184417705,14.22691233554497,2265.123433690009,2324.6779731665165,29.777269738253914
operator_ablation,full,evaluation,default,full_relinearized,,,"{""operator_kind"":""full""}",{},20,horizon,500,max_chi_t,20,0.0,0.0,0.0,0.0,0.0,0.0
operator_ablation,full,evaluation,default,full_relinearized,,,"{""operator_kind"":""full""}",{},20,horizon,500,max_psi_t,20,0.0,0.0,0.0,0.0,0.0,0.0
operator_ablation,full,evaluation,default,full_relinearized,,,"{""operator_kind"":""full""}",{},20,horizon,500,max_relative_width_distortion,20,1.3877787807814457e-16,1.0108197257000806e-16,2.2602616196630713e-17,9.147005868603765e-17,1.8608569747025148e-16,4.730781939210692e-17
operator_ablation,full,evaluation,default,full_relinearized,,,"{""operator_kind"":""full""}",{},20,horizon,500,max_theory_factor,20,408.2842077975371,0.0,0.0,408.2842077975371,408.2842077975371,0.0
operator_ablation,full,evaluation,default,full_relinearized,,,"{""operator_kind"":""full""}",{},20,horizon,500,max_u_t,20,1.0,0.0,0.0,1.0,1.0,0.0
operator_ablation,full,evaluation,default,full_relinearized,,,"{""operator_kind"":""full""}",{},20,horizon,500,mean_cg_iterations,20,0.0,0.0,0.0,0.0,0.0,0.0
operator_ablation,full,evaluation,default,full_relinearized,,,"{""operator_kind"":""full""}",{},20,horizon,500,mean_chi_t,20,0.0,0.0,0.0,0.0,0.0,0.0
operator_ablation,full,evaluation,default,full_relinearized,,,"{""operator_kind"":""full""}",{},20,horizon,500,mean_psi_t,20,0.0,0.0,0.0,0.0,0.0,0.0
operator_ablation,full,evaluation,default,full_relinearized,,,"{""operator_kind"":""full""}",{},20,horizon,500,mean_relative_width_distortion,20,3.9968028886505634e-17,3.4247797141985787e-17,7.658040248910324e-18,2.3939566435909335e-17,5.599649133710193e-17,1.60284624505963e-17
operator_ablation,full,evaluation,default,full_relinearized,,,"{""operator_kind"":""full""}",{},20,horizon,500,mean_round_runtime_seconds,20,0.0010866979107959196,2.4450280494806853e-05,5.467248925532532e-06,0.001075254827283342,0.0010981409943084971,1.1443083512577569e-05
operator_ablation,full,evaluation,default,full_relinearized,,,"{""operator_kind"":""full""}",{},20,horizon,500,mean_theory_factor,20,408.2842077975371,0.0,0.0,408.2842077975371,408.2842077975371,0.0
operator_ablation,full,evaluation,default,full_relinearized,,,"{""operator_kind"":""full""}",{},20,horizon,500,mean_u_t,20,1.0,0.0,0.0,1.0,1.0,0.0
operator_ablation,full,evaluation,default,full_relinearized,,,"{""operator_kind"":""full""}",{},20,horizon,500,noise,20,-0.12428312308502396,0.28978733638402343,0.06479841831732745,-0.2599077713108023,0.011341525140754372,0.13562464822577833
operator_ablation,full,evaluation,default,full_relinearized,,,"{""operator_kind"":""full""}",{},20,horizon,500,omega_t,20,20.206043843304336,0.0,0.0,20.206043843304336,20.206043843304336,0.0
operator_ablation,full,evaluation,default,full_relinearized,,,"{""operator_kind"":""full""}",{},20,horizon,500,operator_condition_number,20,2294.9007034282627,63.624686184417705,14.22691233554497,2265.123433690009,2324.6779731665165,29.777269738253914
operator_ablation,full,evaluation,default,full_relinearized,,,"{""operator_kind"":""full""}",{},20,horizon,500,operator_min_eigenvalue,20,0.9999999999997456,6.797867160179204e-14,1.520049307217415e-14,0.9999999999997138,0.9999999999997775,3.1814997638927346e-14
operator_ablation,full,evaluation,default,full_relinearized,,,"{""operator_kind"":""full""}",{},20,horizon,500,optimal_action,20,1.9,1.4832396974191326,0.33166247903553997,1.2058224534339232,2.5941775465660766,0.6941775465660766
operator_ablation,full,evaluation,default,full_relinearized,,,"{""operator_kind"":""full""}",{},20,horizon,500,optimal_mean,20,0.35904603128039303,0.06404693033427485,0.014321328997763188,0.32907114519697944,0.3890209173638066,0.029974886083413588
operator_ablation,full,evaluation,default,full_relinearized,,,"{""operator_kind"":""full""}",{},20,horizon,500,optimism_violation_count,20,0.0,0.0,0.0,0.0,0.0,0.0
operator_ablation,full,evaluation,default,full_relinearized,,,"{""operator_kind"":""full""}",{},20,horizon,500,optimism_violation_max,20,0.0,0.0,0.0,0.0,0.0,0.0
operator_ablation,full,evaluation,default,full_relinearized,,,"{""operator_kind"":""full""}",{},20,horizon,500,optimism_violation_rate,20,0.0,0.0,0.0,0.0,0.0,0.0
operator_ablation,full,evaluation,default,full_relinearized,,,"{""operator_kind"":""full""}",{},20,horizon,500,peak_host_memory_bytes,20,1147205222.4,595574420.6932309,133174489.03301215,868467813.4203701,1425942631.37963,278737408.97962993
operator_ablation,full,evaluation,default,full_relinearized,,,"{""operator_kind"":""full""}",{},20,horizon,500,policy_transfer_factor,20,1.0,0.0,0.0,1.0,1.0,0.0
operator_ablation,full,evaluation,default,full_relinearized,,,"{""operator_kind"":""full""}",{},20,horizon,500,pseudo_regret,20,0.04537463017589621,0.13874421029672648,0.03102414857080067,-0.019559659050326736,0.11030891940211916,0.06493428922622295
operator_ablation,full,evaluation,default,full_relinearized,,,"{""operator_kind"":""full""}",{},20,horizon,500,psi_t,20,0.0,0.0,0.0,0.0,0.0,0.0
operator_ablation,full,evaluation,default,full_relinearized,,,"{""operator_kind"":""full""}",{},20,horizon,500,reference_update_max_abs,20,1.0658141036401503e-14,0.0,0.0,1.0658141036401503e-14,1.0658141036401503e-14,0.0
operator_ablation,full,evaluation,default,full_relinearized,,,"{""operator_kind"":""full""}",{},20,horizon,500,reward,20,0.18938827801947283,0.3110299241092076,0.06954840533447888,0.0438217927086694,0.3349547633302763,0.14556648531080343
operator_ablation,full,evaluation,default,full_relinearized,,,"{""operator_kind"":""full""}",{},20,horizon,500,rho_minus,20,0.9999999999999094,4.068852431261377e-14,9.09823062671573e-15,0.9999999999998903,0.9999999999999285,1.9042815554270404e-14
operator_ablation,full,evaluation,default,full_relinearized,,,"{""operator_kind"":""full""}",{},20,horizon,500,rho_plus,20,1.0000000000001037,5.338651092418696e-14,1.1937586750801716e-14,1.0000000000000786,1.0000000000001288,2.4985656221013916e-14
operator_ablation,full,evaluation,default,full_relinearized,,,"{""operator_kind"":""full""}",{},20,horizon,500,ridge_normal_equation_residual,20,2.8997988713592555e-13,1.4571363788762991e-13,3.2582559956552935e-14,2.2178380539265932e-13,3.581759688791918e-13,6.819608174326623e-14
operator_ablation,full,evaluation,default,full_relinearized,,,"{""operator_kind"":""full""}",{},20,horizon,500,round,20,500.0,0.0,0.0,500.0,500.0,0.0
operator_ablation,full,evaluation,default,full_relinearized,,,"{""operator_kind"":""full""}",{},20,horizon,500,round_runtime_seconds,20,0.0010866979107959196,2.4450280494806853e-05,5.467248925532532e-06,0.001075254827283342,0.0010981409943084971,1.1443083512577569e-05
operator_ablation,full,evaluation,default,full_relinearized,,,"{""operator_kind"":""full""}",{},20,horizon,500,runtime_seconds,20,0.4929549844149733,0.029538712390570133,0.006605056887313014,0.4791304414690919,0.5067795273608547,0.013824542945881407
operator_ablation,full,evaluation,default,full_relinearized,,,"{""operator_kind"":""full""}",{},20,horizon,500,same_history_full_action,20,2.15,1.4244112357114616,0.3185080350965304,1.4833550210206359,2.816644978979364,0.666644978979364
operator_ablation,full,evaluation,default,full_relinearized,,,"{""operator_kind"":""full""}",{},20,horizon,500,selected_action_optimism_violation_rate,20,0.0,0.0,0.0,0.0,0.0,0.0
operator_ablation,full,evaluation,default,full_relinearized,,,"{""operator_kind"":""full""}",{},20,horizon,500,theorem_bound_slack,20,23452.402905985382,13.228187168697108,2.957912572829721,23446.211923819614,23458.59388815115,6.190982165769374
operator_ablation,full,evaluation,default,full_relinearized,,,"{""operator_kind"":""full""}",{},20,horizon,500,theorem_rhs,20,23507.773122241335,15.84858510292994,3.5438513637341846,23500.35575609179,23515.19048839088,7.417366149543337
operator_ablation,full,evaluation,default,full_relinearized,,,"{""operator_kind"":""full""}",{},20,horizon,500,theory_factor,20,408.2842077975371,0.0,0.0,408.2842077975371,408.2842077975371,0.0
operator_ablation,full,evaluation,default,full_relinearized,,,"{""operator_kind"":""full""}",{},20,horizon,500,transfer_slack_min,20,-1.1275702593849246e-18,7.498383215303272e-19,1.6766894590761557e-19,-1.4785053963468495e-18,-7.766351224229998e-19,3.509351369619249e-19
operator_ablation,full,evaluation,default,full_relinearized,,,"{""operator_kind"":""full""}",{},20,horizon,500,transition_logdet,20,-4.5186077102243985e-15,5.324332921563546e-15,1.1905570347456144e-15,-7.010472222091998e-15,-2.026743198356799e-15,2.4918645118675996e-15
operator_ablation,full,evaluation,default,full_relinearized,,,"{""operator_kind"":""full""}",{},20,horizon,500,true_mean,20,0.3136714011044968,0.14746849394199477,0.03297495769938162,0.24465402144659462,0.382688780762399,0.0690173796579022
operator_ablation,full,evaluation,default,full_relinearized,,,"{""operator_kind"":""full""}",{},20,horizon,500,u_t,20,1.0,0.0,0.0,1.0,1.0,0.0
operator_ablation,full,evaluation,default,full_relinearized,,,"{""operator_kind"":""full""}",{},20,horizon,500,variation_increment,20,5.1458837191376094e-15,4.250906010967804e-15,9.505314806486476e-16,3.1563984656676442e-15,7.135368972607574e-15,1.9894852534699652e-15
operator_ablation,full,evaluation,default,full_relinearized,,,"{""operator_kind"":""full""}",{},20,horizon,500,width_distortion,20,1.3877787807814457e-16,1.0108197257000806e-16,2.2602616196630713e-17,9.147005868603765e-17,1.8608569747025148e-16,4.730781939210692e-17
operator_ablation,full,evaluation,default,full_relinearized,,,"{""operator_kind"":""full""}",{},20,horizon,500,width_dynamic_bound,20,791.1798931489939,1.0668750818897883,0.23856052066062214,790.680580240819,791.6792060571687,0.49931290817485247
operator_ablation,full,evaluation,default,full_relinearized,,,"{""operator_kind"":""full""}",{},20,horizon,500,width_dynamic_slack,20,709.9536645242105,2.0410792402843603,0.45639919287394565,708.9984100351128,710.9089190133082,0.9552544890977054
operator_ablation,full,evaluation,default,full_relinearized,,,"{""operator_kind"":""full""}",{},20,horizon,500,width_information_bound,20,791.1798931489831,1.0668750818895405,0.2385605206605667,790.6805802408084,791.6792060571578,0.49931290817473645
operator_ablation,full,evaluation,default,full_relinearized,,,"{""operator_kind"":""full""}",{},20,horizon,500,width_information_slack,20,709.9536645241997,2.0410792402841613,0.4563991928739012,708.9984100351021,710.9089190132972,0.9552544890976123
operator_ablation,full,evaluation,default,full_relinearized,,,"{""operator_kind"":""full""}",{},20,horizon,500,width_squared_cumulative,20,81.22622862478337,1.493795185273503,0.3340227578733445,80.52711095783467,81.92534629173208,0.6991176669487124
operator_ablation,full,evaluation,default,full_relinearized,,,"{""operator_kind"":""full""}",{},20,horizon,500,xi_min_eigenvalue,20,-1.2842247240265397e-16,7.164955452546781e-17,1.6021327447652368e-17,-1.6195549613414246e-16,-9.488944867116548e-17,3.353302373148848e-17
operator_ablation,full,evaluation,default,lanczos_rank16,,,"{""operator_kind"":""lanczos"",""operator_parameter"":16}",{},20,summary,,Gamma_dynamic_T,20,1647.9018506246307,7.183511359716051,1.6062819717467034,1644.5398638196025,1651.263837429659,3.3619868050282578
operator_ablation,full,evaluation,default,lanczos_rank16,,,"{""operator_kind"":""lanczos"",""operator_parameter"":16}",{},20,summary,,Lambda_alg_T,20,1643.4613334742298,7.132741881864734,1.594929571380932,1640.1231075162425,1646.7995594322172,3.338225957987424
operator_ablation,full,evaluation,default,lanczos_rank16,,,"{""operator_kind"":""lanczos"",""operator_parameter"":16}",{},20,summary,,V_alg_T,20,1549.877445282425,7.317142346308227,1.63616276873875,1546.4529172505274,1553.3019733143226,3.424528031897503
operator_ablation,full,evaluation,default,lanczos_rank16,,,"{""operator_kind"":""lanczos"",""operator_parameter"":16}",{},20,summary,,action_disagreement_count,20,354.6,11.913724946684944,2.663989884602259,349.0242050908271,360.17579490917296,5.575794909172942
operator_ablation,full,evaluation,default,lanczos_rank16,,,"{""operator_kind"":""lanczos"",""operator_parameter"":16}",{},20,summary,,action_disagreement_rate,20,0.7091999999999999,0.023827449893369875,0.005327979769204515,0.6980484101816541,0.7203515898183458,0.011151589818345879
operator_ablation,full,evaluation,default,lanczos_rank16,,,"{""operator_kind"":""lanczos"",""operator_parameter"":16}",{},20,summary,,action_disagreement_with_full_count,20,354.6,11.913724946684944,2.663989884602259,349.0242050908271,360.17579490917296,5.575794909172942
operator_ablation,full,evaluation,default,lanczos_rank16,,,"{""operator_kind"":""lanczos"",""operator_parameter"":16}",{},20,summary,,action_set_max_cbar_width_squared_over_chat_width_squared,20,1.0000015848305859,6.563164171017261e-06,1.467568123388565e-06,0.9999985131752022,1.0000046564859697,3.0716553837351274e-06
operator_ablation,full,evaluation,default,lanczos_rank16,,,"{""operator_kind"":""lanczos"",""operator_parameter"":16}",{},20,summary,,action_set_transfer_max,20,1.0000015848305859,6.563164171017261e-06,1.467568123388565e-06,0.9999985131752022,1.0000046564859697,3.0716553837351274e-06
operator_ablation,full,evaluation,default,lanczos_rank16,,,"{""operator_kind"":""lanczos"",""operator_parameter"":16}",{},20,summary,,cumulative_pseudo_regret,20,165.14856428256599,5.636588949709766,1.2603796052775178,162.51055945103448,167.7865691140975,2.638004831531494
operator_ablation,full,evaluation,default,lanczos_rank16,,,"{""operator_kind"":""lanczos"",""operator_parameter"":16}",{},20,summary,,dynamic_identity_residual,20,-2.0007746570627206e-10,1.1267837937730558e-09,2.519565158821657e-10,-7.274285141125538e-10,3.2727358270000977e-10,5.273510484062818e-10
operator_ablation,full,evaluation,default,lanczos_rank16,,,"{""operator_kind"":""lanczos"",""operator_parameter"":16}",{},20,summary,,endpoint_logdet_T,20,98.02440534220567,0.3034053761595666,0.0678435045831685,97.88240725517774,98.1664034292336,0.141998087027932
operator_ablation,full,evaluation,default,lanczos_rank16,,,"{""operator_kind"":""lanczos"",""operator_parameter"":16}",{},20,summary,,exact_global_kappa_plus_max,20,6.126528807949712,1.4563859361635767,0.32565779547364265,5.444919208517796,6.808138407381628,0.6816095994319153
operator_ablation,full,evaluation,default,lanczos_rank16,,,"{""operator_kind"":""lanczos"",""operator_parameter"":16}",{},20,summary,,exact_global_kappa_plus_min,20,1.0000000000000004,7.599363599933363e-16,1.6992693595188517e-16,1.0,1.0000000000000009,3.556611644391957e-16
operator_ablation,full,evaluation,default,lanczos_rank16,,,"{""operator_kind"":""lanczos"",""operator_parameter"":16}",{},20,summary,,kappa_plus_max,20,6.126528807949712,1.4563859361635767,0.32565779547364265,5.444919208517796,6.808138407381628,0.6816095994319153
operator_ablation,full,evaluation,default,lanczos_rank16,,,"{""operator_kind"":""lanczos"",""operator_parameter"":16}",{},20,summary,,kappa_plus_min,20,1.0000000000000004,7.599363599933363e-16,1.6992693595188517e-16,1.0,1.0000000000000009,3.556611644391957e-16
operator_ablation,full,evaluation,default,lanczos_rank16,,,"{""operator_kind"":""lanczos"",""operator_parameter"":16}",{},20,summary,,max_relative_width_distortion,20,19.55508806225633,0.8305784058165918,0.1857229776049306,19.166365402672877,19.943810721839785,0.38872265958345537
operator_ablation,full,evaluation,default,lanczos_rank16,,,"{""operator_kind"":""lanczos"",""operator_parameter"":16}",{},20,summary,,mean_cg_iterations,20,0.0,0.0,0.0,0.0,0.0,0.0
operator_ablation,full,evaluation,default,lanczos_rank16,,,"{""operator_kind"":""lanczos"",""operator_parameter"":16}",{},20,summary,,operator_parameter,20,16.0,0.0,0.0,16.0,16.0,0.0
operator_ablation,full,evaluation,default,lanczos_rank16,,,"{""operator_kind"":""lanczos"",""operator_parameter"":16}",{},20,summary,,optimism_violation_count,20,0.0,0.0,0.0,0.0,0.0,0.0
operator_ablation,full,evaluation,default,lanczos_rank16,,,"{""operator_kind"":""lanczos"",""operator_parameter"":16}",{},20,summary,,optimism_violation_rate,20,0.0,0.0,0.0,0.0,0.0,0.0
operator_ablation,full,evaluation,default,lanczos_rank16,,,"{""operator_kind"":""lanczos"",""operator_parameter"":16}",{},20,summary,,optimism_violation_rounds,20,0.0,0.0,0.0,0.0,0.0,0.0
operator_ablation,full,evaluation,default,lanczos_rank16,,,"{""operator_kind"":""lanczos"",""operator_parameter"":16}",{},20,summary,,peak_host_memory_bytes,20,1170975129.6,592139856.2097079,132406497.06718576,893845146.2784369,1448105112.921563,277129983.321563
operator_ablation,full,evaluation,default,lanczos_rank16,,,"{""operator_kind"":""lanczos"",""operator_parameter"":16}",{},20,summary,,rounds,20,500.0,0.0,0.0,500.0,500.0,0.0
operator_ablation,full,evaluation,default,lanczos_rank16,,,"{""operator_kind"":""lanczos"",""operator_parameter"":16}",{},20,summary,,runtime_seconds,20,1.021960141143063,0.013351198010963294,0.002985418633357391,1.0157115881309673,1.0282086941551587,0.006248553012095799
operator_ablation,full,evaluation,default,lanczos_rank16,,,"{""operator_kind"":""lanczos"",""operator_parameter"":16}",{},20,summary,,seed,20,129.5,5.916079783099616,1.3228756555322954,126.73118943197974,132.26881056802026,2.768810568020254
operator_ablation,full,evaluation,default,lanczos_rank16,,,"{""operator_kind"":""lanczos"",""operator_parameter"":16}",{},20,summary,,width_distortion_max,20,19.55508806225633,0.8305784058165918,0.1857229776049306,19.166365402672877,19.943810721839785,0.38872265958345537
operator_ablation,full,evaluation,default,lanczos_rank16,,,"{""operator_kind"":""lanczos"",""operator_parameter"":16}",{},20,horizon,500,C_Cbar_max_abs,20,0.0,0.0,0.0,0.0,0.0,0.0
operator_ablation,full,evaluation,default,lanczos_rank16,,,"{""operator_kind"":""lanczos"",""operator_parameter"":16}",{},20,horizon,500,E_T,20,0.0,0.0,0.0,0.0,0.0,0.0
operator_ablation,full,evaluation,default,lanczos_rank16,,,"{""operator_kind"":""lanczos"",""operator_parameter"":16}",{},20,horizon,500,E_t,20,0.0,0.0,0.0,0.0,0.0,0.0
operator_ablation,full,evaluation,default,lanczos_rank16,,,"{""operator_kind"":""lanczos"",""operator_parameter"":16}",{},20,horizon,500,F_T,20,0.0,0.0,0.0,0.0,0.0,0.0
operator_ablation,full,evaluation,default,lanczos_rank16,,,"{""operator_kind"":""lanczos"",""operator_parameter"":16}",{},20,horizon,500,F_t,20,0.0,0.0,0.0,0.0,0.0,0.0
operator_ablation,full,evaluation,default,lanczos_rank16,,,"{""operator_kind"":""lanczos"",""operator_parameter"":16}",{},20,horizon,500,Gamma_dynamic_T,20,1647.9018506246307,7.183511359716051,1.6062819717467034,1644.5398638196025,1651.263837429659,3.3619868050282578
operator_ablation,full,evaluation,default,lanczos_rank16,,,"{""operator_kind"":""lanczos"",""operator_parameter"":16}",{},20,horizon,500,Gamma_dynamic_cumulative,20,1647.9018506246307,7.183511359716051,1.6062819717467034,1644.5398638196025,1651.263837429659,3.3619868050282578
operator_ablation,full,evaluation,default,lanczos_rank16,,,"{""operator_kind"":""lanczos"",""operator_parameter"":16}",{},20,horizon,500,Lambda_alg_T,20,1643.4613334742298,7.132741881864734,1.594929571380932,1640.1231075162425,1646.7995594322172,3.338225957987424
operator_ablation,full,evaluation,default,lanczos_rank16,,,"{""operator_kind"":""lanczos"",""operator_parameter"":16}",{},20,horizon,500,Lambda_alg_cumulative,20,1643.4613334742298,7.132741881864734,1.594929571380932,1640.1231075162425,1646.7995594322172,3.338225957987424
operator_ablation,full,evaluation,default,lanczos_rank16,,,"{""operator_kind"":""lanczos"",""operator_parameter"":16}",{},20,horizon,500,S_T,20,346101.9713948549,30812.050907042885,6889.784035433194,331681.48767901486,360522.4551106949,14420.483715840022
operator_ablation,full,evaluation,default,lanczos_rank16,,,"{""operator_kind"":""lanczos"",""operator_parameter"":16}",{},20,horizon,500,S_t_cumulative,20,346101.9713948549,30812.050907042885,6889.784035433194,331681.48767901486,360522.4551106949,14420.483715840022
operator_ablation,full,evaluation,default,lanczos_rank16,,,"{""operator_kind"":""lanczos"",""operator_parameter"":16}",{},20,horizon,500,V_alg_T,20,1549.877445282425,7.317142346308227,1.63616276873875,1546.4529172505274,1553.3019733143226,3.424528031897503
operator_ablation,full,evaluation,default,lanczos_rank16,,,"{""operator_kind"":""lanczos"",""operator_parameter"":16}",{},20,horizon,500,V_alg_cumulative,20,1549.877445282425,7.317142346308227,1.63616276873875,1546.4529172505274,1553.3019733143226,3.424528031897503
operator_ablation,full,evaluation,default,lanczos_rank16,,,"{""operator_kind"":""lanczos"",""operator_parameter"":16}",{},20,horizon,500,action,20,1.95,1.4680814547887786,0.3282729929414493,1.2629167293609376,2.6370832706390623,0.6870832706390623
operator_ablation,full,evaluation,default,lanczos_rank16,,,"{""operator_kind"":""lanczos"",""operator_parameter"":16}",{},20,horizon,500,action_set_max_cbar_width_over_chat_width,20,0.08444799948628676,0.01542102133047447,0.0034482451977415163,0.07723073934191582,0.09166525963065769,0.007217260144370929
operator_ablation,full,evaluation,default,lanczos_rank16,,,"{""operator_kind"":""lanczos"",""operator_parameter"":16}",{},20,horizon,500,action_set_max_cbar_width_squared_over_chat_width_squared,20,0.00735738212116709,0.0027260852843845945,0.0006095712008345799,0.006081534934945757,0.008633229307388425,0.0012758471862213338
operator_ablation,full,evaluation,default,lanczos_rank16,,,"{""operator_kind"":""lanczos"",""operator_parameter"":16}",{},20,horizon,500,action_set_transfer,20,0.00735738212116709,0.0027260852843845945,0.0006095712008345799,0.006081534934945757,0.008633229307388425,0.0012758471862213338
operator_ablation,full,evaluation,default,lanczos_rank16,,,"{""operator_kind"":""lanczos"",""operator_parameter"":16}",{},20,horizon,500,all_action_optimism_violation_rate,20,0.0,0.0,0.0,0.0,0.0,0.0
operator_ablation,full,evaluation,default,lanczos_rank16,,,"{""operator_kind"":""lanczos"",""operator_parameter"":16}",{},20,horizon,500,alpha_t,20,1.0,0.0,0.0,1.0,1.0,0.0
operator_ablation,full,evaluation,default,lanczos_rank16,,,"{""operator_kind"":""lanczos"",""operator_parameter"":16}",{},20,horizon,500,bar_chi_t,20,0.0,0.0,0.0,0.0,0.0,0.0
operator_ablation,full,evaluation,default,lanczos_rank16,,,"{""operator_kind"":""lanczos"",""operator_parameter"":16}",{},20,horizon,500,bar_psi_t,20,0.0,0.0,0.0,0.0,0.0,0.0
operator_ablation,full,evaluation,default,lanczos_rank16,,,"{""operator_kind"":""lanczos"",""operator_parameter"":16}",{},20,horizon,500,beta_t,20,20.206043843304336,0.0,0.0,20.206043843304336,20.206043843304336,0.0
operator_ablation,full,evaluation,default,lanczos_rank16,,,"{""operator_kind"":""lanczos"",""operator_parameter"":16}",{},20,horizon,500,bonus_lower_slack_min,20,23.90884790145069,5.191280532394035,1.160805616070436,21.479253824523013,26.33844197837837,2.4295940769276787
operator_ablation,full,evaluation,default,lanczos_rank16,,,"{""operator_kind"":""lanczos"",""operator_parameter"":16}",{},20,horizon,500,bonus_upper_slack_min,20,0.0,0.0,0.0,0.0,0.0,0.0
operator_ablation,full,evaluation,default,lanczos_rank16,,,"{""operator_kind"":""lanczos"",""operator_parameter"":16}",{},20,horizon,500,cg_certified_epsilon,20,0.0,0.0,0.0,0.0,0.0,0.0
operator_ablation,full,evaluation,default,lanczos_rank16,,,"{""operator_kind"":""lanczos"",""operator_parameter"":16}",{},20,horizon,500,cg_energy_error_max,20,0.0,0.0,0.0,0.0,0.0,0.0
operator_ablation,full,evaluation,default,lanczos_rank16,,,"{""operator_kind"":""lanczos"",""operator_parameter"":16}",{},20,horizon,500,cg_sandwich_lower_slack_min,20,0.0,0.0,0.0,0.0,0.0,0.0
operator_ablation,full,evaluation,default,lanczos_rank16,,,"{""operator_kind"":""lanczos"",""operator_parameter"":16}",{},20,horizon,500,cg_sandwich_upper_slack_min,20,0.0,0.0,0.0,0.0,0.0,0.0
operator_ablation,full,evaluation,default,lanczos_rank16,,,"{""operator_kind"":""lanczos"",""operator_parameter"":16}",{},20,horizon,500,chi_t,20,0.0,0.0,0.0,0.0,0.0,0.0
operator_ablation,full,evaluation,default,lanczos_rank16,,,"{""operator_kind"":""lanczos"",""operator_parameter"":16}",{},20,horizon,500,confidence_ratio_max,20,1.5803319644104363,0.5130238800813202,0.11471562699425322,1.3402293976949333,1.8204345311259393,0.24010256671550312
operator_ablation,full,evaluation,default,lanczos_rank16,,,"{""operator_kind"":""lanczos"",""operator_parameter"":16}",{},20,horizon,500,cumulative_pseudo_regret,20,165.14856428256599,5.636588949709766,1.2603796052775178,162.51055945103448,167.7865691140975,2.638004831531494
operator_ablation,full,evaluation,default,lanczos_rank16,,,"{""operator_kind"":""lanczos"",""operator_parameter"":16}",{},20,horizon,500,dynamic_bound_slack,20,4.440517150400706,3.134664136854475,0.700932209663731,2.9734491750649488,5.907585125736463,1.4670679753357572
operator_ablation,full,evaluation,default,lanczos_rank16,,,"{""operator_kind"":""lanczos"",""operator_parameter"":16}",{},20,horizon,500,dynamic_identity_residual,20,-2.0007746570627206e-10,1.1267837937730558e-09,2.519565158821657e-10,-7.274285141125538e-10,3.2727358270000977e-10,5.273510484062818e-10
operator_ablation,full,evaluation,default,lanczos_rank16,,,"{""operator_kind"":""lanczos"",""operator_parameter"":16}",{},20,horizon,500,dynamic_identity_rhs,20,1643.46133347443,7.132741881604534,1.5949295713227494,1640.1231075165642,1646.7995594322956,3.338225957865647
operator_ablation,full,evaluation,default,lanczos_rank16,,,"{""operator_kind"":""lanczos"",""operator_parameter"":16}",{},20,horizon,500,endpoint_logdet,20,98.02440534220567,0.3034053761595666,0.0678435045831685,97.88240725517774,98.1664034292336,0.141998087027932
operator_ablation,full,evaluation,default,lanczos_rank16,,,"{""operator_kind"":""lanczos"",""operator_parameter"":16}",{},20,horizon,500,exact_global_kappa_plus,20,1.782416380644553,0.4580270214956891,0.1024179555596118,1.5680531360549643,1.9967796252341417,0.2143632445895887
operator_ablation,full,evaluation,default,lanczos_rank16,,,"{""operator_kind"":""lanczos"",""operator_parameter"":16}",{},20,horizon,500,gamma_upper_t,20,324.1334518928847,0.0,0.0,324.1334518928847,324.1334518928847,0.0
operator_ablation,full,evaluation,default,lanczos_rank16,,,"{""operator_kind"":""lanczos"",""operator_parameter"":16}",{},20,horizon,500,global_kappa_plus_C_hat_C_full,20,1.782416380644553,0.4580270214956891,0.1024179555596118,1.5680531360549643,1.9967796252341417,0.2143632445895887
operator_ablation,full,evaluation,default,lanczos_rank16,,,"{""operator_kind"":""lanczos"",""operator_parameter"":16}",{},20,horizon,500,information_increment,20,3.2025615017199116,0.2507559922964529,0.056070744454028223,3.085204084829049,3.319918918610774,0.11735741689086235
operator_ablation,full,evaluation,default,lanczos_rank16,,,"{""operator_kind"":""lanczos"",""operator_parameter"":16}",{},20,horizon,500,kappa_bar_t,20,1715.3351287032121,18.591184373458262,4.157115204128451,1706.6341865840247,1724.0360708223996,8.700942119187355
operator_ablation,full,evaluation,default,lanczos_rank16,,,"{""operator_kind"":""lanczos"",""operator_parameter"":16}",{},20,horizon,500,kappa_plus,20,1.782416380644553,0.4580270214956891,0.1024179555596118,1.5680531360549643,1.9967796252341417,0.2143632445895887
operator_ablation,full,evaluation,default,lanczos_rank16,,,"{""operator_kind"":""lanczos"",""operator_parameter"":16}",{},20,horizon,500,kappa_t,20,1715.3351287032121,18.591184373458262,4.157115204128451,1706.6341865840247,1724.0360708223996,8.700942119187355
operator_ablation,full,evaluation,default,lanczos_rank16,,,"{""operator_kind"":""lanczos"",""operator_parameter"":16}",{},20,horizon,500,max_chi_t,20,0.0,0.0,0.0,0.0,0.0,0.0
operator_ablation,full,evaluation,default,lanczos_rank16,,,"{""operator_kind"":""lanczos"",""operator_parameter"":16}",{},20,horizon,500,max_psi_t,20,0.0,0.0,0.0,0.0,0.0,0.0
operator_ablation,full,evaluation,default,lanczos_rank16,,,"{""operator_kind"":""lanczos"",""operator_parameter"":16}",{},20,horizon,500,max_relative_width_distortion,20,15.087875163592283,2.36288435683049,0.5283570044843845,13.982011243891348,16.19373908329322,1.1058639197009354
operator_ablation,full,evaluation,default,lanczos_rank16,,,"{""operator_kind"":""lanczos"",""operator_parameter"":16}",{},20,horizon,500,max_theory_factor,20,727.7324599368197,187.00519962123423,41.81563384989976,640.2113324386493,815.2535874349902,87.52112749817051
operator_ablation,full,evaluation,default,lanczos_rank16,,,"{""operator_kind"":""lanczos"",""operator_parameter"":16}",{},20,horizon,500,max_u_t,20,1.7824163806445656,0.45802702149569235,0.10241795555961254,1.5680531360549754,1.9967796252341559,0.21436324458959022
operator_ablation,full,evaluation,default,lanczos_rank16,,,"{""operator_kind"":""lanczos"",""operator_parameter"":16}",{},20,horizon,500,mean_cg_iterations,20,0.0,0.0,0.0,0.0,0.0,0.0
operator_ablation,full,evaluation,default,lanczos_rank16,,,"{""operator_kind"":""lanczos"",""operator_parameter"":16}",{},20,horizon,500,mean_chi_t,20,0.0,0.0,0.0,0.0,0.0,0.0
operator_ablation,full,evaluation,default,lanczos_rank16,,,"{""operator_kind"":""lanczos"",""operator_parameter"":16}",{},20,horizon,500,mean_psi_t,20,0.0,0.0,0.0,0.0,0.0,0.0
operator_ablation,full,evaluation,default,lanczos_rank16,,,"{""operator_kind"":""lanczos"",""operator_parameter"":16}",{},20,horizon,500,mean_relative_width_distortion,20,12.97236235117471,2.0339807375345202,0.4548119194052345,12.02043006362794,13.924294638721479,0.951932287546769
operator_ablation,full,evaluation,default,lanczos_rank16,,,"{""operator_kind"":""lanczos"",""operator_parameter"":16}",{},20,horizon,500,mean_round_runtime_seconds,20,0.002184752107132226,9.215240750624131e-05,2.0605904747421744e-05,0.002141623452833026,0.0022278807614314264,4.312865429920008e-05
operator_ablation,full,evaluation,default,lanczos_rank16,,,"{""operator_kind"":""lanczos"",""operator_parameter"":16}",{},20,horizon,500,mean_theory_factor,20,727.7324599368197,187.00519962123423,41.81563384989976,640.2113324386493,815.2535874349902,87.52112749817051
operator_ablation,full,evaluation,default,lanczos_rank16,,,"{""operator_kind"":""lanczos"",""operator_parameter"":16}",{},20,horizon,500,mean_u_t,20,1.7824163806445656,0.45802702149569235,0.10241795555961254,1.5680531360549754,1.9967796252341559,0.21436324458959022
operator_ablation,full,evaluation,default,lanczos_rank16,,,"{""operator_kind"":""lanczos"",""operator_parameter"":16}",{},20,horizon,500,noise,20,-0.12428312308502396,0.28978733638402343,0.06479841831732745,-0.2599077713108023,0.011341525140754372,0.13562464822577833
operator_ablation,full,evaluation,default,lanczos_rank16,,,"{""operator_kind"":""lanczos"",""operator_parameter"":16}",{},20,horizon,500,omega_t,20,20.206043843304336,0.0,0.0,20.206043843304336,20.206043843304336,0.0
operator_ablation,full,evaluation,default,lanczos_rank16,,,"{""operator_kind"":""lanczos"",""operator_parameter"":16}",{},20,horizon,500,operator_condition_number,20,1715.3351287032121,18.591184373458262,4.157115204128451,1706.6341865840247,1724.0360708223996,8.700942119187355
operator_ablation,full,evaluation,default,lanczos_rank16,,,"{""operator_kind"":""lanczos"",""operator_parameter"":16}",{},20,horizon,500,operator_min_eigenvalue,20,0.9999999999995068,1.098196747315721e-13,2.4556425796671116e-14,0.9999999999994554,0.9999999999995582,5.139718988272536e-14
operator_ablation,full,evaluation,default,lanczos_rank16,,,"{""operator_kind"":""lanczos"",""operator_parameter"":16}",{},20,horizon,500,operator_parameter,20,16.0,0.0,0.0,16.0,16.0,0.0
operator_ablation,full,evaluation,default,lanczos_rank16,,,"{""operator_kind"":""lanczos"",""operator_parameter"":16}",{},20,horizon,500,optimal_action,20,1.9,1.4832396974191326,0.33166247903553997,1.2058224534339232,2.5941775465660766,0.6941775465660766
operator_ablation,full,evaluation,default,lanczos_rank16,,,"{""operator_kind"":""lanczos"",""operator_parameter"":16}",{},20,horizon,500,optimal_mean,20,0.35904603128039303,0.06404693033427485,0.014321328997763188,0.32907114519697944,0.3890209173638066,0.029974886083413588
operator_ablation,full,evaluation,default,lanczos_rank16,,,"{""operator_kind"":""lanczos"",""operator_parameter"":16}",{},20,horizon,500,optimism_violation_count,20,0.0,0.0,0.0,0.0,0.0,0.0
operator_ablation,full,evaluation,default,lanczos_rank16,,,"{""operator_kind"":""lanczos"",""operator_parameter"":16}",{},20,horizon,500,optimism_violation_max,20,0.0,0.0,0.0,0.0,0.0,0.0
operator_ablation,full,evaluation,default,lanczos_rank16,,,"{""operator_kind"":""lanczos"",""operator_parameter"":16}",{},20,horizon,500,optimism_violation_rate,20,0.0,0.0,0.0,0.0,0.0,0.0
operator_ablation,full,evaluation,default,lanczos_rank16,,,"{""operator_kind"":""lanczos"",""operator_parameter"":16}",{},20,horizon,500,peak_host_memory_bytes,20,1170975129.6,592139856.2097079,132406497.06718576,893845146.2784369,1448105112.921563,277129983.321563
operator_ablation,full,evaluation,default,lanczos_rank16,,,"{""operator_kind"":""lanczos"",""operator_parameter"":16}",{},20,horizon,500,policy_transfer_factor,20,1.7824163806445656,0.45802702149569235,0.10241795555961254,1.5680531360549754,1.9967796252341559,0.21436324458959022
operator_ablation,full,evaluation,default,lanczos_rank16,,,"{""operator_kind"":""lanczos"",""operator_parameter"":16}",{},20,horizon,500,pseudo_regret,20,0.30238281887135915,0.33305386073477694,0.07447310727717092,0.14650881393370993,0.45825682380900834,0.15587400493764922
operator_ablation,full,evaluation,default,lanczos_rank16,,,"{""operator_kind"":""lanczos"",""operator_parameter"":16}",{},20,horizon,500,psi_t,20,0.0,0.0,0.0,0.0,0.0,0.0
operator_ablation,full,evaluation,default,lanczos_rank16,,,"{""operator_kind"":""lanczos"",""operator_parameter"":16}",{},20,horizon,500,reference_update_max_abs,20,3.552713678800501e-15,0.0,0.0,3.552713678800501e-15,3.552713678800501e-15,0.0
operator_ablation,full,evaluation,default,lanczos_rank16,,,"{""operator_kind"":""lanczos"",""operator_parameter"":16}",{},20,horizon,500,reward,20,-0.06761991067599007,0.3667630612242515,0.08201071365333436,-0.2392703070716108,0.10403048571963064,0.1716503963956207
operator_ablation,full,evaluation,default,lanczos_rank16,,,"{""operator_kind"":""lanczos"",""operator_parameter"":16}",{},20,horizon,500,rho_minus,20,0.0006746178659436604,5.824548670828962e-05,1.3024086766229605e-05,0.0006473581390552409,0.0007018775928320799,2.7259726888419486e-05
operator_ablation,full,evaluation,default,lanczos_rank16,,,"{""operator_kind"":""lanczos"",""operator_parameter"":16}",{},20,horizon,500,rho_plus,20,1.782416380644553,0.4580270214956891,0.1024179555596118,1.5680531360549643,1.9967796252341417,0.2143632445895887
operator_ablation,full,evaluation,default,lanczos_rank16,,,"{""operator_kind"":""lanczos"",""operator_parameter"":16}",{},20,horizon,500,ridge_normal_equation_residual,20,1.46015227871663e-13,2.8734376887736885e-14,6.425202001207852e-15,1.3256712552870257e-13,1.5946333021462343e-13,1.3448102342960437e-14
operator_ablation,full,evaluation,default,lanczos_rank16,,,"{""operator_kind"":""lanczos"",""operator_parameter"":16}",{},20,horizon,500,round,20,500.0,0.0,0.0,500.0,500.0,0.0
operator_ablation,full,evaluation,default,lanczos_rank16,,,"{""operator_kind"":""lanczos"",""operator_parameter"":16}",{},20,horizon,500,round_runtime_seconds,20,0.002184752107132226,9.215240750624131e-05,2.0605904747421744e-05,0.002141623452833026,0.0022278807614314264,4.312865429920008e-05
operator_ablation,full,evaluation,default,lanczos_rank16,,,"{""operator_kind"":""lanczos"",""operator_parameter"":16}",{},20,horizon,500,runtime_seconds,20,1.021960141143063,0.013351198010963294,0.002985418633357391,1.0157115881309673,1.0282086941551587,0.006248553012095799
operator_ablation,full,evaluation,default,lanczos_rank16,,,"{""operator_kind"":""lanczos"",""operator_parameter"":16}",{},20,horizon,500,same_history_full_action,20,1.8,1.5078740698501039,0.3371708921694098,1.0942932122431153,2.5057067877568846,0.7057067877568848
operator_ablation,full,evaluation,default,lanczos_rank16,,,"{""operator_kind"":""lanczos"",""operator_parameter"":16}",{},20,horizon,500,selected_action_optimism_violation_rate,20,0.0,0.0,0.0,0.0,0.0,0.0
operator_ablation,full,evaluation,default,lanczos_rank16,,,"{""operator_kind"":""lanczos"",""operator_parameter"":16}",{},20,horizon,500,theorem_bound_slack,20,83229.98967528605,3717.3170583724,831.217363644024,81490.23173873725,84969.74761183486,1739.7579365488007
operator_ablation,full,evaluation,default,lanczos_rank16,,,"{""operator_kind"":""lanczos"",""operator_parameter"":16}",{},20,horizon,500,theorem_rhs,20,83395.13823956862,3719.5930667900566,831.7262945979481,81654.31509829122,85135.96138084603,1740.8231412773969
operator_ablation,full,evaluation,default,lanczos_rank16,,,"{""operator_kind"":""lanczos"",""operator_parameter"":16}",{},20,horizon,500,theory_factor,20,727.7324599368197,187.00519962123423,41.81563384989976,640.2113324386493,815.2535874349902,87.52112749817051
operator_ablation,full,evaluation,default,lanczos_rank16,,,"{""operator_kind"":""lanczos"",""operator_parameter"":16}",{},20,horizon,500,transfer_slack_min,20,1.6412151378824753,0.6312527510922253,0.14115240624259703,1.3457797562791063,1.9366505194858443,0.29543538160336913
operator_ablation,full,evaluation,default,lanczos_rank16,,,"{""operator_kind"":""lanczos"",""operator_parameter"":16}",{},20,horizon,500,transition_logdet,20,-3.110410162353491,0.3860117706834475,0.0863148559363249,-3.2910692320810067,-2.9297510926259753,0.18065906972751583
operator_ablation,full,evaluation,default,lanczos_rank16,,,"{""operator_kind"":""lanczos"",""operator_parameter"":16}",{},20,horizon,500,true_mean,20,0.05666321240903388,0.3357511676193006,0.07507624343216823,-0.10047317100910805,0.2137995958271758,0.15713638341814193
operator_ablation,full,evaluation,default,lanczos_rank16,,,"{""operator_kind"":""lanczos"",""operator_parameter"":16}",{},20,horizon,500,u_t,20,1.7824163806445656,0.45802702149569235,0.10241795555961254,1.5680531360549754,1.9967796252341559,0.21436324458959022
operator_ablation,full,evaluation,default,lanczos_rank16,,,"{""operator_kind"":""lanczos"",""operator_parameter"":16}",{},20,horizon,500,variation_increment,20,3.110410162353491,0.3860117706834475,0.0863148559363249,2.9297510926259753,3.2910692320810067,0.18065906972751583
operator_ablation,full,evaluation,default,lanczos_rank16,,,"{""operator_kind"":""lanczos"",""operator_parameter"":16}",{},20,horizon,500,width_distortion,20,15.087875163592283,2.36288435683049,0.5283570044843845,13.982011243891348,16.19373908329322,1.1058639197009354
operator_ablation,full,evaluation,default,lanczos_rank16,,,"{""operator_kind"":""lanczos"",""operator_parameter"":16}",{},20,horizon,500,width_dynamic_bound,20,5046.699417537931,21.99950353913039,4.919238538474276,5036.403332947532,5056.99550212833,10.296084590399031
operator_ablation,full,evaluation,default,lanczos_rank16,,,"{""operator_kind"":""lanczos"",""operator_parameter"":16}",{},20,horizon,500,width_dynamic_slack,20,4222.493893046403,12.803001767948018,2.8628382269181754,4216.501903773584,4228.485882319223,5.9919892728193735
operator_ablation,full,evaluation,default,lanczos_rank16,,,"{""operator_kind"":""lanczos"",""operator_parameter"":16}",{},20,horizon,500,width_information_bound,20,5033.100333764829,21.844022013210807,4.884471812354117,5022.8770167684925,5043.3236507611655,10.223316996336514
operator_ablation,full,evaluation,default,lanczos_rank16,,,"{""operator_kind"":""lanczos"",""operator_parameter"":16}",{},20,horizon,500,width_information_slack,20,4208.894809273302,10.523291376360197,2.3530794864578723,4203.96975730621,4213.819861240393,4.925051967091077
operator_ablation,full,evaluation,default,lanczos_rank16,,,"{""operator_kind"":""lanczos"",""operator_parameter"":16}",{},20,horizon,500,width_squared_cumulative,20,824.2055244915271,11.44064721636266,2.558206488238065,818.8511367755013,829.5599122075528,5.354387716025676
operator_ablation,full,evaluation,default,lanczos_rank16,,,"{""operator_kind"":""lanczos"",""operator_parameter"":16}",{},20,horizon,500,xi_min_eigenvalue,20,-0.9991575124130263,0.00029771192900759127,6.657041109735655e-05,-0.999296845884765,-0.9990181789412876,0.00013933347173861708
operator_ablation,full,evaluation,default,lanczos_rank4,,,"{""operator_kind"":""lanczos"",""operator_parameter"":4}",{},20,summary,,Gamma_dynamic_T,20,1923.8974426431396,2.169573971623179,0.48513148827636277,1922.8820507686262,1924.912834517653,1.0153918745133297
operator_ablation,full,evaluation,default,lanczos_rank4,,,"{""operator_kind"":""lanczos"",""operator_parameter"":4}",{},20,summary,,Lambda_alg_T,20,1921.9437917739117,0.9624135494387918,0.2152022119011993,1921.4933683678405,1922.394215179983,0.4504234060710841
operator_ablation,full,evaluation,default,lanczos_rank4,,,"{""operator_kind"":""lanczos"",""operator_parameter"":4}",{},20,summary,,V_alg_T,20,1900.1232392139918,2.262958536421089,0.5060129117700989,1899.0641420178158,1901.1823364101679,1.0590971961760063
operator_ablation,full,evaluation,default,lanczos_rank4,,,"{""operator_kind"":""lanczos"",""operator_parameter"":4}",{},20,summary,,action_disagreement_count,20,373.45,9.422677013739946,2.106974633274724,369.0400514105279,377.8599485894721,4.409948589472122
operator_ablation,full,evaluation,default,lanczos_rank4,,,"{""operator_kind"":""lanczos"",""operator_parameter"":4}",{},20,summary,,action_disagreement_rate,20,0.7469,0.01884535402747991,0.004213949266549452,0.7380801028210557,0.7557198971789443,0.008819897178944252
operator_ablation,full,evaluation,default,lanczos_rank4,,,"{""operator_kind"":""lanczos"",""operator_parameter"":4}",{},20,summary,,action_disagreement_with_full_count,20,373.45,9.422677013739946,2.106974633274724,369.0400514105279,377.8599485894721,4.409948589472122
operator_ablation,full,evaluation,default,lanczos_rank4,,,"{""operator_kind"":""lanczos"",""operator_parameter"":4}",{},20,summary,,action_set_max_cbar_width_squared_over_chat_width_squared,20,1.0000000000000242,7.247525091814311e-14,1.6205958773932205e-14,0.9999999999999902,1.0000000000000582,3.3919461538589486e-14
operator_ablation,full,evaluation,default,lanczos_rank4,,,"{""operator_kind"":""lanczos"",""operator_parameter"":4}",{},20,summary,,action_set_transfer_max,20,1.0000000000000242,7.247525091814311e-14,1.6205958773932205e-14,0.9999999999999902,1.0000000000000582,3.3919461538589486e-14
operator_ablation,full,evaluation,default,lanczos_rank4,,,"{""operator_kind"":""lanczos"",""operator_parameter"":4}",{},20,summary,,cumulative_pseudo_regret,20,158.30124777822613,7.166964094710792,1.6025818908073572,154.9470053316072,161.65549022484507,3.354242446618948
operator_ablation,full,evaluation,default,lanczos_rank4,,,"{""operator_kind"":""lanczos"",""operator_parameter"":4}",{},20,summary,,dynamic_identity_residual,20,4.354205884737894e-11,1.4854147060624032e-09,3.3214882575334024e-10,-6.516534230978361e-10,7.38737540792594e-10,6.951954819452151e-10
operator_ablation,full,evaluation,default,lanczos_rank4,,,"{""operator_kind"":""lanczos"",""operator_parameter"":4}",{},20,summary,,endpoint_logdet_T,20,23.774203429147803,0.6195208683108283,0.13852907750227073,23.484258737700557,24.06414812059505,0.2899446914472455
operator_ablation,full,evaluation,default,lanczos_rank4,,,"{""operator_kind"":""lanczos"",""operator_parameter"":4}",{},20,summary,,exact_global_kappa_plus_max,20,124.81657442561462,18.83160016970138,4.210873810454887,116.00311425025457,133.63003460097468,8.813460175360051
operator_ablation,full,evaluation,default,lanczos_rank4,,,"{""operator_kind"":""lanczos"",""operator_parameter"":4}",{},20,summary,,exact_global_kappa_plus_min,20,1.0000000000000004,7.599363599933363e-16,1.6992693595188517e-16,1.0,1.0000000000000009,3.556611644391957e-16
operator_ablation,full,evaluation,default,lanczos_rank4,,,"{""operator_kind"":""lanczos"",""operator_parameter"":4}",{},20,summary,,kappa_plus_max,20,124.81657442561462,18.83160016970138,4.210873810454887,116.00311425025457,133.63003460097468,8.813460175360051
operator_ablation,full,evaluation,default,lanczos_rank4,,,"{""operator_kind"":""lanczos"",""operator_parameter"":4}",{},20,summary,,kappa_plus_min,20,1.0000000000000004,7.599363599933363e-16,1.6992693595188517e-16,1.0,1.0000000000000009,3.556611644391957e-16
operator_ablation,full,evaluation,default,lanczos_rank4,,,"{""operator_kind"":""lanczos"",""operator_parameter"":4}",{},20,summary,,max_relative_width_distortion,20,24.30366492908835,0.724219646551193,0.16194043603293384,23.964719701090047,24.64261015708665,0.33894522799830057
operator_ablation,full,evaluation,default,lanczos_rank4,,,"{""operator_kind"":""lanczos"",""operator_parameter"":4}",{},20,summary,,mean_cg_iterations,20,0.0,0.0,0.0,0.0,0.0,0.0
operator_ablation,full,evaluation,default,lanczos_rank4,,,"{""operator_kind"":""lanczos"",""operator_parameter"":4}",{},20,summary,,operator_parameter,20,4.0,0.0,0.0,4.0,4.0,0.0
operator_ablation,full,evaluation,default,lanczos_rank4,,,"{""operator_kind"":""lanczos"",""operator_parameter"":4}",{},20,summary,,optimism_violation_count,20,0.0,0.0,0.0,0.0,0.0,0.0
operator_ablation,full,evaluation,default,lanczos_rank4,,,"{""operator_kind"":""lanczos"",""operator_parameter"":4}",{},20,summary,,optimism_violation_rate,20,0.0,0.0,0.0,0.0,0.0,0.0
operator_ablation,full,evaluation,default,lanczos_rank4,,,"{""operator_kind"":""lanczos"",""operator_parameter"":4}",{},20,summary,,optimism_violation_rounds,20,0.0,0.0,0.0,0.0,0.0,0.0
operator_ablation,full,evaluation,default,lanczos_rank4,,,"{""operator_kind"":""lanczos"",""operator_parameter"":4}",{},20,summary,,peak_host_memory_bytes,20,1164994969.6,592178373.3376999,132415109.75883459,887846959.7076428,1442142979.492357,277148009.8923572
operator_ablation,full,evaluation,default,lanczos_rank4,,,"{""operator_kind"":""lanczos"",""operator_parameter"":4}",{},20,summary,,rounds,20,500.0,0.0,0.0,500.0,500.0,0.0
operator_ablation,full,evaluation,default,lanczos_rank4,,,"{""operator_kind"":""lanczos"",""operator_parameter"":4}",{},20,summary,,runtime_seconds,20,0.6933194292389089,0.013104569076044131,0.0029302707269876285,0.6871863021213952,0.6994525563564226,0.0061331271175136285
operator_ablation,full,evaluation,default,lanczos_rank4,,,"{""operator_kind"":""lanczos"",""operator_parameter"":4}",{},20,summary,,seed,20,129.5,5.916079783099616,1.3228756555322954,126.73118943197974,132.26881056802026,2.768810568020254
operator_ablation,full,evaluation,default,lanczos_rank4,,,"{""operator_kind"":""lanczos"",""operator_parameter"":4}",{},20,summary,,width_distortion_max,20,24.30366492908835,0.724219646551193,0.16194043603293384,23.964719701090047,24.64261015708665,0.33894522799830057
operator_ablation,full,evaluation,default,lanczos_rank4,,,"{""operator_kind"":""lanczos"",""operator_parameter"":4}",{},20,horizon,500,C_Cbar_max_abs,20,0.0,0.0,0.0,0.0,0.0,0.0
operator_ablation,full,evaluation,default,lanczos_rank4,,,"{""operator_kind"":""lanczos"",""operator_parameter"":4}",{},20,horizon,500,E_T,20,0.0,0.0,0.0,0.0,0.0,0.0
operator_ablation,full,evaluation,default,lanczos_rank4,,,"{""operator_kind"":""lanczos"",""operator_parameter"":4}",{},20,horizon,500,E_t,20,0.0,0.0,0.0,0.0,0.0,0.0
operator_ablation,full,evaluation,default,lanczos_rank4,,,"{""operator_kind"":""lanczos"",""operator_parameter"":4}",{},20,horizon,500,F_T,20,0.0,0.0,0.0,0.0,0.0,0.0
operator_ablation,full,evaluation,default,lanczos_rank4,,,"{""operator_kind"":""lanczos"",""operator_parameter"":4}",{},20,horizon,500,F_t,20,0.0,0.0,0.0,0.0,0.0,0.0
operator_ablation,full,evaluation,default,lanczos_rank4,,,"{""operator_kind"":""lanczos"",""operator_parameter"":4}",{},20,horizon,500,Gamma_dynamic_T,20,1923.8974426431396,2.169573971623179,0.48513148827636277,1922.8820507686262,1924.912834517653,1.0153918745133297
operator_ablation,full,evaluation,default,lanczos_rank4,,,"{""operator_kind"":""lanczos"",""operator_parameter"":4}",{},20,horizon,500,Gamma_dynamic_cumulative,20,1923.8974426431396,2.169573971623179,0.48513148827636277,1922.8820507686262,1924.912834517653,1.0153918745133297
operator_ablation,full,evaluation,default,lanczos_rank4,,,"{""operator_kind"":""lanczos"",""operator_parameter"":4}",{},20,horizon,500,Lambda_alg_T,20,1921.9437917739117,0.9624135494387918,0.2152022119011993,1921.4933683678405,1922.394215179983,0.4504234060710841
operator_ablation,full,evaluation,default,lanczos_rank4,,,"{""operator_kind"":""lanczos"",""operator_parameter"":4}",{},20,horizon,500,Lambda_alg_cumulative,20,1921.9437917739117,0.9624135494387918,0.2152022119011993,1921.4933683678405,1922.394215179983,0.4504234060710841
operator_ablation,full,evaluation,default,lanczos_rank4,,,"{""operator_kind"":""lanczos"",""operator_parameter"":4}",{},20,horizon,500,S_T,20,5676576.9702735115,388154.5457925849,86793.99501677748,5494915.050925202,5858238.889621821,181661.91934831016
operator_ablation,full,evaluation,default,lanczos_rank4,,,"{""operator_kind"":""lanczos"",""operator_parameter"":4}",{},20,horizon,500,S_t_cumulative,20,5676576.9702735115,388154.5457925849,86793.99501677748,5494915.050925202,5858238.889621821,181661.91934831016
operator_ablation,full,evaluation,default,lanczos_rank4,,,"{""operator_kind"":""lanczos"",""operator_parameter"":4}",{},20,horizon,500,V_alg_T,20,1900.1232392139918,2.262958536421089,0.5060129117700989,1899.0641420178158,1901.1823364101679,1.0590971961760063
operator_ablation,full,evaluation,default,lanczos_rank4,,,"{""operator_kind"":""lanczos"",""operator_parameter"":4}",{},20,horizon,500,V_alg_cumulative,20,1900.1232392139918,2.262958536421089,0.5060129117700989,1899.0641420178158,1901.1823364101679,1.0590971961760063
operator_ablation,full,evaluation,default,lanczos_rank4,,,"{""operator_kind"":""lanczos"",""operator_parameter"":4}",{},20,horizon,500,action,20,1.7,1.4545753585442764,0.3252529380101131,1.0192377769778587,2.380762223022141,0.6807622230221413
operator_ablation,full,evaluation,default,lanczos_rank4,,,"{""operator_kind"":""lanczos"",""operator_parameter"":4}",{},20,horizon,500,action_set_max_cbar_width_over_chat_width,20,0.05167669874092919,0.002602415478718418,0.0005819177916112039,0.05045873080539878,0.052894666676459604,0.0012179679355304113
operator_ablation,full,evaluation,default,lanczos_rank4,,,"{""operator_kind"":""lanczos"",""operator_parameter"":4}",{},20,horizon,500,action_set_max_cbar_width_squared_over_chat_width_squared,20,0.0026769151307684323,0.0002720948726977859,6.084226316814008e-05,0.0025495708104328746,0.00280425945110399,0.00012734432033555788
operator_ablation,full,evaluation,default,lanczos_rank4,,,"{""operator_kind"":""lanczos"",""operator_parameter"":4}",{},20,horizon,500,action_set_transfer,20,0.0026769151307684323,0.0002720948726977859,6.084226316814008e-05,0.0025495708104328746,0.00280425945110399,0.00012734432033555788
operator_ablation,full,evaluation,default,lanczos_rank4,,,"{""operator_kind"":""lanczos"",""operator_parameter"":4}",{},20,horizon,500,all_action_optimism_violation_rate,20,0.0,0.0,0.0,0.0,0.0,0.0
operator_ablation,full,evaluation,default,lanczos_rank4,,,"{""operator_kind"":""lanczos"",""operator_parameter"":4}",{},20,horizon,500,alpha_t,20,1.0,0.0,0.0,1.0,1.0,0.0
operator_ablation,full,evaluation,default,lanczos_rank4,,,"{""operator_kind"":""lanczos"",""operator_parameter"":4}",{},20,horizon,500,bar_chi_t,20,0.0,0.0,0.0,0.0,0.0,0.0
operator_ablation,full,evaluation,default,lanczos_rank4,,,"{""operator_kind"":""lanczos"",""operator_parameter"":4}",{},20,horizon,500,bar_psi_t,20,0.0,0.0,0.0,0.0,0.0,0.0
operator_ablation,full,evaluation,default,lanczos_rank4,,,"{""operator_kind"":""lanczos"",""operator_parameter"":4}",{},20,horizon,500,beta_t,20,20.206043843304336,0.0,0.0,20.206043843304336,20.206043843304336,0.0
operator_ablation,full,evaluation,default,lanczos_rank4,,,"{""operator_kind"":""lanczos"",""operator_parameter"":4}",{},20,horizon,500,bonus_lower_slack_min,20,209.3702677812696,55.46419939751337,12.402172017044277,183.4122234226863,235.3283121398529,25.958044358583287
operator_ablation,full,evaluation,default,lanczos_rank4,,,"{""operator_kind"":""lanczos"",""operator_parameter"":4}",{},20,horizon,500,bonus_upper_slack_min,20,0.0,0.0,0.0,0.0,0.0,0.0
operator_ablation,full,evaluation,default,lanczos_rank4,,,"{""operator_kind"":""lanczos"",""operator_parameter"":4}",{},20,horizon,500,cg_certified_epsilon,20,0.0,0.0,0.0,0.0,0.0,0.0
operator_ablation,full,evaluation,default,lanczos_rank4,,,"{""operator_kind"":""lanczos"",""operator_parameter"":4}",{},20,horizon,500,cg_energy_error_max,20,0.0,0.0,0.0,0.0,0.0,0.0
operator_ablation,full,evaluation,default,lanczos_rank4,,,"{""operator_kind"":""lanczos"",""operator_parameter"":4}",{},20,horizon,500,cg_sandwich_lower_slack_min,20,0.0,0.0,0.0,0.0,0.0,0.0
operator_ablation,full,evaluation,default,lanczos_rank4,,,"{""operator_kind"":""lanczos"",""operator_parameter"":4}",{},20,horizon,500,cg_sandwich_upper_slack_min,20,0.0,0.0,0.0,0.0,0.0,0.0
operator_ablation,full,evaluation,default,lanczos_rank4,,,"{""operator_kind"":""lanczos"",""operator_parameter"":4}",{},20,horizon,500,chi_t,20,0.0,0.0,0.0,0.0,0.0,0.0
operator_ablation,full,evaluation,default,lanczos_rank4,,,"{""operator_kind"":""lanczos"",""operator_parameter"":4}",{},20,horizon,500,confidence_ratio_max,20,1.5389896919876476,0.5182274996267523,0.1158791916975165,1.296451756359354,1.781527627615941,0.2425379356282936
operator_ablation,full,evaluation,default,lanczos_rank4,,,"{""operator_kind"":""lanczos"",""operator_parameter"":4}",{},20,horizon,500,cumulative_pseudo_regret,20,158.30124777822613,7.166964094710792,1.6025818908073572,154.9470053316072,161.65549022484507,3.354242446618948
operator_ablation,full,evaluation,default,lanczos_rank4,,,"{""operator_kind"":""lanczos"",""operator_parameter"":4}",{},20,horizon,500,dynamic_bound_slack,20,1.953650869228079,1.9692974872407158,0.44034830493897653,1.031991274672876,2.875310463783282,0.921659594555203
operator_ablation,full,evaluation,default,lanczos_rank4,,,"{""operator_kind"":""lanczos"",""operator_parameter"":4}",{},20,horizon,500,dynamic_identity_residual,20,4.354205884737894e-11,1.4854147060624032e-09,3.3214882575334024e-10,-6.516534230978361e-10,7.38737540792594e-10,6.951954819452151e-10
operator_ablation,full,evaluation,default,lanczos_rank4,,,"{""operator_kind"":""lanczos"",""operator_parameter"":4}",{},20,horizon,500,dynamic_identity_rhs,20,1921.943791773868,0.9624135491955877,0.2152022118468172,1921.4933683679108,1922.3942151798253,0.4504234059572611
operator_ablation,full,evaluation,default,lanczos_rank4,,,"{""operator_kind"":""lanczos"",""operator_parameter"":4}",{},20,horizon,500,endpoint_logdet,20,23.774203429147803,0.6195208683108283,0.13852907750227073,23.484258737700557,24.06414812059505,0.2899446914472455
operator_ablation,full,evaluation,default,lanczos_rank4,,,"{""operator_kind"":""lanczos"",""operator_parameter"":4}",{},20,horizon,500,exact_global_kappa_plus,20,50.967284657458045,25.25234461895426,5.646595915923275,39.14882357990692,62.78574573500917,11.81846107755113
operator_ablation,full,evaluation,default,lanczos_rank4,,,"{""operator_kind"":""lanczos"",""operator_parameter"":4}",{},20,horizon,500,gamma_upper_t,20,324.1334518928847,0.0,0.0,324.1334518928847,324.1334518928847,0.0
operator_ablation,full,evaluation,default,lanczos_rank4,,,"{""operator_kind"":""lanczos"",""operator_parameter"":4}",{},20,horizon,500,global_kappa_plus_C_hat_C_full,20,50.967284657458045,25.25234461895426,5.646595915923275,39.14882357990692,62.78574573500917,11.81846107755113
operator_ablation,full,evaluation,default,lanczos_rank4,,,"{""operator_kind"":""lanczos"",""operator_parameter"":4}",{},20,horizon,500,information_increment,20,3.8552864555171005,0.0276669916960645,0.006186527416532242,3.842337904821042,3.8682350062131587,0.012948550696058473
operator_ablation,full,evaluation,default,lanczos_rank4,,,"{""operator_kind"":""lanczos"",""operator_parameter"":4}",{},20,horizon,500,kappa_bar_t,20,1684.429118293745,32.489033412859335,7.264768723441546,1669.2237826058688,1699.6344539816212,15.205335687876298
operator_ablation,full,evaluation,default,lanczos_rank4,,,"{""operator_kind"":""lanczos"",""operator_parameter"":4}",{},20,horizon,500,kappa_plus,20,50.967284657458045,25.25234461895426,5.646595915923275,39.14882357990692,62.78574573500917,11.81846107755113
operator_ablation,full,evaluation,default,lanczos_rank4,,,"{""operator_kind"":""lanczos"",""operator_parameter"":4}",{},20,horizon,500,kappa_t,20,1684.429118293745,32.489033412859335,7.264768723441546,1669.2237826058688,1699.6344539816212,15.205335687876298
operator_ablation,full,evaluation,default,lanczos_rank4,,,"{""operator_kind"":""lanczos"",""operator_parameter"":4}",{},20,horizon,500,max_chi_t,20,0.0,0.0,0.0,0.0,0.0,0.0
operator_ablation,full,evaluation,default,lanczos_rank4,,,"{""operator_kind"":""lanczos"",""operator_parameter"":4}",{},20,horizon,500,max_psi_t,20,0.0,0.0,0.0,0.0,0.0,0.0
operator_ablation,full,evaluation,default,lanczos_rank4,,,"{""operator_kind"":""lanczos"",""operator_parameter"":4}",{},20,horizon,500,max_relative_width_distortion,20,21.704289509249474,0.8306264445734658,0.18573371939752306,21.315544366835734,22.093034651663213,0.38874514241373886
operator_ablation,full,evaluation,default,lanczos_rank4,,,"{""operator_kind"":""lanczos"",""operator_parameter"":4}",{},20,horizon,500,max_theory_factor,20,20809.13743996197,10310.133517780212,2305.415940285559,15983.846421527947,25634.428458395996,4825.2910184340235
operator_ablation,full,evaluation,default,lanczos_rank4,,,"{""operator_kind"":""lanczos"",""operator_parameter"":4}",{},20,horizon,500,max_u_t,20,50.96728465745841,25.252344618954442,5.6465959159233154,39.148823579907194,62.78574573500962,11.818461077551214
operator_ablation,full,evaluation,default,lanczos_rank4,,,"{""operator_kind"":""lanczos"",""operator_parameter"":4}",{},20,horizon,500,mean_cg_iterations,20,0.0,0.0,0.0,0.0,0.0,0.0
operator_ablation,full,evaluation,default,lanczos_rank4,,,"{""operator_kind"":""lanczos"",""operator_parameter"":4}",{},20,horizon,500,mean_chi_t,20,0.0,0.0,0.0,0.0,0.0,0.0
operator_ablation,full,evaluation,default,lanczos_rank4,,,"{""operator_kind"":""lanczos"",""operator_parameter"":4}",{},20,horizon,500,mean_psi_t,20,0.0,0.0,0.0,0.0,0.0,0.0
operator_ablation,full,evaluation,default,lanczos_rank4,,,"{""operator_kind"":""lanczos"",""operator_parameter"":4}",{},20,horizon,500,mean_relative_width_distortion,20,20.04839058378305,0.6640393622661699,0.14848371537627647,19.737610595812587,20.359170571753513,0.3107799879704635
operator_ablation,full,evaluation,default,lanczos_rank4,,,"{""operator_kind"":""lanczos"",""operator_parameter"":4}",{},20,horizon,500,mean_round_runtime_seconds,20,0.0014957458479329944,4.724040278565666e-05,1.0563275191319871e-05,0.0014736366588642272,0.0015178550370017615,2.2109189068767022e-05
operator_ablation,full,evaluation,default,lanczos_rank4,,,"{""operator_kind"":""lanczos"",""operator_parameter"":4}",{},20,horizon,500,mean_theory_factor,20,20809.13743996197,10310.133517780212,2305.415940285559,15983.846421527947,25634.428458395996,4825.2910184340235
operator_ablation,full,evaluation,default,lanczos_rank4,,,"{""operator_kind"":""lanczos"",""operator_parameter"":4}",{},20,horizon,500,mean_u_t,20,50.96728465745841,25.252344618954442,5.6465959159233154,39.148823579907194,62.78574573500962,11.818461077551214
operator_ablation,full,evaluation,default,lanczos_rank4,,,"{""operator_kind"":""lanczos"",""operator_parameter"":4}",{},20,horizon,500,noise,20,-0.12428312308502396,0.28978733638402343,0.06479841831732745,-0.2599077713108023,0.011341525140754372,0.13562464822577833
operator_ablation,full,evaluation,default,lanczos_rank4,,,"{""operator_kind"":""lanczos"",""operator_parameter"":4}",{},20,horizon,500,omega_t,20,20.206043843304336,0.0,0.0,20.206043843304336,20.206043843304336,0.0
operator_ablation,full,evaluation,default,lanczos_rank4,,,"{""operator_kind"":""lanczos"",""operator_parameter"":4}",{},20,horizon,500,operator_condition_number,20,1684.429118293745,32.489033412859335,7.264768723441546,1669.2237826058688,1699.6344539816212,15.205335687876298
operator_ablation,full,evaluation,default,lanczos_rank4,,,"{""operator_kind"":""lanczos"",""operator_parameter"":4}",{},20,horizon,500,operator_min_eigenvalue,20,0.9999999999995295,1.1178433219665373e-13,2.499573656111361e-14,0.9999999999994772,0.9999999999995818,5.231667788006401e-14
operator_ablation,full,evaluation,default,lanczos_rank4,,,"{""operator_kind"":""lanczos"",""operator_parameter"":4}",{},20,horizon,500,operator_parameter,20,4.0,0.0,0.0,4.0,4.0,0.0
operator_ablation,full,evaluation,default,lanczos_rank4,,,"{""operator_kind"":""lanczos"",""operator_parameter"":4}",{},20,horizon,500,optimal_action,20,1.9,1.4832396974191326,0.33166247903553997,1.2058224534339232,2.5941775465660766,0.6941775465660766
operator_ablation,full,evaluation,default,lanczos_rank4,,,"{""operator_kind"":""lanczos"",""operator_parameter"":4}",{},20,horizon,500,optimal_mean,20,0.35904603128039303,0.06404693033427485,0.014321328997763188,0.32907114519697944,0.3890209173638066,0.029974886083413588
operator_ablation,full,evaluation,default,lanczos_rank4,,,"{""operator_kind"":""lanczos"",""operator_parameter"":4}",{},20,horizon,500,optimism_violation_count,20,0.0,0.0,0.0,0.0,0.0,0.0
operator_ablation,full,evaluation,default,lanczos_rank4,,,"{""operator_kind"":""lanczos"",""operator_parameter"":4}",{},20,horizon,500,optimism_violation_max,20,0.0,0.0,0.0,0.0,0.0,0.0
operator_ablation,full,evaluation,default,lanczos_rank4,,,"{""operator_kind"":""lanczos"",""operator_parameter"":4}",{},20,horizon,500,optimism_violation_rate,20,0.0,0.0,0.0,0.0,0.0,0.0
operator_ablation,full,evaluation,default,lanczos_rank4,,,"{""operator_kind"":""lanczos"",""operator_parameter"":4}",{},20,horizon,500,peak_host_memory_bytes,20,1164994969.6,592178373.3376999,132415109.75883459,887846959.7076428,1442142979.492357,277148009.8923572
operator_ablation,full,evaluation,default,lanczos_rank4,,,"{""operator_kind"":""lanczos"",""operator_parameter"":4}",{},20,horizon,500,policy_transfer_factor,20,50.96728465745841,25.252344618954442,5.6465959159233154,39.148823579907194,62.78574573500962,11.818461077551214
operator_ablation,full,evaluation,default,lanczos_rank4,,,"{""operator_kind"":""lanczos"",""operator_parameter"":4}",{},20,horizon,500,pseudo_regret,20,0.3340828278447966,0.324474387153749,0.07255467866333672,0.18222414014256758,0.4859415155470256,0.15185868770222902
operator_ablation,full,evaluation,default,lanczos_rank4,,,"{""operator_kind"":""lanczos"",""operator_parameter"":4}",{},20,horizon,500,psi_t,20,0.0,0.0,0.0,0.0,0.0,0.0
operator_ablation,full,evaluation,default,lanczos_rank4,,,"{""operator_kind"":""lanczos"",""operator_parameter"":4}",{},20,horizon,500,reference_update_max_abs,20,4.973799150320701e-15,2.9160058604848988e-15,6.520387326832001e-16,3.609066398408854e-15,6.338531902232548e-15,1.3647327519118469e-15
operator_ablation,full,evaluation,default,lanczos_rank4,,,"{""operator_kind"":""lanczos"",""operator_parameter"":4}",{},20,horizon,500,reward,20,-0.09931991964942755,0.5294882320100482,0.1183971680060648,-0.347128040259943,0.1484882009610879,0.24780812061051544
operator_ablation,full,evaluation,default,lanczos_rank4,,,"{""operator_kind"":""lanczos"",""operator_parameter"":4}",{},20,horizon,500,rho_minus,20,0.0005732704157670713,7.629567596528701e-06,1.7060231784767864e-06,0.0005696996682171414,0.0005768411633170013,3.5707475499300333e-06
operator_ablation,full,evaluation,default,lanczos_rank4,,,"{""operator_kind"":""lanczos"",""operator_parameter"":4}",{},20,horizon,500,rho_plus,20,50.967284657458045,25.25234461895426,5.646595915923275,39.14882357990692,62.78574573500917,11.81846107755113
operator_ablation,full,evaluation,default,lanczos_rank4,,,"{""operator_kind"":""lanczos"",""operator_parameter"":4}",{},20,horizon,500,ridge_normal_equation_residual,20,1.4308653452934915e-13,2.0974699480201735e-14,4.690085384536058e-15,1.3327007300228634e-13,1.5290299605641196e-13,9.816461527062811e-15
operator_ablation,full,evaluation,default,lanczos_rank4,,,"{""operator_kind"":""lanczos"",""operator_parameter"":4}",{},20,horizon,500,round,20,500.0,0.0,0.0,500.0,500.0,0.0
operator_ablation,full,evaluation,default,lanczos_rank4,,,"{""operator_kind"":""lanczos"",""operator_parameter"":4}",{},20,horizon,500,round_runtime_seconds,20,0.0014957458479329944,4.724040278565666e-05,1.0563275191319871e-05,0.0014736366588642272,0.0015178550370017615,2.2109189068767022e-05
operator_ablation,full,evaluation,default,lanczos_rank4,,,"{""operator_kind"":""lanczos"",""operator_parameter"":4}",{},20,horizon,500,runtime_seconds,20,0.6933194292389089,0.013104569076044131,0.0029302707269876285,0.6871863021213952,0.6994525563564226,0.0061331271175136285
operator_ablation,full,evaluation,default,lanczos_rank4,,,"{""operator_kind"":""lanczos"",""operator_parameter"":4}",{},20,horizon,500,same_history_full_action,20,2.3,1.5252264715358452,0.3410510071436298,1.5861720382682027,3.013827961731797,0.7138279617317971
operator_ablation,full,evaluation,default,lanczos_rank4,,,"{""operator_kind"":""lanczos"",""operator_parameter"":4}",{},20,horizon,500,selected_action_optimism_violation_rate,20,0.0,0.0,0.0,0.0,0.0,0.0
operator_ablation,full,evaluation,default,lanczos_rank4,,,"{""operator_kind"":""lanczos"",""operator_parameter"":4}",{},20,horizon,500,theorem_bound_slack,20,365223.10114196973,12404.26304023847,2773.6775368761423,359417.727338116,371028.4749458235,5805.373803853755
operator_ablation,full,evaluation,default,lanczos_rank4,,,"{""operator_kind"":""lanczos"",""operator_parameter"":4}",{},20,horizon,500,theorem_rhs,20,365381.40238974796,12405.355242670508,2773.9217607644655,359575.5174194213,371187.28736007464,5805.884970326676
operator_ablation,full,evaluation,default,lanczos_rank4,,,"{""operator_kind"":""lanczos"",""operator_parameter"":4}",{},20,horizon,500,theory_factor,20,20809.13743996197,10310.133517780212,2305.415940285559,15983.846421527947,25634.428458395996,4825.2910184340235
operator_ablation,full,evaluation,default,lanczos_rank4,,,"{""operator_kind"":""lanczos"",""operator_parameter"":4}",{},20,horizon,500,transfer_slack_min,20,116.0970413873554,63.37288684709336,14.170608292050307,86.43761736649627,145.75646540821452,29.659424020859134
operator_ablation,full,evaluation,default,lanczos_rank4,,,"{""operator_kind"":""lanczos"",""operator_parameter"":4}",{},20,horizon,500,transition_logdet,20,-3.8221209937059712,0.9266717416829757,0.2072101007231259,-4.255816718835842,-3.3884252685761003,0.433695725129871
operator_ablation,full,evaluation,default,lanczos_rank4,,,"{""operator_kind"":""lanczos"",""operator_parameter"":4}",{},20,horizon,500,true_mean,20,0.024963203435596416,0.3361835381812989,0.07517292442897804,-0.1323755356344726,0.18230194250566542,0.157338739070069
operator_ablation,full,evaluation,default,lanczos_rank4,,,"{""operator_kind"":""lanczos"",""operator_parameter"":4}",{},20,horizon,500,u_t,20,50.96728465745841,25.252344618954442,5.6465959159233154,39.148823579907194,62.78574573500962,11.818461077551214
operator_ablation,full,evaluation,default,lanczos_rank4,,,"{""operator_kind"":""lanczos"",""operator_parameter"":4}",{},20,horizon,500,variation_increment,20,3.8221209937059712,0.9266717416829757,0.2072101007231259,3.3884252685761003,4.255816718835842,0.433695725129871
operator_ablation,full,evaluation,default,lanczos_rank4,,,"{""operator_kind"":""lanczos"",""operator_parameter"":4}",{},20,horizon,500,width_distortion,20,21.704289509249474,0.8306264445734658,0.18573371939752306,21.315544366835734,22.093034651663213,0.38874514241373886
operator_ablation,full,evaluation,default,lanczos_rank4,,,"{""operator_kind"":""lanczos"",""operator_parameter"":4}",{},20,horizon,500,width_dynamic_bound,20,5891.935918094614,6.644320288095927,1.485715182846348,5888.8262804789165,5895.045555710311,3.109637615697045
operator_ablation,full,evaluation,default,lanczos_rank4,,,"{""operator_kind"":""lanczos"",""operator_parameter"":4}",{},20,horizon,500,width_dynamic_slack,20,4462.205400613258,6.06615278641904,1.3564329992332735,4459.366353717669,4465.044447508846,2.8390468955884485
operator_ablation,full,evaluation,default,lanczos_rank4,,,"{""operator_kind"":""lanczos"",""operator_parameter"":4}",{},20,horizon,500,width_information_bound,20,5885.952862307603,2.947391495156357,0.6590567739474356,5884.57344062651,5887.332283988696,1.3794216810927218
operator_ablation,full,evaluation,default,lanczos_rank4,,,"{""operator_kind"":""lanczos"",""operator_parameter"":4}",{},20,horizon,500,width_information_slack,20,4456.222344826247,0.30272784184392415,0.06769200330448197,4456.08066383504,4456.364025817454,0.1416809912073675
operator_ablation,full,evaluation,default,lanczos_rank4,,,"{""operator_kind"":""lanczos"",""operator_parameter"":4}",{},20,horizon,500,width_squared_cumulative,20,1429.7305174813573,2.676307844141516,0.5984406268216341,1428.4779668542844,1430.9830681084302,1.2525506270728664
operator_ablation,full,evaluation,default,lanczos_rank4,,,"{""operator_kind"":""lanczos"",""operator_parameter"":4}",{},20,horizon,500,xi_min_eigenvalue,20,-0.9993138677911112,0.00011205863128256758,2.5057071701340555e-05,-0.9993663128449152,-0.9992614227373072,5.2445053803939504e-05
operator_ablation,full,evaluation,default,stale20,,,"{""operator_kind"":""stale_refresh"",""operator_parameter"":20}",{},20,summary,,Gamma_dynamic_T,20,599.9884557249651,12.388774817970878,2.7702142650920467,594.1903306322624,605.7865808176678,5.798125092702689
operator_ablation,full,evaluation,default,stale20,,,"{""operator_kind"":""stale_refresh"",""operator_parameter"":20}",{},20,summary,,Lambda_alg_T,20,359.2888426855085,12.883998874807121,2.8809497306099523,353.2589455998007,365.31873977121626,6.029897085707767
operator_ablation,full,evaluation,default,stale20,,,"{""operator_kind"":""stale_refresh"",""operator_parameter"":20}",{},20,summary,,V_alg_T,20,341.31702979151265,12.281167699040758,2.7461525818129813,335.56926638070263,347.0647932023227,5.747763410810051
operator_ablation,full,evaluation,default,stale20,,,"{""operator_kind"":""stale_refresh"",""operator_parameter"":20}",{},20,summary,,action_disagreement_count,20,142.95,8.08816549364759,1.8085687857064154,139.16462202746445,146.73537797253553,3.7853779725355534
operator_ablation,full,evaluation,default,stale20,,,"{""operator_kind"":""stale_refresh"",""operator_parameter"":20}",{},20,summary,,action_disagreement_rate,20,0.2859,0.016176330987295172,0.003617137571412829,0.27832924405492887,0.2934707559450711,0.007570755945071102
operator_ablation,full,evaluation,default,stale20,,,"{""operator_kind"":""stale_refresh"",""operator_parameter"":20}",{},20,summary,,action_disagreement_with_full_count,20,142.95,8.08816549364759,1.8085687857064154,139.16462202746445,146.73537797253553,3.7853779725355534
operator_ablation,full,evaluation,default,stale20,,,"{""operator_kind"":""stale_refresh"",""operator_parameter"":20}",{},20,summary,,action_set_max_cbar_width_squared_over_chat_width_squared,20,1.0000000000000013,1.0097923391043352e-15,2.2579643133958126e-16,1.0000000000000009,1.0000000000000018,4.725973621932977e-16
operator_ablation,full,evaluation,default,stale20,,,"{""operator_kind"":""stale_refresh"",""operator_parameter"":20}",{},20,summary,,action_set_transfer_max,20,1.0000000000000013,1.0097923391043352e-15,2.2579643133958126e-16,1.0000000000000009,1.0000000000000018,4.725973621932977e-16
operator_ablation,full,evaluation,default,stale20,,,"{""operator_kind"":""stale_refresh"",""operator_parameter"":20}",{},20,summary,,cumulative_pseudo_regret,20,59.14890605984776,3.7111687081837257,0.8298425507468891,57.41202563976297,60.88578647993255,1.7368804200847865
operator_ablation,full,evaluation,default,stale20,,,"{""operator_kind"":""stale_refresh"",""operator_parameter"":20}",{},20,summary,,dynamic_identity_residual,20,-2.5636381906224416e-12,7.113859114830708e-13,1.5907072563117946e-13,-2.8965770457206846e-12,-2.2306993355241985e-12,3.329388550982429e-13
operator_ablation,full,evaluation,default,stale20,,,"{""operator_kind"":""stale_refresh"",""operator_parameter"":20}",{},20,summary,,endpoint_logdet_T,20,258.6714259334525,0.3578681080203504,0.08002174165127411,258.50393850330073,258.83891336360426,0.16748743015176398
operator_ablation,full,evaluation,default,stale20,,,"{""operator_kind"":""stale_refresh"",""operator_parameter"":20}",{},20,summary,,exact_global_kappa_plus_max,20,1.0000000000001912,3.1228534700191294e-14,6.982912642733875e-15,1.0000000000001765,1.0000000000002058,1.4615404131073893e-14
operator_ablation,full,evaluation,default,stale20,,,"{""operator_kind"":""stale_refresh"",""operator_parameter"":20}",{},20,summary,,exact_global_kappa_plus_min,20,1.0,0.0,0.0,1.0,1.0,0.0
operator_ablation,full,evaluation,default,stale20,,,"{""operator_kind"":""stale_refresh"",""operator_parameter"":20}",{},20,summary,,kappa_plus_max,20,1.0000000000001912,3.1228534700191294e-14,6.982912642733875e-15,1.0000000000001765,1.0000000000002058,1.4615404131073893e-14
operator_ablation,full,evaluation,default,stale20,,,"{""operator_kind"":""stale_refresh"",""operator_parameter"":20}",{},20,summary,,kappa_plus_min,20,1.0,0.0,0.0,1.0,1.0,0.0
operator_ablation,full,evaluation,default,stale20,,,"{""operator_kind"":""stale_refresh"",""operator_parameter"":20}",{},20,summary,,max_relative_width_distortion,20,6.787663022170976,1.0098106489098144,0.2258005255365519,6.3150570907249355,7.260268953617017,0.4726059314460407
operator_ablation,full,evaluation,default,stale20,,,"{""operator_kind"":""stale_refresh"",""operator_parameter"":20}",{},20,summary,,mean_cg_iterations,20,0.0,0.0,0.0,0.0,0.0,0.0
operator_ablation,full,evaluation,default,stale20,,,"{""operator_kind"":""stale_refresh"",""operator_parameter"":20}",{},20,summary,,operator_parameter,20,20.0,0.0,0.0,20.0,20.0,0.0
operator_ablation,full,evaluation,default,stale20,,,"{""operator_kind"":""stale_refresh"",""operator_parameter"":20}",{},20,summary,,optimism_violation_count,20,0.0,0.0,0.0,0.0,0.0,0.0
operator_ablation,full,evaluation,default,stale20,,,"{""operator_kind"":""stale_refresh"",""operator_parameter"":20}",{},20,summary,,optimism_violation_rate,20,0.0,0.0,0.0,0.0,0.0,0.0
operator_ablation,full,evaluation,default,stale20,,,"{""operator_kind"":""stale_refresh"",""operator_parameter"":20}",{},20,summary,,optimism_violation_rounds,20,0.0,0.0,0.0,0.0,0.0,0.0
operator_ablation,full,evaluation,default,stale20,,,"{""operator_kind"":""stale_refresh"",""operator_parameter"":20}",{},20,summary,,peak_host_memory_bytes,20,1205295513.6,592111217.5162181,132400093.26064277,928178933.5995712,1482412093.6004286,277116580.00042874
operator_ablation,full,evaluation,default,stale20,,,"{""operator_kind"":""stale_refresh"",""operator_parameter"":20}",{},20,summary,,rounds,20,500.0,0.0,0.0,500.0,500.0,0.0
operator_ablation,full,evaluation,default,stale20,,,"{""operator_kind"":""stale_refresh"",""operator_parameter"":20}",{},20,summary,,runtime_seconds,20,0.48930278725747484,0.010221732867076871,0.0022856489538627704,0.4845188690171069,0.4940867054978428,0.004783918240367965
operator_ablation,full,evaluation,default,stale20,,,"{""operator_kind"":""stale_refresh"",""operator_parameter"":20}",{},20,summary,,seed,20,129.5,5.916079783099616,1.3228756555322954,126.73118943197974,132.26881056802026,2.768810568020254
operator_ablation,full,evaluation,default,stale20,,,"{""operator_kind"":""stale_refresh"",""operator_parameter"":20}",{},20,summary,,width_distortion_max,20,6.787663022170976,1.0098106489098144,0.2258005255365519,6.3150570907249355,7.260268953617017,0.4726059314460407
operator_ablation,full,evaluation,default,stale20,,,"{""operator_kind"":""stale_refresh"",""operator_parameter"":20}",{},20,horizon,500,C_Cbar_max_abs,20,0.0,0.0,0.0,0.0,0.0,0.0
operator_ablation,full,evaluation,default,stale20,,,"{""operator_kind"":""stale_refresh"",""operator_parameter"":20}",{},20,horizon,500,E_T,20,0.0,0.0,0.0,0.0,0.0,0.0
operator_ablation,full,evaluation,default,stale20,,,"{""operator_kind"":""stale_refresh"",""operator_parameter"":20}",{},20,horizon,500,E_t,20,0.0,0.0,0.0,0.0,0.0,0.0
operator_ablation,full,evaluation,default,stale20,,,"{""operator_kind"":""stale_refresh"",""operator_parameter"":20}",{},20,horizon,500,F_T,20,0.0,0.0,0.0,0.0,0.0,0.0
operator_ablation,full,evaluation,default,stale20,,,"{""operator_kind"":""stale_refresh"",""operator_parameter"":20}",{},20,horizon,500,F_t,20,0.0,0.0,0.0,0.0,0.0,0.0
operator_ablation,full,evaluation,default,stale20,,,"{""operator_kind"":""stale_refresh"",""operator_parameter"":20}",{},20,horizon,500,Gamma_dynamic_T,20,599.9884557249651,12.388774817970878,2.7702142650920467,594.1903306322624,605.7865808176678,5.798125092702689
operator_ablation,full,evaluation,default,stale20,,,"{""operator_kind"":""stale_refresh"",""operator_parameter"":20}",{},20,horizon,500,Gamma_dynamic_cumulative,20,599.9884557249651,12.388774817970878,2.7702142650920467,594.1903306322624,605.7865808176678,5.798125092702689
operator_ablation,full,evaluation,default,stale20,,,"{""operator_kind"":""stale_refresh"",""operator_parameter"":20}",{},20,horizon,500,Lambda_alg_T,20,359.2888426855085,12.883998874807121,2.8809497306099523,353.2589455998007,365.31873977121626,6.029897085707767
operator_ablation,full,evaluation,default,stale20,,,"{""operator_kind"":""stale_refresh"",""operator_parameter"":20}",{},20,horizon,500,Lambda_alg_cumulative,20,359.2888426855085,12.883998874807121,2.8809497306099523,353.2589455998007,365.31873977121626,6.029897085707767
operator_ablation,full,evaluation,default,stale20,,,"{""operator_kind"":""stale_refresh"",""operator_parameter"":20}",{},20,horizon,500,S_T,20,174617.56819491085,0.0,0.0,174617.56819491085,174617.56819491085,0.0
operator_ablation,full,evaluation,default,stale20,,,"{""operator_kind"":""stale_refresh"",""operator_parameter"":20}",{},20,horizon,500,S_t_cumulative,20,174617.56819491085,0.0,0.0,174617.56819491085,174617.56819491085,0.0
operator_ablation,full,evaluation,default,stale20,,,"{""operator_kind"":""stale_refresh"",""operator_parameter"":20}",{},20,horizon,500,V_alg_T,20,341.31702979151265,12.281167699040758,2.7461525818129813,335.56926638070263,347.0647932023227,5.747763410810051
operator_ablation,full,evaluation,default,stale20,,,"{""operator_kind"":""stale_refresh"",""operator_parameter"":20}",{},20,horizon,500,V_alg_cumulative,20,341.31702979151265,12.281167699040758,2.7461525818129813,335.56926638070263,347.0647932023227,5.747763410810051
operator_ablation,full,evaluation,default,stale20,,,"{""operator_kind"":""stale_refresh"",""operator_parameter"":20}",{},20,horizon,500,action,20,1.85,1.348488432516786,0.30153118019796715,1.2188879866915285,2.4811120133084716,0.6311120133084716
operator_ablation,full,evaluation,default,stale20,,,"{""operator_kind"":""stale_refresh"",""operator_parameter"":20}",{},20,horizon,500,action_set_max_cbar_width_over_chat_width,20,0.9968852815568461,0.003513260877127754,0.0007855890143948194,0.9952410248528388,0.9985295382608533,0.0016442567040072722
operator_ablation,full,evaluation,default,stale20,,,"{""operator_kind"":""stale_refresh"",""operator_parameter"":20}",{},20,horizon,500,action_set_max_cbar_width_squared_over_chat_width_squared,20,0.9937919904365634,0.006994638227906666,0.001564048655561797,0.9905183989782076,0.9970655818949192,0.003273591458355817
operator_ablation,full,evaluation,default,stale20,,,"{""operator_kind"":""stale_refresh"",""operator_parameter"":20}",{},20,horizon,500,action_set_transfer,20,0.9937919904365634,0.006994638227906666,0.001564048655561797,0.9905183989782076,0.9970655818949192,0.003273591458355817
operator_ablation,full,evaluation,default,stale20,,,"{""operator_kind"":""stale_refresh"",""operator_parameter"":20}",{},20,horizon,500,all_action_optimism_violation_rate,20,0.0,0.0,0.0,0.0,0.0,0.0
operator_ablation,full,evaluation,default,stale20,,,"{""operator_kind"":""stale_refresh"",""operator_parameter"":20}",{},20,horizon,500,alpha_t,20,1.0,0.0,0.0,1.0,1.0,0.0
operator_ablation,full,evaluation,default,stale20,,,"{""operator_kind"":""stale_refresh"",""operator_parameter"":20}",{},20,horizon,500,bar_chi_t,20,0.0,0.0,0.0,0.0,0.0,0.0
operator_ablation,full,evaluation,default,stale20,,,"{""operator_kind"":""stale_refresh"",""operator_parameter"":20}",{},20,horizon,500,bar_psi_t,20,0.0,0.0,0.0,0.0,0.0,0.0
operator_ablation,full,evaluation,default,stale20,,,"{""operator_kind"":""stale_refresh"",""operator_parameter"":20}",{},20,horizon,500,beta_t,20,20.206043843304336,0.0,0.0,20.206043843304336,20.206043843304336,0.0
operator_ablation,full,evaluation,default,stale20,,,"{""operator_kind"":""stale_refresh"",""operator_parameter"":20}",{},20,horizon,500,bonus_lower_slack_min,20,0.005295649982892892,0.006258821984372565,0.0013995151416127181,0.002366431126988822,0.008224868838796962,0.0029292188559040698
operator_ablation,full,evaluation,default,stale20,,,"{""operator_kind"":""stale_refresh"",""operator_parameter"":20}",{},20,horizon,500,bonus_upper_slack_min,20,0.0,0.0,0.0,0.0,0.0,0.0
operator_ablation,full,evaluation,default,stale20,,,"{""operator_kind"":""stale_refresh"",""operator_parameter"":20}",{},20,horizon,500,cg_certified_epsilon,20,0.0,0.0,0.0,0.0,0.0,0.0
operator_ablation,full,evaluation,default,stale20,,,"{""operator_kind"":""stale_refresh"",""operator_parameter"":20}",{},20,horizon,500,cg_energy_error_max,20,0.0,0.0,0.0,0.0,0.0,0.0
operator_ablation,full,evaluation,default,stale20,,,"{""operator_kind"":""stale_refresh"",""operator_parameter"":20}",{},20,horizon,500,cg_sandwich_lower_slack_min,20,0.0,0.0,0.0,0.0,0.0,0.0
operator_ablation,full,evaluation,default,stale20,,,"{""operator_kind"":""stale_refresh"",""operator_parameter"":20}",{},20,horizon,500,cg_sandwich_upper_slack_min,20,0.0,0.0,0.0,0.0,0.0,0.0
operator_ablation,full,evaluation,default,stale20,,,"{""operator_kind"":""stale_refresh"",""operator_parameter"":20}",{},20,horizon,500,chi_t,20,0.0,0.0,0.0,0.0,0.0,0.0
operator_ablation,full,evaluation,default,stale20,,,"{""operator_kind"":""stale_refresh"",""operator_parameter"":20}",{},20,horizon,500,confidence_ratio_max,20,1.5964488323447534,0.5152628113035542,0.11521626723523942,1.3552984135622614,1.8375992511272454,0.241150418782492
operator_ablation,full,evaluation,default,stale20,,,"{""operator_kind"":""stale_refresh"",""operator_parameter"":20}",{},20,horizon,500,cumulative_pseudo_regret,20,59.14890605984776,3.7111687081837257,0.8298425507468891,57.41202563976297,60.88578647993255,1.7368804200847865
operator_ablation,full,evaluation,default,stale20,,,"{""operator_kind"":""stale_refresh"",""operator_parameter"":20}",{},20,horizon,500,dynamic_bound_slack,20,240.69961303945666,0.8303913104887476,0.18568114181779735,240.31097794318202,241.0882481357313,0.38863509627465037
operator_ablation,full,evaluation,default,stale20,,,"{""operator_kind"":""stale_refresh"",""operator_parameter"":20}",{},20,horizon,500,dynamic_identity_residual,20,-2.5636381906224416e-12,7.113859114830708e-13,1.5907072563117946e-13,-2.8965770457206846e-12,-2.2306993355241985e-12,3.329388550982429e-13
operator_ablation,full,evaluation,default,stale20,,,"{""operator_kind"":""stale_refresh"",""operator_parameter"":20}",{},20,horizon,500,dynamic_identity_rhs,20,359.28884268551104,12.883998874806998,2.8809497306099248,353.2589455998033,365.31873977121876,6.029897085707709
operator_ablation,full,evaluation,default,stale20,,,"{""operator_kind"":""stale_refresh"",""operator_parameter"":20}",{},20,horizon,500,endpoint_logdet,20,258.6714259334525,0.3578681080203504,0.08002174165127411,258.50393850330073,258.83891336360426,0.16748743015176398
operator_ablation,full,evaluation,default,stale20,,,"{""operator_kind"":""stale_refresh"",""operator_parameter"":20}",{},20,horizon,500,exact_global_kappa_plus,20,1.0000000000000713,3.9419573212357694e-14,8.814484534686155e-15,1.0000000000000528,1.0000000000000897,1.8448928158308152e-14
operator_ablation,full,evaluation,default,stale20,,,"{""operator_kind"":""stale_refresh"",""operator_parameter"":20}",{},20,horizon,500,gamma_upper_t,20,324.1334518928847,0.0,0.0,324.1334518928847,324.1334518928847,0.0
operator_ablation,full,evaluation,default,stale20,,,"{""operator_kind"":""stale_refresh"",""operator_parameter"":20}",{},20,horizon,500,global_kappa_plus_C_hat_C_full,20,1.0000000000000713,3.9419573212357694e-14,8.814484534686155e-15,1.0000000000000528,1.0000000000000897,1.8448928158308152e-14
operator_ablation,full,evaluation,default,stale20,,,"{""operator_kind"":""stale_refresh"",""operator_parameter"":20}",{},20,horizon,500,information_increment,20,0.090599702327607,0.023915184237230137,0.005347597764887804,0.07940705157239672,0.10179235308281728,0.011192650755210282
operator_ablation,full,evaluation,default,stale20,,,"{""operator_kind"":""stale_refresh"",""operator_parameter"":20}",{},20,horizon,500,kappa_bar_t,20,2161.8490676747897,52.84478010685703,11.816452057496091,2137.116949280688,2186.5811860688914,24.73211839410187
operator_ablation,full,evaluation,default,stale20,,,"{""operator_kind"":""stale_refresh"",""operator_parameter"":20}",{},20,horizon,500,kappa_plus,20,1.0000000000000713,3.9419573212357694e-14,8.814484534686155e-15,1.0000000000000528,1.0000000000000897,1.8448928158308152e-14
operator_ablation,full,evaluation,default,stale20,,,"{""operator_kind"":""stale_refresh"",""operator_parameter"":20}",{},20,horizon,500,kappa_t,20,2161.8490676747897,52.84478010685703,11.816452057496091,2137.116949280688,2186.5811860688914,24.73211839410187
operator_ablation,full,evaluation,default,stale20,,,"{""operator_kind"":""stale_refresh"",""operator_parameter"":20}",{},20,horizon,500,max_chi_t,20,0.0,0.0,0.0,0.0,0.0,0.0
operator_ablation,full,evaluation,default,stale20,,,"{""operator_kind"":""stale_refresh"",""operator_parameter"":20}",{},20,horizon,500,max_psi_t,20,0.0,0.0,0.0,0.0,0.0,0.0
operator_ablation,full,evaluation,default,stale20,,,"{""operator_kind"":""stale_refresh"",""operator_parameter"":20}",{},20,horizon,500,max_relative_width_distortion,20,0.042695891402864186,0.017966481787220268,0.004017427459273643,0.03428731909376399,0.05110446371196438,0.008408572309100191
operator_ablation,full,evaluation,default,stale20,,,"{""operator_kind"":""stale_refresh"",""operator_parameter"":20}",{},20,horizon,500,max_theory_factor,20,408.2842077975371,0.0,0.0,408.2842077975371,408.2842077975371,0.0
operator_ablation,full,evaluation,default,stale20,,,"{""operator_kind"":""stale_refresh"",""operator_parameter"":20}",{},20,horizon,500,max_u_t,20,1.0,0.0,0.0,1.0,1.0,0.0
operator_ablation,full,evaluation,default,stale20,,,"{""operator_kind"":""stale_refresh"",""operator_parameter"":20}",{},20,horizon,500,mean_cg_iterations,20,0.0,0.0,0.0,0.0,0.0,0.0
operator_ablation,full,evaluation,default,stale20,,,"{""operator_kind"":""stale_refresh"",""operator_parameter"":20}",{},20,horizon,500,mean_chi_t,20,0.0,0.0,0.0,0.0,0.0,0.0
operator_ablation,full,evaluation,default,stale20,,,"{""operator_kind"":""stale_refresh"",""operator_parameter"":20}",{},20,horizon,500,mean_psi_t,20,0.0,0.0,0.0,0.0,0.0,0.0
operator_ablation,full,evaluation,default,stale20,,,"{""operator_kind"":""stale_refresh"",""operator_parameter"":20}",{},20,horizon,500,mean_relative_width_distortion,20,0.017368585421508858,0.005953958826232891,0.0013313456670691602,0.014582046915600829,0.020155123927416887,0.002786538505908028
operator_ablation,full,evaluation,default,stale20,,,"{""operator_kind"":""stale_refresh"",""operator_parameter"":20}",{},20,horizon,500,mean_round_runtime_seconds,20,0.0011098145449068397,3.652526543007196e-05,8.167297639786398e-06,0.0010927201944872546,0.0011269088953264248,1.7094350419585136e-05
operator_ablation,full,evaluation,default,stale20,,,"{""operator_kind"":""stale_refresh"",""operator_parameter"":20}",{},20,horizon,500,mean_theory_factor,20,408.2842077975371,0.0,0.0,408.2842077975371,408.2842077975371,0.0
operator_ablation,full,evaluation,default,stale20,,,"{""operator_kind"":""stale_refresh"",""operator_parameter"":20}",{},20,horizon,500,mean_u_t,20,1.0,0.0,0.0,1.0,1.0,0.0
operator_ablation,full,evaluation,default,stale20,,,"{""operator_kind"":""stale_refresh"",""operator_parameter"":20}",{},20,horizon,500,noise,20,-0.12428312308502396,0.28978733638402343,0.06479841831732745,-0.2599077713108023,0.011341525140754372,0.13562464822577833
operator_ablation,full,evaluation,default,stale20,,,"{""operator_kind"":""stale_refresh"",""operator_parameter"":20}",{},20,horizon,500,omega_t,20,20.206043843304336,0.0,0.0,20.206043843304336,20.206043843304336,0.0
operator_ablation,full,evaluation,default,stale20,,,"{""operator_kind"":""stale_refresh"",""operator_parameter"":20}",{},20,horizon,500,operator_condition_number,20,2161.8490676747897,52.84478010685703,11.816452057496091,2137.116949280688,2186.5811860688914,24.73211839410187
operator_ablation,full,evaluation,default,stale20,,,"{""operator_kind"":""stale_refresh"",""operator_parameter"":20}",{},20,horizon,500,operator_min_eigenvalue,20,0.999999999999784,7.145627606754146e-14,1.5978109070601405e-14,0.9999999999997505,0.9999999999998174,3.3442566628728325e-14
operator_ablation,full,evaluation,default,stale20,,,"{""operator_kind"":""stale_refresh"",""operator_parameter"":20}",{},20,horizon,500,operator_parameter,20,20.0,0.0,0.0,20.0,20.0,0.0
operator_ablation,full,evaluation,default,stale20,,,"{""operator_kind"":""stale_refresh"",""operator_parameter"":20}",{},20,horizon,500,optimal_action,20,1.9,1.4832396974191326,0.33166247903553997,1.2058224534339232,2.5941775465660766,0.6941775465660766
operator_ablation,full,evaluation,default,stale20,,,"{""operator_kind"":""stale_refresh"",""operator_parameter"":20}",{},20,horizon,500,optimal_mean,20,0.35904603128039303,0.06404693033427485,0.014321328997763188,0.32907114519697944,0.3890209173638066,0.029974886083413588
operator_ablation,full,evaluation,default,stale20,,,"{""operator_kind"":""stale_refresh"",""operator_parameter"":20}",{},20,horizon,500,optimism_violation_count,20,0.0,0.0,0.0,0.0,0.0,0.0
operator_ablation,full,evaluation,default,stale20,,,"{""operator_kind"":""stale_refresh"",""operator_parameter"":20}",{},20,horizon,500,optimism_violation_max,20,0.0,0.0,0.0,0.0,0.0,0.0
operator_ablation,full,evaluation,default,stale20,,,"{""operator_kind"":""stale_refresh"",""operator_parameter"":20}",{},20,horizon,500,optimism_violation_rate,20,0.0,0.0,0.0,0.0,0.0,0.0
operator_ablation,full,evaluation,default,stale20,,,"{""operator_kind"":""stale_refresh"",""operator_parameter"":20}",{},20,horizon,500,peak_host_memory_bytes,20,1205295513.6,592111217.5162181,132400093.26064277,928178933.5995712,1482412093.6004286,277116580.00042874
operator_ablation,full,evaluation,default,stale20,,,"{""operator_kind"":""stale_refresh"",""operator_parameter"":20}",{},20,horizon,500,policy_transfer_factor,20,1.0,0.0,0.0,1.0,1.0,0.0
operator_ablation,full,evaluation,default,stale20,,,"{""operator_kind"":""stale_refresh"",""operator_parameter"":20}",{},20,horizon,500,pseudo_regret,20,0.0822832700941227,0.20370792511153038,0.045550476810481834,-0.01305497355998364,0.17762151374822904,0.09533824365410634
operator_ablation,full,evaluation,default,stale20,,,"{""operator_kind"":""stale_refresh"",""operator_parameter"":20}",{},20,horizon,500,psi_t,20,0.0,0.0,0.0,0.0,0.0,0.0
operator_ablation,full,evaluation,default,stale20,,,"{""operator_kind"":""stale_refresh"",""operator_parameter"":20}",{},20,horizon,500,reference_update_max_abs,20,1.0658141036401503e-14,0.0,0.0,1.0658141036401503e-14,1.0658141036401503e-14,0.0
operator_ablation,full,evaluation,default,stale20,,,"{""operator_kind"":""stale_refresh"",""operator_parameter"":20}",{},20,horizon,500,reward,20,0.15247963810124637,0.29756124174447934,0.06653671640099039,0.013216690172629664,0.2917425860298631,0.1392629479286167
operator_ablation,full,evaluation,default,stale20,,,"{""operator_kind"":""stale_refresh"",""operator_parameter"":20}",{},20,horizon,500,rho_minus,20,0.7889190039037506,0.02490529181251138,0.005568992549224439,0.7772629685394031,0.800575039268098,0.0116560353643474
operator_ablation,full,evaluation,default,stale20,,,"{""operator_kind"":""stale_refresh"",""operator_parameter"":20}",{},20,horizon,500,rho_plus,20,1.0000000000000713,3.9419573212357694e-14,8.814484534686155e-15,1.0000000000000528,1.0000000000000897,1.8448928158308152e-14
operator_ablation,full,evaluation,default,stale20,,,"{""operator_kind"":""stale_refresh"",""operator_parameter"":20}",{},20,horizon,500,ridge_normal_equation_residual,20,2.663228286481953e-13,8.455383138111497e-14,1.89068114726228e-14,2.267504174438328e-13,3.058952398525578e-13,3.9572411204362505e-14
operator_ablation,full,evaluation,default,stale20,,,"{""operator_kind"":""stale_refresh"",""operator_parameter"":20}",{},20,horizon,500,round,20,500.0,0.0,0.0,500.0,500.0,0.0
operator_ablation,full,evaluation,default,stale20,,,"{""operator_kind"":""stale_refresh"",""operator_parameter"":20}",{},20,horizon,500,round_runtime_seconds,20,0.0011098145449068397,3.652526543007196e-05,8.167297639786398e-06,0.0010927201944872546,0.0011269088953264248,1.7094350419585136e-05
operator_ablation,full,evaluation,default,stale20,,,"{""operator_kind"":""stale_refresh"",""operator_parameter"":20}",{},20,horizon,500,runtime_seconds,20,0.48930278725747484,0.010221732867076871,0.0022856489538627704,0.4845188690171069,0.4940867054978428,0.004783918240367965
operator_ablation,full,evaluation,default,stale20,,,"{""operator_kind"":""stale_refresh"",""operator_parameter"":20}",{},20,horizon,500,same_history_full_action,20,2.35,1.268027892769755,0.2835396565598986,1.7565446784414616,2.9434553215585386,0.5934553215585384
operator_ablation,full,evaluation,default,stale20,,,"{""operator_kind"":""stale_refresh"",""operator_parameter"":20}",{},20,horizon,500,selected_action_optimism_violation_rate,20,0.0,0.0,0.0,0.0,0.0,0.0
operator_ablation,full,evaluation,default,stale20,,,"{""operator_kind"":""stale_refresh"",""operator_parameter"":20}",{},20,horizon,500,theorem_bound_slack,20,27659.261420182516,492.7925811887809,110.19177103456981,27428.62739280931,27889.895447555722,230.63402737320735
operator_ablation,full,evaluation,default,stale20,,,"{""operator_kind"":""stale_refresh"",""operator_parameter"":20}",{},20,horizon,500,theorem_rhs,20,27718.410326242367,494.1690048383923,110.49954871920676,27487.132112771804,27949.68853971293,231.27821347056258
operator_ablation,full,evaluation,default,stale20,,,"{""operator_kind"":""stale_refresh"",""operator_parameter"":20}",{},20,horizon,500,theory_factor,20,408.2842077975371,0.0,0.0,408.2842077975371,408.2842077975371,0.0
operator_ablation,full,evaluation,default,stale20,,,"{""operator_kind"":""stale_refresh"",""operator_parameter"":20}",{},20,horizon,500,transfer_slack_min,20,4.3987426977504024e-05,5.628774074643177e-05,1.2586321460890617e-05,1.7643953403344435e-05,7.033090055166361e-05,2.6343473574159588e-05
operator_ablation,full,evaluation,default,stale20,,,"{""operator_kind"":""stale_refresh"",""operator_parameter"":20}",{},20,horizon,500,transition_logdet,20,1.6347561847239227,0.0777175070136067,0.017378162872424125,1.5983832718105135,1.6711290976373319,0.036372912913409085
operator_ablation,full,evaluation,default,stale20,,,"{""operator_kind"":""stale_refresh"",""operator_parameter"":20}",{},20,horizon,500,true_mean,20,0.2767627611862703,0.1930698880683417,0.043171739412908756,0.18640327212440505,0.36712225024813555,0.09035948906186526
operator_ablation,full,evaluation,default,stale20,,,"{""operator_kind"":""stale_refresh"",""operator_parameter"":20}",{},20,horizon,500,u_t,20,1.0,0.0,0.0,1.0,1.0,0.0
operator_ablation,full,evaluation,default,stale20,,,"{""operator_kind"":""stale_refresh"",""operator_parameter"":20}",{},20,horizon,500,variation_increment,20,0.0,0.0,0.0,0.0,0.0,0.0
operator_ablation,full,evaluation,default,stale20,,,"{""operator_kind"":""stale_refresh"",""operator_parameter"":20}",{},20,horizon,500,width_distortion,20,0.042695891402864186,0.017966481787220268,0.004017427459273643,0.03428731909376399,0.05110446371196438,0.008408572309100191
operator_ablation,full,evaluation,default,stale20,,,"{""operator_kind"":""stale_refresh"",""operator_parameter"":20}",{},20,horizon,500,width_dynamic_bound,20,1837.4646456577054,37.940622880035804,8.48378118684439,1819.7078875613036,1855.2214037541073,17.756758096401978
operator_ablation,full,evaluation,default,stale20,,,"{""operator_kind"":""stale_refresh"",""operator_parameter"":20}",{},20,horizon,500,width_dynamic_slack,20,1685.9596943339075,28.001215740001285,6.261262184727995,1672.8547219703146,1699.0646666975003,13.104972363592813
operator_ablation,full,evaluation,default,stale20,,,"{""operator_kind"":""stale_refresh"",""operator_parameter"":20}",{},20,horizon,500,width_information_bound,20,1100.3220807243697,39.45724655409679,8.822908549992976,1081.8555208993896,1118.7886405493498,18.46655982498003
operator_ablation,full,evaluation,default,stale20,,,"{""operator_kind"":""stale_refresh"",""operator_parameter"":20}",{},20,horizon,500,width_information_slack,20,948.8171294005715,29.395828191700158,6.573107009154627,935.059458318211,962.574800482932,13.757671082360488
operator_ablation,full,evaluation,default,stale20,,,"{""operator_kind"":""stale_refresh"",""operator_parameter"":20}",{},20,horizon,500,width_squared_cumulative,20,151.5049513237982,10.887606244707772,2.4345427675417786,146.40939474984748,156.6005078977489,5.095556573950718
operator_ablation,full,evaluation,default,stale20,,,"{""operator_kind"":""stale_refresh"",""operator_parameter"":20}",{},20,horizon,500,xi_min_eigenvalue,20,-1.6038920840734806e-15,2.62850589707857e-16,5.877517865126748e-17,-1.7269099467927291e-15,-1.4808742213542322e-15,1.2301786271924855e-16
operator_ablation,full,evaluation,default,stale5,,,"{""operator_kind"":""stale_refresh"",""operator_parameter"":5}",{},20,summary,,Gamma_dynamic_T,20,477.870023765957,3.1689928354687473,0.7086083400317925,476.3868894651161,479.3531580667979,1.483134300840884
operator_ablation,full,evaluation,default,stale5,,,"{""operator_kind"":""stale_refresh"",""operator_parameter"":5}",{},20,summary,,Lambda_alg_T,20,274.28054779908774,3.73549387595633,0.8352818236172521,272.5322828500468,276.0288127481287,1.7482649490409468
operator_ablation,full,evaluation,default,stale5,,,"{""operator_kind"":""stale_refresh"",""operator_parameter"":5}",{},20,summary,,V_alg_T,20,219.47852678404905,3.1436969742966774,0.7029520135187779,218.0072313106595,220.9498222574386,1.4712954733895567
operator_ablation,full,evaluation,default,stale5,,,"{""operator_kind"":""stale_refresh"",""operator_parameter"":5}",{},20,summary,,action_disagreement_count,20,52.0,6.981177701882624,1.5610387904415308,48.73270826174142,55.26729173825858,3.267291738258575
operator_ablation,full,evaluation,default,stale5,,,"{""operator_kind"":""stale_refresh"",""operator_parameter"":5}",{},20,summary,,action_disagreement_rate,20,0.10400000000000001,0.013962355403765248,0.0031220775808830617,0.09746541652348285,0.11053458347651716,0.0065345834765171504
operator_ablation,full,evaluation,default,stale5,,,"{""operator_kind"":""stale_refresh"",""operator_parameter"":5}",{},20,summary,,action_disagreement_with_full_count,20,52.0,6.981177701882624,1.5610387904415308,48.73270826174142,55.26729173825858,3.267291738258575
operator_ablation,full,evaluation,default,stale5,,,"{""operator_kind"":""stale_refresh"",""operator_parameter"":5}",{},20,summary,,action_set_max_cbar_width_squared_over_chat_width_squared,20,1.0000000000000022,7.396031092946096e-16,1.6538028287529536e-16,1.0000000000000018,1.0000000000000027,3.461449101828437e-16
operator_ablation,full,evaluation,default,stale5,,,"{""operator_kind"":""stale_refresh"",""operator_parameter"":5}",{},20,summary,,action_set_transfer_max,20,1.0000000000000022,7.396031092946096e-16,1.6538028287529536e-16,1.0000000000000018,1.0000000000000027,3.461449101828437e-16
operator_ablation,full,evaluation,default,stale5,,,"{""operator_kind"":""stale_refresh"",""operator_parameter"":5}",{},20,summary,,cumulative_pseudo_regret,20,55.79881763526485,2.86648448451841,0.6409654163831608,54.45726160073105,57.14037366979864,1.3415560345337931
operator_ablation,full,evaluation,default,stale5,,,"{""operator_kind"":""stale_refresh"",""operator_parameter"":5}",{},20,summary,,dynamic_identity_residual,20,-2.4243718144134618e-12,3.1851274529958595e-13,7.122161501899508e-14,-2.5734403678420267e-12,-2.275303260984897e-12,1.4906855342856477e-13
operator_ablation,full,evaluation,default,stale5,,,"{""operator_kind"":""stale_refresh"",""operator_parameter"":5}",{},20,summary,,endpoint_logdet_T,20,258.39149698190795,0.2691814257880813,0.060190796634246466,258.26551619669846,258.51747776711744,0.12598078520947653
operator_ablation,full,evaluation,default,stale5,,,"{""operator_kind"":""stale_refresh"",""operator_parameter"":5}",{},20,summary,,exact_global_kappa_plus_max,20,1.0000000000001998,2.413759725614236e-14,5.3973308278246714e-15,1.0000000000001885,1.0000000000002112,1.1296743252236548e-14
operator_ablation,full,evaluation,default,stale5,,,"{""operator_kind"":""stale_refresh"",""operator_parameter"":5}",{},20,summary,,exact_global_kappa_plus_min,20,1.0,0.0,0.0,1.0,1.0,0.0
operator_ablation,full,evaluation,default,stale5,,,"{""operator_kind"":""stale_refresh"",""operator_parameter"":5}",{},20,summary,,kappa_plus_max,20,1.0000000000001998,2.413759725614236e-14,5.3973308278246714e-15,1.0000000000001885,1.0000000000002112,1.1296743252236548e-14
operator_ablation,full,evaluation,default,stale5,,,"{""operator_kind"":""stale_refresh"",""operator_parameter"":5}",{},20,summary,,kappa_plus_min,20,1.0,0.0,0.0,1.0,1.0,0.0
operator_ablation,full,evaluation,default,stale5,,,"{""operator_kind"":""stale_refresh"",""operator_parameter"":5}",{},20,summary,,max_relative_width_distortion,20,1.9491919496768606,1.132292682221588,0.2531883407873038,1.4192626621133053,2.479121237240416,0.5299292875635552
operator_ablation,full,evaluation,default,stale5,,,"{""operator_kind"":""stale_refresh"",""operator_parameter"":5}",{},20,summary,,mean_cg_iterations,20,0.0,0.0,0.0,0.0,0.0,0.0
operator_ablation,full,evaluation,default,stale5,,,"{""operator_kind"":""stale_refresh"",""operator_parameter"":5}",{},20,summary,,operator_parameter,20,5.0,0.0,0.0,5.0,5.0,0.0
operator_ablation,full,evaluation,default,stale5,,,"{""operator_kind"":""stale_refresh"",""operator_parameter"":5}",{},20,summary,,optimism_violation_count,20,0.0,0.0,0.0,0.0,0.0,0.0
operator_ablation,full,evaluation,default,stale5,,,"{""operator_kind"":""stale_refresh"",""operator_parameter"":5}",{},20,summary,,optimism_violation_rate,20,0.0,0.0,0.0,0.0,0.0,0.0
operator_ablation,full,evaluation,default,stale5,,,"{""operator_kind"":""stale_refresh"",""operator_parameter"":5}",{},20,summary,,optimism_violation_rounds,20,0.0,0.0,0.0,0.0,0.0,0.0
operator_ablation,full,evaluation,default,stale5,,,"{""operator_kind"":""stale_refresh"",""operator_parameter"":5}",{},20,summary,,peak_host_memory_bytes,20,1200100147.2,592118363.6947122,132401691.19473198,922980222.6850853,1477220071.7149148,277119924.5149148
operator_ablation,full,evaluation,default,stale5,,,"{""operator_kind"":""stale_refresh"",""operator_parameter"":5}",{},20,summary,,rounds,20,500.0,0.0,0.0,500.0,500.0,0.0
operator_ablation,full,evaluation,default,stale5,,,"{""operator_kind"":""stale_refresh"",""operator_parameter"":5}",{},20,summary,,runtime_seconds,20,0.4914054857857991,0.009678532880415114,0.0021641857443075035,0.48687579296475597,0.4959351786068423,0.0045296928210431546
operator_ablation,full,evaluation,default,stale5,,,"{""operator_kind"":""stale_refresh"",""operator_parameter"":5}",{},20,summary,,seed,20,129.5,5.916079783099616,1.3228756555322954,126.73118943197974,132.26881056802026,2.768810568020254
operator_ablation,full,evaluation,default,stale5,,,"{""operator_kind"":""stale_refresh"",""operator_parameter"":5}",{},20,summary,,width_distortion_max,20,1.9491919496768606,1.132292682221588,0.2531883407873038,1.4192626621133053,2.479121237240416,0.5299292875635552
operator_ablation,full,evaluation,default,stale5,,,"{""operator_kind"":""stale_refresh"",""operator_parameter"":5}",{},20,horizon,500,C_Cbar_max_abs,20,0.0,0.0,0.0,0.0,0.0,0.0
operator_ablation,full,evaluation,default,stale5,,,"{""operator_kind"":""stale_refresh"",""operator_parameter"":5}",{},20,horizon,500,E_T,20,0.0,0.0,0.0,0.0,0.0,0.0
operator_ablation,full,evaluation,default,stale5,,,"{""operator_kind"":""stale_refresh"",""operator_parameter"":5}",{},20,horizon,500,E_t,20,0.0,0.0,0.0,0.0,0.0,0.0
operator_ablation,full,evaluation,default,stale5,,,"{""operator_kind"":""stale_refresh"",""operator_parameter"":5}",{},20,horizon,500,F_T,20,0.0,0.0,0.0,0.0,0.0,0.0
operator_ablation,full,evaluation,default,stale5,,,"{""operator_kind"":""stale_refresh"",""operator_parameter"":5}",{},20,horizon,500,F_t,20,0.0,0.0,0.0,0.0,0.0,0.0
operator_ablation,full,evaluation,default,stale5,,,"{""operator_kind"":""stale_refresh"",""operator_parameter"":5}",{},20,horizon,500,Gamma_dynamic_T,20,477.870023765957,3.1689928354687473,0.7086083400317925,476.3868894651161,479.3531580667979,1.483134300840884
operator_ablation,full,evaluation,default,stale5,,,"{""operator_kind"":""stale_refresh"",""operator_parameter"":5}",{},20,horizon,500,Gamma_dynamic_cumulative,20,477.870023765957,3.1689928354687473,0.7086083400317925,476.3868894651161,479.3531580667979,1.483134300840884
operator_ablation,full,evaluation,default,stale5,,,"{""operator_kind"":""stale_refresh"",""operator_parameter"":5}",{},20,horizon,500,Lambda_alg_T,20,274.28054779908774,3.73549387595633,0.8352818236172521,272.5322828500468,276.0288127481287,1.7482649490409468
operator_ablation,full,evaluation,default,stale5,,,"{""operator_kind"":""stale_refresh"",""operator_parameter"":5}",{},20,horizon,500,Lambda_alg_cumulative,20,274.28054779908774,3.73549387595633,0.8352818236172521,272.5322828500468,276.0288127481287,1.7482649490409468
operator_ablation,full,evaluation,default,stale5,,,"{""operator_kind"":""stale_refresh"",""operator_parameter"":5}",{},20,horizon,500,S_T,20,174617.56819491085,0.0,0.0,174617.56819491085,174617.56819491085,0.0
operator_ablation,full,evaluation,default,stale5,,,"{""operator_kind"":""stale_refresh"",""operator_parameter"":5}",{},20,horizon,500,S_t_cumulative,20,174617.56819491085,0.0,0.0,174617.56819491085,174617.56819491085,0.0
operator_ablation,full,evaluation,default,stale5,,,"{""operator_kind"":""stale_refresh"",""operator_parameter"":5}",{},20,horizon,500,V_alg_T,20,219.47852678404905,3.1436969742966774,0.7029520135187779,218.0072313106595,220.9498222574386,1.4712954733895567
operator_ablation,full,evaluation,default,stale5,,,"{""operator_kind"":""stale_refresh"",""operator_parameter"":5}",{},20,horizon,500,V_alg_cumulative,20,219.47852678404905,3.1436969742966774,0.7029520135187779,218.0072313106595,220.9498222574386,1.4712954733895567
operator_ablation,full,evaluation,default,stale5,,,"{""operator_kind"":""stale_refresh"",""operator_parameter"":5}",{},20,horizon,500,action,20,2.35,1.4244112357114616,0.3185080350965304,1.683355021020636,3.016644978979364,0.666644978979364
operator_ablation,full,evaluation,default,stale5,,,"{""operator_kind"":""stale_refresh"",""operator_parameter"":5}",{},20,horizon,500,action_set_max_cbar_width_over_chat_width,20,0.9999999794508346,2.0397630803981118e-08,4.5610489057645466e-09,0.9999999699044495,0.9999999889972198,9.546385073097891e-09
operator_ablation,full,evaluation,default,stale5,,,"{""operator_kind"":""stale_refresh"",""operator_parameter"":5}",{},20,horizon,500,action_set_max_cbar_width_squared_over_chat_width_squared,20,0.9999999589016701,4.0795259732561125e-08,9.122097392176657e-09,0.9999999398089009,0.9999999779944394,1.9092769268481046e-08
operator_ablation,full,evaluation,default,stale5,,,"{""operator_kind"":""stale_refresh"",""operator_parameter"":5}",{},20,horizon,500,action_set_transfer,20,0.9999999589016701,4.0795259732561125e-08,9.122097392176657e-09,0.9999999398089009,0.9999999779944394,1.9092769268481046e-08
operator_ablation,full,evaluation,default,stale5,,,"{""operator_kind"":""stale_refresh"",""operator_parameter"":5}",{},20,horizon,500,all_action_optimism_violation_rate,20,0.0,0.0,0.0,0.0,0.0,0.0
operator_ablation,full,evaluation,default,stale5,,,"{""operator_kind"":""stale_refresh"",""operator_parameter"":5}",{},20,horizon,500,alpha_t,20,1.0,0.0,0.0,1.0,1.0,0.0
operator_ablation,full,evaluation,default,stale5,,,"{""operator_kind"":""stale_refresh"",""operator_parameter"":5}",{},20,horizon,500,bar_chi_t,20,0.0,0.0,0.0,0.0,0.0,0.0
operator_ablation,full,evaluation,default,stale5,,,"{""operator_kind"":""stale_refresh"",""operator_parameter"":5}",{},20,horizon,500,bar_psi_t,20,0.0,0.0,0.0,0.0,0.0,0.0
operator_ablation,full,evaluation,default,stale5,,,"{""operator_kind"":""stale_refresh"",""operator_parameter"":5}",{},20,horizon,500,beta_t,20,20.206043843304336,0.0,0.0,20.206043843304336,20.206043843304336,0.0
operator_ablation,full,evaluation,default,stale5,,,"{""operator_kind"":""stale_refresh"",""operator_parameter"":5}",{},20,horizon,500,bonus_lower_slack_min,20,3.4288397354753644e-08,3.946877829000623e-08,8.825487124532183e-09,1.5816440511236968e-08,5.276035419827032e-08,1.8471956843516676e-08
operator_ablation,full,evaluation,default,stale5,,,"{""operator_kind"":""stale_refresh"",""operator_parameter"":5}",{},20,horizon,500,bonus_upper_slack_min,20,0.0,0.0,0.0,0.0,0.0,0.0
operator_ablation,full,evaluation,default,stale5,,,"{""operator_kind"":""stale_refresh"",""operator_parameter"":5}",{},20,horizon,500,cg_certified_epsilon,20,0.0,0.0,0.0,0.0,0.0,0.0
operator_ablation,full,evaluation,default,stale5,,,"{""operator_kind"":""stale_refresh"",""operator_parameter"":5}",{},20,horizon,500,cg_energy_error_max,20,0.0,0.0,0.0,0.0,0.0,0.0
operator_ablation,full,evaluation,default,stale5,,,"{""operator_kind"":""stale_refresh"",""operator_parameter"":5}",{},20,horizon,500,cg_sandwich_lower_slack_min,20,0.0,0.0,0.0,0.0,0.0,0.0
operator_ablation,full,evaluation,default,stale5,,,"{""operator_kind"":""stale_refresh"",""operator_parameter"":5}",{},20,horizon,500,cg_sandwich_upper_slack_min,20,0.0,0.0,0.0,0.0,0.0,0.0
operator_ablation,full,evaluation,default,stale5,,,"{""operator_kind"":""stale_refresh"",""operator_parameter"":5}",{},20,horizon,500,chi_t,20,0.0,0.0,0.0,0.0,0.0,0.0
operator_ablation,full,evaluation,default,stale5,,,"{""operator_kind"":""stale_refresh"",""operator_parameter"":5}",{},20,horizon,500,confidence_ratio_max,20,1.658681096050967,0.4340034670747307,0.09704612548496896,1.4555612210237998,1.8618009710781342,0.20311987502716725
operator_ablation,full,evaluation,default,stale5,,,"{""operator_kind"":""stale_refresh"",""operator_parameter"":5}",{},20,horizon,500,cumulative_pseudo_regret,20,55.79881763526485,2.86648448451841,0.6409654163831608,54.45726160073105,57.14037366979864,1.3415560345337931
operator_ablation,full,evaluation,default,stale5,,,"{""operator_kind"":""stale_refresh"",""operator_parameter"":5}",{},20,horizon,500,dynamic_bound_slack,20,203.5894759668693,1.2395332507457117,0.2771680609038703,203.0093565482838,204.16959538545478,0.5801194185855076
operator_ablation,full,evaluation,default,stale5,,,"{""operator_kind"":""stale_refresh"",""operator_parameter"":5}",{},20,horizon,500,dynamic_identity_residual,20,-2.4243718144134618e-12,3.1851274529958595e-13,7.122161501899508e-14,-2.5734403678420267e-12,-2.275303260984897e-12,1.4906855342856477e-13
operator_ablation,full,evaluation,default,stale5,,,"{""operator_kind"":""stale_refresh"",""operator_parameter"":5}",{},20,horizon,500,dynamic_identity_rhs,20,274.2805477990902,3.7354938759562994,0.8352818236172452,272.5322828500492,276.02881274813114,1.7482649490409323
operator_ablation,full,evaluation,default,stale5,,,"{""operator_kind"":""stale_refresh"",""operator_parameter"":5}",{},20,horizon,500,endpoint_logdet,20,258.39149698190795,0.2691814257880813,0.060190796634246466,258.26551619669846,258.51747776711744,0.12598078520947653
operator_ablation,full,evaluation,default,stale5,,,"{""operator_kind"":""stale_refresh"",""operator_parameter"":5}",{},20,horizon,500,exact_global_kappa_plus,20,1.0000000000000842,3.587381251616919e-14,8.021628339823707e-15,1.0000000000000673,1.000000000000101,1.6789461070774407e-14
operator_ablation,full,evaluation,default,stale5,,,"{""operator_kind"":""stale_refresh"",""operator_parameter"":5}",{},20,horizon,500,gamma_upper_t,20,324.1334518928847,0.0,0.0,324.1334518928847,324.1334518928847,0.0
operator_ablation,full,evaluation,default,stale5,,,"{""operator_kind"":""stale_refresh"",""operator_parameter"":5}",{},20,horizon,500,global_kappa_plus_C_hat_C_full,20,1.0000000000000842,3.587381251616919e-14,8.021628339823707e-15,1.0000000000000673,1.000000000000101,1.6789461070774407e-14
operator_ablation,full,evaluation,default,stale5,,,"{""operator_kind"":""stale_refresh"",""operator_parameter"":5}",{},20,horizon,500,information_increment,20,0.0873137298391888,0.018447832048911577,0.004125060649886551,0.07867987867308307,0.09594758100529452,0.008633851166105721
operator_ablation,full,evaluation,default,stale5,,,"{""operator_kind"":""stale_refresh"",""operator_parameter"":5}",{},20,horizon,500,kappa_bar_t,20,2267.3251807963748,51.09745385289572,11.425738029223336,2243.4108362618426,2291.239525330907,23.914344534532226
operator_ablation,full,evaluation,default,stale5,,,"{""operator_kind"":""stale_refresh"",""operator_parameter"":5}",{},20,horizon,500,kappa_plus,20,1.0000000000000842,3.587381251616919e-14,8.021628339823707e-15,1.0000000000000673,1.000000000000101,1.6789461070774407e-14
operator_ablation,full,evaluation,default,stale5,,,"{""operator_kind"":""stale_refresh"",""operator_parameter"":5}",{},20,horizon,500,kappa_t,20,2267.3251807963748,51.09745385289572,11.425738029223336,2243.4108362618426,2291.239525330907,23.914344534532226
operator_ablation,full,evaluation,default,stale5,,,"{""operator_kind"":""stale_refresh"",""operator_parameter"":5}",{},20,horizon,500,max_chi_t,20,0.0,0.0,0.0,0.0,0.0,0.0
operator_ablation,full,evaluation,default,stale5,,,"{""operator_kind"":""stale_refresh"",""operator_parameter"":5}",{},20,horizon,500,max_psi_t,20,0.0,0.0,0.0,0.0,0.0,0.0
operator_ablation,full,evaluation,default,stale5,,,"{""operator_kind"":""stale_refresh"",""operator_parameter"":5}",{},20,horizon,500,max_relative_width_distortion,20,0.014780133930198336,0.012129826340083465,0.002712311625169411,0.009103200455667468,0.020457067404729204,0.005676933474530869
operator_ablation,full,evaluation,default,stale5,,,"{""operator_kind"":""stale_refresh"",""operator_parameter"":5}",{},20,horizon,500,max_theory_factor,20,408.2842077975371,0.0,0.0,408.2842077975371,408.2842077975371,0.0
operator_ablation,full,evaluation,default,stale5,,,"{""operator_kind"":""stale_refresh"",""operator_parameter"":5}",{},20,horizon,500,max_u_t,20,1.0,0.0,0.0,1.0,1.0,0.0
operator_ablation,full,evaluation,default,stale5,,,"{""operator_kind"":""stale_refresh"",""operator_parameter"":5}",{},20,horizon,500,mean_cg_iterations,20,0.0,0.0,0.0,0.0,0.0,0.0
operator_ablation,full,evaluation,default,stale5,,,"{""operator_kind"":""stale_refresh"",""operator_parameter"":5}",{},20,horizon,500,mean_chi_t,20,0.0,0.0,0.0,0.0,0.0,0.0
operator_ablation,full,evaluation,default,stale5,,,"{""operator_kind"":""stale_refresh"",""operator_parameter"":5}",{},20,horizon,500,mean_psi_t,20,0.0,0.0,0.0,0.0,0.0,0.0
operator_ablation,full,evaluation,default,stale5,,,"{""operator_kind"":""stale_refresh"",""operator_parameter"":5}",{},20,horizon,500,mean_relative_width_distortion,20,0.004039350483017045,0.0027814228639737957,0.0006219450598017557,0.0027376045123315568,0.005341096453702534,0.0013017459706854888
operator_ablation,full,evaluation,default,stale5,,,"{""operator_kind"":""stale_refresh"",""operator_parameter"":5}",{},20,horizon,500,mean_round_runtime_seconds,20,0.0010988998546963558,2.4447722335753577e-05,5.466676903778493e-06,0.001087457968439069,0.0011103417409536426,1.1441886257286722e-05
operator_ablation,full,evaluation,default,stale5,,,"{""operator_kind"":""stale_refresh"",""operator_parameter"":5}",{},20,horizon,500,mean_theory_factor,20,408.2842077975371,0.0,0.0,408.2842077975371,408.2842077975371,0.0
operator_ablation,full,evaluation,default,stale5,,,"{""operator_kind"":""stale_refresh"",""operator_parameter"":5}",{},20,horizon,500,mean_u_t,20,1.0,0.0,0.0,1.0,1.0,0.0
operator_ablation,full,evaluation,default,stale5,,,"{""operator_kind"":""stale_refresh"",""operator_parameter"":5}",{},20,horizon,500,noise,20,-0.12428312308502396,0.28978733638402343,0.06479841831732745,-0.2599077713108023,0.011341525140754372,0.13562464822577833
operator_ablation,full,evaluation,default,stale5,,,"{""operator_kind"":""stale_refresh"",""operator_parameter"":5}",{},20,horizon,500,omega_t,20,20.206043843304336,0.0,0.0,20.206043843304336,20.206043843304336,0.0
operator_ablation,full,evaluation,default,stale5,,,"{""operator_kind"":""stale_refresh"",""operator_parameter"":5}",{},20,horizon,500,operator_condition_number,20,2267.3251807963748,51.09745385289572,11.425738029223336,2243.4108362618426,2291.239525330907,23.914344534532226
operator_ablation,full,evaluation,default,stale5,,,"{""operator_kind"":""stale_refresh"",""operator_parameter"":5}",{},20,horizon,500,operator_min_eigenvalue,20,0.9999999999997622,7.948401200187499e-14,1.777316539606016e-14,0.999999999999725,0.9999999999997994,3.7199662696931296e-14
operator_ablation,full,evaluation,default,stale5,,,"{""operator_kind"":""stale_refresh"",""operator_parameter"":5}",{},20,horizon,500,operator_parameter,20,5.0,0.0,0.0,5.0,5.0,0.0
operator_ablation,full,evaluation,default,stale5,,,"{""operator_kind"":""stale_refresh"",""operator_parameter"":5}",{},20,horizon,500,optimal_action,20,1.9,1.4832396974191326,0.33166247903553997,1.2058224534339232,2.5941775465660766,0.6941775465660766
operator_ablation,full,evaluation,default,stale5,,,"{""operator_kind"":""stale_refresh"",""operator_parameter"":5}",{},20,horizon,500,optimal_mean,20,0.35904603128039303,0.06404693033427485,0.014321328997763188,0.32907114519697944,0.3890209173638066,0.029974886083413588
operator_ablation,full,evaluation,default,stale5,,,"{""operator_kind"":""stale_refresh"",""operator_parameter"":5}",{},20,horizon,500,optimism_violation_count,20,0.0,0.0,0.0,0.0,0.0,0.0
operator_ablation,full,evaluation,default,stale5,,,"{""operator_kind"":""stale_refresh"",""operator_parameter"":5}",{},20,horizon,500,optimism_violation_max,20,0.0,0.0,0.0,0.0,0.0,0.0
operator_ablation,full,evaluation,default,stale5,,,"{""operator_kind"":""stale_refresh"",""operator_parameter"":5}",{},20,horizon,500,optimism_violation_rate,20,0.0,0.0,0.0,0.0,0.0,0.0
operator_ablation,full,evaluation,default,stale5,,,"{""operator_kind"":""stale_refresh"",""operator_parameter"":5}",{},20,horizon,500,peak_host_memory_bytes,20,1200100147.2,592118363.6947122,132401691.19473198,922980222.6850853,1477220071.7149148,277119924.5149148
operator_ablation,full,evaluation,default,stale5,,,"{""operator_kind"":""stale_refresh"",""operator_parameter"":5}",{},20,horizon,500,policy_transfer_factor,20,1.0,0.0,0.0,1.0,1.0,0.0
operator_ablation,full,evaluation,default,stale5,,,"{""operator_kind"":""stale_refresh"",""operator_parameter"":5}",{},20,horizon,500,pseudo_regret,20,0.07014849378327245,0.20812247431716122,0.046537600021862656,-0.027255822496918727,0.16755281006346362,0.09740431628019118
operator_ablation,full,evaluation,default,stale5,,,"{""operator_kind"":""stale_refresh"",""operator_parameter"":5}",{},20,horizon,500,psi_t,20,0.0,0.0,0.0,0.0,0.0,0.0
operator_ablation,full,evaluation,default,stale5,,,"{""operator_kind"":""stale_refresh"",""operator_parameter"":5}",{},20,horizon,500,reference_update_max_abs,20,1.0658141036401503e-14,0.0,0.0,1.0658141036401503e-14,1.0658141036401503e-14,0.0
operator_ablation,full,evaluation,default,stale5,,,"{""operator_kind"":""stale_refresh"",""operator_parameter"":5}",{},20,horizon,500,reward,20,0.1646144144120966,0.3709656072954725,0.08295043152271685,-0.009002834088499001,0.3382316629126922,0.1736172485005956
operator_ablation,full,evaluation,default,stale5,,,"{""operator_kind"":""stale_refresh"",""operator_parameter"":5}",{},20,horizon,500,rho_minus,20,0.8873762759386589,0.021073572683093546,0.00471219410481798,0.8775135403282338,0.8972390115490839,0.00986273561042506
operator_ablation,full,evaluation,default,stale5,,,"{""operator_kind"":""stale_refresh"",""operator_parameter"":5}",{},20,horizon,500,rho_plus,20,1.0000000000000842,3.587381251616919e-14,8.021628339823707e-15,1.0000000000000673,1.000000000000101,1.6789461070774407e-14
operator_ablation,full,evaluation,default,stale5,,,"{""operator_kind"":""stale_refresh"",""operator_parameter"":5}",{},20,horizon,500,ridge_normal_equation_residual,20,2.77940607185153e-13,7.789216489124575e-14,1.74172175611448e-14,2.414859518688141e-13,3.143952625014919e-13,3.6454655316338884e-14
operator_ablation,full,evaluation,default,stale5,,,"{""operator_kind"":""stale_refresh"",""operator_parameter"":5}",{},20,horizon,500,round,20,500.0,0.0,0.0,500.0,500.0,0.0
operator_ablation,full,evaluation,default,stale5,,,"{""operator_kind"":""stale_refresh"",""operator_parameter"":5}",{},20,horizon,500,round_runtime_seconds,20,0.0010988998546963558,2.4447722335753577e-05,5.466676903778493e-06,0.001087457968439069,0.0011103417409536426,1.1441886257286722e-05
operator_ablation,full,evaluation,default,stale5,,,"{""operator_kind"":""stale_refresh"",""operator_parameter"":5}",{},20,horizon,500,runtime_seconds,20,0.4914054857857991,0.009678532880415114,0.0021641857443075035,0.48687579296475597,0.4959351786068423,0.0045296928210431546
operator_ablation,full,evaluation,default,stale5,,,"{""operator_kind"":""stale_refresh"",""operator_parameter"":5}",{},20,horizon,500,same_history_full_action,20,2.35,1.348488432516786,0.30153118019796715,1.7188879866915285,2.9811120133084716,0.6311120133084716
operator_ablation,full,evaluation,default,stale5,,,"{""operator_kind"":""stale_refresh"",""operator_parameter"":5}",{},20,horizon,500,selected_action_optimism_violation_rate,20,0.0,0.0,0.0,0.0,0.0,0.0
operator_ablation,full,evaluation,default,stale5,,,"{""operator_kind"":""stale_refresh"",""operator_parameter"":5}",{},20,horizon,500,theorem_bound_slack,20,24165.64028700429,165.2447207090457,36.949842842839345,24088.30337712762,24242.977196880962,77.33690987666944
operator_ablation,full,evaluation,default,stale5,,,"{""operator_kind"":""stale_refresh"",""operator_parameter"":5}",{},20,horizon,500,theorem_rhs,20,24221.439104639554,165.00520991895013,36.8962866020395,24144.214289263142,24298.663920015966,77.22481537641168
operator_ablation,full,evaluation,default,stale5,,,"{""operator_kind"":""stale_refresh"",""operator_parameter"":5}",{},20,horizon,500,theory_factor,20,408.2842077975371,0.0,0.0,408.2842077975371,408.2842077975371,0.0
operator_ablation,full,evaluation,default,stale5,,,"{""operator_kind"":""stale_refresh"",""operator_parameter"":5}",{},20,horizon,500,transfer_slack_min,20,2.8284053870709923e-10,3.8264353895307765e-10,8.556169642501703e-11,1.0375784995355719e-10,4.6192322746064125e-10,1.7908268875354204e-10
operator_ablation,full,evaluation,default,stale5,,,"{""operator_kind"":""stale_refresh"",""operator_parameter"":5}",{},20,horizon,500,transition_logdet,20,0.346558350713207,0.021376049789994047,0.004779830042084679,0.3365540514591403,0.3565626499672737,0.010004299254066712
operator_ablation,full,evaluation,default,stale5,,,"{""operator_kind"":""stale_refresh"",""operator_parameter"":5}",{},20,horizon,500,true_mean,20,0.28889753749712055,0.2142357831400076,0.047904577431396034,0.18863210461694324,0.38916297037729786,0.1002654328801773
operator_ablation,full,evaluation,default,stale5,,,"{""operator_kind"":""stale_refresh"",""operator_parameter"":5}",{},20,horizon,500,u_t,20,1.0,0.0,0.0,1.0,1.0,0.0
operator_ablation,full,evaluation,default,stale5,,,"{""operator_kind"":""stale_refresh"",""operator_parameter"":5}",{},20,horizon,500,variation_increment,20,0.0,0.0,0.0,0.0,0.0,0.0
operator_ablation,full,evaluation,default,stale5,,,"{""operator_kind"":""stale_refresh"",""operator_parameter"":5}",{},20,horizon,500,width_distortion,20,0.014780133930198336,0.012129826340083465,0.002712311625169411,0.009103200455667468,0.020457067404729204,0.005676933474530869
operator_ablation,full,evaluation,default,stale5,,,"{""operator_kind"":""stale_refresh"",""operator_parameter"":5}",{},20,horizon,500,width_dynamic_bound,20,1463.4769477832433,9.705040558623036,2.170113041347364,1458.934848986918,1468.0190465795686,4.542098796325205
operator_ablation,full,evaluation,default,stale5,,,"{""operator_kind"":""stale_refresh"",""operator_parameter"":5}",{},20,horizon,500,width_dynamic_slack,20,1371.5809011224974,8.150969559944658,1.82261220185678,1367.7661299421532,1375.3956723028416,3.8147711803443327
operator_ablation,full,evaluation,default,stale5,,,"{""operator_kind"":""stale_refresh"",""operator_parameter"":5}",{},20,horizon,500,width_information_bound,20,839.9841776347063,11.439949995116264,2.558050584827835,834.6301162282683,845.3382390411442,5.354061406437901
operator_ablation,full,evaluation,default,stale5,,,"{""operator_kind"":""stale_refresh"",""operator_parameter"":5}",{},20,horizon,500,width_information_slack,20,748.0881309739602,9.473634666813224,2.1183691108992937,743.6543334687325,752.521928479188,4.433797505227764
operator_ablation,full,evaluation,default,stale5,,,"{""operator_kind"":""stale_refresh"",""operator_parameter"":5}",{},20,horizon,500,width_squared_cumulative,20,91.89604666074592,2.8512016836539757,0.6375480782212141,90.56164319718714,93.23045012430471,1.3344034635587911
operator_ablation,full,evaluation,default,stale5,,,"{""operator_kind"":""stale_refresh"",""operator_parameter"":5}",{},20,horizon,500,xi_min_eigenvalue,20,-5.57466978403661e-16,1.8202719870991897e-16,4.070251900692408e-17,-6.426583297601645e-16,-4.722756270471575e-16,8.519135135650348e-17
operator_ablation,full,evaluation,default,subsample16,,,"{""operator_kind"":""rescaled_subsample"",""operator_parameter"":16}",{},20,summary,,Gamma_dynamic_T,20,1875.441152100951,23.37936353448303,5.22778461337838,1864.4992731538844,1886.3830310480178,10.94187894706659
operator_ablation,full,evaluation,default,subsample16,,,"{""operator_kind"":""rescaled_subsample"",""operator_parameter"":16}",{},20,summary,,Lambda_alg_T,20,1768.073689005801,3.9048510341245746,0.8731512354312899,1766.246162466907,1769.901215544695,1.827526538894022
operator_ablation,full,evaluation,default,subsample16,,,"{""operator_kind"":""rescaled_subsample"",""operator_parameter"":16}",{},20,summary,,V_alg_T,20,1765.773669880497,23.686522958945233,5.2964675486810995,1754.6880358977144,1776.8593038632796,11.085633982782552
operator_ablation,full,evaluation,default,subsample16,,,"{""operator_kind"":""rescaled_subsample"",""operator_parameter"":16}",{},20,summary,,action_disagreement_count,20,370.15,5.431632496676056,1.2145499491364562,367.607917741177,372.69208225882295,2.5420822588229908
operator_ablation,full,evaluation,default,subsample16,,,"{""operator_kind"":""rescaled_subsample"",""operator_parameter"":16}",{},20,summary,,action_disagreement_rate,20,0.7403,0.010863264993352122,0.0024290998982729145,0.7352158354823539,0.745384164517646,0.0050841645176459855
operator_ablation,full,evaluation,default,subsample16,,,"{""operator_kind"":""rescaled_subsample"",""operator_parameter"":16}",{},20,summary,,action_disagreement_with_full_count,20,370.15,5.431632496676056,1.2145499491364562,367.607917741177,372.69208225882295,2.5420822588229908
operator_ablation,full,evaluation,default,subsample16,,,"{""operator_kind"":""rescaled_subsample"",""operator_parameter"":16}",{},20,summary,,action_set_max_cbar_width_squared_over_chat_width_squared,20,4.039906117361613,0.515436200360348,0.11525503820699397,3.798674550002626,4.2811376847206,0.24123156735898704
operator_ablation,full,evaluation,default,subsample16,,,"{""operator_kind"":""rescaled_subsample"",""operator_parameter"":16}",{},20,summary,,action_set_transfer_max,20,4.039906117361613,0.515436200360348,0.11525503820699397,3.798674550002626,4.2811376847206,0.24123156735898704
operator_ablation,full,evaluation,default,subsample16,,,"{""operator_kind"":""rescaled_subsample"",""operator_parameter"":16}",{},20,summary,,cumulative_pseudo_regret,20,169.083582558454,5.131852511603131,1.147517106644763,166.68180165140149,171.4853634655065,2.401780907052513
operator_ablation,full,evaluation,default,subsample16,,,"{""operator_kind"":""rescaled_subsample"",""operator_parameter"":16}",{},20,summary,,dynamic_identity_residual,20,-1.351907030766597e-09,3.8888356215101145e-09,8.695700803019259e-10,-3.1719381258322925e-09,4.681240642990985e-10,1.8200310950656955e-09
operator_ablation,full,evaluation,default,subsample16,,,"{""operator_kind"":""rescaled_subsample"",""operator_parameter"":16}",{},20,summary,,endpoint_logdet_T,20,109.66748222045419,2.5029394900630995,0.5596742843349749,108.49607048070733,110.83889396020105,1.1714117397468577
operator_ablation,full,evaluation,default,subsample16,,,"{""operator_kind"":""rescaled_subsample"",""operator_parameter"":16}",{},20,summary,,exact_global_kappa_plus_max,20,9.425038680503418,0.6373147378648369,0.14250790769282345,9.12676620175894,9.723311159247896,0.2982724787444784
operator_ablation,full,evaluation,default,subsample16,,,"{""operator_kind"":""rescaled_subsample"",""operator_parameter"":16}",{},20,summary,,exact_global_kappa_plus_min,20,1.0,0.0,0.0,1.0,1.0,0.0
operator_ablation,full,evaluation,default,subsample16,,,"{""operator_kind"":""rescaled_subsample"",""operator_parameter"":16}",{},20,summary,,kappa_plus_max,20,9.425038680503418,0.6373147378648369,0.14250790769282345,9.12676620175894,9.723311159247896,0.2982724787444784
operator_ablation,full,evaluation,default,subsample16,,,"{""operator_kind"":""rescaled_subsample"",""operator_parameter"":16}",{},20,summary,,kappa_plus_min,20,1.0,0.0,0.0,1.0,1.0,0.0
operator_ablation,full,evaluation,default,subsample16,,,"{""operator_kind"":""rescaled_subsample"",""operator_parameter"":16}",{},20,summary,,max_relative_width_distortion,20,21.3976131689351,0.6913988096399261,0.15460147379173114,21.07402856544203,21.721197772428166,0.323584603493069
operator_ablation,full,evaluation,default,subsample16,,,"{""operator_kind"":""rescaled_subsample"",""operator_parameter"":16}",{},20,summary,,mean_cg_iterations,20,0.0,0.0,0.0,0.0,0.0,0.0
operator_ablation,full,evaluation,default,subsample16,,,"{""operator_kind"":""rescaled_subsample"",""operator_parameter"":16}",{},20,summary,,operator_parameter,20,16.0,0.0,0.0,16.0,16.0,0.0
operator_ablation,full,evaluation,default,subsample16,,,"{""operator_kind"":""rescaled_subsample"",""operator_parameter"":16}",{},20,summary,,optimism_violation_count,20,0.0,0.0,0.0,0.0,0.0,0.0
operator_ablation,full,evaluation,default,subsample16,,,"{""operator_kind"":""rescaled_subsample"",""operator_parameter"":16}",{},20,summary,,optimism_violation_rate,20,0.0,0.0,0.0,0.0,0.0,0.0
operator_ablation,full,evaluation,default,subsample16,,,"{""operator_kind"":""rescaled_subsample"",""operator_parameter"":16}",{},20,summary,,optimism_violation_rounds,20,0.0,0.0,0.0,0.0,0.0,0.0
operator_ablation,full,evaluation,default,subsample16,,,"{""operator_kind"":""rescaled_subsample"",""operator_parameter"":16}",{},20,summary,,peak_host_memory_bytes,20,1188789452.8,592170760.4972799,132413407.4759665,911645005.8266331,1465933899.773367,277144446.97336686
operator_ablation,full,evaluation,default,subsample16,,,"{""operator_kind"":""rescaled_subsample"",""operator_parameter"":16}",{},20,summary,,rounds,20,500.0,0.0,0.0,500.0,500.0,0.0
operator_ablation,full,evaluation,default,subsample16,,,"{""operator_kind"":""rescaled_subsample"",""operator_parameter"":16}",{},20,summary,,runtime_seconds,20,0.5338072972168447,0.04351274314211076,0.009729745155324744,0.5134427065634873,0.5541718878702021,0.020364590653357394
operator_ablation,full,evaluation,default,subsample16,,,"{""operator_kind"":""rescaled_subsample"",""operator_parameter"":16}",{},20,summary,,seed,20,129.5,5.916079783099616,1.3228756555322954,126.73118943197974,132.26881056802026,2.768810568020254
operator_ablation,full,evaluation,default,subsample16,,,"{""operator_kind"":""rescaled_subsample"",""operator_parameter"":16}",{},20,summary,,width_distortion_max,20,21.3976131689351,0.6913988096399261,0.15460147379173114,21.07402856544203,21.721197772428166,0.323584603493069
operator_ablation,full,evaluation,default,subsample16,,,"{""operator_kind"":""rescaled_subsample"",""operator_parameter"":16}",{},20,horizon,500,C_Cbar_max_abs,20,0.0,0.0,0.0,0.0,0.0,0.0
operator_ablation,full,evaluation,default,subsample16,,,"{""operator_kind"":""rescaled_subsample"",""operator_parameter"":16}",{},20,horizon,500,E_T,20,0.0,0.0,0.0,0.0,0.0,0.0
operator_ablation,full,evaluation,default,subsample16,,,"{""operator_kind"":""rescaled_subsample"",""operator_parameter"":16}",{},20,horizon,500,E_t,20,0.0,0.0,0.0,0.0,0.0,0.0
operator_ablation,full,evaluation,default,subsample16,,,"{""operator_kind"":""rescaled_subsample"",""operator_parameter"":16}",{},20,horizon,500,F_T,20,0.0,0.0,0.0,0.0,0.0,0.0
operator_ablation,full,evaluation,default,subsample16,,,"{""operator_kind"":""rescaled_subsample"",""operator_parameter"":16}",{},20,horizon,500,F_t,20,0.0,0.0,0.0,0.0,0.0,0.0
operator_ablation,full,evaluation,default,subsample16,,,"{""operator_kind"":""rescaled_subsample"",""operator_parameter"":16}",{},20,horizon,500,Gamma_dynamic_T,20,1875.441152100951,23.37936353448303,5.22778461337838,1864.4992731538844,1886.3830310480178,10.94187894706659
operator_ablation,full,evaluation,default,subsample16,,,"{""operator_kind"":""rescaled_subsample"",""operator_parameter"":16}",{},20,horizon,500,Gamma_dynamic_cumulative,20,1875.441152100951,23.37936353448303,5.22778461337838,1864.4992731538844,1886.3830310480178,10.94187894706659
operator_ablation,full,evaluation,default,subsample16,,,"{""operator_kind"":""rescaled_subsample"",""operator_parameter"":16}",{},20,horizon,500,Lambda_alg_T,20,1768.073689005801,3.9048510341245746,0.8731512354312899,1766.246162466907,1769.901215544695,1.827526538894022
operator_ablation,full,evaluation,default,subsample16,,,"{""operator_kind"":""rescaled_subsample"",""operator_parameter"":16}",{},20,horizon,500,Lambda_alg_cumulative,20,1768.073689005801,3.9048510341245746,0.8731512354312899,1766.246162466907,1769.901215544695,1.827526538894022
operator_ablation,full,evaluation,default,subsample16,,,"{""operator_kind"":""rescaled_subsample"",""operator_parameter"":16}",{},20,horizon,500,S_T,20,961883.3196052887,5724.438646760409,1280.023394718318,959204.1998499378,964562.4393606395,2679.119755350821
operator_ablation,full,evaluation,default,subsample16,,,"{""operator_kind"":""rescaled_subsample"",""operator_parameter"":16}",{},20,horizon,500,S_t_cumulative,20,961883.3196052887,5724.438646760409,1280.023394718318,959204.1998499378,964562.4393606395,2679.119755350821
operator_ablation,full,evaluation,default,subsample16,,,"{""operator_kind"":""rescaled_subsample"",""operator_parameter"":16}",{},20,horizon,500,V_alg_T,20,1765.773669880497,23.686522958945233,5.2964675486810995,1754.6880358977144,1776.8593038632796,11.085633982782552
operator_ablation,full,evaluation,default,subsample16,,,"{""operator_kind"":""rescaled_subsample"",""operator_parameter"":16}",{},20,horizon,500,V_alg_cumulative,20,1765.773669880497,23.686522958945233,5.2964675486810995,1754.6880358977144,1776.8593038632796,11.085633982782552
operator_ablation,full,evaluation,default,subsample16,,,"{""operator_kind"":""rescaled_subsample"",""operator_parameter"":16}",{},20,horizon,500,action,20,1.9,1.4473205733717955,0.3236307187293307,1.222633120954061,2.5773668790459388,0.6773668790459387
operator_ablation,full,evaluation,default,subsample16,,,"{""operator_kind"":""rescaled_subsample"",""operator_parameter"":16}",{},20,horizon,500,action_set_max_cbar_width_over_chat_width,20,0.22743378678621853,0.3922180102902187,0.0877026133008641,0.04387010751303991,0.41099746605939713,0.18356367927317863
operator_ablation,full,evaluation,default,subsample16,,,"{""operator_kind"":""rescaled_subsample"",""operator_parameter"":16}",{},20,horizon,500,action_set_max_cbar_width_squared_over_chat_width_squared,20,0.1978693465881363,0.7110225349820384,0.158989472175406,-0.13489944307266896,0.5306381362489415,0.33276878966080525
operator_ablation,full,evaluation,default,subsample16,,,"{""operator_kind"":""rescaled_subsample"",""operator_parameter"":16}",{},20,horizon,500,action_set_transfer,20,0.1978693465881363,0.7110225349820384,0.158989472175406,-0.13489944307266896,0.5306381362489415,0.33276878966080525
operator_ablation,full,evaluation,default,subsample16,,,"{""operator_kind"":""rescaled_subsample"",""operator_parameter"":16}",{},20,horizon,500,all_action_optimism_violation_rate,20,0.0,0.0,0.0,0.0,0.0,0.0
operator_ablation,full,evaluation,default,subsample16,,,"{""operator_kind"":""rescaled_subsample"",""operator_parameter"":16}",{},20,horizon,500,alpha_t,20,1.0,0.0,0.0,1.0,1.0,0.0
operator_ablation,full,evaluation,default,subsample16,,,"{""operator_kind"":""rescaled_subsample"",""operator_parameter"":16}",{},20,horizon,500,bar_chi_t,20,0.0,0.0,0.0,0.0,0.0,0.0
operator_ablation,full,evaluation,default,subsample16,,,"{""operator_kind"":""rescaled_subsample"",""operator_parameter"":16}",{},20,horizon,500,bar_psi_t,20,0.0,0.0,0.0,0.0,0.0,0.0
operator_ablation,full,evaluation,default,subsample16,,,"{""operator_kind"":""rescaled_subsample"",""operator_parameter"":16}",{},20,horizon,500,beta_t,20,20.206043843304336,0.0,0.0,20.206043843304336,20.206043843304336,0.0
operator_ablation,full,evaluation,default,subsample16,,,"{""operator_kind"":""rescaled_subsample"",""operator_parameter"":16}",{},20,horizon,500,bonus_lower_slack_min,20,29.792193707073494,12.376365786203781,2.767439521235428,23.99987622000753,35.58451119413946,5.792317487065965
operator_ablation,full,evaluation,default,subsample16,,,"{""operator_kind"":""rescaled_subsample"",""operator_parameter"":16}",{},20,horizon,500,bonus_upper_slack_min,20,0.0,0.0,0.0,0.0,0.0,0.0
operator_ablation,full,evaluation,default,subsample16,,,"{""operator_kind"":""rescaled_subsample"",""operator_parameter"":16}",{},20,horizon,500,cg_certified_epsilon,20,0.0,0.0,0.0,0.0,0.0,0.0
operator_ablation,full,evaluation,default,subsample16,,,"{""operator_kind"":""rescaled_subsample"",""operator_parameter"":16}",{},20,horizon,500,cg_energy_error_max,20,0.0,0.0,0.0,0.0,0.0,0.0
operator_ablation,full,evaluation,default,subsample16,,,"{""operator_kind"":""rescaled_subsample"",""operator_parameter"":16}",{},20,horizon,500,cg_sandwich_lower_slack_min,20,0.0,0.0,0.0,0.0,0.0,0.0
operator_ablation,full,evaluation,default,subsample16,,,"{""operator_kind"":""rescaled_subsample"",""operator_parameter"":16}",{},20,horizon,500,cg_sandwich_upper_slack_min,20,0.0,0.0,0.0,0.0,0.0,0.0
operator_ablation,full,evaluation,default,subsample16,,,"{""operator_kind"":""rescaled_subsample"",""operator_parameter"":16}",{},20,horizon,500,chi_t,20,0.0,0.0,0.0,0.0,0.0,0.0
operator_ablation,full,evaluation,default,subsample16,,,"{""operator_kind"":""rescaled_subsample"",""operator_parameter"":16}",{},20,horizon,500,confidence_ratio_max,20,1.4483618602287753,0.5797613590606356,0.1296385809587245,1.177025191902806,1.7196985285547446,0.2713366683259693
operator_ablation,full,evaluation,default,subsample16,,,"{""operator_kind"":""rescaled_subsample"",""operator_parameter"":16}",{},20,horizon,500,cumulative_pseudo_regret,20,169.083582558454,5.131852511603131,1.147517106644763,166.68180165140149,171.4853634655065,2.401780907052513
operator_ablation,full,evaluation,default,subsample16,,,"{""operator_kind"":""rescaled_subsample"",""operator_parameter"":16}",{},20,horizon,500,dynamic_bound_slack,20,107.36746309515021,24.671421475943315,5.516697552175744,95.82088241755095,118.91404377274948,11.546580677599268
operator_ablation,full,evaluation,default,subsample16,,,"{""operator_kind"":""rescaled_subsample"",""operator_parameter"":16}",{},20,horizon,500,dynamic_identity_residual,20,-1.351907030766597e-09,3.8888356215101145e-09,8.695700803019259e-10,-3.1719381258322925e-09,4.681240642990985e-10,1.8200310950656955e-09
operator_ablation,full,evaluation,default,subsample16,,,"{""operator_kind"":""rescaled_subsample"",""operator_parameter"":16}",{},20,horizon,500,dynamic_identity_rhs,20,1768.073689007153,3.904851033489058,0.8731512352891841,1766.2461624685563,1769.9012155457497,1.8275265385965913
operator_ablation,full,evaluation,default,subsample16,,,"{""operator_kind"":""rescaled_subsample"",""operator_parameter"":16}",{},20,horizon,500,endpoint_logdet,20,109.66748222045419,2.5029394900630995,0.5596742843349749,108.49607048070733,110.83889396020105,1.1714117397468577
operator_ablation,full,evaluation,default,subsample16,,,"{""operator_kind"":""rescaled_subsample"",""operator_parameter"":16}",{},20,horizon,500,exact_global_kappa_plus,20,5.750683158486497,0.7575017360893636,0.16938253749699225,5.396161433108575,6.1052048838644195,0.3545217253779221
operator_ablation,full,evaluation,default,subsample16,,,"{""operator_kind"":""rescaled_subsample"",""operator_parameter"":16}",{},20,horizon,500,gamma_upper_t,20,324.1334518928847,0.0,0.0,324.1334518928847,324.1334518928847,0.0
operator_ablation,full,evaluation,default,subsample16,,,"{""operator_kind"":""rescaled_subsample"",""operator_parameter"":16}",{},20,horizon,500,global_kappa_plus_C_hat_C_full,20,5.750683158486497,0.7575017360893636,0.16938253749699225,5.396161433108575,6.1052048838644195,0.3545217253779221
operator_ablation,full,evaluation,default,subsample16,,,"{""operator_kind"":""rescaled_subsample"",""operator_parameter"":16}",{},20,horizon,500,information_increment,20,3.5348554266883134,0.13711850167962947,0.030660629072857055,3.4706819925155328,3.599028860861094,0.06417343417278054
operator_ablation,full,evaluation,default,subsample16,,,"{""operator_kind"":""rescaled_subsample"",""operator_parameter"":16}",{},20,horizon,500,kappa_bar_t,20,4154.042063086412,475.0316784722791,106.22031245298395,3931.72039405555,4376.363732117274,222.32166903086184
operator_ablation,full,evaluation,default,subsample16,,,"{""operator_kind"":""rescaled_subsample"",""operator_parameter"":16}",{},20,horizon,500,kappa_plus,20,5.750683158486497,0.7575017360893636,0.16938253749699225,5.396161433108575,6.1052048838644195,0.3545217253779221
operator_ablation,full,evaluation,default,subsample16,,,"{""operator_kind"":""rescaled_subsample"",""operator_parameter"":16}",{},20,horizon,500,kappa_t,20,4154.042063086412,475.0316784722791,106.22031245298395,3931.72039405555,4376.363732117274,222.32166903086184
operator_ablation,full,evaluation,default,subsample16,,,"{""operator_kind"":""rescaled_subsample"",""operator_parameter"":16}",{},20,horizon,500,max_chi_t,20,0.0,0.0,0.0,0.0,0.0,0.0
operator_ablation,full,evaluation,default,subsample16,,,"{""operator_kind"":""rescaled_subsample"",""operator_parameter"":16}",{},20,horizon,500,max_psi_t,20,0.0,0.0,0.0,0.0,0.0,0.0
operator_ablation,full,evaluation,default,subsample16,,,"{""operator_kind"":""rescaled_subsample"",""operator_parameter"":16}",{},20,horizon,500,max_relative_width_distortion,20,18.261292955357565,1.9293405500472833,0.43141366216525606,17.358333783045303,19.164252127669826,0.9029591723122606
operator_ablation,full,evaluation,default,subsample16,,,"{""operator_kind"":""rescaled_subsample"",""operator_parameter"":16}",{},20,horizon,500,max_theory_factor,20,2347.913117657314,309.2759962245069,69.15621513669657,2203.167495864372,2492.6587394502562,144.7456217929419
operator_ablation,full,evaluation,default,subsample16,,,"{""operator_kind"":""rescaled_subsample"",""operator_parameter"":16}",{},20,horizon,500,max_u_t,20,5.750683158486537,0.757501736089369,0.16938253749699347,5.396161433108612,6.105204883864462,0.35452172537792465
operator_ablation,full,evaluation,default,subsample16,,,"{""operator_kind"":""rescaled_subsample"",""operator_parameter"":16}",{},20,horizon,500,mean_cg_iterations,20,0.0,0.0,0.0,0.0,0.0,0.0
operator_ablation,full,evaluation,default,subsample16,,,"{""operator_kind"":""rescaled_subsample"",""operator_parameter"":16}",{},20,horizon,500,mean_chi_t,20,0.0,0.0,0.0,0.0,0.0,0.0
operator_ablation,full,evaluation,default,subsample16,,,"{""operator_kind"":""rescaled_subsample"",""operator_parameter"":16}",{},20,horizon,500,mean_psi_t,20,0.0,0.0,0.0,0.0,0.0,0.0
operator_ablation,full,evaluation,default,subsample16,,,"{""operator_kind"":""rescaled_subsample"",""operator_parameter"":16}",{},20,horizon,500,mean_relative_width_distortion,20,12.994271322242895,1.4990389217582865,0.33519529299695167,12.292699511075835,13.695843133409955,0.7015718111670608
operator_ablation,full,evaluation,default,subsample16,,,"{""operator_kind"":""rescaled_subsample"",""operator_parameter"":16}",{},20,horizon,500,mean_round_runtime_seconds,20,0.0011441291484516115,3.5742538397702714e-05,7.992274554565967e-06,0.0011274011255594694,0.0011608571713437536,1.6728022892142022e-05
operator_ablation,full,evaluation,default,subsample16,,,"{""operator_kind"":""rescaled_subsample"",""operator_parameter"":16}",{},20,horizon,500,mean_theory_factor,20,2347.913117657314,309.2759962245069,69.15621513669657,2203.167495864372,2492.6587394502562,144.7456217929419
operator_ablation,full,evaluation,default,subsample16,,,"{""operator_kind"":""rescaled_subsample"",""operator_parameter"":16}",{},20,horizon,500,mean_u_t,20,5.750683158486537,0.757501736089369,0.16938253749699347,5.396161433108612,6.105204883864462,0.35452172537792465
operator_ablation,full,evaluation,default,subsample16,,,"{""operator_kind"":""rescaled_subsample"",""operator_parameter"":16}",{},20,horizon,500,noise,20,-0.12428312308502396,0.28978733638402343,0.06479841831732745,-0.2599077713108023,0.011341525140754372,0.13562464822577833
operator_ablation,full,evaluation,default,subsample16,,,"{""operator_kind"":""rescaled_subsample"",""operator_parameter"":16}",{},20,horizon,500,omega_t,20,20.206043843304336,0.0,0.0,20.206043843304336,20.206043843304336,0.0
operator_ablation,full,evaluation,default,subsample16,,,"{""operator_kind"":""rescaled_subsample"",""operator_parameter"":16}",{},20,horizon,500,operator_condition_number,20,4154.042063086412,475.0316784722791,106.22031245298395,3931.72039405555,4376.363732117274,222.32166903086184
operator_ablation,full,evaluation,default,subsample16,,,"{""operator_kind"":""rescaled_subsample"",""operator_parameter"":16}",{},20,horizon,500,operator_min_eigenvalue,20,0.9999999999991693,1.6059273889434552e-13,3.5909628086063096e-14,0.9999999999990942,0.9999999999992445,7.515971536898625e-14
operator_ablation,full,evaluation,default,subsample16,,,"{""operator_kind"":""rescaled_subsample"",""operator_parameter"":16}",{},20,horizon,500,operator_parameter,20,16.0,0.0,0.0,16.0,16.0,0.0
operator_ablation,full,evaluation,default,subsample16,,,"{""operator_kind"":""rescaled_subsample"",""operator_parameter"":16}",{},20,horizon,500,optimal_action,20,1.9,1.4832396974191326,0.33166247903553997,1.2058224534339232,2.5941775465660766,0.6941775465660766
operator_ablation,full,evaluation,default,subsample16,,,"{""operator_kind"":""rescaled_subsample"",""operator_parameter"":16}",{},20,horizon,500,optimal_mean,20,0.35904603128039303,0.06404693033427485,0.014321328997763188,0.32907114519697944,0.3890209173638066,0.029974886083413588
operator_ablation,full,evaluation,default,subsample16,,,"{""operator_kind"":""rescaled_subsample"",""operator_parameter"":16}",{},20,horizon,500,optimism_violation_count,20,0.0,0.0,0.0,0.0,0.0,0.0
operator_ablation,full,evaluation,default,subsample16,,,"{""operator_kind"":""rescaled_subsample"",""operator_parameter"":16}",{},20,horizon,500,optimism_violation_max,20,0.0,0.0,0.0,0.0,0.0,0.0
operator_ablation,full,evaluation,default,subsample16,,,"{""operator_kind"":""rescaled_subsample"",""operator_parameter"":16}",{},20,horizon,500,optimism_violation_rate,20,0.0,0.0,0.0,0.0,0.0,0.0
operator_ablation,full,evaluation,default,subsample16,,,"{""operator_kind"":""rescaled_subsample"",""operator_parameter"":16}",{},20,horizon,500,peak_host_memory_bytes,20,1188789452.8,592170760.4972799,132413407.4759665,911645005.8266331,1465933899.773367,277144446.97336686
operator_ablation,full,evaluation,default,subsample16,,,"{""operator_kind"":""rescaled_subsample"",""operator_parameter"":16}",{},20,horizon,500,policy_transfer_factor,20,5.750683158486537,0.757501736089369,0.16938253749699347,5.396161433108612,6.105204883864462,0.35452172537792465
operator_ablation,full,evaluation,default,subsample16,,,"{""operator_kind"":""rescaled_subsample"",""operator_parameter"":16}",{},20,horizon,500,pseudo_regret,20,0.28390337264639876,0.32200369985058996,0.0720022161872358,0.1332010021958069,0.4346057430969906,0.15070237045059184
operator_ablation,full,evaluation,default,subsample16,,,"{""operator_kind"":""rescaled_subsample"",""operator_parameter"":16}",{},20,horizon,500,psi_t,20,0.0,0.0,0.0,0.0,0.0,0.0
operator_ablation,full,evaluation,default,subsample16,,,"{""operator_kind"":""rescaled_subsample"",""operator_parameter"":16}",{},20,horizon,500,reference_update_max_abs,20,3.552713678800501e-15,0.0,0.0,3.552713678800501e-15,3.552713678800501e-15,0.0
operator_ablation,full,evaluation,default,subsample16,,,"{""operator_kind"":""rescaled_subsample"",""operator_parameter"":16}",{},20,horizon,500,reward,20,-0.04914046445102975,0.42611154202288554,0.09528143739604303,-0.24856680485954719,0.15028587595748766,0.19942634040851742
operator_ablation,full,evaluation,default,subsample16,,,"{""operator_kind"":""rescaled_subsample"",""operator_parameter"":16}",{},20,horizon,500,rho_minus,20,0.000786379005589493,9.989075699466917e-05,2.2336252296399285e-05,0.0007396286922477964,0.0008331293189311896,4.675031334169653e-05
operator_ablation,full,evaluation,default,subsample16,,,"{""operator_kind"":""rescaled_subsample"",""operator_parameter"":16}",{},20,horizon,500,rho_plus,20,5.750683158486497,0.7575017360893636,0.16938253749699225,5.396161433108575,6.1052048838644195,0.3545217253779221
operator_ablation,full,evaluation,default,subsample16,,,"{""operator_kind"":""rescaled_subsample"",""operator_parameter"":16}",{},20,horizon,500,ridge_normal_equation_residual,20,1.337851624854465e-13,1.8370019952386966e-14,4.107661336156471e-15,1.2518772850150803e-13,1.4238259646938497e-13,8.597433983938468e-15
operator_ablation,full,evaluation,default,subsample16,,,"{""operator_kind"":""rescaled_subsample"",""operator_parameter"":16}",{},20,horizon,500,round,20,500.0,0.0,0.0,500.0,500.0,0.0
operator_ablation,full,evaluation,default,subsample16,,,"{""operator_kind"":""rescaled_subsample"",""operator_parameter"":16}",{},20,horizon,500,round_runtime_seconds,20,0.0011441291484516115,3.5742538397702714e-05,7.992274554565967e-06,0.0011274011255594694,0.0011608571713437536,1.6728022892142022e-05
operator_ablation,full,evaluation,default,subsample16,,,"{""operator_kind"":""rescaled_subsample"",""operator_parameter"":16}",{},20,horizon,500,runtime_seconds,20,0.5338072972168447,0.04351274314211076,0.009729745155324744,0.5134427065634873,0.5541718878702021,0.020364590653357394
operator_ablation,full,evaluation,default,subsample16,,,"{""operator_kind"":""rescaled_subsample"",""operator_parameter"":16}",{},20,horizon,500,same_history_full_action,20,1.5,1.3954814298487213,0.31203913384803444,0.8468945869393301,2.15310541306067,0.6531054130606699
operator_ablation,full,evaluation,default,subsample16,,,"{""operator_kind"":""rescaled_subsample"",""operator_parameter"":16}",{},20,horizon,500,selected_action_optimism_violation_rate,20,0.0,0.0,0.0,0.0,0.0,0.0
operator_ablation,full,evaluation,default,subsample16,,,"{""operator_kind"":""rescaled_subsample"",""operator_parameter"":16}",{},20,horizon,500,theorem_bound_slack,20,144167.88829648588,483.2723020233174,108.06297189669469,143941.70989691524,144394.0666960565,226.17839957063106
operator_ablation,full,evaluation,default,subsample16,,,"{""operator_kind"":""rescaled_subsample"",""operator_parameter"":16}",{},20,horizon,500,theorem_rhs,20,144336.97187904431,483.3864198960695,108.08848942878683,144110.7400706652,144563.20368742343,226.23180837910903
operator_ablation,full,evaluation,default,subsample16,,,"{""operator_kind"":""rescaled_subsample"",""operator_parameter"":16}",{},20,horizon,500,theory_factor,20,2347.913117657314,309.2759962245069,69.15621513669657,2203.167495864372,2492.6587394502562,144.7456217929419
operator_ablation,full,evaluation,default,subsample16,,,"{""operator_kind"":""rescaled_subsample"",""operator_parameter"":16}",{},20,horizon,500,transfer_slack_min,20,2.755013532531484,1.689491799504402,0.37778185111202883,1.9643070308351096,3.545720034227859,0.7907065016963746
operator_ablation,full,evaluation,default,subsample16,,,"{""operator_kind"":""rescaled_subsample"",""operator_parameter"":16}",{},20,horizon,500,transition_logdet,20,-4.0493726465241515,3.1146571801571055,0.6964585181439097,-5.50707707789692,-2.5916682151513832,1.4577044313727685
operator_ablation,full,evaluation,default,subsample16,,,"{""operator_kind"":""rescaled_subsample"",""operator_parameter"":16}",{},20,horizon,500,true_mean,20,0.07514265863399422,0.3460506389279526,0.0773792752300137,-0.08681402573510547,0.2370993430030939,0.16195668436909968
operator_ablation,full,evaluation,default,subsample16,,,"{""operator_kind"":""rescaled_subsample"",""operator_parameter"":16}",{},20,horizon,500,u_t,20,5.750683158486537,0.757501736089369,0.16938253749699347,5.396161433108612,6.105204883864462,0.35452172537792465
operator_ablation,full,evaluation,default,subsample16,,,"{""operator_kind"":""rescaled_subsample"",""operator_parameter"":16}",{},20,horizon,500,variation_increment,20,4.24878267260505,2.668729708418636,0.5967461041597263,2.999778722224297,5.497786622985803,1.2490039503807533
operator_ablation,full,evaluation,default,subsample16,,,"{""operator_kind"":""rescaled_subsample"",""operator_parameter"":16}",{},20,horizon,500,width_distortion,20,18.261292955357565,1.9293405500472833,0.43141366216525606,17.358333783045303,19.164252127669826,0.9029591723122606
operator_ablation,full,evaluation,default,subsample16,,,"{""operator_kind"":""rescaled_subsample"",""operator_parameter"":16}",{},20,horizon,500,width_dynamic_bound,20,5743.538528309162,71.59930082435427,16.010090378471286,5710.029024033771,5777.048032584553,33.50950427539143
operator_ablation,full,evaluation,default,subsample16,,,"{""operator_kind"":""rescaled_subsample"",""operator_parameter"":16}",{},20,horizon,500,width_dynamic_slack,20,4688.7521486109645,73.73379777897017,16.48737840730003,4654.243669010353,4723.260628211576,34.50847960061112
operator_ablation,full,evaluation,default,subsample16,,,"{""operator_kind"":""rescaled_subsample"",""operator_parameter"":16}",{},20,horizon,500,width_information_bound,20,5414.7256725802645,11.958606292006492,2.6740256585083215,5409.128872554901,5420.322472605628,5.596800025362935
operator_ablation,full,evaluation,default,subsample16,,,"{""operator_kind"":""rescaled_subsample"",""operator_parameter"":16}",{},20,horizon,500,width_information_slack,20,4359.939292882067,4.2927874435992965,0.9598964536845571,4357.930206514764,4361.94837924937,2.0090863673030093
operator_ablation,full,evaluation,default,subsample16,,,"{""operator_kind"":""rescaled_subsample"",""operator_parameter"":16}",{},20,horizon,500,width_squared_cumulative,20,1054.7863796981978,7.733812982565914,1.7293331554287779,1051.1668438057995,1058.4059155905961,3.619535892398255
operator_ablation,full,evaluation,default,subsample16,,,"{""operator_kind"":""rescaled_subsample"",""operator_parameter"":16}",{},20,horizon,500,xi_min_eigenvalue,20,-0.9995635152887035,8.093726780756508e-05,1.809812327308209e-05,-0.9996013950960537,-0.9995256354813532,3.7879807350207644e-05
operator_ablation,full,evaluation,default,subsample64,,,"{""operator_kind"":""rescaled_subsample"",""operator_parameter"":64}",{},20,summary,,Gamma_dynamic_T,20,1319.3848279217852,35.41480596563868,7.918991354913316,1302.8101885293001,1335.9594673142703,16.574639392485015
operator_ablation,full,evaluation,default,subsample64,,,"{""operator_kind"":""rescaled_subsample"",""operator_parameter"":64}",{},20,summary,,Lambda_alg_T,20,700.4584936658276,13.632450536422482,3.048308609934414,694.078310419975,706.8386769116803,6.380183245852683
operator_ablation,full,evaluation,default,subsample64,,,"{""operator_kind"":""rescaled_subsample"",""operator_parameter"":64}",{},20,summary,,V_alg_T,20,1081.8235825661898,34.79039629060049,7.779369106993922,1065.5411758971306,1098.105989235249,16.282406669059164
operator_ablation,full,evaluation,default,subsample64,,,"{""operator_kind"":""rescaled_subsample"",""operator_parameter"":64}",{},20,summary,,action_disagreement_count,20,318.7,10.000526301939788,2.236185662191195,314.01960961891086,323.3803903810891,4.680390381089143
operator_ablation,full,evaluation,default,subsample64,,,"{""operator_kind"":""rescaled_subsample"",""operator_parameter"":64}",{},20,summary,,action_disagreement_rate,20,0.6374000000000001,0.02000105260387959,0.0044723713243823935,0.6280392192378218,0.6467607807621784,0.009360780762178295
operator_ablation,full,evaluation,default,subsample64,,,"{""operator_kind"":""rescaled_subsample"",""operator_parameter"":64}",{},20,summary,,action_disagreement_with_full_count,20,318.7,10.000526301939788,2.236185662191195,314.01960961891086,323.3803903810891,4.680390381089143
operator_ablation,full,evaluation,default,subsample64,,,"{""operator_kind"":""rescaled_subsample"",""operator_parameter"":64}",{},20,summary,,action_set_max_cbar_width_squared_over_chat_width_squared,20,2.176644444378728,0.19803926454302134,0.04428292577322595,2.0839592155357884,2.2693296732216677,0.09268522884293957
operator_ablation,full,evaluation,default,subsample64,,,"{""operator_kind"":""rescaled_subsample"",""operator_parameter"":64}",{},20,summary,,action_set_transfer_max,20,2.176644444378728,0.19803926454302134,0.04428292577322595,2.0839592155357884,2.2693296732216677,0.09268522884293957
operator_ablation,full,evaluation,default,subsample64,,,"{""operator_kind"":""rescaled_subsample"",""operator_parameter"":64}",{},20,summary,,cumulative_pseudo_regret,20,158.84283905627154,5.633146034813104,1.2596097461025497,156.20644555851177,161.4792325540313,2.636393497759779
operator_ablation,full,evaluation,default,subsample64,,,"{""operator_kind"":""rescaled_subsample"",""operator_parameter"":64}",{},20,summary,,dynamic_identity_residual,20,-4.092726157978177e-13,1.7216643861056758e-11,3.849758601772736e-12,-8.46690997297345e-12,7.648364741377815e-12,8.057637357175632e-12
operator_ablation,full,evaluation,default,subsample64,,,"{""operator_kind"":""rescaled_subsample"",""operator_parameter"":64}",{},20,summary,,endpoint_logdet_T,20,237.56124535559547,5.2745196002897305,1.1794184374902856,235.09269419571564,240.0297965154753,2.46855115987983
operator_ablation,full,evaluation,default,subsample64,,,"{""operator_kind"":""rescaled_subsample"",""operator_parameter"":64}",{},20,summary,,exact_global_kappa_plus_max,20,3.746169832653469,0.13270474249296485,0.02967368251508743,3.6840621013665156,3.8082775639404223,0.06210773128695323
operator_ablation,full,evaluation,default,subsample64,,,"{""operator_kind"":""rescaled_subsample"",""operator_parameter"":64}",{},20,summary,,exact_global_kappa_plus_min,20,1.0,0.0,0.0,1.0,1.0,0.0
operator_ablation,full,evaluation,default,subsample64,,,"{""operator_kind"":""rescaled_subsample"",""operator_parameter"":64}",{},20,summary,,kappa_plus_max,20,3.746169832653469,0.13270474249296485,0.02967368251508743,3.6840621013665156,3.8082775639404223,0.06210773128695323
operator_ablation,full,evaluation,default,subsample64,,,"{""operator_kind"":""rescaled_subsample"",""operator_parameter"":64}",{},20,summary,,kappa_plus_min,20,1.0,0.0,0.0,1.0,1.0,0.0
operator_ablation,full,evaluation,default,subsample64,,,"{""operator_kind"":""rescaled_subsample"",""operator_parameter"":64}",{},20,summary,,max_relative_width_distortion,20,13.38851225358978,1.6590580099100576,0.3709766488774408,12.612049203865512,14.16497530331405,0.7764630497242687
operator_ablation,full,evaluation,default,subsample64,,,"{""operator_kind"":""rescaled_subsample"",""operator_parameter"":64}",{},20,summary,,mean_cg_iterations,20,0.0,0.0,0.0,0.0,0.0,0.0
operator_ablation,full,evaluation,default,subsample64,,,"{""operator_kind"":""rescaled_subsample"",""operator_parameter"":64}",{},20,summary,,operator_parameter,20,64.0,0.0,0.0,64.0,64.0,0.0
operator_ablation,full,evaluation,default,subsample64,,,"{""operator_kind"":""rescaled_subsample"",""operator_parameter"":64}",{},20,summary,,optimism_violation_count,20,0.0,0.0,0.0,0.0,0.0,0.0
operator_ablation,full,evaluation,default,subsample64,,,"{""operator_kind"":""rescaled_subsample"",""operator_parameter"":64}",{},20,summary,,optimism_violation_rate,20,0.0,0.0,0.0,0.0,0.0,0.0
operator_ablation,full,evaluation,default,subsample64,,,"{""operator_kind"":""rescaled_subsample"",""operator_parameter"":64}",{},20,summary,,optimism_violation_rounds,20,0.0,0.0,0.0,0.0,0.0,0.0
operator_ablation,full,evaluation,default,subsample64,,,"{""operator_kind"":""rescaled_subsample"",""operator_parameter"":64}",{},20,summary,,peak_host_memory_bytes,20,1194896588.8,592156257.9297118,132410164.60327345,917758929.237185,1472034248.362815,277137659.56281495
operator_ablation,full,evaluation,default,subsample64,,,"{""operator_kind"":""rescaled_subsample"",""operator_parameter"":64}",{},20,summary,,rounds,20,500.0,0.0,0.0,500.0,500.0,0.0
operator_ablation,full,evaluation,default,subsample64,,,"{""operator_kind"":""rescaled_subsample"",""operator_parameter"":64}",{},20,summary,,runtime_seconds,20,0.5621027982386295,0.021344220376386874,0.004772712768833719,0.5521133956086789,0.5720922008685801,0.009989402629950656
operator_ablation,full,evaluation,default,subsample64,,,"{""operator_kind"":""rescaled_subsample"",""operator_parameter"":64}",{},20,summary,,seed,20,129.5,5.916079783099616,1.3228756555322954,126.73118943197974,132.26881056802026,2.768810568020254
operator_ablation,full,evaluation,default,subsample64,,,"{""operator_kind"":""rescaled_subsample"",""operator_parameter"":64}",{},20,summary,,width_distortion_max,20,13.38851225358978,1.6590580099100576,0.3709766488774408,12.612049203865512,14.16497530331405,0.7764630497242687
operator_ablation,full,evaluation,default,subsample64,,,"{""operator_kind"":""rescaled_subsample"",""operator_parameter"":64}",{},20,horizon,500,C_Cbar_max_abs,20,0.0,0.0,0.0,0.0,0.0,0.0
operator_ablation,full,evaluation,default,subsample64,,,"{""operator_kind"":""rescaled_subsample"",""operator_parameter"":64}",{},20,horizon,500,E_T,20,0.0,0.0,0.0,0.0,0.0,0.0
operator_ablation,full,evaluation,default,subsample64,,,"{""operator_kind"":""rescaled_subsample"",""operator_parameter"":64}",{},20,horizon,500,E_t,20,0.0,0.0,0.0,0.0,0.0,0.0
operator_ablation,full,evaluation,default,subsample64,,,"{""operator_kind"":""rescaled_subsample"",""operator_parameter"":64}",{},20,horizon,500,F_T,20,0.0,0.0,0.0,0.0,0.0,0.0
operator_ablation,full,evaluation,default,subsample64,,,"{""operator_kind"":""rescaled_subsample"",""operator_parameter"":64}",{},20,horizon,500,F_t,20,0.0,0.0,0.0,0.0,0.0,0.0
operator_ablation,full,evaluation,default,subsample64,,,"{""operator_kind"":""rescaled_subsample"",""operator_parameter"":64}",{},20,horizon,500,Gamma_dynamic_T,20,1319.3848279217852,35.41480596563868,7.918991354913316,1302.8101885293001,1335.9594673142703,16.574639392485015
operator_ablation,full,evaluation,default,subsample64,,,"{""operator_kind"":""rescaled_subsample"",""operator_parameter"":64}",{},20,horizon,500,Gamma_dynamic_cumulative,20,1319.3848279217852,35.41480596563868,7.918991354913316,1302.8101885293001,1335.9594673142703,16.574639392485015
operator_ablation,full,evaluation,default,subsample64,,,"{""operator_kind"":""rescaled_subsample"",""operator_parameter"":64}",{},20,horizon,500,Lambda_alg_T,20,700.4584936658276,13.632450536422482,3.048308609934414,694.078310419975,706.8386769116803,6.380183245852683
operator_ablation,full,evaluation,default,subsample64,,,"{""operator_kind"":""rescaled_subsample"",""operator_parameter"":64}",{},20,horizon,500,Lambda_alg_cumulative,20,700.4584936658276,13.632450536422482,3.048308609934414,694.078310419975,706.8386769116803,6.380183245852683
operator_ablation,full,evaluation,default,subsample64,,,"{""operator_kind"":""rescaled_subsample"",""operator_parameter"":64}",{},20,horizon,500,S_T,20,419263.0670254581,2123.720768377339,474.87840033198154,418269.13511064433,420256.99894027185,993.931914813776
operator_ablation,full,evaluation,default,subsample64,,,"{""operator_kind"":""rescaled_subsample"",""operator_parameter"":64}",{},20,horizon,500,S_t_cumulative,20,419263.0670254581,2123.720768377339,474.87840033198154,418269.13511064433,420256.99894027185,993.931914813776
operator_ablation,full,evaluation,default,subsample64,,,"{""operator_kind"":""rescaled_subsample"",""operator_parameter"":64}",{},20,horizon,500,V_alg_T,20,1081.8235825661898,34.79039629060049,7.779369106993922,1065.5411758971306,1098.105989235249,16.282406669059164
operator_ablation,full,evaluation,default,subsample64,,,"{""operator_kind"":""rescaled_subsample"",""operator_parameter"":64}",{},20,horizon,500,V_alg_cumulative,20,1081.8235825661898,34.79039629060049,7.779369106993922,1065.5411758971306,1098.105989235249,16.282406669059164
operator_ablation,full,evaluation,default,subsample64,,,"{""operator_kind"":""rescaled_subsample"",""operator_parameter"":64}",{},20,horizon,500,action,20,1.55,1.2763022245616642,0.2853898533954083,0.9526721719593497,2.1473278280406505,0.5973278280406503
operator_ablation,full,evaluation,default,subsample64,,,"{""operator_kind"":""rescaled_subsample"",""operator_parameter"":64}",{},20,horizon,500,action_set_max_cbar_width_over_chat_width,20,0.9474718837138472,0.1707851949612252,0.03818873054838541,0.8675419520687591,1.0274018153589353,0.07992993164508806
operator_ablation,full,evaluation,default,subsample64,,,"{""operator_kind"":""rescaled_subsample"",""operator_parameter"":64}",{},20,horizon,500,action_set_max_cbar_width_squared_over_chat_width_squared,20,0.9254121741053123,0.35605486527649616,0.07961628824777749,0.7587733676800085,1.0920509805306162,0.16663880642530382
operator_ablation,full,evaluation,default,subsample64,,,"{""operator_kind"":""rescaled_subsample"",""operator_parameter"":64}",{},20,horizon,500,action_set_transfer,20,0.9254121741053123,0.35605486527649616,0.07961628824777749,0.7587733676800085,1.0920509805306162,0.16663880642530382
operator_ablation,full,evaluation,default,subsample64,,,"{""operator_kind"":""rescaled_subsample"",""operator_parameter"":64}",{},20,horizon,500,all_action_optimism_violation_rate,20,0.0,0.0,0.0,0.0,0.0,0.0
operator_ablation,full,evaluation,default,subsample64,,,"{""operator_kind"":""rescaled_subsample"",""operator_parameter"":64}",{},20,horizon,500,alpha_t,20,1.0,0.0,0.0,1.0,1.0,0.0
operator_ablation,full,evaluation,default,subsample64,,,"{""operator_kind"":""rescaled_subsample"",""operator_parameter"":64}",{},20,horizon,500,bar_chi_t,20,0.0,0.0,0.0,0.0,0.0,0.0
operator_ablation,full,evaluation,default,subsample64,,,"{""operator_kind"":""rescaled_subsample"",""operator_parameter"":64}",{},20,horizon,500,bar_psi_t,20,0.0,0.0,0.0,0.0,0.0,0.0
operator_ablation,full,evaluation,default,subsample64,,,"{""operator_kind"":""rescaled_subsample"",""operator_parameter"":64}",{},20,horizon,500,beta_t,20,20.206043843304336,0.0,0.0,20.206043843304336,20.206043843304336,0.0
operator_ablation,full,evaluation,default,subsample64,,,"{""operator_kind"":""rescaled_subsample"",""operator_parameter"":64}",{},20,horizon,500,bonus_lower_slack_min,20,1.3268480126381825,0.4650168326204716,0.10398092484210161,1.1092134357440413,1.5444825895323238,0.21763457689414115
operator_ablation,full,evaluation,default,subsample64,,,"{""operator_kind"":""rescaled_subsample"",""operator_parameter"":64}",{},20,horizon,500,bonus_upper_slack_min,20,0.0,0.0,0.0,0.0,0.0,0.0
operator_ablation,full,evaluation,default,subsample64,,,"{""operator_kind"":""rescaled_subsample"",""operator_parameter"":64}",{},20,horizon,500,cg_certified_epsilon,20,0.0,0.0,0.0,0.0,0.0,0.0
operator_ablation,full,evaluation,default,subsample64,,,"{""operator_kind"":""rescaled_subsample"",""operator_parameter"":64}",{},20,horizon,500,cg_energy_error_max,20,0.0,0.0,0.0,0.0,0.0,0.0
operator_ablation,full,evaluation,default,subsample64,,,"{""operator_kind"":""rescaled_subsample"",""operator_parameter"":64}",{},20,horizon,500,cg_sandwich_lower_slack_min,20,0.0,0.0,0.0,0.0,0.0,0.0
operator_ablation,full,evaluation,default,subsample64,,,"{""operator_kind"":""rescaled_subsample"",""operator_parameter"":64}",{},20,horizon,500,cg_sandwich_upper_slack_min,20,0.0,0.0,0.0,0.0,0.0,0.0
operator_ablation,full,evaluation,default,subsample64,,,"{""operator_kind"":""rescaled_subsample"",""operator_parameter"":64}",{},20,horizon,500,chi_t,20,0.0,0.0,0.0,0.0,0.0,0.0
operator_ablation,full,evaluation,default,subsample64,,,"{""operator_kind"":""rescaled_subsample"",""operator_parameter"":64}",{},20,horizon,500,confidence_ratio_max,20,1.450967825397766,0.5681604985856875,0.12704454969677703,1.1850605269009398,1.7168751238945923,0.26590729849682615
operator_ablation,full,evaluation,default,subsample64,,,"{""operator_kind"":""rescaled_subsample"",""operator_parameter"":64}",{},20,horizon,500,cumulative_pseudo_regret,20,158.84283905627154,5.633146034813104,1.2596097461025497,156.20644555851177,161.4792325540313,2.636393497759779
operator_ablation,full,evaluation,default,subsample64,,,"{""operator_kind"":""rescaled_subsample"",""operator_parameter"":64}",{},20,horizon,500,dynamic_bound_slack,20,618.9263342559576,31.626039862219898,7.071797499104177,604.124891982428,633.7277765294872,14.801442273529561
operator_ablation,full,evaluation,default,subsample64,,,"{""operator_kind"":""rescaled_subsample"",""operator_parameter"":64}",{},20,horizon,500,dynamic_identity_residual,20,-4.092726157978177e-13,1.7216643861056758e-11,3.849758601772736e-12,-8.46690997297345e-12,7.648364741377815e-12,8.057637357175632e-12
operator_ablation,full,evaluation,default,subsample64,,,"{""operator_kind"":""rescaled_subsample"",""operator_parameter"":64}",{},20,horizon,500,dynamic_identity_rhs,20,700.4584936658281,13.632450536428472,3.0483086099357535,694.0783104199726,706.8386769116836,6.380183245855487
operator_ablation,full,evaluation,default,subsample64,,,"{""operator_kind"":""rescaled_subsample"",""operator_parameter"":64}",{},20,horizon,500,endpoint_logdet,20,237.56124535559547,5.2745196002897305,1.1794184374902856,235.09269419571564,240.0297965154753,2.46855115987983
operator_ablation,full,evaluation,default,subsample64,,,"{""operator_kind"":""rescaled_subsample"",""operator_parameter"":64}",{},20,horizon,500,exact_global_kappa_plus,20,2.9326019870721733,0.2863765782584623,0.06403574961497101,2.7985736227859714,3.0666303513583753,0.1340283642862019
operator_ablation,full,evaluation,default,subsample64,,,"{""operator_kind"":""rescaled_subsample"",""operator_parameter"":64}",{},20,horizon,500,gamma_upper_t,20,324.1334518928847,0.0,0.0,324.1334518928847,324.1334518928847,0.0
operator_ablation,full,evaluation,default,subsample64,,,"{""operator_kind"":""rescaled_subsample"",""operator_parameter"":64}",{},20,horizon,500,global_kappa_plus_C_hat_C_full,20,2.9326019870721733,0.2863765782584623,0.06403574961497101,2.7985736227859714,3.0666303513583753,0.1340283642862019
operator_ablation,full,evaluation,default,subsample64,,,"{""operator_kind"":""rescaled_subsample"",""operator_parameter"":64}",{},20,horizon,500,information_increment,20,1.0382140657611238,0.5587152304506892,0.12493252353522014,0.776727288823976,1.2997008426982717,0.2614867769371479
operator_ablation,full,evaluation,default,subsample64,,,"{""operator_kind"":""rescaled_subsample"",""operator_parameter"":64}",{},20,horizon,500,kappa_bar_t,20,2641.68035313736,197.86634942664097,44.24426077776957,2549.076051059974,2734.2846552147457,92.60430207738577
operator_ablation,full,evaluation,default,subsample64,,,"{""operator_kind"":""rescaled_subsample"",""operator_parameter"":64}",{},20,horizon,500,kappa_plus,20,2.9326019870721733,0.2863765782584623,0.06403574961497101,2.7985736227859714,3.0666303513583753,0.1340283642862019
operator_ablation,full,evaluation,default,subsample64,,,"{""operator_kind"":""rescaled_subsample"",""operator_parameter"":64}",{},20,horizon,500,kappa_t,20,2641.68035313736,197.86634942664097,44.24426077776957,2549.076051059974,2734.2846552147457,92.60430207738577
operator_ablation,full,evaluation,default,subsample64,,,"{""operator_kind"":""rescaled_subsample"",""operator_parameter"":64}",{},20,horizon,500,max_chi_t,20,0.0,0.0,0.0,0.0,0.0,0.0
operator_ablation,full,evaluation,default,subsample64,,,"{""operator_kind"":""rescaled_subsample"",""operator_parameter"":64}",{},20,horizon,500,max_psi_t,20,0.0,0.0,0.0,0.0,0.0,0.0
operator_ablation,full,evaluation,default,subsample64,,,"{""operator_kind"":""rescaled_subsample"",""operator_parameter"":64}",{},20,horizon,500,max_relative_width_distortion,20,3.6806637874837436,2.224182568950364,0.4973423418543127,2.639714302706907,4.72161327226058,1.0409494847768366
operator_ablation,full,evaluation,default,subsample64,,,"{""operator_kind"":""rescaled_subsample"",""operator_parameter"":64}",{},20,horizon,500,max_theory_factor,20,1197.3350790772538,116.9230343860265,26.144785302270062,1142.6134145422618,1252.0567436122458,54.721664534992044
operator_ablation,full,evaluation,default,subsample64,,,"{""operator_kind"":""rescaled_subsample"",""operator_parameter"":64}",{},20,horizon,500,max_u_t,20,2.932601987072194,0.28637657825846435,0.06403574961497147,2.7985736227859914,3.066630351358397,0.13402836428620288
operator_ablation,full,evaluation,default,subsample64,,,"{""operator_kind"":""rescaled_subsample"",""operator_parameter"":64}",{},20,horizon,500,mean_cg_iterations,20,0.0,0.0,0.0,0.0,0.0,0.0
operator_ablation,full,evaluation,default,subsample64,,,"{""operator_kind"":""rescaled_subsample"",""operator_parameter"":64}",{},20,horizon,500,mean_chi_t,20,0.0,0.0,0.0,0.0,0.0,0.0
operator_ablation,full,evaluation,default,subsample64,,,"{""operator_kind"":""rescaled_subsample"",""operator_parameter"":64}",{},20,horizon,500,mean_psi_t,20,0.0,0.0,0.0,0.0,0.0,0.0
operator_ablation,full,evaluation,default,subsample64,,,"{""operator_kind"":""rescaled_subsample"",""operator_parameter"":64}",{},20,horizon,500,mean_relative_width_distortion,20,1.2879753400983174,0.6293913209733069,0.14073617781447031,0.993411134607146,1.5825395455894888,0.29456420549117135
operator_ablation,full,evaluation,default,subsample64,,,"{""operator_kind"":""rescaled_subsample"",""operator_parameter"":64}",{},20,horizon,500,mean_round_runtime_seconds,20,0.0012219185999128967,5.1179271272092e-05,1.1444032960329984e-05,0.0011979659636474846,0.0012458712361783089,2.3952636265412184e-05
operator_ablation,full,evaluation,default,subsample64,,,"{""operator_kind"":""rescaled_subsample"",""operator_parameter"":64}",{},20,horizon,500,mean_theory_factor,20,1197.3350790772538,116.9230343860265,26.144785302270062,1142.6134145422618,1252.0567436122458,54.721664534992044
operator_ablation,full,evaluation,default,subsample64,,,"{""operator_kind"":""rescaled_subsample"",""operator_parameter"":64}",{},20,horizon,500,mean_u_t,20,2.932601987072194,0.28637657825846435,0.06403574961497147,2.7985736227859914,3.066630351358397,0.13402836428620288
operator_ablation,full,evaluation,default,subsample64,,,"{""operator_kind"":""rescaled_subsample"",""operator_parameter"":64}",{},20,horizon,500,noise,20,-0.12428312308502396,0.28978733638402343,0.06479841831732745,-0.2599077713108023,0.011341525140754372,0.13562464822577833
operator_ablation,full,evaluation,default,subsample64,,,"{""operator_kind"":""rescaled_subsample"",""operator_parameter"":64}",{},20,horizon,500,omega_t,20,20.206043843304336,0.0,0.0,20.206043843304336,20.206043843304336,0.0
operator_ablation,full,evaluation,default,subsample64,,,"{""operator_kind"":""rescaled_subsample"",""operator_parameter"":64}",{},20,horizon,500,operator_condition_number,20,2641.68035313736,197.86634942664097,44.24426077776957,2549.076051059974,2734.2846552147457,92.60430207738577
operator_ablation,full,evaluation,default,subsample64,,,"{""operator_kind"":""rescaled_subsample"",""operator_parameter"":64}",{},20,horizon,500,operator_min_eigenvalue,20,0.9999999999997655,8.258672095158975e-14,1.8466952208656078e-14,0.9999999999997269,0.9999999999998042,3.8651775184325814e-14
operator_ablation,full,evaluation,default,subsample64,,,"{""operator_kind"":""rescaled_subsample"",""operator_parameter"":64}",{},20,horizon,500,operator_parameter,20,64.0,0.0,0.0,64.0,64.0,0.0
operator_ablation,full,evaluation,default,subsample64,,,"{""operator_kind"":""rescaled_subsample"",""operator_parameter"":64}",{},20,horizon,500,optimal_action,20,1.9,1.4832396974191326,0.33166247903553997,1.2058224534339232,2.5941775465660766,0.6941775465660766
operator_ablation,full,evaluation,default,subsample64,,,"{""operator_kind"":""rescaled_subsample"",""operator_parameter"":64}",{},20,horizon,500,optimal_mean,20,0.35904603128039303,0.06404693033427485,0.014321328997763188,0.32907114519697944,0.3890209173638066,0.029974886083413588
operator_ablation,full,evaluation,default,subsample64,,,"{""operator_kind"":""rescaled_subsample"",""operator_parameter"":64}",{},20,horizon,500,optimism_violation_count,20,0.0,0.0,0.0,0.0,0.0,0.0
operator_ablation,full,evaluation,default,subsample64,,,"{""operator_kind"":""rescaled_subsample"",""operator_parameter"":64}",{},20,horizon,500,optimism_violation_max,20,0.0,0.0,0.0,0.0,0.0,0.0
operator_ablation,full,evaluation,default,subsample64,,,"{""operator_kind"":""rescaled_subsample"",""operator_parameter"":64}",{},20,horizon,500,optimism_violation_rate,20,0.0,0.0,0.0,0.0,0.0,0.0
operator_ablation,full,evaluation,default,subsample64,,,"{""operator_kind"":""rescaled_subsample"",""operator_parameter"":64}",{},20,horizon,500,peak_host_memory_bytes,20,1194896588.8,592156257.9297118,132410164.60327345,917758929.237185,1472034248.362815,277137659.56281495
operator_ablation,full,evaluation,default,subsample64,,,"{""operator_kind"":""rescaled_subsample"",""operator_parameter"":64}",{},20,horizon,500,policy_transfer_factor,20,2.932601987072194,0.28637657825846435,0.06403574961497147,2.7985736227859914,3.066630351358397,0.13402836428620288
operator_ablation,full,evaluation,default,subsample64,,,"{""operator_kind"":""rescaled_subsample"",""operator_parameter"":64}",{},20,horizon,500,pseudo_regret,20,0.280412256122882,0.3313940553955073,0.07410196352036853,0.12531506399586367,0.43550944824990034,0.15509719212701834
operator_ablation,full,evaluation,default,subsample64,,,"{""operator_kind"":""rescaled_subsample"",""operator_parameter"":64}",{},20,horizon,500,psi_t,20,0.0,0.0,0.0,0.0,0.0,0.0
operator_ablation,full,evaluation,default,subsample64,,,"{""operator_kind"":""rescaled_subsample"",""operator_parameter"":64}",{},20,horizon,500,reference_update_max_abs,20,4.46309655899313e-15,2.7582307460479e-15,6.167591445793063e-16,3.1722048336123496e-15,5.753988284373909e-15,1.29089172538078e-15
operator_ablation,full,evaluation,default,subsample64,,,"{""operator_kind"":""rescaled_subsample"",""operator_parameter"":64}",{},20,horizon,500,reward,20,-0.045649347927512955,0.3574017595750886,0.07991746296879344,-0.21291852028848288,0.12161982443345695,0.16726917236096991
operator_ablation,full,evaluation,default,subsample64,,,"{""operator_kind"":""rescaled_subsample"",""operator_parameter"":64}",{},20,horizon,500,rho_minus,20,0.009339844051687054,0.008517235928655078,0.0019045118516876302,0.005353654934199135,0.013326033169174974,0.003986189117487919
operator_ablation,full,evaluation,default,subsample64,,,"{""operator_kind"":""rescaled_subsample"",""operator_parameter"":64}",{},20,horizon,500,rho_plus,20,2.9326019870721733,0.2863765782584623,0.06403574961497101,2.7985736227859714,3.0666303513583753,0.1340283642862019
operator_ablation,full,evaluation,default,subsample64,,,"{""operator_kind"":""rescaled_subsample"",""operator_parameter"":64}",{},20,horizon,500,ridge_normal_equation_residual,20,1.5473178690271184e-13,3.1582514629015135e-14,7.062064961085939e-15,1.399507150653649e-13,1.695128587400588e-13,1.4781071837346948e-14
operator_ablation,full,evaluation,default,subsample64,,,"{""operator_kind"":""rescaled_subsample"",""operator_parameter"":64}",{},20,horizon,500,round,20,500.0,0.0,0.0,500.0,500.0,0.0
operator_ablation,full,evaluation,default,subsample64,,,"{""operator_kind"":""rescaled_subsample"",""operator_parameter"":64}",{},20,horizon,500,round_runtime_seconds,20,0.0012219185999128967,5.1179271272092e-05,1.1444032960329984e-05,0.0011979659636474846,0.0012458712361783089,2.3952636265412184e-05
operator_ablation,full,evaluation,default,subsample64,,,"{""operator_kind"":""rescaled_subsample"",""operator_parameter"":64}",{},20,horizon,500,runtime_seconds,20,0.5621027982386295,0.021344220376386874,0.004772712768833719,0.5521133956086789,0.5720922008685801,0.009989402629950656
operator_ablation,full,evaluation,default,subsample64,,,"{""operator_kind"":""rescaled_subsample"",""operator_parameter"":64}",{},20,horizon,500,same_history_full_action,20,1.75,1.292692009559488,0.2890547207345823,1.145001516462243,2.354998483537757,0.604998483537757
operator_ablation,full,evaluation,default,subsample64,,,"{""operator_kind"":""rescaled_subsample"",""operator_parameter"":64}",{},20,horizon,500,selected_action_optimism_violation_rate,20,0.0,0.0,0.0,0.0,0.0,0.0
operator_ablation,full,evaluation,default,subsample64,,,"{""operator_kind"":""rescaled_subsample"",""operator_parameter"":64}",{},20,horizon,500,theorem_bound_slack,20,59818.22020660735,652.4718284784266,145.89713618813448,59512.8539910963,60123.5864221184,305.3662155110504
operator_ablation,full,evaluation,default,subsample64,,,"{""operator_kind"":""rescaled_subsample"",""operator_parameter"":64}",{},20,horizon,500,theorem_rhs,20,59977.06304566363,654.488738492693,146.34813097777447,59670.75288720945,60283.37320411781,306.3101584541797
operator_ablation,full,evaluation,default,subsample64,,,"{""operator_kind"":""rescaled_subsample"",""operator_parameter"":64}",{},20,horizon,500,theory_factor,20,1197.3350790772538,116.9230343860265,26.144785302270062,1142.6134145422618,1252.0567436122458,54.721664534992044
operator_ablation,full,evaluation,default,subsample64,,,"{""operator_kind"":""rescaled_subsample"",""operator_parameter"":64}",{},20,horizon,500,transfer_slack_min,20,0.014931528922254985,0.006606345405888883,0.001477223741041098,0.011839664098512937,0.018023393745997034,0.0030918648237420487
operator_ablation,full,evaluation,default,subsample64,,,"{""operator_kind"":""rescaled_subsample"",""operator_parameter"":64}",{},20,horizon,500,transition_logdet,20,-0.7393256988084828,7.5672935608624075,1.6920982807784783,-4.280928102900782,2.802276705283817,3.5416024040922998
operator_ablation,full,evaluation,default,subsample64,,,"{""operator_kind"":""rescaled_subsample"",""operator_parameter"":64}",{},20,horizon,500,true_mean,20,0.07863377515751103,0.29749493382958525,0.06652188950047544,-0.06059813971167556,0.21786569002669764,0.1392319148691866
operator_ablation,full,evaluation,default,subsample64,,,"{""operator_kind"":""rescaled_subsample"",""operator_parameter"":64}",{},20,horizon,500,u_t,20,2.932601987072194,0.28637657825846435,0.06403574961497147,2.7985736227859914,3.066630351358397,0.13402836428620288
operator_ablation,full,evaluation,default,subsample64,,,"{""operator_kind"":""rescaled_subsample"",""operator_parameter"":64}",{},20,horizon,500,variation_increment,20,3.3293684642521115,5.245129120877719,1.172846526504629,0.8745724721486909,5.784164456355532,2.4547959921034206
operator_ablation,full,evaluation,default,subsample64,,,"{""operator_kind"":""rescaled_subsample"",""operator_parameter"":64}",{},20,horizon,500,width_distortion,20,3.6806637874837436,2.224182568950364,0.4973423418543127,2.639714302706907,4.72161327226058,1.0409494847768366
operator_ablation,full,evaluation,default,subsample64,,,"{""operator_kind"":""rescaled_subsample"",""operator_parameter"":64}",{},20,horizon,500,width_dynamic_bound,20,4040.6160355104666,108.45784326976853,24.25191102442205,3989.8562023709815,4091.375868649952,50.7598331394854
operator_ablation,full,evaluation,default,subsample64,,,"{""operator_kind"":""rescaled_subsample"",""operator_parameter"":64}",{},20,horizon,500,width_dynamic_slack,20,3874.8369765381735,106.60565937504855,23.83775011487963,3824.943992144756,3924.729960931591,49.892984393417485
operator_ablation,full,evaluation,default,subsample64,,,"{""operator_kind"":""rescaled_subsample"",""operator_parameter"":64}",{},20,horizon,500,width_information_bound,20,2145.154136851597,41.749379767793904,9.335445117924156,2125.6148256611727,2164.693448042021,19.53931119042387
operator_ablation,full,evaluation,default,subsample64,,,"{""operator_kind"":""rescaled_subsample"",""operator_parameter"":64}",{},20,horizon,500,width_information_slack,20,1979.3750778793033,37.39130504898642,8.360949985696474,1961.8754084415357,1996.8747473170708,17.499669437767523
operator_ablation,full,evaluation,default,subsample64,,,"{""operator_kind"":""rescaled_subsample"",""operator_parameter"":64}",{},20,horizon,500,width_squared_cumulative,20,165.7790589722934,4.850276131874345,1.084554714051577,163.50905986746153,168.04905807712527,2.2699991048318755
operator_ablation,full,evaluation,default,subsample64,,,"{""operator_kind"":""rescaled_subsample"",""operator_parameter"":64}",{},20,horizon,500,xi_min_eigenvalue,20,-0.98783267705576,0.0110881199047468,0.0024793789849682337,-0.993022076911293,-0.9826432772002269,0.00518939985553297
operator_ablation,full,evaluation,default,window16,,,"{""operator_kind"":""unrescaled_window"",""operator_parameter"":16}",{},20,summary,,Gamma_dynamic_T,20,1725.6294569095376,3.2211721954159143,0.7202759996182221,1724.1219019165237,1727.1370119025514,1.5075549930139287
operator_ablation,full,evaluation,default,window16,,,"{""operator_kind"":""unrescaled_window"",""operator_parameter"":16}",{},20,summary,,Lambda_alg_T,20,1725.629456909533,3.2211721954163903,0.7202759996183284,1724.121901916519,1727.137011902547,1.5075549930141512
operator_ablation,full,evaluation,default,window16,,,"{""operator_kind"":""unrescaled_window"",""operator_parameter"":16}",{},20,summary,,V_alg_T,20,1666.709238858462,3.2996879932263923,0.7378326657394079,1665.1649373409412,1668.2535403759828,1.544301517520786
operator_ablation,full,evaluation,default,window16,,,"{""operator_kind"":""unrescaled_window"",""operator_parameter"":16}",{},20,summary,,action_disagreement_count,20,357.0,7.276494239745719,1.6270735757957078,353.59449586756745,360.40550413243255,3.405504132432557
operator_ablation,full,evaluation,default,window16,,,"{""operator_kind"":""unrescaled_window"",""operator_parameter"":16}",{},20,summary,,action_disagreement_rate,20,0.714,0.014552988479491451,0.003254147151591419,0.7071889917351348,0.7208110082648651,0.006811008264865121
operator_ablation,full,evaluation,default,window16,,,"{""operator_kind"":""unrescaled_window"",""operator_parameter"":16}",{},20,summary,,action_disagreement_with_full_count,20,357.0,7.276494239745719,1.6270735757957078,353.59449586756745,360.40550413243255,3.405504132432557
operator_ablation,full,evaluation,default,window16,,,"{""operator_kind"":""unrescaled_window"",""operator_parameter"":16}",{},20,summary,,action_set_max_cbar_width_squared_over_chat_width_squared,20,1.0000000000000027,8.08254562088053e-16,1.807312143953211e-16,1.0000000000000022,1.000000000000003,3.7827477911183226e-16
operator_ablation,full,evaluation,default,window16,,,"{""operator_kind"":""unrescaled_window"",""operator_parameter"":16}",{},20,summary,,action_set_transfer_max,20,1.0000000000000027,8.08254562088053e-16,1.807312143953211e-16,1.0000000000000022,1.000000000000003,3.7827477911183226e-16
operator_ablation,full,evaluation,default,window16,,,"{""operator_kind"":""unrescaled_window"",""operator_parameter"":16}",{},20,summary,,cumulative_pseudo_regret,20,163.48819277505564,3.354354022129259,0.7500563614080857,161.91830676846655,165.05807878164472,1.5698860065890954
operator_ablation,full,evaluation,default,window16,,,"{""operator_kind"":""unrescaled_window"",""operator_parameter"":16}",{},20,summary,,dynamic_identity_residual,20,-4.092726157978177e-12,1.3899288070000034e-12,3.107975296337193e-13,-4.7432328635522305e-12,-3.4422194524041236e-12,6.505067055740536e-13
operator_ablation,full,evaluation,default,window16,,,"{""operator_kind"":""unrescaled_window"",""operator_parameter"":16}",{},20,summary,,endpoint_logdet_T,20,58.920218051075246,0.39069270492359,0.0873615446522414,58.737368236687836,59.103067865462656,0.1828498143874068
operator_ablation,full,evaluation,default,window16,,,"{""operator_kind"":""unrescaled_window"",""operator_parameter"":16}",{},20,summary,,exact_global_kappa_plus_max,20,1.0000000000001044,1.1284539585221302e-14,2.5232997607342112e-15,1.000000000000099,1.0000000000001097,5.281327095699434e-15
operator_ablation,full,evaluation,default,window16,,,"{""operator_kind"":""unrescaled_window"",""operator_parameter"":16}",{},20,summary,,exact_global_kappa_plus_min,20,0.999999999999995,5.233438721407198e-15,1.1702324737146078e-15,0.9999999999999926,0.9999999999999974,2.449324716734413e-15
operator_ablation,full,evaluation,default,window16,,,"{""operator_kind"":""unrescaled_window"",""operator_parameter"":16}",{},20,summary,,kappa_plus_max,20,1.0000000000001044,1.1284539585221302e-14,2.5232997607342112e-15,1.000000000000099,1.0000000000001097,5.281327095699434e-15
operator_ablation,full,evaluation,default,window16,,,"{""operator_kind"":""unrescaled_window"",""operator_parameter"":16}",{},20,summary,,kappa_plus_min,20,0.999999999999995,5.233438721407198e-15,1.1702324737146078e-15,0.9999999999999926,0.9999999999999974,2.449324716734413e-15
operator_ablation,full,evaluation,default,window16,,,"{""operator_kind"":""unrescaled_window"",""operator_parameter"":16}",{},20,summary,,max_relative_width_distortion,20,20.43624392844854,0.8102858099562074,0.18118541522655554,20.057018496071404,20.815469360825677,0.3792254323771382
operator_ablation,full,evaluation,default,window16,,,"{""operator_kind"":""unrescaled_window"",""operator_parameter"":16}",{},20,summary,,mean_cg_iterations,20,0.0,0.0,0.0,0.0,0.0,0.0
operator_ablation,full,evaluation,default,window16,,,"{""operator_kind"":""unrescaled_window"",""operator_parameter"":16}",{},20,summary,,operator_parameter,20,16.0,0.0,0.0,16.0,16.0,0.0
operator_ablation,full,evaluation,default,window16,,,"{""operator_kind"":""unrescaled_window"",""operator_parameter"":16}",{},20,summary,,optimism_violation_count,20,0.0,0.0,0.0,0.0,0.0,0.0
operator_ablation,full,evaluation,default,window16,,,"{""operator_kind"":""unrescaled_window"",""operator_parameter"":16}",{},20,summary,,optimism_violation_rate,20,0.0,0.0,0.0,0.0,0.0,0.0
operator_ablation,full,evaluation,default,window16,,,"{""operator_kind"":""unrescaled_window"",""operator_parameter"":16}",{},20,summary,,optimism_violation_rounds,20,0.0,0.0,0.0,0.0,0.0,0.0
operator_ablation,full,evaluation,default,window16,,,"{""operator_kind"":""unrescaled_window"",""operator_parameter"":16}",{},20,summary,,peak_host_memory_bytes,20,1176641536.0,592202614.9916946,132420530.3574565,899482180.6643379,1453800891.3356621,277159355.3356621
operator_ablation,full,evaluation,default,window16,,,"{""operator_kind"":""unrescaled_window"",""operator_parameter"":16}",{},20,summary,,rounds,20,500.0,0.0,0.0,500.0,500.0,0.0
operator_ablation,full,evaluation,default,window16,,,"{""operator_kind"":""unrescaled_window"",""operator_parameter"":16}",{},20,summary,,runtime_seconds,20,0.4810219557082746,0.008220295594398633,0.0018381139744217383,0.47717473894506585,0.48486917247148337,0.003847216763208757
operator_ablation,full,evaluation,default,window16,,,"{""operator_kind"":""unrescaled_window"",""operator_parameter"":16}",{},20,summary,,seed,20,129.5,5.916079783099616,1.3228756555322954,126.73118943197974,132.26881056802026,2.768810568020254
operator_ablation,full,evaluation,default,window16,,,"{""operator_kind"":""unrescaled_window"",""operator_parameter"":16}",{},20,summary,,width_distortion_max,20,20.43624392844854,0.8102858099562074,0.18118541522655554,20.057018496071404,20.815469360825677,0.3792254323771382
operator_ablation,full,evaluation,default,window16,,,"{""operator_kind"":""unrescaled_window"",""operator_parameter"":16}",{},20,horizon,500,C_Cbar_max_abs,20,0.0,0.0,0.0,0.0,0.0,0.0
operator_ablation,full,evaluation,default,window16,,,"{""operator_kind"":""unrescaled_window"",""operator_parameter"":16}",{},20,horizon,500,E_T,20,0.0,0.0,0.0,0.0,0.0,0.0
operator_ablation,full,evaluation,default,window16,,,"{""operator_kind"":""unrescaled_window"",""operator_parameter"":16}",{},20,horizon,500,E_t,20,0.0,0.0,0.0,0.0,0.0,0.0
operator_ablation,full,evaluation,default,window16,,,"{""operator_kind"":""unrescaled_window"",""operator_parameter"":16}",{},20,horizon,500,F_T,20,0.0,0.0,0.0,0.0,0.0,0.0
operator_ablation,full,evaluation,default,window16,,,"{""operator_kind"":""unrescaled_window"",""operator_parameter"":16}",{},20,horizon,500,F_t,20,0.0,0.0,0.0,0.0,0.0,0.0
operator_ablation,full,evaluation,default,window16,,,"{""operator_kind"":""unrescaled_window"",""operator_parameter"":16}",{},20,horizon,500,Gamma_dynamic_T,20,1725.6294569095376,3.2211721954159143,0.7202759996182221,1724.1219019165237,1727.1370119025514,1.5075549930139287
operator_ablation,full,evaluation,default,window16,,,"{""operator_kind"":""unrescaled_window"",""operator_parameter"":16}",{},20,horizon,500,Gamma_dynamic_cumulative,20,1725.6294569095376,3.2211721954159143,0.7202759996182221,1724.1219019165237,1727.1370119025514,1.5075549930139287
operator_ablation,full,evaluation,default,window16,,,"{""operator_kind"":""unrescaled_window"",""operator_parameter"":16}",{},20,horizon,500,Lambda_alg_T,20,1725.629456909533,3.2211721954163903,0.7202759996183284,1724.121901916519,1727.137011902547,1.5075549930141512
operator_ablation,full,evaluation,default,window16,,,"{""operator_kind"":""unrescaled_window"",""operator_parameter"":16}",{},20,horizon,500,Lambda_alg_cumulative,20,1725.629456909533,3.2211721954163903,0.7202759996183284,1724.121901916519,1727.137011902547,1.5075549930141512
operator_ablation,full,evaluation,default,window16,,,"{""operator_kind"":""unrescaled_window"",""operator_parameter"":16}",{},20,horizon,500,S_T,20,174617.56819491085,0.0,0.0,174617.56819491085,174617.56819491085,0.0
operator_ablation,full,evaluation,default,window16,,,"{""operator_kind"":""unrescaled_window"",""operator_parameter"":16}",{},20,horizon,500,S_t_cumulative,20,174617.56819491085,0.0,0.0,174617.56819491085,174617.56819491085,0.0
operator_ablation,full,evaluation,default,window16,,,"{""operator_kind"":""unrescaled_window"",""operator_parameter"":16}",{},20,horizon,500,V_alg_T,20,1666.709238858462,3.2996879932263923,0.7378326657394079,1665.1649373409412,1668.2535403759828,1.544301517520786
operator_ablation,full,evaluation,default,window16,,,"{""operator_kind"":""unrescaled_window"",""operator_parameter"":16}",{},20,horizon,500,V_alg_cumulative,20,1666.709238858462,3.2996879932263923,0.7378326657394079,1665.1649373409412,1668.2535403759828,1.544301517520786
operator_ablation,full,evaluation,default,window16,,,"{""operator_kind"":""unrescaled_window"",""operator_parameter"":16}",{},20,horizon,500,action,20,2.3,1.4179302929937965,0.31705885224903224,1.6363881955796855,2.963611804420314,0.6636118044203144
operator_ablation,full,evaluation,default,window16,,,"{""operator_kind"":""unrescaled_window"",""operator_parameter"":16}",{},20,horizon,500,action_set_max_cbar_width_over_chat_width,20,0.10479666275696886,0.050430814547841187,0.01127667294896582,0.08119431502108793,0.1283990104928498,0.023602347735880942
operator_ablation,full,evaluation,default,window16,,,"{""operator_kind"":""unrescaled_window"",""operator_parameter"":16}",{},20,horizon,500,action_set_max_cbar_width_squared_over_chat_width_squared,20,0.013398444228158677,0.019417292549956278,0.004341838608070247,0.00431087158110896,0.022486016875208393,0.009087572647049716
operator_ablation,full,evaluation,default,window16,,,"{""operator_kind"":""unrescaled_window"",""operator_parameter"":16}",{},20,horizon,500,action_set_transfer,20,0.013398444228158677,0.019417292549956278,0.004341838608070247,0.00431087158110896,0.022486016875208393,0.009087572647049716
operator_ablation,full,evaluation,default,window16,,,"{""operator_kind"":""unrescaled_window"",""operator_parameter"":16}",{},20,horizon,500,all_action_optimism_violation_rate,20,0.0,0.0,0.0,0.0,0.0,0.0
operator_ablation,full,evaluation,default,window16,,,"{""operator_kind"":""unrescaled_window"",""operator_parameter"":16}",{},20,horizon,500,alpha_t,20,1.0,0.0,0.0,1.0,1.0,0.0
operator_ablation,full,evaluation,default,window16,,,"{""operator_kind"":""unrescaled_window"",""operator_parameter"":16}",{},20,horizon,500,bar_chi_t,20,0.0,0.0,0.0,0.0,0.0,0.0
operator_ablation,full,evaluation,default,window16,,,"{""operator_kind"":""unrescaled_window"",""operator_parameter"":16}",{},20,horizon,500,bar_psi_t,20,0.0,0.0,0.0,0.0,0.0,0.0
operator_ablation,full,evaluation,default,window16,,,"{""operator_kind"":""unrescaled_window"",""operator_parameter"":16}",{},20,horizon,500,beta_t,20,20.206043843304336,0.0,0.0,20.206043843304336,20.206043843304336,0.0
operator_ablation,full,evaluation,default,window16,,,"{""operator_kind"":""unrescaled_window"",""operator_parameter"":16}",{},20,horizon,500,bonus_lower_slack_min,20,14.915150816883273,4.10202858295118,0.9172414757125972,12.995342344515832,16.834959289250712,1.9198084723674405
operator_ablation,full,evaluation,default,window16,,,"{""operator_kind"":""unrescaled_window"",""operator_parameter"":16}",{},20,horizon,500,bonus_upper_slack_min,20,0.0,0.0,0.0,0.0,0.0,0.0
operator_ablation,full,evaluation,default,window16,,,"{""operator_kind"":""unrescaled_window"",""operator_parameter"":16}",{},20,horizon,500,cg_certified_epsilon,20,0.0,0.0,0.0,0.0,0.0,0.0
operator_ablation,full,evaluation,default,window16,,,"{""operator_kind"":""unrescaled_window"",""operator_parameter"":16}",{},20,horizon,500,cg_energy_error_max,20,0.0,0.0,0.0,0.0,0.0,0.0
operator_ablation,full,evaluation,default,window16,,,"{""operator_kind"":""unrescaled_window"",""operator_parameter"":16}",{},20,horizon,500,cg_sandwich_lower_slack_min,20,0.0,0.0,0.0,0.0,0.0,0.0
operator_ablation,full,evaluation,default,window16,,,"{""operator_kind"":""unrescaled_window"",""operator_parameter"":16}",{},20,horizon,500,cg_sandwich_upper_slack_min,20,0.0,0.0,0.0,0.0,0.0,0.0
operator_ablation,full,evaluation,default,window16,,,"{""operator_kind"":""unrescaled_window"",""operator_parameter"":16}",{},20,horizon,500,chi_t,20,0.0,0.0,0.0,0.0,0.0,0.0
operator_ablation,full,evaluation,default,window16,,,"{""operator_kind"":""unrescaled_window"",""operator_parameter"":16}",{},20,horizon,500,confidence_ratio_max,20,1.6069973385035308,0.4787611377796902,0.107054244906053,1.3829302287886436,1.831064448218418,0.22406710971488708
operator_ablation,full,evaluation,default,window16,,,"{""operator_kind"":""unrescaled_window"",""operator_parameter"":16}",{},20,horizon,500,cumulative_pseudo_regret,20,163.48819277505564,3.354354022129259,0.7500563614080857,161.91830676846655,165.05807878164472,1.5698860065890954
operator_ablation,full,evaluation,default,window16,,,"{""operator_kind"":""unrescaled_window"",""operator_parameter"":16}",{},20,horizon,500,dynamic_bound_slack,20,4.115463525522501e-12,1.387773725447658e-12,3.103156387489093e-13,3.4659654291619546e-12,4.7649616218830466e-12,6.494980963605462e-13
operator_ablation,full,evaluation,default,window16,,,"{""operator_kind"":""unrescaled_window"",""operator_parameter"":16}",{},20,horizon,500,dynamic_identity_residual,20,-4.092726157978177e-12,1.3899288070000034e-12,3.107975296337193e-13,-4.7432328635522305e-12,-3.4422194524041236e-12,6.505067055740536e-13
operator_ablation,full,evaluation,default,window16,,,"{""operator_kind"":""unrescaled_window"",""operator_parameter"":16}",{},20,horizon,500,dynamic_identity_rhs,20,1725.6294569095376,3.221172195415936,0.7202759996182269,1724.1219019165237,1727.1370119025514,1.5075549930139387
operator_ablation,full,evaluation,default,window16,,,"{""operator_kind"":""unrescaled_window"",""operator_parameter"":16}",{},20,horizon,500,endpoint_logdet,20,58.920218051075246,0.39069270492359,0.0873615446522414,58.737368236687836,59.103067865462656,0.1828498143874068
operator_ablation,full,evaluation,default,window16,,,"{""operator_kind"":""unrescaled_window"",""operator_parameter"":16}",{},20,horizon,500,exact_global_kappa_plus,20,1.0000000000000342,2.00688993213916e-14,4.487542311623102e-15,1.0000000000000249,1.0000000000000435,9.392534003402218e-15
operator_ablation,full,evaluation,default,window16,,,"{""operator_kind"":""unrescaled_window"",""operator_parameter"":16}",{},20,horizon,500,gamma_upper_t,20,324.1334518928847,0.0,0.0,324.1334518928847,324.1334518928847,0.0
operator_ablation,full,evaluation,default,window16,,,"{""operator_kind"":""unrescaled_window"",""operator_parameter"":16}",{},20,horizon,500,global_kappa_plus_C_hat_C_full,20,1.0000000000000342,2.00688993213916e-14,4.487542311623102e-15,1.0000000000000249,1.0000000000000435,9.392534003402218e-15
operator_ablation,full,evaluation,default,window16,,,"{""operator_kind"":""unrescaled_window"",""operator_parameter"":16}",{},20,horizon,500,information_increment,20,3.4202362728475193,0.16053226358873468,0.03589610539663251,3.3451048607927913,3.4953676849022473,0.07513141205472774
operator_ablation,full,evaluation,default,window16,,,"{""operator_kind"":""unrescaled_window"",""operator_parameter"":16}",{},20,horizon,500,kappa_bar_t,20,112.64134918688706,8.442839228920814,1.8878762438968848,108.68997879666487,116.59271957710924,3.951370390222187
operator_ablation,full,evaluation,default,window16,,,"{""operator_kind"":""unrescaled_window"",""operator_parameter"":16}",{},20,horizon,500,kappa_plus,20,1.0000000000000342,2.00688993213916e-14,4.487542311623102e-15,1.0000000000000249,1.0000000000000435,9.392534003402218e-15
operator_ablation,full,evaluation,default,window16,,,"{""operator_kind"":""unrescaled_window"",""operator_parameter"":16}",{},20,horizon,500,kappa_t,20,112.64134918688706,8.442839228920814,1.8878762438968848,108.68997879666487,116.59271957710924,3.951370390222187
operator_ablation,full,evaluation,default,window16,,,"{""operator_kind"":""unrescaled_window"",""operator_parameter"":16}",{},20,horizon,500,max_chi_t,20,0.0,0.0,0.0,0.0,0.0,0.0
operator_ablation,full,evaluation,default,window16,,,"{""operator_kind"":""unrescaled_window"",""operator_parameter"":16}",{},20,horizon,500,max_psi_t,20,0.0,0.0,0.0,0.0,0.0,0.0
operator_ablation,full,evaluation,default,window16,,,"{""operator_kind"":""unrescaled_window"",""operator_parameter"":16}",{},20,horizon,500,max_relative_width_distortion,20,16.727434415345048,1.2686328566049347,0.2836749305858377,16.13369596199628,17.321172868693814,0.5937384533487656
operator_ablation,full,evaluation,default,window16,,,"{""operator_kind"":""unrescaled_window"",""operator_parameter"":16}",{},20,horizon,500,max_theory_factor,20,408.2842077975371,0.0,0.0,408.2842077975371,408.2842077975371,0.0
operator_ablation,full,evaluation,default,window16,,,"{""operator_kind"":""unrescaled_window"",""operator_parameter"":16}",{},20,horizon,500,max_u_t,20,1.0,0.0,0.0,1.0,1.0,0.0
operator_ablation,full,evaluation,default,window16,,,"{""operator_kind"":""unrescaled_window"",""operator_parameter"":16}",{},20,horizon,500,mean_cg_iterations,20,0.0,0.0,0.0,0.0,0.0,0.0
operator_ablation,full,evaluation,default,window16,,,"{""operator_kind"":""unrescaled_window"",""operator_parameter"":16}",{},20,horizon,500,mean_chi_t,20,0.0,0.0,0.0,0.0,0.0,0.0
operator_ablation,full,evaluation,default,window16,,,"{""operator_kind"":""unrescaled_window"",""operator_parameter"":16}",{},20,horizon,500,mean_psi_t,20,0.0,0.0,0.0,0.0,0.0,0.0
operator_ablation,full,evaluation,default,window16,,,"{""operator_kind"":""unrescaled_window"",""operator_parameter"":16}",{},20,horizon,500,mean_relative_width_distortion,20,13.490791199490136,1.1816142126020148,0.2642169702557994,12.937778725161863,14.04380367381841,0.5530124743282727
operator_ablation,full,evaluation,default,window16,,,"{""operator_kind"":""unrescaled_window"",""operator_parameter"":16}",{},20,horizon,500,mean_round_runtime_seconds,20,0.0010745168547146022,6.203637449668513e-05,1.3871755045222224e-05,0.0010454829377280924,0.001103550771701112,2.903391698650993e-05
operator_ablation,full,evaluation,default,window16,,,"{""operator_kind"":""unrescaled_window"",""operator_parameter"":16}",{},20,horizon,500,mean_theory_factor,20,408.2842077975371,0.0,0.0,408.2842077975371,408.2842077975371,0.0
operator_ablation,full,evaluation,default,window16,,,"{""operator_kind"":""unrescaled_window"",""operator_parameter"":16}",{},20,horizon,500,mean_u_t,20,1.0,0.0,0.0,1.0,1.0,0.0
operator_ablation,full,evaluation,default,window16,,,"{""operator_kind"":""unrescaled_window"",""operator_parameter"":16}",{},20,horizon,500,noise,20,-0.12428312308502396,0.28978733638402343,0.06479841831732745,-0.2599077713108023,0.011341525140754372,0.13562464822577833
operator_ablation,full,evaluation,default,window16,,,"{""operator_kind"":""unrescaled_window"",""operator_parameter"":16}",{},20,horizon,500,omega_t,20,20.206043843304336,0.0,0.0,20.206043843304336,20.206043843304336,0.0
operator_ablation,full,evaluation,default,window16,,,"{""operator_kind"":""unrescaled_window"",""operator_parameter"":16}",{},20,horizon,500,operator_condition_number,20,112.64134918688706,8.442839228920814,1.8878762438968848,108.68997879666487,116.59271957710924,3.951370390222187
operator_ablation,full,evaluation,default,window16,,,"{""operator_kind"":""unrescaled_window"",""operator_parameter"":16}",{},20,horizon,500,operator_min_eigenvalue,20,0.9999999999999778,4.023958979781267e-15,8.997845817461615e-16,0.9999999999999759,0.9999999999999797,1.8832707733804352e-15
operator_ablation,full,evaluation,default,window16,,,"{""operator_kind"":""unrescaled_window"",""operator_parameter"":16}",{},20,horizon,500,operator_parameter,20,16.0,0.0,0.0,16.0,16.0,0.0
operator_ablation,full,evaluation,default,window16,,,"{""operator_kind"":""unrescaled_window"",""operator_parameter"":16}",{},20,horizon,500,optimal_action,20,1.9,1.4832396974191326,0.33166247903553997,1.2058224534339232,2.5941775465660766,0.6941775465660766
operator_ablation,full,evaluation,default,window16,,,"{""operator_kind"":""unrescaled_window"",""operator_parameter"":16}",{},20,horizon,500,optimal_mean,20,0.35904603128039303,0.06404693033427485,0.014321328997763188,0.32907114519697944,0.3890209173638066,0.029974886083413588
operator_ablation,full,evaluation,default,window16,,,"{""operator_kind"":""unrescaled_window"",""operator_parameter"":16}",{},20,horizon,500,optimism_violation_count,20,0.0,0.0,0.0,0.0,0.0,0.0
operator_ablation,full,evaluation,default,window16,,,"{""operator_kind"":""unrescaled_window"",""operator_parameter"":16}",{},20,horizon,500,optimism_violation_max,20,0.0,0.0,0.0,0.0,0.0,0.0
operator_ablation,full,evaluation,default,window16,,,"{""operator_kind"":""unrescaled_window"",""operator_parameter"":16}",{},20,horizon,500,optimism_violation_rate,20,0.0,0.0,0.0,0.0,0.0,0.0
operator_ablation,full,evaluation,default,window16,,,"{""operator_kind"":""unrescaled_window"",""operator_parameter"":16}",{},20,horizon,500,peak_host_memory_bytes,20,1176641536.0,592202614.9916946,132420530.3574565,899482180.6643379,1453800891.3356621,277159355.3356621
operator_ablation,full,evaluation,default,window16,,,"{""operator_kind"":""unrescaled_window"",""operator_parameter"":16}",{},20,horizon,500,policy_transfer_factor,20,1.0,0.0,0.0,1.0,1.0,0.0
operator_ablation,full,evaluation,default,window16,,,"{""operator_kind"":""unrescaled_window"",""operator_parameter"":16}",{},20,horizon,500,pseudo_regret,20,0.3571391770309006,0.3295107280524751,0.07368083872407812,0.20292340923242588,0.5113549448293753,0.1542157677984747
operator_ablation,full,evaluation,default,window16,,,"{""operator_kind"":""unrescaled_window"",""operator_parameter"":16}",{},20,horizon,500,psi_t,20,0.0,0.0,0.0,0.0,0.0,0.0
operator_ablation,full,evaluation,default,window16,,,"{""operator_kind"":""unrescaled_window"",""operator_parameter"":16}",{},20,horizon,500,reference_update_max_abs,20,3.552713678800501e-15,0.0,0.0,3.552713678800501e-15,3.552713678800501e-15,0.0
operator_ablation,full,evaluation,default,window16,,,"{""operator_kind"":""unrescaled_window"",""operator_parameter"":16}",{},20,horizon,500,reward,20,-0.12237626883553158,0.34717942701883325,0.07763167992035383,-0.28486124229295867,0.04010870462189549,0.16248497345742707
operator_ablation,full,evaluation,default,window16,,,"{""operator_kind"":""unrescaled_window"",""operator_parameter"":16}",{},20,horizon,500,rho_minus,20,0.0008756118648108723,7.337051727377897e-05,1.640614641684923e-05,0.0008412734057202622,0.0009099503239014824,3.433845909061013e-05
operator_ablation,full,evaluation,default,window16,,,"{""operator_kind"":""unrescaled_window"",""operator_parameter"":16}",{},20,horizon,500,rho_plus,20,1.0000000000000342,2.00688993213916e-14,4.487542311623102e-15,1.0000000000000249,1.0000000000000435,9.392534003402218e-15
operator_ablation,full,evaluation,default,window16,,,"{""operator_kind"":""unrescaled_window"",""operator_parameter"":16}",{},20,horizon,500,ridge_normal_equation_residual,20,1.4192765455980075e-13,3.153251426871838e-14,7.050884540633637e-15,1.2716998361139887e-13,1.5668532550820264e-13,1.475767094840188e-14
operator_ablation,full,evaluation,default,window16,,,"{""operator_kind"":""unrescaled_window"",""operator_parameter"":16}",{},20,horizon,500,round,20,500.0,0.0,0.0,500.0,500.0,0.0
operator_ablation,full,evaluation,default,window16,,,"{""operator_kind"":""unrescaled_window"",""operator_parameter"":16}",{},20,horizon,500,round_runtime_seconds,20,0.0010745168547146022,6.203637449668513e-05,1.3871755045222224e-05,0.0010454829377280924,0.001103550771701112,2.903391698650993e-05
operator_ablation,full,evaluation,default,window16,,,"{""operator_kind"":""unrescaled_window"",""operator_parameter"":16}",{},20,horizon,500,runtime_seconds,20,0.4810219557082746,0.008220295594398633,0.0018381139744217383,0.47717473894506585,0.48486917247148337,0.003847216763208757
operator_ablation,full,evaluation,default,window16,,,"{""operator_kind"":""unrescaled_window"",""operator_parameter"":16}",{},20,horizon,500,same_history_full_action,20,1.25,1.2085223687584246,0.27023381688729053,0.6843941209403307,1.8156058790596692,0.5656058790596693
operator_ablation,full,evaluation,default,window16,,,"{""operator_kind"":""unrescaled_window"",""operator_parameter"":16}",{},20,horizon,500,selected_action_optimism_violation_rate,20,0.0,0.0,0.0,0.0,0.0,0.0
operator_ablation,full,evaluation,default,window16,,,"{""operator_kind"":""unrescaled_window"",""operator_parameter"":16}",{},20,horizon,500,theorem_bound_slack,20,60592.01265220762,56.76005495872895,12.691934129434195,60565.448128777745,60618.57717563749,26.564523429871546
operator_ablation,full,evaluation,default,window16,,,"{""operator_kind"":""unrescaled_window"",""operator_parameter"":16}",{},20,horizon,500,theorem_rhs,20,60755.50084498267,56.7020898138678,12.67897272901068,60728.963450075666,60782.038239889676,26.53739490700631
operator_ablation,full,evaluation,default,window16,,,"{""operator_kind"":""unrescaled_window"",""operator_parameter"":16}",{},20,horizon,500,theory_factor,20,408.2842077975371,0.0,0.0,408.2842077975371,408.2842077975371,0.0
operator_ablation,full,evaluation,default,window16,,,"{""operator_kind"":""unrescaled_window"",""operator_parameter"":16}",{},20,horizon,500,transfer_slack_min,20,0.6956347889459806,0.3032411588206323,0.06780678446987437,0.5537135579984538,0.8375560198935075,0.1419212309475268
operator_ablation,full,evaluation,default,window16,,,"{""operator_kind"":""unrescaled_window"",""operator_parameter"":16}",{},20,horizon,500,transition_logdet,20,-3.4612834475759007,0.14247640502012002,0.03185869268147806,-3.5279644577002363,-3.394602437451565,0.06668101012433553
operator_ablation,full,evaluation,default,window16,,,"{""operator_kind"":""unrescaled_window"",""operator_parameter"":16}",{},20,horizon,500,true_mean,20,0.0019068542494923859,0.33538576207201326,0.07499453626785924,-0.1550585141083333,0.15887222260731806,0.15696536835782568
operator_ablation,full,evaluation,default,window16,,,"{""operator_kind"":""unrescaled_window"",""operator_parameter"":16}",{},20,horizon,500,u_t,20,1.0,0.0,0.0,1.0,1.0,0.0
operator_ablation,full,evaluation,default,window16,,,"{""operator_kind"":""unrescaled_window"",""operator_parameter"":16}",{},20,horizon,500,variation_increment,20,3.4612834475759007,0.14247640502012002,0.03185869268147806,3.394602437451565,3.5279644577002363,0.06668101012433553
operator_ablation,full,evaluation,default,window16,,,"{""operator_kind"":""unrescaled_window"",""operator_parameter"":16}",{},20,horizon,500,width_distortion,20,16.727434415345048,1.2686328566049347,0.2836749305858377,16.13369596199628,17.321172868693814,0.5937384533487656
operator_ablation,full,evaluation,default,window16,,,"{""operator_kind"":""unrescaled_window"",""operator_parameter"":16}",{},20,horizon,500,width_dynamic_bound,20,5284.740211785457,9.86483984846123,2.2058452488308036,5280.123324619352,5289.357098951562,4.616887166105153
operator_ablation,full,evaluation,default,window16,,,"{""operator_kind"":""unrescaled_window"",""operator_parameter"":16}",{},20,horizon,500,width_dynamic_slack,20,4315.221879693077,3.7320679994098382,0.8345157743332043,4313.475218103615,4316.96854128254,1.7466615894625726
operator_ablation,full,evaluation,default,window16,,,"{""operator_kind"":""unrescaled_window"",""operator_parameter"":16}",{},20,horizon,500,width_information_bound,20,5284.740211785445,9.864839848462605,2.205845248831111,5280.12332461934,5289.357098951551,4.616887166105796
operator_ablation,full,evaluation,default,window16,,,"{""operator_kind"":""unrescaled_window"",""operator_parameter"":16}",{},20,horizon,500,width_information_slack,20,4315.221879693065,3.732067999411257,0.8345157743335215,4313.475218103601,4316.968541282528,1.7466615894632365
operator_ablation,full,evaluation,default,window16,,,"{""operator_kind"":""unrescaled_window"",""operator_parameter"":16}",{},20,horizon,500,width_squared_cumulative,20,969.5183320923803,6.34812544279321,1.419484001978157,966.5473179313923,972.4893462533684,2.971014160988054
operator_ablation,full,evaluation,default,window16,,,"{""operator_kind"":""unrescaled_window"",""operator_parameter"":16}",{},20,horizon,500,xi_min_eigenvalue,20,-0.9683028320005123,0.0046093492908697836,0.0010306818346425286,-0.9704600738728607,-0.9661455901281638,0.0021572418723484993
operator_ablation,full,evaluation,default,window64,,,"{""operator_kind"":""unrescaled_window"",""operator_parameter"":64}",{},20,summary,,Gamma_dynamic_T,20,665.663752450393,8.211525675898713,1.8361529610294427,661.8206401353852,669.5068647654007,3.8431123150076654
operator_ablation,full,evaluation,default,window64,,,"{""operator_kind"":""unrescaled_window"",""operator_parameter"":64}",{},20,summary,,Lambda_alg_T,20,665.6637524503897,8.211525675898557,1.8361529610294078,661.8206401353821,669.5068647653973,3.8431123150075925
operator_ablation,full,evaluation,default,window64,,,"{""operator_kind"":""unrescaled_window"",""operator_parameter"":64}",{},20,summary,,V_alg_T,20,505.6762842229259,8.628003303529887,1.9292801896785579,501.6382543782353,509.71431406761656,4.038029844690646
operator_ablation,full,evaluation,default,window64,,,"{""operator_kind"":""unrescaled_window"",""operator_parameter"":64}",{},20,summary,,action_disagreement_count,20,293.45,7.052248614896938,1.5769307297138289,290.1494460505733,296.75055394942666,3.300553949426691
operator_ablation,full,evaluation,default,window64,,,"{""operator_kind"":""unrescaled_window"",""operator_parameter"":64}",{},20,summary,,action_disagreement_rate,20,0.5869,0.014104497229793875,0.003153861459427658,0.5802988921011466,0.5935011078988534,0.006601107898853382
operator_ablation,full,evaluation,default,window64,,,"{""operator_kind"":""unrescaled_window"",""operator_parameter"":64}",{},20,summary,,action_disagreement_with_full_count,20,293.45,7.052248614896938,1.5769307297138289,290.1494460505733,296.75055394942666,3.300553949426691
operator_ablation,full,evaluation,default,window64,,,"{""operator_kind"":""unrescaled_window"",""operator_parameter"":64}",{},20,summary,,action_set_max_cbar_width_squared_over_chat_width_squared,20,1.000000000000003,7.894959864445977e-16,1.765366693653373e-16,1.0000000000000027,1.0000000000000036,3.6949549546677734e-16
operator_ablation,full,evaluation,default,window64,,,"{""operator_kind"":""unrescaled_window"",""operator_parameter"":64}",{},20,summary,,action_set_transfer_max,20,1.000000000000003,7.894959864445977e-16,1.765366693653373e-16,1.0000000000000027,1.0000000000000036,3.6949549546677734e-16
operator_ablation,full,evaluation,default,window64,,,"{""operator_kind"":""unrescaled_window"",""operator_parameter"":64}",{},20,summary,,cumulative_pseudo_regret,20,148.11939288519713,5.166973764052519,1.155370457437939,145.70117472602678,150.53761104436748,2.4182181591703378
operator_ablation,full,evaluation,default,window64,,,"{""operator_kind"":""unrescaled_window"",""operator_parameter"":64}",{},20,summary,,dynamic_identity_residual,20,-3.1604940886609257e-12,5.440988767223815e-13,1.216642074832523e-13,-3.4151402014838962e-12,-2.905847975837955e-12,2.546461128229704e-13
operator_ablation,full,evaluation,default,window64,,,"{""operator_kind"":""unrescaled_window"",""operator_parameter"":64}",{},20,summary,,endpoint_logdet_T,20,159.9874682274671,1.7542327550320682,0.3922583688608441,159.1664620258984,160.8084744290358,0.8210062015687137
operator_ablation,full,evaluation,default,window64,,,"{""operator_kind"":""unrescaled_window"",""operator_parameter"":64}",{},20,summary,,exact_global_kappa_plus_max,20,1.0000000000001035,1.1741205575991786e-14,2.6254133805717206e-15,1.000000000000098,1.000000000000109,5.4950533583020465e-15
operator_ablation,full,evaluation,default,window64,,,"{""operator_kind"":""unrescaled_window"",""operator_parameter"":64}",{},20,summary,,exact_global_kappa_plus_min,20,0.9999999999999988,2.1336115647668037e-15,4.770900496398268e-16,0.9999999999999978,0.9999999999999998,9.985609500150117e-16
operator_ablation,full,evaluation,default,window64,,,"{""operator_kind"":""unrescaled_window"",""operator_parameter"":64}",{},20,summary,,kappa_plus_max,20,1.0000000000001035,1.1741205575991786e-14,2.6254133805717206e-15,1.000000000000098,1.000000000000109,5.4950533583020465e-15
operator_ablation,full,evaluation,default,window64,,,"{""operator_kind"":""unrescaled_window"",""operator_parameter"":64}",{},20,summary,,kappa_plus_min,20,0.9999999999999988,2.1336115647668037e-15,4.770900496398268e-16,0.9999999999999978,0.9999999999999998,9.985609500150117e-16
operator_ablation,full,evaluation,default,window64,,,"{""operator_kind"":""unrescaled_window"",""operator_parameter"":64}",{},20,summary,,max_relative_width_distortion,20,8.607079424200196,1.3316191874333927,0.29775910232440994,7.98386246061618,9.230296387784211,0.623216963584015
operator_ablation,full,evaluation,default,window64,,,"{""operator_kind"":""unrescaled_window"",""operator_parameter"":64}",{},20,summary,,mean_cg_iterations,20,0.0,0.0,0.0,0.0,0.0,0.0
operator_ablation,full,evaluation,default,window64,,,"{""operator_kind"":""unrescaled_window"",""operator_parameter"":64}",{},20,summary,,operator_parameter,20,64.0,0.0,0.0,64.0,64.0,0.0
operator_ablation,full,evaluation,default,window64,,,"{""operator_kind"":""unrescaled_window"",""operator_parameter"":64}",{},20,summary,,optimism_violation_count,20,0.0,0.0,0.0,0.0,0.0,0.0
operator_ablation,full,evaluation,default,window64,,,"{""operator_kind"":""unrescaled_window"",""operator_parameter"":64}",{},20,summary,,optimism_violation_rate,20,0.0,0.0,0.0,0.0,0.0,0.0
operator_ablation,full,evaluation,default,window64,,,"{""operator_kind"":""unrescaled_window"",""operator_parameter"":64}",{},20,summary,,optimism_violation_rounds,20,0.0,0.0,0.0,0.0,0.0,0.0
operator_ablation,full,evaluation,default,window64,,,"{""operator_kind"":""unrescaled_window"",""operator_parameter"":64}",{},20,summary,,peak_host_memory_bytes,20,1183255756.8,592189504.1830728,132417598.69152468,906102537.5116526,1460408976.0883474,277153219.28834736
operator_ablation,full,evaluation,default,window64,,,"{""operator_kind"":""unrescaled_window"",""operator_parameter"":64}",{},20,summary,,rounds,20,500.0,0.0,0.0,500.0,500.0,0.0
operator_ablation,full,evaluation,default,window64,,,"{""operator_kind"":""unrescaled_window"",""operator_parameter"":64}",{},20,summary,,runtime_seconds,20,0.5111649400991155,0.00850131973483966,0.0019009528825561966,0.5071861999896286,0.5151436802086025,0.003978740109486932
operator_ablation,full,evaluation,default,window64,,,"{""operator_kind"":""unrescaled_window"",""operator_parameter"":64}",{},20,summary,,seed,20,129.5,5.916079783099616,1.3228756555322954,126.73118943197974,132.26881056802026,2.768810568020254
operator_ablation,full,evaluation,default,window64,,,"{""operator_kind"":""unrescaled_window"",""operator_parameter"":64}",{},20,summary,,width_distortion_max,20,8.607079424200196,1.3316191874333927,0.29775910232440994,7.98386246061618,9.230296387784211,0.623216963584015
operator_ablation,full,evaluation,default,window64,,,"{""operator_kind"":""unrescaled_window"",""operator_parameter"":64}",{},20,horizon,500,C_Cbar_max_abs,20,0.0,0.0,0.0,0.0,0.0,0.0
operator_ablation,full,evaluation,default,window64,,,"{""operator_kind"":""unrescaled_window"",""operator_parameter"":64}",{},20,horizon,500,E_T,20,0.0,0.0,0.0,0.0,0.0,0.0
operator_ablation,full,evaluation,default,window64,,,"{""operator_kind"":""unrescaled_window"",""operator_parameter"":64}",{},20,horizon,500,E_t,20,0.0,0.0,0.0,0.0,0.0,0.0
operator_ablation,full,evaluation,default,window64,,,"{""operator_kind"":""unrescaled_window"",""operator_parameter"":64}",{},20,horizon,500,F_T,20,0.0,0.0,0.0,0.0,0.0,0.0
operator_ablation,full,evaluation,default,window64,,,"{""operator_kind"":""unrescaled_window"",""operator_parameter"":64}",{},20,horizon,500,F_t,20,0.0,0.0,0.0,0.0,0.0,0.0
operator_ablation,full,evaluation,default,window64,,,"{""operator_kind"":""unrescaled_window"",""operator_parameter"":64}",{},20,horizon,500,Gamma_dynamic_T,20,665.663752450393,8.211525675898713,1.8361529610294427,661.8206401353852,669.5068647654007,3.8431123150076654
operator_ablation,full,evaluation,default,window64,,,"{""operator_kind"":""unrescaled_window"",""operator_parameter"":64}",{},20,horizon,500,Gamma_dynamic_cumulative,20,665.663752450393,8.211525675898713,1.8361529610294427,661.8206401353852,669.5068647654007,3.8431123150076654
operator_ablation,full,evaluation,default,window64,,,"{""operator_kind"":""unrescaled_window"",""operator_parameter"":64}",{},20,horizon,500,Lambda_alg_T,20,665.6637524503897,8.211525675898557,1.8361529610294078,661.8206401353821,669.5068647653973,3.8431123150075925
operator_ablation,full,evaluation,default,window64,,,"{""operator_kind"":""unrescaled_window"",""operator_parameter"":64}",{},20,horizon,500,Lambda_alg_cumulative,20,665.6637524503897,8.211525675898557,1.8361529610294078,661.8206401353821,669.5068647653973,3.8431123150075925
operator_ablation,full,evaluation,default,window64,,,"{""operator_kind"":""unrescaled_window"",""operator_parameter"":64}",{},20,horizon,500,S_T,20,174617.56819491085,0.0,0.0,174617.56819491085,174617.56819491085,0.0
operator_ablation,full,evaluation,default,window64,,,"{""operator_kind"":""unrescaled_window"",""operator_parameter"":64}",{},20,horizon,500,S_t_cumulative,20,174617.56819491085,0.0,0.0,174617.56819491085,174617.56819491085,0.0
operator_ablation,full,evaluation,default,window64,,,"{""operator_kind"":""unrescaled_window"",""operator_parameter"":64}",{},20,horizon,500,V_alg_T,20,505.6762842229259,8.628003303529887,1.9292801896785579,501.6382543782353,509.71431406761656,4.038029844690646
operator_ablation,full,evaluation,default,window64,,,"{""operator_kind"":""unrescaled_window"",""operator_parameter"":64}",{},20,horizon,500,V_alg_cumulative,20,505.6762842229259,8.628003303529887,1.9292801896785579,501.6382543782353,509.71431406761656,4.038029844690646
operator_ablation,full,evaluation,default,window64,,,"{""operator_kind"":""unrescaled_window"",""operator_parameter"":64}",{},20,horizon,500,action,20,2.6,1.3917047478769187,0.3111946420861996,1.9486621285106,3.2513378714894,0.6513378714894
operator_ablation,full,evaluation,default,window64,,,"{""operator_kind"":""unrescaled_window"",""operator_parameter"":64}",{},20,horizon,500,action_set_max_cbar_width_over_chat_width,20,0.3640188591480798,0.045363028711064846,0.010143481586321565,0.34278830819246103,0.38524941010369856,0.021230550955618786
operator_ablation,full,evaluation,default,window64,,,"{""operator_kind"":""unrescaled_window"",""operator_parameter"":64}",{},20,horizon,500,action_set_max_cbar_width_squared_over_chat_width_squared,20,0.1344646439706184,0.03335864706412824,0.007459220247281453,0.11885231656592884,0.15007697137530798,0.015612327404689574
operator_ablation,full,evaluation,default,window64,,,"{""operator_kind"":""unrescaled_window"",""operator_parameter"":64}",{},20,horizon,500,action_set_transfer,20,0.1344646439706184,0.03335864706412824,0.007459220247281453,0.11885231656592884,0.15007697137530798,0.015612327404689574
operator_ablation,full,evaluation,default,window64,,,"{""operator_kind"":""unrescaled_window"",""operator_parameter"":64}",{},20,horizon,500,all_action_optimism_violation_rate,20,0.0,0.0,0.0,0.0,0.0,0.0
operator_ablation,full,evaluation,default,window64,,,"{""operator_kind"":""unrescaled_window"",""operator_parameter"":64}",{},20,horizon,500,alpha_t,20,1.0,0.0,0.0,1.0,1.0,0.0
operator_ablation,full,evaluation,default,window64,,,"{""operator_kind"":""unrescaled_window"",""operator_parameter"":64}",{},20,horizon,500,bar_chi_t,20,0.0,0.0,0.0,0.0,0.0,0.0
operator_ablation,full,evaluation,default,window64,,,"{""operator_kind"":""unrescaled_window"",""operator_parameter"":64}",{},20,horizon,500,bar_psi_t,20,0.0,0.0,0.0,0.0,0.0,0.0
operator_ablation,full,evaluation,default,window64,,,"{""operator_kind"":""unrescaled_window"",""operator_parameter"":64}",{},20,horizon,500,beta_t,20,20.206043843304336,0.0,0.0,20.206043843304336,20.206043843304336,0.0
operator_ablation,full,evaluation,default,window64,,,"{""operator_kind"":""unrescaled_window"",""operator_parameter"":64}",{},20,horizon,500,bonus_lower_slack_min,20,2.752435083148599,0.5993656859957066,0.13402224172671937,2.4719233073888502,3.0329468589083475,0.28051177575974856
operator_ablation,full,evaluation,default,window64,,,"{""operator_kind"":""unrescaled_window"",""operator_parameter"":64}",{},20,horizon,500,bonus_upper_slack_min,20,0.0,0.0,0.0,0.0,0.0,0.0
operator_ablation,full,evaluation,default,window64,,,"{""operator_kind"":""unrescaled_window"",""operator_parameter"":64}",{},20,horizon,500,cg_certified_epsilon,20,0.0,0.0,0.0,0.0,0.0,0.0
operator_ablation,full,evaluation,default,window64,,,"{""operator_kind"":""unrescaled_window"",""operator_parameter"":64}",{},20,horizon,500,cg_energy_error_max,20,0.0,0.0,0.0,0.0,0.0,0.0
operator_ablation,full,evaluation,default,window64,,,"{""operator_kind"":""unrescaled_window"",""operator_parameter"":64}",{},20,horizon,500,cg_sandwich_lower_slack_min,20,0.0,0.0,0.0,0.0,0.0,0.0
operator_ablation,full,evaluation,default,window64,,,"{""operator_kind"":""unrescaled_window"",""operator_parameter"":64}",{},20,horizon,500,cg_sandwich_upper_slack_min,20,0.0,0.0,0.0,0.0,0.0,0.0
operator_ablation,full,evaluation,default,window64,,,"{""operator_kind"":""unrescaled_window"",""operator_parameter"":64}",{},20,horizon,500,chi_t,20,0.0,0.0,0.0,0.0,0.0,0.0
operator_ablation,full,evaluation,default,window64,,,"{""operator_kind"":""unrescaled_window"",""operator_parameter"":64}",{},20,horizon,500,confidence_ratio_max,20,1.697110808101895,0.5924844601676318,0.1324835528547091,1.4198195451635143,1.9744020710402759,0.27729126293838074
operator_ablation,full,evaluation,default,window64,,,"{""operator_kind"":""unrescaled_window"",""operator_parameter"":64}",{},20,horizon,500,cumulative_pseudo_regret,20,148.11939288519713,5.166973764052519,1.155370457437939,145.70117472602678,150.53761104436748,2.4182181591703378
operator_ablation,full,evaluation,default,window64,,,"{""operator_kind"":""unrescaled_window"",""operator_parameter"":64}",{},20,horizon,500,dynamic_bound_slack,20,3.325340003357269e-12,5.305207676467089e-13,1.186280499933412e-13,3.0770486411936544e-12,3.5736313655208834e-12,2.482913621636146e-13
operator_ablation,full,evaluation,default,window64,,,"{""operator_kind"":""unrescaled_window"",""operator_parameter"":64}",{},20,horizon,500,dynamic_identity_residual,20,-3.1604940886609257e-12,5.440988767223815e-13,1.216642074832523e-13,-3.4151402014838962e-12,-2.905847975837955e-12,2.546461128229704e-13
operator_ablation,full,evaluation,default,window64,,,"{""operator_kind"":""unrescaled_window"",""operator_parameter"":64}",{},20,horizon,500,dynamic_identity_rhs,20,665.6637524503928,8.211525675898715,1.8361529610294431,661.8206401353851,669.5068647654006,3.8431123150076663
operator_ablation,full,evaluation,default,window64,,,"{""operator_kind"":""unrescaled_window"",""operator_parameter"":64}",{},20,horizon,500,endpoint_logdet,20,159.9874682274671,1.7542327550320682,0.3922583688608441,159.1664620258984,160.8084744290358,0.8210062015687137
operator_ablation,full,evaluation,default,window64,,,"{""operator_kind"":""unrescaled_window"",""operator_parameter"":64}",{},20,horizon,500,exact_global_kappa_plus,20,1.000000000000044,1.484985795362936e-14,3.3205291840531165e-15,1.000000000000037,1.0000000000000508,6.949947455587967e-15
operator_ablation,full,evaluation,default,window64,,,"{""operator_kind"":""unrescaled_window"",""operator_parameter"":64}",{},20,horizon,500,gamma_upper_t,20,324.1334518928847,0.0,0.0,324.1334518928847,324.1334518928847,0.0
operator_ablation,full,evaluation,default,window64,,,"{""operator_kind"":""unrescaled_window"",""operator_parameter"":64}",{},20,horizon,500,global_kappa_plus_C_hat_C_full,20,1.000000000000044,1.484985795362936e-14,3.3205291840531165e-15,1.000000000000037,1.0000000000000508,6.949947455587967e-15
operator_ablation,full,evaluation,default,window64,,,"{""operator_kind"":""unrescaled_window"",""operator_parameter"":64}",{},20,horizon,500,information_increment,20,1.15906272746875,0.2705513100346683,0.06049711206391393,1.032440816696743,1.285684638240757,0.12662191077200693
operator_ablation,full,evaluation,default,window64,,,"{""operator_kind"":""unrescaled_window"",""operator_parameter"":64}",{},20,horizon,500,kappa_bar_t,20,299.8186594539592,15.78552117632051,3.52974984105151,292.43080813059447,307.2065107773239,7.387851323364715
operator_ablation,full,evaluation,default,window64,,,"{""operator_kind"":""unrescaled_window"",""operator_parameter"":64}",{},20,horizon,500,kappa_plus,20,1.000000000000044,1.484985795362936e-14,3.3205291840531165e-15,1.000000000000037,1.0000000000000508,6.949947455587967e-15
operator_ablation,full,evaluation,default,window64,,,"{""operator_kind"":""unrescaled_window"",""operator_parameter"":64}",{},20,horizon,500,kappa_t,20,299.8186594539592,15.78552117632051,3.52974984105151,292.43080813059447,307.2065107773239,7.387851323364715
operator_ablation,full,evaluation,default,window64,,,"{""operator_kind"":""unrescaled_window"",""operator_parameter"":64}",{},20,horizon,500,max_chi_t,20,0.0,0.0,0.0,0.0,0.0,0.0
operator_ablation,full,evaluation,default,window64,,,"{""operator_kind"":""unrescaled_window"",""operator_parameter"":64}",{},20,horizon,500,max_psi_t,20,0.0,0.0,0.0,0.0,0.0,0.0
operator_ablation,full,evaluation,default,window64,,,"{""operator_kind"":""unrescaled_window"",""operator_parameter"":64}",{},20,horizon,500,max_relative_width_distortion,20,3.9234872434411647,1.0091164516053575,0.2256452983002956,3.4512062063345077,4.395768280547822,0.4722810371066569
operator_ablation,full,evaluation,default,window64,,,"{""operator_kind"":""unrescaled_window"",""operator_parameter"":64}",{},20,horizon,500,max_theory_factor,20,408.2842077975371,0.0,0.0,408.2842077975371,408.2842077975371,0.0
operator_ablation,full,evaluation,default,window64,,,"{""operator_kind"":""unrescaled_window"",""operator_parameter"":64}",{},20,horizon,500,max_u_t,20,1.0,0.0,0.0,1.0,1.0,0.0
operator_ablation,full,evaluation,default,window64,,,"{""operator_kind"":""unrescaled_window"",""operator_parameter"":64}",{},20,horizon,500,mean_cg_iterations,20,0.0,0.0,0.0,0.0,0.0,0.0
operator_ablation,full,evaluation,default,window64,,,"{""operator_kind"":""unrescaled_window"",""operator_parameter"":64}",{},20,horizon,500,mean_chi_t,20,0.0,0.0,0.0,0.0,0.0,0.0
operator_ablation,full,evaluation,default,window64,,,"{""operator_kind"":""unrescaled_window"",""operator_parameter"":64}",{},20,horizon,500,mean_psi_t,20,0.0,0.0,0.0,0.0,0.0,0.0
operator_ablation,full,evaluation,default,window64,,,"{""operator_kind"":""unrescaled_window"",""operator_parameter"":64}",{},20,horizon,500,mean_relative_width_distortion,20,2.684165369360426,0.3781025567585868,0.08454630193786726,2.507207925693202,2.86112281302765,0.176957443667224
operator_ablation,full,evaluation,default,window64,,,"{""operator_kind"":""unrescaled_window"",""operator_parameter"":64}",{},20,horizon,500,mean_round_runtime_seconds,20,0.001137025046045892,3.570692498478488e-05,7.984311153346463e-06,0.0011203136907440574,0.0011537364013477266,1.6711355301834693e-05
operator_ablation,full,evaluation,default,window64,,,"{""operator_kind"":""unrescaled_window"",""operator_parameter"":64}",{},20,horizon,500,mean_theory_factor,20,408.2842077975371,0.0,0.0,408.2842077975371,408.2842077975371,0.0
operator_ablation,full,evaluation,default,window64,,,"{""operator_kind"":""unrescaled_window"",""operator_parameter"":64}",{},20,horizon,500,mean_u_t,20,1.0,0.0,0.0,1.0,1.0,0.0
operator_ablation,full,evaluation,default,window64,,,"{""operator_kind"":""unrescaled_window"",""operator_parameter"":64}",{},20,horizon,500,noise,20,-0.12428312308502396,0.28978733638402343,0.06479841831732745,-0.2599077713108023,0.011341525140754372,0.13562464822577833
operator_ablation,full,evaluation,default,window64,,,"{""operator_kind"":""unrescaled_window"",""operator_parameter"":64}",{},20,horizon,500,omega_t,20,20.206043843304336,0.0,0.0,20.206043843304336,20.206043843304336,0.0
operator_ablation,full,evaluation,default,window64,,,"{""operator_kind"":""unrescaled_window"",""operator_parameter"":64}",{},20,horizon,500,operator_condition_number,20,299.8186594539592,15.78552117632051,3.52974984105151,292.43080813059447,307.2065107773239,7.387851323364715
operator_ablation,full,evaluation,default,window64,,,"{""operator_kind"":""unrescaled_window"",""operator_parameter"":64}",{},20,horizon,500,operator_min_eigenvalue,20,0.999999999999971,1.0670210312870962e-14,2.3859315593798767e-15,0.999999999999966,0.999999999999976,4.9938121459540075e-15
operator_ablation,full,evaluation,default,window64,,,"{""operator_kind"":""unrescaled_window"",""operator_parameter"":64}",{},20,horizon,500,operator_parameter,20,64.0,0.0,0.0,64.0,64.0,0.0
operator_ablation,full,evaluation,default,window64,,,"{""operator_kind"":""unrescaled_window"",""operator_parameter"":64}",{},20,horizon,500,optimal_action,20,1.9,1.4832396974191326,0.33166247903553997,1.2058224534339232,2.5941775465660766,0.6941775465660766
operator_ablation,full,evaluation,default,window64,,,"{""operator_kind"":""unrescaled_window"",""operator_parameter"":64}",{},20,horizon,500,optimal_mean,20,0.35904603128039303,0.06404693033427485,0.014321328997763188,0.32907114519697944,0.3890209173638066,0.029974886083413588
operator_ablation,full,evaluation,default,window64,,,"{""operator_kind"":""unrescaled_window"",""operator_parameter"":64}",{},20,horizon,500,optimism_violation_count,20,0.0,0.0,0.0,0.0,0.0,0.0
operator_ablation,full,evaluation,default,window64,,,"{""operator_kind"":""unrescaled_window"",""operator_parameter"":64}",{},20,horizon,500,optimism_violation_max,20,0.0,0.0,0.0,0.0,0.0,0.0
operator_ablation,full,evaluation,default,window64,,,"{""operator_kind"":""unrescaled_window"",""operator_parameter"":64}",{},20,horizon,500,optimism_violation_rate,20,0.0,0.0,0.0,0.0,0.0,0.0
operator_ablation,full,evaluation,default,window64,,,"{""operator_kind"":""unrescaled_window"",""operator_parameter"":64}",{},20,horizon,500,peak_host_memory_bytes,20,1183255756.8,592189504.1830728,132417598.69152468,906102537.5116526,1460408976.0883474,277153219.28834736
operator_ablation,full,evaluation,default,window64,,,"{""operator_kind"":""unrescaled_window"",""operator_parameter"":64}",{},20,horizon,500,policy_transfer_factor,20,1.0,0.0,0.0,1.0,1.0,0.0
operator_ablation,full,evaluation,default,window64,,,"{""operator_kind"":""unrescaled_window"",""operator_parameter"":64}",{},20,horizon,500,pseudo_regret,20,0.24775209204105306,0.32191090429207914,0.07198146646955177,0.09709315124869608,0.39841103283341006,0.15065894079235698
operator_ablation,full,evaluation,default,window64,,,"{""operator_kind"":""unrescaled_window"",""operator_parameter"":64}",{},20,horizon,500,psi_t,20,0.0,0.0,0.0,0.0,0.0,0.0
operator_ablation,full,evaluation,default,window64,,,"{""operator_kind"":""unrescaled_window"",""operator_parameter"":64}",{},20,horizon,500,reference_update_max_abs,20,4.618527782440651e-15,2.6030558937330516e-15,5.820609927618572e-16,3.4002601234573037e-15,5.836795441423999e-15,1.2182676589833476e-15
operator_ablation,full,evaluation,default,window64,,,"{""operator_kind"":""unrescaled_window"",""operator_parameter"":64}",{},20,horizon,500,reward,20,-0.012989183845683979,0.4896306840308618,0.10948474933627277,-0.242143397797367,0.21616503010599902,0.229154213951683
operator_ablation,full,evaluation,default,window64,,,"{""operator_kind"":""unrescaled_window"",""operator_parameter"":64}",{},20,horizon,500,rho_minus,20,0.01356506671187858,0.004720310698441927,0.001055493559663566,0.011355893302229685,0.015774240121527474,0.0022091734096488947
operator_ablation,full,evaluation,default,window64,,,"{""operator_kind"":""unrescaled_window"",""operator_parameter"":64}",{},20,horizon,500,rho_plus,20,1.000000000000044,1.484985795362936e-14,3.3205291840531165e-15,1.000000000000037,1.0000000000000508,6.949947455587967e-15
operator_ablation,full,evaluation,default,window64,,,"{""operator_kind"":""unrescaled_window"",""operator_parameter"":64}",{},20,horizon,500,ridge_normal_equation_residual,20,1.4597491164111e-13,2.6249335140811907e-14,5.8695297739029435e-15,1.3368984463626538e-13,1.5825997864595462e-13,1.2285067004844622e-14
operator_ablation,full,evaluation,default,window64,,,"{""operator_kind"":""unrescaled_window"",""operator_parameter"":64}",{},20,horizon,500,round,20,500.0,0.0,0.0,500.0,500.0,0.0
operator_ablation,full,evaluation,default,window64,,,"{""operator_kind"":""unrescaled_window"",""operator_parameter"":64}",{},20,horizon,500,round_runtime_seconds,20,0.001137025046045892,3.570692498478488e-05,7.984311153346463e-06,0.0011203136907440574,0.0011537364013477266,1.6711355301834693e-05
operator_ablation,full,evaluation,default,window64,,,"{""operator_kind"":""unrescaled_window"",""operator_parameter"":64}",{},20,horizon,500,runtime_seconds,20,0.5111649400991155,0.00850131973483966,0.0019009528825561966,0.5071861999896286,0.5151436802086025,0.003978740109486932
operator_ablation,full,evaluation,default,window64,,,"{""operator_kind"":""unrescaled_window"",""operator_parameter"":64}",{},20,horizon,500,same_history_full_action,20,2.6,1.2732056517228265,0.2846974386589162,2.0041214126584546,3.1958785873415456,0.5958785873415456
operator_ablation,full,evaluation,default,window64,,,"{""operator_kind"":""unrescaled_window"",""operator_parameter"":64}",{},20,horizon,500,selected_action_optimism_violation_rate,20,0.0,0.0,0.0,0.0,0.0,0.0
operator_ablation,full,evaluation,default,window64,,,"{""operator_kind"":""unrescaled_window"",""operator_parameter"":64}",{},20,horizon,500,theorem_bound_slack,20,37585.77244734858,231.1486591080896,51.686411467361424,37477.591544861345,37693.953349835814,108.18090248723291
operator_ablation,full,evaluation,default,window64,,,"{""operator_kind"":""unrescaled_window"",""operator_parameter"":64}",{},20,horizon,500,theorem_rhs,20,37733.89184023377,233.01518421124607,52.10377916859819,37624.83737710832,37842.946303359226,109.05446312545456
operator_ablation,full,evaluation,default,window64,,,"{""operator_kind"":""unrescaled_window"",""operator_parameter"":64}",{},20,horizon,500,theory_factor,20,408.2842077975371,0.0,0.0,408.2842077975371,408.2842077975371,0.0
operator_ablation,full,evaluation,default,window64,,,"{""operator_kind"":""unrescaled_window"",""operator_parameter"":64}",{},20,horizon,500,transfer_slack_min,20,0.04007043335465284,0.013727744382394467,0.003069616961677489,0.033645651216042106,0.04649521549326357,0.006424782138610733
operator_ablation,full,evaluation,default,window64,,,"{""operator_kind"":""unrescaled_window"",""operator_parameter"":64}",{},20,horizon,500,transition_logdet,20,-1.151678485609134,0.5846561413501067,0.1307330875521564,-1.4253059825628647,-0.8780509886554032,0.2736274969537308
operator_ablation,full,evaluation,default,window64,,,"{""operator_kind"":""unrescaled_window"",""operator_parameter"":64}",{},20,horizon,500,true_mean,20,0.11129393923933997,0.3440822638973858,0.07693913319265763,-0.04974151725821718,0.27232939573689713,0.16103545649755716
operator_ablation,full,evaluation,default,window64,,,"{""operator_kind"":""unrescaled_window"",""operator_parameter"":64}",{},20,horizon,500,u_t,20,1.0,0.0,0.0,1.0,1.0,0.0
operator_ablation,full,evaluation,default,window64,,,"{""operator_kind"":""unrescaled_window"",""operator_parameter"":64}",{},20,horizon,500,variation_increment,20,1.151678485609134,0.5846561413501067,0.1307330875521564,0.8780509886554032,1.4253059825628647,0.2736274969537308
operator_ablation,full,evaluation,default,window64,,,"{""operator_kind"":""unrescaled_window"",""operator_parameter"":64}",{},20,horizon,500,width_distortion,20,3.9234872434411647,1.0091164516053575,0.2256452983002956,3.4512062063345077,4.395768280547822,0.4722810371066569
operator_ablation,full,evaluation,default,window64,,,"{""operator_kind"":""unrescaled_window"",""operator_parameter"":64}",{},20,horizon,500,width_dynamic_bound,20,2038.5952418793283,25.14779738243981,5.623218443152669,2026.8257104146173,2050.3647733440393,11.769531464710976
operator_ablation,full,evaluation,default,window64,,,"{""operator_kind"":""unrescaled_window"",""operator_parameter"":64}",{},20,horizon,500,width_dynamic_slack,20,1900.5590809729088,23.38049213058127,5.228036975137861,1889.6166738266093,1911.5014881192083,10.942407146299596
operator_ablation,full,evaluation,default,window64,,,"{""operator_kind"":""unrescaled_window"",""operator_parameter"":64}",{},20,horizon,500,width_information_bound,20,2038.595241879318,25.147797382439293,5.623218443152553,2026.8257104146073,2050.364773344029,11.769531464710735
operator_ablation,full,evaluation,default,window64,,,"{""operator_kind"":""unrescaled_window"",""operator_parameter"":64}",{},20,horizon,500,width_information_slack,20,1900.5590809728988,23.380492130580787,5.228036975137753,1889.6166738265995,1911.501488119198,10.94240714629937
operator_ablation,full,evaluation,default,window64,,,"{""operator_kind"":""unrescaled_window"",""operator_parameter"":64}",{},20,horizon,500,width_squared_cumulative,20,138.03616090641952,2.388713890650894,0.5341326638293398,136.91820839277952,139.15411342005953,1.117952513639995
operator_ablation,full,evaluation,default,window64,,,"{""operator_kind"":""unrescaled_window"",""operator_parameter"":64}",{},20,horizon,500,xi_min_eigenvalue,20,-0.6393614522954186,0.15934965436640167,0.035631665935437026,-0.7139393861969294,-0.5647835183939078,0.07457793390151082
operator_ablation,full,evaluation,offline_common_trajectory_diagnostic,diagonal,,offline_noncausal_not_executed_policy,"{""operator_kind"":""diagonal""}",{},20,offline_summary,,Gamma_dynamic_T,20,304.2323227136793,0.029877646723848735,0.006680844908224966,304.21833954458265,304.24630588277597,0.013983169096686123
operator_ablation,full,evaluation,offline_common_trajectory_diagnostic,diagonal,,offline_noncausal_not_executed_policy,"{""operator_kind"":""diagonal""}",{},20,offline_summary,,Lambda_alg_T,20,176.40066254557402,0.12839626178490252,0.02871027694079005,176.34057124532822,176.46075384581982,0.060091300245797764
operator_ablation,full,evaluation,offline_common_trajectory_diagnostic,diagonal,,offline_noncausal_not_executed_policy,"{""operator_kind"":""diagonal""}",{},20,offline_summary,,V_alg_T,20,0.0,0.0,0.0,0.0,0.0,0.0
operator_ablation,full,evaluation,offline_common_trajectory_diagnostic,diagonal,,offline_noncausal_not_executed_policy,"{""operator_kind"":""diagonal""}",{},20,offline_summary,,action_disagreement_count,20,243.2,9.55097129257433,2.1356621061345233,238.73000783977213,247.66999216022785,4.469992160227868
operator_ablation,full,evaluation,offline_common_trajectory_diagnostic,diagonal,,offline_noncausal_not_executed_policy,"{""operator_kind"":""diagonal""}",{},20,offline_summary,,action_disagreement_rate,20,0.4864,0.01910194258514866,0.004271324212269046,0.47746001567954427,0.49533998432045573,0.008939984320455735
operator_ablation,full,evaluation,offline_common_trajectory_diagnostic,diagonal,,offline_noncausal_not_executed_policy,"{""operator_kind"":""diagonal""}",{},20,offline_summary,,action_disagreement_with_full_count,20,243.2,9.55097129257433,2.1356621061345233,238.73000783977213,247.66999216022785,4.469992160227868
operator_ablation,full,evaluation,offline_common_trajectory_diagnostic,diagonal,,offline_noncausal_not_executed_policy,"{""operator_kind"":""diagonal""}",{},20,offline_summary,,action_set_max_cbar_width_squared_over_chat_width_squared,20,14.369246420769112,1.8956915483562828,0.4238895166496478,13.482035466009888,15.256457375528337,0.8872109547592242
operator_ablation,full,evaluation,offline_common_trajectory_diagnostic,diagonal,,offline_noncausal_not_executed_policy,"{""operator_kind"":""diagonal""}",{},20,offline_summary,,action_set_transfer_max,20,14.369246420769112,1.8956915483562828,0.4238895166496478,13.482035466009888,15.256457375528337,0.8872109547592242
operator_ablation,full,evaluation,offline_common_trajectory_diagnostic,diagonal,,offline_noncausal_not_executed_policy,"{""operator_kind"":""diagonal""}",{},20,offline_summary,,dynamic_identity_residual,20,-8.540723683836404e-13,2.0338487639272782e-13,4.547824092095316e-14,-9.492594205833717e-13,-7.588853161839092e-13,9.518705219973124e-14
operator_ablation,full,evaluation,offline_common_trajectory_diagnostic,diagonal,,offline_noncausal_not_executed_policy,"{""operator_kind"":""diagonal""}",{},20,offline_summary,,endpoint_logdet_T,20,304.2323227136793,0.029877646723848735,0.006680844908224966,304.21833954458265,304.24630588277597,0.013983169096686123
operator_ablation,full,evaluation,offline_common_trajectory_diagnostic,diagonal,,offline_noncausal_not_executed_policy,"{""operator_kind"":""diagonal""}",{},20,offline_summary,,exact_global_kappa_plus_max,20,334.0385969937011,0.01784121582931885,0.003989417139560223,334.03024704766494,334.04694693973727,0.008349946036168336
operator_ablation,full,evaluation,offline_common_trajectory_diagnostic,diagonal,,offline_noncausal_not_executed_policy,"{""operator_kind"":""diagonal""}",{},20,offline_summary,,fixed_damping,20,1.0,0.0,0.0,1.0,1.0,0.0
operator_ablation,full,evaluation,offline_common_trajectory_diagnostic,diagonal,,offline_noncausal_not_executed_policy,"{""operator_kind"":""diagonal""}",{},20,offline_summary,,kappa_plus_max,20,334.0385969937011,0.01784121582931885,0.003989417139560223,334.03024704766494,334.04694693973727,0.008349946036168336
operator_ablation,full,evaluation,offline_common_trajectory_diagnostic,diagonal,,offline_noncausal_not_executed_policy,"{""operator_kind"":""diagonal""}",{},20,offline_summary,,max_relative_width_distortion,20,0.8690078470975451,0.24657985433803506,0.055136931618184275,0.7536049229344194,0.9844107712606708,0.11540292416312573
operator_ablation,full,evaluation,offline_common_trajectory_diagnostic,diagonal,,offline_noncausal_not_executed_policy,"{""operator_kind"":""diagonal""}",{},20,offline_summary,,optimism_violation_count,20,0.0,0.0,0.0,0.0,0.0,0.0
operator_ablation,full,evaluation,offline_common_trajectory_diagnostic,diagonal,,offline_noncausal_not_executed_policy,"{""operator_kind"":""diagonal""}",{},20,offline_summary,,rounds,20,500.0,0.0,0.0,500.0,500.0,0.0
operator_ablation,full,evaluation,offline_common_trajectory_diagnostic,diagonal,,offline_noncausal_not_executed_policy,"{""operator_kind"":""diagonal""}",{},20,offline_summary,,seed,20,129.5,5.916079783099616,1.3228756555322954,126.73118943197974,132.26881056802026,2.768810568020254
operator_ablation,full,evaluation,offline_common_trajectory_diagnostic,diagonal,,offline_noncausal_not_executed_policy,"{""operator_kind"":""diagonal""}",{},20,offline_summary,,width_distortion_max,20,0.8690078470975451,0.24657985433803506,0.055136931618184275,0.7536049229344194,0.9844107712606708,0.11540292416312573
operator_ablation,full,evaluation,offline_common_trajectory_diagnostic,diagonal,,offline_noncausal_not_executed_policy,"{""operator_kind"":""diagonal""}",{},20,offline_horizon,500,Gamma_dynamic_T,20,304.2323227136793,0.029877646723848735,0.006680844908224966,304.21833954458265,304.24630588277597,0.013983169096686123
operator_ablation,full,evaluation,offline_common_trajectory_diagnostic,diagonal,,offline_noncausal_not_executed_policy,"{""operator_kind"":""diagonal""}",{},20,offline_horizon,500,Gamma_dynamic_cumulative,20,304.2323227136793,0.029877646723848735,0.006680844908224966,304.21833954458265,304.24630588277597,0.013983169096686123
operator_ablation,full,evaluation,offline_common_trajectory_diagnostic,diagonal,,offline_noncausal_not_executed_policy,"{""operator_kind"":""diagonal""}",{},20,offline_horizon,500,Lambda_alg_T,20,176.40066254557402,0.12839626178490252,0.02871027694079005,176.34057124532822,176.46075384581982,0.060091300245797764
operator_ablation,full,evaluation,offline_common_trajectory_diagnostic,diagonal,,offline_noncausal_not_executed_policy,"{""operator_kind"":""diagonal""}",{},20,offline_horizon,500,Lambda_alg_cumulative,20,176.40066254557402,0.12839626178490252,0.02871027694079005,176.34057124532822,176.46075384581982,0.060091300245797764
operator_ablation,full,evaluation,offline_common_trajectory_diagnostic,diagonal,,offline_noncausal_not_executed_policy,"{""operator_kind"":""diagonal""}",{},20,offline_horizon,500,V_alg_T,20,0.0,0.0,0.0,0.0,0.0,0.0
operator_ablation,full,evaluation,offline_common_trajectory_diagnostic,diagonal,,offline_noncausal_not_executed_policy,"{""operator_kind"":""diagonal""}",{},20,offline_horizon,500,V_alg_cumulative,20,0.0,0.0,0.0,0.0,0.0,0.0
operator_ablation,full,evaluation,offline_common_trajectory_diagnostic,diagonal,,offline_noncausal_not_executed_policy,"{""operator_kind"":""diagonal""}",{},20,offline_horizon,500,action_set_max_cbar_width_over_chat_width,20,1.2389896646520424,0.06139237681892856,0.013727752786740656,1.2102571478564235,1.2677221814476614,0.028732516795618886
operator_ablation,full,evaluation,offline_common_trajectory_diagnostic,diagonal,,offline_noncausal_not_executed_policy,"{""operator_kind"":""diagonal""}",{},20,offline_horizon,500,action_set_max_cbar_width_squared_over_chat_width_squared,20,1.5386759618494836,0.15211874564971037,0.034014785592475276,1.4674821973988916,1.6098697263000756,0.07119376445059193
operator_ablation,full,evaluation,offline_common_trajectory_diagnostic,diagonal,,offline_noncausal_not_executed_policy,"{""operator_kind"":""diagonal""}",{},20,offline_horizon,500,action_set_transfer,20,1.5386759618494836,0.15211874564971037,0.034014785592475276,1.4674821973988916,1.6098697263000756,0.07119376445059193
operator_ablation,full,evaluation,offline_common_trajectory_diagnostic,diagonal,,offline_noncausal_not_executed_policy,"{""operator_kind"":""diagonal""}",{},20,offline_horizon,500,diagnostic_action,20,2.4,1.2732056517228265,0.2846974386589162,1.8041214126584544,2.9958785873415454,0.5958785873415456
operator_ablation,full,evaluation,offline_common_trajectory_diagnostic,diagonal,,offline_noncausal_not_executed_policy,"{""operator_kind"":""diagonal""}",{},20,offline_horizon,500,dynamic_identity_residual,20,-8.540723683836404e-13,2.0338487639272782e-13,4.547824092095316e-14,-9.492594205833717e-13,-7.588853161839092e-13,9.518705219973124e-14
operator_ablation,full,evaluation,offline_common_trajectory_diagnostic,diagonal,,offline_noncausal_not_executed_policy,"{""operator_kind"":""diagonal""}",{},20,offline_horizon,500,endpoint_logdet,20,304.2323227136793,0.029877646723848735,0.006680844908224966,304.21833954458265,304.24630588277597,0.013983169096686123
operator_ablation,full,evaluation,offline_common_trajectory_diagnostic,diagonal,,offline_noncausal_not_executed_policy,"{""operator_kind"":""diagonal""}",{},20,offline_horizon,500,exact_global_kappa_plus,20,334.0385969937011,0.01784121582931885,0.003989417139560223,334.03024704766494,334.04694693973727,0.008349946036168336
operator_ablation,full,evaluation,offline_common_trajectory_diagnostic,diagonal,,offline_noncausal_not_executed_policy,"{""operator_kind"":""diagonal""}",{},20,offline_horizon,500,fixed_bonus_coefficient,20,20.206043843304336,0.0,0.0,20.206043843304336,20.206043843304336,0.0
operator_ablation,full,evaluation,offline_common_trajectory_diagnostic,diagonal,,offline_noncausal_not_executed_policy,"{""operator_kind"":""diagonal""}",{},20,offline_horizon,500,fixed_damping,20,1.0,0.0,0.0,1.0,1.0,0.0
operator_ablation,full,evaluation,offline_common_trajectory_diagnostic,diagonal,,offline_noncausal_not_executed_policy,"{""operator_kind"":""diagonal""}",{},20,offline_horizon,500,full_diagnostic_action,20,2.15,1.4244112357114616,0.3185080350965304,1.4833550210206359,2.816644978979364,0.666644978979364
operator_ablation,full,evaluation,offline_common_trajectory_diagnostic,diagonal,,offline_noncausal_not_executed_policy,"{""operator_kind"":""diagonal""}",{},20,offline_horizon,500,global_kappa_plus_C_hat_C_full,20,334.0385969937011,0.01784121582931885,0.003989417139560223,334.03024704766494,334.04694693973727,0.008349946036168336
operator_ablation,full,evaluation,offline_common_trajectory_diagnostic,diagonal,,offline_noncausal_not_executed_policy,"{""operator_kind"":""diagonal""}",{},20,offline_horizon,500,information_increment,20,0.1007742956519085,0.003984732565491497,0.000891013288859612,0.09890938340552788,0.10263920789828912,0.0018649122463806267
operator_ablation,full,evaluation,offline_common_trajectory_diagnostic,diagonal,,offline_noncausal_not_executed_policy,"{""operator_kind"":""diagonal""}",{},20,offline_horizon,500,kappa_plus,20,334.0385969937011,0.01784121582931885,0.003989417139560223,334.03024704766494,334.04694693973727,0.008349946036168336
operator_ablation,full,evaluation,offline_common_trajectory_diagnostic,diagonal,,offline_noncausal_not_executed_policy,"{""operator_kind"":""diagonal""}",{},20,offline_horizon,500,logged_action,20,2.15,1.4244112357114616,0.3185080350965304,1.4833550210206359,2.816644978979364,0.666644978979364
operator_ablation,full,evaluation,offline_common_trajectory_diagnostic,diagonal,,offline_noncausal_not_executed_policy,"{""operator_kind"":""diagonal""}",{},20,offline_horizon,500,max_relative_width_distortion,20,0.2231554585462276,0.03553463838331501,0.00794578669809656,0.2065247358559139,0.23978618123654127,0.016630722690313668
operator_ablation,full,evaluation,offline_common_trajectory_diagnostic,diagonal,,offline_noncausal_not_executed_policy,"{""operator_kind"":""diagonal""}",{},20,offline_horizon,500,optimism_violation_count,20,0.0,0.0,0.0,0.0,0.0,0.0
operator_ablation,full,evaluation,offline_common_trajectory_diagnostic,diagonal,,offline_noncausal_not_executed_policy,"{""operator_kind"":""diagonal""}",{},20,offline_horizon,500,round,20,500.0,0.0,0.0,500.0,500.0,0.0
operator_ablation,full,evaluation,offline_common_trajectory_diagnostic,diagonal,,offline_noncausal_not_executed_policy,"{""operator_kind"":""diagonal""}",{},20,offline_horizon,500,transition_logdet,20,0.004796799172343542,0.000383691844205053,8.579610460547572e-05,0.00461722586162975,0.004976372483057334,0.00017957331071379216
operator_ablation,full,evaluation,offline_common_trajectory_diagnostic,diagonal,,offline_noncausal_not_executed_policy,"{""operator_kind"":""diagonal""}",{},20,offline_horizon,500,variation_increment,20,0.0,0.0,0.0,0.0,0.0,0.0
operator_ablation,full,evaluation,offline_common_trajectory_diagnostic,diagonal,,offline_noncausal_not_executed_policy,"{""operator_kind"":""diagonal""}",{},20,offline_horizon,500,width_distortion,20,0.2231554585462276,0.03553463838331501,0.00794578669809656,0.2065247358559139,0.23978618123654127,0.016630722690313668
operator_ablation,full,evaluation,offline_common_trajectory_diagnostic,frozen_gram,,offline_noncausal_not_executed_policy,"{""operator_kind"":""frozen""}",{},20,offline_summary,,Gamma_dynamic_T,20,258.34445490579395,0.34836737367829707,0.07789731286877431,258.18141395618585,258.50749585540206,0.16304094960811455
operator_ablation,full,evaluation,offline_common_trajectory_diagnostic,frozen_gram,,offline_noncausal_not_executed_policy,"{""operator_kind"":""frozen""}",{},20,offline_summary,,Lambda_alg_T,20,258.3444549057904,0.3483673736782185,0.07789731286875676,258.1814139561823,258.50749585539853,0.1630409496080778
operator_ablation,full,evaluation,offline_common_trajectory_diagnostic,frozen_gram,,offline_noncausal_not_executed_policy,"{""operator_kind"":""frozen""}",{},20,offline_summary,,V_alg_T,20,3.51187967595479e-12,8.218813514106807e-14,1.8377825711936746e-14,3.473414444671983e-12,3.5503449072375973e-12,3.8465231282807114e-14
operator_ablation,full,evaluation,offline_common_trajectory_diagnostic,frozen_gram,,offline_noncausal_not_executed_policy,"{""operator_kind"":""frozen""}",{},20,offline_summary,,action_disagreement_count,20,0.05,0.22360679774997896,0.049999999999999996,-0.05465120272041543,0.15465120272041544,0.10465120272041543
operator_ablation,full,evaluation,offline_common_trajectory_diagnostic,frozen_gram,,offline_noncausal_not_executed_policy,"{""operator_kind"":""frozen""}",{},20,offline_summary,,action_disagreement_rate,20,0.0001,0.00044721359549995795,0.0001,-0.00010930240544083088,0.0003093024054408309,0.0002093024054408309
operator_ablation,full,evaluation,offline_common_trajectory_diagnostic,frozen_gram,,offline_noncausal_not_executed_policy,"{""operator_kind"":""frozen""}",{},20,offline_summary,,action_disagreement_with_full_count,20,0.05,0.22360679774997896,0.049999999999999996,-0.05465120272041543,0.15465120272041544,0.10465120272041543
operator_ablation,full,evaluation,offline_common_trajectory_diagnostic,frozen_gram,,offline_noncausal_not_executed_policy,"{""operator_kind"":""frozen""}",{},20,offline_summary,,action_set_max_cbar_width_squared_over_chat_width_squared,20,1.000000000000003,7.894959864445977e-16,1.765366693653373e-16,1.0000000000000027,1.0000000000000036,3.6949549546677734e-16
operator_ablation,full,evaluation,offline_common_trajectory_diagnostic,frozen_gram,,offline_noncausal_not_executed_policy,"{""operator_kind"":""frozen""}",{},20,offline_summary,,action_set_transfer_max,20,1.000000000000003,7.894959864445977e-16,1.765366693653373e-16,1.0000000000000027,1.0000000000000036,3.6949549546677734e-16
operator_ablation,full,evaluation,offline_common_trajectory_diagnostic,frozen_gram,,offline_noncausal_not_executed_policy,"{""operator_kind"":""frozen""}",{},20,offline_summary,,dynamic_identity_residual,20,-2.646061147970613e-12,3.6349624245909637e-13,8.128023077042847e-14,-2.816182626120978e-12,-2.4759396698202478e-12,1.7012147815036518e-13
operator_ablation,full,evaluation,offline_common_trajectory_diagnostic,frozen_gram,,offline_noncausal_not_executed_policy,"{""operator_kind"":""frozen""}",{},20,offline_summary,,endpoint_logdet_T,20,258.3444549057905,0.34836737367828763,0.0778973128687722,258.1814139561824,258.5074958553986,0.1630409496081101
operator_ablation,full,evaluation,offline_common_trajectory_diagnostic,frozen_gram,,offline_noncausal_not_executed_policy,"{""operator_kind"":""frozen""}",{},20,offline_summary,,exact_global_kappa_plus_max,20,1.0000000000002316,2.7980242616952828e-14,6.256572451844313e-15,1.0000000000002185,1.0000000000002447,1.3095156639858516e-14
operator_ablation,full,evaluation,offline_common_trajectory_diagnostic,frozen_gram,,offline_noncausal_not_executed_policy,"{""operator_kind"":""frozen""}",{},20,offline_summary,,fixed_damping,20,1.0,0.0,0.0,1.0,1.0,0.0
operator_ablation,full,evaluation,offline_common_trajectory_diagnostic,frozen_gram,,offline_noncausal_not_executed_policy,"{""operator_kind"":""frozen""}",{},20,offline_summary,,kappa_plus_max,20,1.0000000000002316,2.7980242616952828e-14,6.256572451844313e-15,1.0000000000002185,1.0000000000002447,1.3095156639858516e-14
operator_ablation,full,evaluation,offline_common_trajectory_diagnostic,frozen_gram,,offline_noncausal_not_executed_policy,"{""operator_kind"":""frozen""}",{},20,offline_summary,,max_relative_width_distortion,20,1.84297022087776e-15,3.405784671903781e-16,7.615566043103672e-17,1.6835745917162492e-15,2.002365850039271e-15,1.593956291615109e-16
operator_ablation,full,evaluation,offline_common_trajectory_diagnostic,frozen_gram,,offline_noncausal_not_executed_policy,"{""operator_kind"":""frozen""}",{},20,offline_summary,,optimism_violation_count,20,0.0,0.0,0.0,0.0,0.0,0.0
operator_ablation,full,evaluation,offline_common_trajectory_diagnostic,frozen_gram,,offline_noncausal_not_executed_policy,"{""operator_kind"":""frozen""}",{},20,offline_summary,,rounds,20,500.0,0.0,0.0,500.0,500.0,0.0
operator_ablation,full,evaluation,offline_common_trajectory_diagnostic,frozen_gram,,offline_noncausal_not_executed_policy,"{""operator_kind"":""frozen""}",{},20,offline_summary,,seed,20,129.5,5.916079783099616,1.3228756555322954,126.73118943197974,132.26881056802026,2.768810568020254
operator_ablation,full,evaluation,offline_common_trajectory_diagnostic,frozen_gram,,offline_noncausal_not_executed_policy,"{""operator_kind"":""frozen""}",{},20,offline_summary,,width_distortion_max,20,1.84297022087776e-15,3.405784671903781e-16,7.615566043103672e-17,1.6835745917162492e-15,2.002365850039271e-15,1.593956291615109e-16
operator_ablation,full,evaluation,offline_common_trajectory_diagnostic,frozen_gram,,offline_noncausal_not_executed_policy,"{""operator_kind"":""frozen""}",{},20,offline_horizon,500,Gamma_dynamic_T,20,258.34445490579395,0.34836737367829707,0.07789731286877431,258.18141395618585,258.50749585540206,0.16304094960811455
operator_ablation,full,evaluation,offline_common_trajectory_diagnostic,frozen_gram,,offline_noncausal_not_executed_policy,"{""operator_kind"":""frozen""}",{},20,offline_horizon,500,Gamma_dynamic_cumulative,20,258.34445490579395,0.34836737367829707,0.07789731286877431,258.18141395618585,258.50749585540206,0.16304094960811455
operator_ablation,full,evaluation,offline_common_trajectory_diagnostic,frozen_gram,,offline_noncausal_not_executed_policy,"{""operator_kind"":""frozen""}",{},20,offline_horizon,500,Lambda_alg_T,20,258.3444549057904,0.3483673736782185,0.07789731286875676,258.1814139561823,258.50749585539853,0.1630409496080778
operator_ablation,full,evaluation,offline_common_trajectory_diagnostic,frozen_gram,,offline_noncausal_not_executed_policy,"{""operator_kind"":""frozen""}",{},20,offline_horizon,500,Lambda_alg_cumulative,20,258.3444549057904,0.3483673736782185,0.07789731286875676,258.1814139561823,258.50749585539853,0.1630409496080778
operator_ablation,full,evaluation,offline_common_trajectory_diagnostic,frozen_gram,,offline_noncausal_not_executed_policy,"{""operator_kind"":""frozen""}",{},20,offline_horizon,500,V_alg_T,20,3.51187967595479e-12,8.218813514106807e-14,1.8377825711936746e-14,3.473414444671983e-12,3.5503449072375973e-12,3.8465231282807114e-14
operator_ablation,full,evaluation,offline_common_trajectory_diagnostic,frozen_gram,,offline_noncausal_not_executed_policy,"{""operator_kind"":""frozen""}",{},20,offline_horizon,500,V_alg_cumulative,20,3.51187967595479e-12,8.218813514106807e-14,1.8377825711936746e-14,3.473414444671983e-12,3.5503449072375973e-12,3.8465231282807114e-14
operator_ablation,full,evaluation,offline_common_trajectory_diagnostic,frozen_gram,,offline_noncausal_not_executed_policy,"{""operator_kind"":""frozen""}",{},20,offline_horizon,500,action_set_max_cbar_width_over_chat_width,20,1.0,0.0,0.0,1.0,1.0,0.0
operator_ablation,full,evaluation,offline_common_trajectory_diagnostic,frozen_gram,,offline_noncausal_not_executed_policy,"{""operator_kind"":""frozen""}",{},20,offline_horizon,500,action_set_max_cbar_width_squared_over_chat_width_squared,20,1.0000000000000002,9.864590440485249e-17,2.2057894795119608e-17,1.0000000000000002,1.0000000000000002,4.616770439579317e-17
operator_ablation,full,evaluation,offline_common_trajectory_diagnostic,frozen_gram,,offline_noncausal_not_executed_policy,"{""operator_kind"":""frozen""}",{},20,offline_horizon,500,action_set_transfer,20,1.0000000000000002,9.864590440485249e-17,2.2057894795119608e-17,1.0000000000000002,1.0000000000000002,4.616770439579317e-17
operator_ablation,full,evaluation,offline_common_trajectory_diagnostic,frozen_gram,,offline_noncausal_not_executed_policy,"{""operator_kind"":""frozen""}",{},20,offline_horizon,500,diagnostic_action,20,2.15,1.4244112357114616,0.3185080350965304,1.4833550210206359,2.816644978979364,0.666644978979364
operator_ablation,full,evaluation,offline_common_trajectory_diagnostic,frozen_gram,,offline_noncausal_not_executed_policy,"{""operator_kind"":""frozen""}",{},20,offline_horizon,500,dynamic_identity_residual,20,-2.646061147970613e-12,3.6349624245909637e-13,8.128023077042847e-14,-2.816182626120978e-12,-2.4759396698202478e-12,1.7012147815036518e-13
operator_ablation,full,evaluation,offline_common_trajectory_diagnostic,frozen_gram,,offline_noncausal_not_executed_policy,"{""operator_kind"":""frozen""}",{},20,offline_horizon,500,endpoint_logdet,20,258.3444549057905,0.34836737367828763,0.0778973128687722,258.1814139561824,258.5074958553986,0.1630409496081101
operator_ablation,full,evaluation,offline_common_trajectory_diagnostic,frozen_gram,,offline_noncausal_not_executed_policy,"{""operator_kind"":""frozen""}",{},20,offline_horizon,500,exact_global_kappa_plus,20,1.0000000000001037,5.338651092418696e-14,1.1937586750801716e-14,1.0000000000000786,1.0000000000001288,2.4985656221013916e-14
operator_ablation,full,evaluation,offline_common_trajectory_diagnostic,frozen_gram,,offline_noncausal_not_executed_policy,"{""operator_kind"":""frozen""}",{},20,offline_horizon,500,fixed_bonus_coefficient,20,20.206043843304336,0.0,0.0,20.206043843304336,20.206043843304336,0.0
operator_ablation,full,evaluation,offline_common_trajectory_diagnostic,frozen_gram,,offline_noncausal_not_executed_policy,"{""operator_kind"":""frozen""}",{},20,offline_horizon,500,fixed_damping,20,1.0,0.0,0.0,1.0,1.0,0.0
operator_ablation,full,evaluation,offline_common_trajectory_diagnostic,frozen_gram,,offline_noncausal_not_executed_policy,"{""operator_kind"":""frozen""}",{},20,offline_horizon,500,full_diagnostic_action,20,2.15,1.4244112357114616,0.3185080350965304,1.4833550210206359,2.816644978979364,0.666644978979364
operator_ablation,full,evaluation,offline_common_trajectory_diagnostic,frozen_gram,,offline_noncausal_not_executed_policy,"{""operator_kind"":""frozen""}",{},20,offline_horizon,500,global_kappa_plus_C_hat_C_full,20,1.0000000000001037,5.338651092418696e-14,1.1937586750801716e-14,1.0000000000000786,1.0000000000001288,2.4985656221013916e-14
operator_ablation,full,evaluation,offline_common_trajectory_diagnostic,frozen_gram,,offline_noncausal_not_executed_policy,"{""operator_kind"":""frozen""}",{},20,offline_horizon,500,information_increment,20,0.08310072066395072,0.015801041068592057,0.0035332201944637755,0.07570560580741684,0.0904958355204846,0.007395114856533884
operator_ablation,full,evaluation,offline_common_trajectory_diagnostic,frozen_gram,,offline_noncausal_not_executed_policy,"{""operator_kind"":""frozen""}",{},20,offline_horizon,500,kappa_plus,20,1.0000000000001037,5.338651092418696e-14,1.1937586750801716e-14,1.0000000000000786,1.0000000000001288,2.4985656221013916e-14
operator_ablation,full,evaluation,offline_common_trajectory_diagnostic,frozen_gram,,offline_noncausal_not_executed_policy,"{""operator_kind"":""frozen""}",{},20,offline_horizon,500,logged_action,20,2.15,1.4244112357114616,0.3185080350965304,1.4833550210206359,2.816644978979364,0.666644978979364
operator_ablation,full,evaluation,offline_common_trajectory_diagnostic,frozen_gram,,offline_noncausal_not_executed_policy,"{""operator_kind"":""frozen""}",{},20,offline_horizon,500,max_relative_width_distortion,20,1.3877787807814457e-16,1.0108197257000806e-16,2.2602616196630713e-17,9.147005868603765e-17,1.8608569747025148e-16,4.730781939210692e-17
operator_ablation,full,evaluation,offline_common_trajectory_diagnostic,frozen_gram,,offline_noncausal_not_executed_policy,"{""operator_kind"":""frozen""}",{},20,offline_horizon,500,optimism_violation_count,20,0.0,0.0,0.0,0.0,0.0,0.0
operator_ablation,full,evaluation,offline_common_trajectory_diagnostic,frozen_gram,,offline_noncausal_not_executed_policy,"{""operator_kind"":""frozen""}",{},20,offline_horizon,500,round,20,500.0,0.0,0.0,500.0,500.0,0.0
operator_ablation,full,evaluation,offline_common_trajectory_diagnostic,frozen_gram,,offline_noncausal_not_executed_policy,"{""operator_kind"":""frozen""}",{},20,offline_horizon,500,transition_logdet,20,-4.5186077102243985e-15,5.324332921563546e-15,1.1905570347456144e-15,-7.010472222091998e-15,-2.026743198356799e-15,2.4918645118675996e-15
operator_ablation,full,evaluation,offline_common_trajectory_diagnostic,frozen_gram,,offline_noncausal_not_executed_policy,"{""operator_kind"":""frozen""}",{},20,offline_horizon,500,variation_increment,20,5.1458837191376094e-15,4.250906010967804e-15,9.505314806486476e-16,3.1563984656676442e-15,7.135368972607574e-15,1.9894852534699652e-15
operator_ablation,full,evaluation,offline_common_trajectory_diagnostic,frozen_gram,,offline_noncausal_not_executed_policy,"{""operator_kind"":""frozen""}",{},20,offline_horizon,500,width_distortion,20,1.3877787807814457e-16,1.0108197257000806e-16,2.2602616196630713e-17,9.147005868603765e-17,1.8608569747025148e-16,4.730781939210692e-17
operator_ablation,full,evaluation,offline_common_trajectory_diagnostic,full_relinearized,,offline_noncausal_not_executed_policy,"{""operator_kind"":""full""}",{},20,offline_summary,,Gamma_dynamic_T,20,258.34445490579395,0.34836737367829707,0.07789731286877431,258.18141395618585,258.50749585540206,0.16304094960811455
operator_ablation,full,evaluation,offline_common_trajectory_diagnostic,full_relinearized,,offline_noncausal_not_executed_policy,"{""operator_kind"":""full""}",{},20,offline_summary,,Lambda_alg_T,20,258.3444549057904,0.3483673736782185,0.07789731286875676,258.1814139561823,258.50749585539853,0.1630409496080778
operator_ablation,full,evaluation,offline_common_trajectory_diagnostic,full_relinearized,,offline_noncausal_not_executed_policy,"{""operator_kind"":""full""}",{},20,offline_summary,,V_alg_T,20,3.51187967595479e-12,8.218813514106807e-14,1.8377825711936746e-14,3.473414444671983e-12,3.5503449072375973e-12,3.8465231282807114e-14
operator_ablation,full,evaluation,offline_common_trajectory_diagnostic,full_relinearized,,offline_noncausal_not_executed_policy,"{""operator_kind"":""full""}",{},20,offline_summary,,action_disagreement_count,20,0.05,0.22360679774997896,0.049999999999999996,-0.05465120272041543,0.15465120272041544,0.10465120272041543
operator_ablation,full,evaluation,offline_common_trajectory_diagnostic,full_relinearized,,offline_noncausal_not_executed_policy,"{""operator_kind"":""full""}",{},20,offline_summary,,action_disagreement_rate,20,0.0001,0.00044721359549995795,0.0001,-0.00010930240544083088,0.0003093024054408309,0.0002093024054408309
operator_ablation,full,evaluation,offline_common_trajectory_diagnostic,full_relinearized,,offline_noncausal_not_executed_policy,"{""operator_kind"":""full""}",{},20,offline_summary,,action_disagreement_with_full_count,20,0.05,0.22360679774997896,0.049999999999999996,-0.05465120272041543,0.15465120272041544,0.10465120272041543
operator_ablation,full,evaluation,offline_common_trajectory_diagnostic,full_relinearized,,offline_noncausal_not_executed_policy,"{""operator_kind"":""full""}",{},20,offline_summary,,action_set_max_cbar_width_squared_over_chat_width_squared,20,1.000000000000003,7.894959864445977e-16,1.765366693653373e-16,1.0000000000000027,1.0000000000000036,3.6949549546677734e-16
operator_ablation,full,evaluation,offline_common_trajectory_diagnostic,full_relinearized,,offline_noncausal_not_executed_policy,"{""operator_kind"":""full""}",{},20,offline_summary,,action_set_transfer_max,20,1.000000000000003,7.894959864445977e-16,1.765366693653373e-16,1.0000000000000027,1.0000000000000036,3.6949549546677734e-16
operator_ablation,full,evaluation,offline_common_trajectory_diagnostic,full_relinearized,,offline_noncausal_not_executed_policy,"{""operator_kind"":""full""}",{},20,offline_summary,,dynamic_identity_residual,20,-2.646061147970613e-12,3.6349624245909637e-13,8.128023077042847e-14,-2.816182626120978e-12,-2.4759396698202478e-12,1.7012147815036518e-13
operator_ablation,full,evaluation,offline_common_trajectory_diagnostic,full_relinearized,,offline_noncausal_not_executed_policy,"{""operator_kind"":""full""}",{},20,offline_summary,,endpoint_logdet_T,20,258.3444549057905,0.34836737367828763,0.0778973128687722,258.1814139561824,258.5074958553986,0.1630409496081101
operator_ablation,full,evaluation,offline_common_trajectory_diagnostic,full_relinearized,,offline_noncausal_not_executed_policy,"{""operator_kind"":""full""}",{},20,offline_summary,,exact_global_kappa_plus_max,20,1.0000000000002316,2.7980242616952828e-14,6.256572451844313e-15,1.0000000000002185,1.0000000000002447,1.3095156639858516e-14
operator_ablation,full,evaluation,offline_common_trajectory_diagnostic,full_relinearized,,offline_noncausal_not_executed_policy,"{""operator_kind"":""full""}",{},20,offline_summary,,fixed_damping,20,1.0,0.0,0.0,1.0,1.0,0.0
operator_ablation,full,evaluation,offline_common_trajectory_diagnostic,full_relinearized,,offline_noncausal_not_executed_policy,"{""operator_kind"":""full""}",{},20,offline_summary,,kappa_plus_max,20,1.0000000000002316,2.7980242616952828e-14,6.256572451844313e-15,1.0000000000002185,1.0000000000002447,1.3095156639858516e-14
operator_ablation,full,evaluation,offline_common_trajectory_diagnostic,full_relinearized,,offline_noncausal_not_executed_policy,"{""operator_kind"":""full""}",{},20,offline_summary,,max_relative_width_distortion,20,1.84297022087776e-15,3.405784671903781e-16,7.615566043103672e-17,1.6835745917162492e-15,2.002365850039271e-15,1.593956291615109e-16
operator_ablation,full,evaluation,offline_common_trajectory_diagnostic,full_relinearized,,offline_noncausal_not_executed_policy,"{""operator_kind"":""full""}",{},20,offline_summary,,optimism_violation_count,20,0.0,0.0,0.0,0.0,0.0,0.0
operator_ablation,full,evaluation,offline_common_trajectory_diagnostic,full_relinearized,,offline_noncausal_not_executed_policy,"{""operator_kind"":""full""}",{},20,offline_summary,,rounds,20,500.0,0.0,0.0,500.0,500.0,0.0
operator_ablation,full,evaluation,offline_common_trajectory_diagnostic,full_relinearized,,offline_noncausal_not_executed_policy,"{""operator_kind"":""full""}",{},20,offline_summary,,seed,20,129.5,5.916079783099616,1.3228756555322954,126.73118943197974,132.26881056802026,2.768810568020254
operator_ablation,full,evaluation,offline_common_trajectory_diagnostic,full_relinearized,,offline_noncausal_not_executed_policy,"{""operator_kind"":""full""}",{},20,offline_summary,,width_distortion_max,20,1.84297022087776e-15,3.405784671903781e-16,7.615566043103672e-17,1.6835745917162492e-15,2.002365850039271e-15,1.593956291615109e-16
operator_ablation,full,evaluation,offline_common_trajectory_diagnostic,full_relinearized,,offline_noncausal_not_executed_policy,"{""operator_kind"":""full""}",{},20,offline_horizon,500,Gamma_dynamic_T,20,258.34445490579395,0.34836737367829707,0.07789731286877431,258.18141395618585,258.50749585540206,0.16304094960811455
operator_ablation,full,evaluation,offline_common_trajectory_diagnostic,full_relinearized,,offline_noncausal_not_executed_policy,"{""operator_kind"":""full""}",{},20,offline_horizon,500,Gamma_dynamic_cumulative,20,258.34445490579395,0.34836737367829707,0.07789731286877431,258.18141395618585,258.50749585540206,0.16304094960811455
operator_ablation,full,evaluation,offline_common_trajectory_diagnostic,full_relinearized,,offline_noncausal_not_executed_policy,"{""operator_kind"":""full""}",{},20,offline_horizon,500,Lambda_alg_T,20,258.3444549057904,0.3483673736782185,0.07789731286875676,258.1814139561823,258.50749585539853,0.1630409496080778
operator_ablation,full,evaluation,offline_common_trajectory_diagnostic,full_relinearized,,offline_noncausal_not_executed_policy,"{""operator_kind"":""full""}",{},20,offline_horizon,500,Lambda_alg_cumulative,20,258.3444549057904,0.3483673736782185,0.07789731286875676,258.1814139561823,258.50749585539853,0.1630409496080778
operator_ablation,full,evaluation,offline_common_trajectory_diagnostic,full_relinearized,,offline_noncausal_not_executed_policy,"{""operator_kind"":""full""}",{},20,offline_horizon,500,V_alg_T,20,3.51187967595479e-12,8.218813514106807e-14,1.8377825711936746e-14,3.473414444671983e-12,3.5503449072375973e-12,3.8465231282807114e-14
operator_ablation,full,evaluation,offline_common_trajectory_diagnostic,full_relinearized,,offline_noncausal_not_executed_policy,"{""operator_kind"":""full""}",{},20,offline_horizon,500,V_alg_cumulative,20,3.51187967595479e-12,8.218813514106807e-14,1.8377825711936746e-14,3.473414444671983e-12,3.5503449072375973e-12,3.8465231282807114e-14
operator_ablation,full,evaluation,offline_common_trajectory_diagnostic,full_relinearized,,offline_noncausal_not_executed_policy,"{""operator_kind"":""full""}",{},20,offline_horizon,500,action_set_max_cbar_width_over_chat_width,20,1.0,0.0,0.0,1.0,1.0,0.0
operator_ablation,full,evaluation,offline_common_trajectory_diagnostic,full_relinearized,,offline_noncausal_not_executed_policy,"{""operator_kind"":""full""}",{},20,offline_horizon,500,action_set_max_cbar_width_squared_over_chat_width_squared,20,1.0000000000000002,9.864590440485249e-17,2.2057894795119608e-17,1.0000000000000002,1.0000000000000002,4.616770439579317e-17
operator_ablation,full,evaluation,offline_common_trajectory_diagnostic,full_relinearized,,offline_noncausal_not_executed_policy,"{""operator_kind"":""full""}",{},20,offline_horizon,500,action_set_transfer,20,1.0000000000000002,9.864590440485249e-17,2.2057894795119608e-17,1.0000000000000002,1.0000000000000002,4.616770439579317e-17
operator_ablation,full,evaluation,offline_common_trajectory_diagnostic,full_relinearized,,offline_noncausal_not_executed_policy,"{""operator_kind"":""full""}",{},20,offline_horizon,500,diagnostic_action,20,2.15,1.4244112357114616,0.3185080350965304,1.4833550210206359,2.816644978979364,0.666644978979364
operator_ablation,full,evaluation,offline_common_trajectory_diagnostic,full_relinearized,,offline_noncausal_not_executed_policy,"{""operator_kind"":""full""}",{},20,offline_horizon,500,dynamic_identity_residual,20,-2.646061147970613e-12,3.6349624245909637e-13,8.128023077042847e-14,-2.816182626120978e-12,-2.4759396698202478e-12,1.7012147815036518e-13
operator_ablation,full,evaluation,offline_common_trajectory_diagnostic,full_relinearized,,offline_noncausal_not_executed_policy,"{""operator_kind"":""full""}",{},20,offline_horizon,500,endpoint_logdet,20,258.3444549057905,0.34836737367828763,0.0778973128687722,258.1814139561824,258.5074958553986,0.1630409496081101
operator_ablation,full,evaluation,offline_common_trajectory_diagnostic,full_relinearized,,offline_noncausal_not_executed_policy,"{""operator_kind"":""full""}",{},20,offline_horizon,500,exact_global_kappa_plus,20,1.0000000000001037,5.338651092418696e-14,1.1937586750801716e-14,1.0000000000000786,1.0000000000001288,2.4985656221013916e-14
operator_ablation,full,evaluation,offline_common_trajectory_diagnostic,full_relinearized,,offline_noncausal_not_executed_policy,"{""operator_kind"":""full""}",{},20,offline_horizon,500,fixed_bonus_coefficient,20,20.206043843304336,0.0,0.0,20.206043843304336,20.206043843304336,0.0
operator_ablation,full,evaluation,offline_common_trajectory_diagnostic,full_relinearized,,offline_noncausal_not_executed_policy,"{""operator_kind"":""full""}",{},20,offline_horizon,500,fixed_damping,20,1.0,0.0,0.0,1.0,1.0,0.0
operator_ablation,full,evaluation,offline_common_trajectory_diagnostic,full_relinearized,,offline_noncausal_not_executed_policy,"{""operator_kind"":""full""}",{},20,offline_horizon,500,full_diagnostic_action,20,2.15,1.4244112357114616,0.3185080350965304,1.4833550210206359,2.816644978979364,0.666644978979364
operator_ablation,full,evaluation,offline_common_trajectory_diagnostic,full_relinearized,,offline_noncausal_not_executed_policy,"{""operator_kind"":""full""}",{},20,offline_horizon,500,global_kappa_plus_C_hat_C_full,20,1.0000000000001037,5.338651092418696e-14,1.1937586750801716e-14,1.0000000000000786,1.0000000000001288,2.4985656221013916e-14
operator_ablation,full,evaluation,offline_common_trajectory_diagnostic,full_relinearized,,offline_noncausal_not_executed_policy,"{""operator_kind"":""full""}",{},20,offline_horizon,500,information_increment,20,0.08310072066395072,0.015801041068592057,0.0035332201944637755,0.07570560580741684,0.0904958355204846,0.007395114856533884
operator_ablation,full,evaluation,offline_common_trajectory_diagnostic,full_relinearized,,offline_noncausal_not_executed_policy,"{""operator_kind"":""full""}",{},20,offline_horizon,500,kappa_plus,20,1.0000000000001037,5.338651092418696e-14,1.1937586750801716e-14,1.0000000000000786,1.0000000000001288,2.4985656221013916e-14
operator_ablation,full,evaluation,offline_common_trajectory_diagnostic,full_relinearized,,offline_noncausal_not_executed_policy,"{""operator_kind"":""full""}",{},20,offline_horizon,500,logged_action,20,2.15,1.4244112357114616,0.3185080350965304,1.4833550210206359,2.816644978979364,0.666644978979364
operator_ablation,full,evaluation,offline_common_trajectory_diagnostic,full_relinearized,,offline_noncausal_not_executed_policy,"{""operator_kind"":""full""}",{},20,offline_horizon,500,max_relative_width_distortion,20,1.3877787807814457e-16,1.0108197257000806e-16,2.2602616196630713e-17,9.147005868603765e-17,1.8608569747025148e-16,4.730781939210692e-17
operator_ablation,full,evaluation,offline_common_trajectory_diagnostic,full_relinearized,,offline_noncausal_not_executed_policy,"{""operator_kind"":""full""}",{},20,offline_horizon,500,optimism_violation_count,20,0.0,0.0,0.0,0.0,0.0,0.0
operator_ablation,full,evaluation,offline_common_trajectory_diagnostic,full_relinearized,,offline_noncausal_not_executed_policy,"{""operator_kind"":""full""}",{},20,offline_horizon,500,round,20,500.0,0.0,0.0,500.0,500.0,0.0
operator_ablation,full,evaluation,offline_common_trajectory_diagnostic,full_relinearized,,offline_noncausal_not_executed_policy,"{""operator_kind"":""full""}",{},20,offline_horizon,500,transition_logdet,20,-4.5186077102243985e-15,5.324332921563546e-15,1.1905570347456144e-15,-7.010472222091998e-15,-2.026743198356799e-15,2.4918645118675996e-15
operator_ablation,full,evaluation,offline_common_trajectory_diagnostic,full_relinearized,,offline_noncausal_not_executed_policy,"{""operator_kind"":""full""}",{},20,offline_horizon,500,variation_increment,20,5.1458837191376094e-15,4.250906010967804e-15,9.505314806486476e-16,3.1563984656676442e-15,7.135368972607574e-15,1.9894852534699652e-15
operator_ablation,full,evaluation,offline_common_trajectory_diagnostic,full_relinearized,,offline_noncausal_not_executed_policy,"{""operator_kind"":""full""}",{},20,offline_horizon,500,width_distortion,20,1.3877787807814457e-16,1.0108197257000806e-16,2.2602616196630713e-17,9.147005868603765e-17,1.8608569747025148e-16,4.730781939210692e-17
operator_ablation,full,evaluation,offline_common_trajectory_diagnostic,lanczos_rank16,,offline_noncausal_not_executed_policy,"{""operator_kind"":""lanczos"",""operator_parameter"":16}",{},20,offline_summary,,Gamma_dynamic_T,20,1448.1901064857925,9.471358781371316,2.117860207443583,1443.757374127739,1452.622838843846,4.43273235805359
operator_ablation,full,evaluation,offline_common_trajectory_diagnostic,lanczos_rank16,,offline_noncausal_not_executed_policy,"{""operator_kind"":""lanczos"",""operator_parameter"":16}",{},20,offline_summary,,Lambda_alg_T,20,1443.1511504261466,8.278895138180792,1.8512172307564763,1439.2765082322383,1447.025792620055,3.8746421939084414
operator_ablation,full,evaluation,offline_common_trajectory_diagnostic,lanczos_rank16,,offline_noncausal_not_executed_policy,"{""operator_kind"":""lanczos"",""operator_parameter"":16}",{},20,offline_summary,,V_alg_T,20,1349.0575502436234,9.559212841615855,2.137504972524198,1344.5837009197128,1353.531399567534,4.4738493239105175
operator_ablation,full,evaluation,offline_common_trajectory_diagnostic,lanczos_rank16,,offline_noncausal_not_executed_policy,"{""operator_kind"":""lanczos"",""operator_parameter"":16}",{},20,offline_summary,,action_disagreement_count,20,411.8,9.600438586472578,2.1467233293164676,407.3068564335812,416.29314356641885,4.493143566418856
operator_ablation,full,evaluation,offline_common_trajectory_diagnostic,lanczos_rank16,,offline_noncausal_not_executed_policy,"{""operator_kind"":""lanczos"",""operator_parameter"":16}",{},20,offline_summary,,action_disagreement_rate,20,0.8236000000000001,0.019200877172945132,0.00429344665863293,0.8146137128671624,0.8325862871328378,0.0089862871328377
operator_ablation,full,evaluation,offline_common_trajectory_diagnostic,lanczos_rank16,,offline_noncausal_not_executed_policy,"{""operator_kind"":""lanczos"",""operator_parameter"":16}",{},20,offline_summary,,action_disagreement_with_full_count,20,411.8,9.600438586472578,2.1467233293164676,407.3068564335812,416.29314356641885,4.493143566418856
operator_ablation,full,evaluation,offline_common_trajectory_diagnostic,lanczos_rank16,,offline_noncausal_not_executed_policy,"{""operator_kind"":""lanczos"",""operator_parameter"":16}",{},20,offline_summary,,action_set_max_cbar_width_squared_over_chat_width_squared,20,1.000074476547832,0.0003311856878853728,7.405537112867221e-05,0.9999194768747015,1.0002294762209625,0.00015499967313044552
operator_ablation,full,evaluation,offline_common_trajectory_diagnostic,lanczos_rank16,,offline_noncausal_not_executed_policy,"{""operator_kind"":""lanczos"",""operator_parameter"":16}",{},20,offline_summary,,action_set_transfer_max,20,1.000074476547832,0.0003311856878853728,7.405537112867221e-05,0.9999194768747015,1.0002294762209625,0.00015499967313044552
operator_ablation,full,evaluation,offline_common_trajectory_diagnostic,lanczos_rank16,,offline_noncausal_not_executed_policy,"{""operator_kind"":""lanczos"",""operator_parameter"":16}",{},20,offline_summary,,dynamic_identity_residual,20,-1.0815028872457332e-10,3.9504824688286463e-10,8.833547344222047e-11,-2.930385594966871e-10,7.673798204754044e-11,1.8488827077211377e-10
operator_ablation,full,evaluation,offline_common_trajectory_diagnostic,lanczos_rank16,,offline_noncausal_not_executed_policy,"{""operator_kind"":""lanczos"",""operator_parameter"":16}",{},20,offline_summary,,endpoint_logdet_T,20,99.13255624216913,0.3709046859416277,0.08293680909386901,98.95896750573979,99.30614497859847,0.17358873642933761
operator_ablation,full,evaluation,offline_common_trajectory_diagnostic,lanczos_rank16,,offline_noncausal_not_executed_policy,"{""operator_kind"":""lanczos"",""operator_parameter"":16}",{},20,offline_summary,,exact_global_kappa_plus_max,20,4.962206654766428,0.9989616057362142,0.22337460573385187,4.494678231821504,5.429735077711352,0.4675284229449241
operator_ablation,full,evaluation,offline_common_trajectory_diagnostic,lanczos_rank16,,offline_noncausal_not_executed_policy,"{""operator_kind"":""lanczos"",""operator_parameter"":16}",{},20,offline_summary,,fixed_damping,20,1.0,0.0,0.0,1.0,1.0,0.0
operator_ablation,full,evaluation,offline_common_trajectory_diagnostic,lanczos_rank16,,offline_noncausal_not_executed_policy,"{""operator_kind"":""lanczos"",""operator_parameter"":16}",{},20,offline_summary,,kappa_plus_max,20,4.962206654766428,0.9989616057362142,0.22337460573385187,4.494678231821504,5.429735077711352,0.4675284229449241
operator_ablation,full,evaluation,offline_common_trajectory_diagnostic,lanczos_rank16,,offline_noncausal_not_executed_policy,"{""operator_kind"":""lanczos"",""operator_parameter"":16}",{},20,offline_summary,,max_relative_width_distortion,20,16.206203420323394,0.6081591564205685,0.1359885214895319,15.921576173722382,16.490830666924406,0.28462724660101146
operator_ablation,full,evaluation,offline_common_trajectory_diagnostic,lanczos_rank16,,offline_noncausal_not_executed_policy,"{""operator_kind"":""lanczos"",""operator_parameter"":16}",{},20,offline_summary,,operator_parameter,20,16.0,0.0,0.0,16.0,16.0,0.0
operator_ablation,full,evaluation,offline_common_trajectory_diagnostic,lanczos_rank16,,offline_noncausal_not_executed_policy,"{""operator_kind"":""lanczos"",""operator_parameter"":16}",{},20,offline_summary,,optimism_violation_count,20,0.0,0.0,0.0,0.0,0.0,0.0
operator_ablation,full,evaluation,offline_common_trajectory_diagnostic,lanczos_rank16,,offline_noncausal_not_executed_policy,"{""operator_kind"":""lanczos"",""operator_parameter"":16}",{},20,offline_summary,,rounds,20,500.0,0.0,0.0,500.0,500.0,0.0
operator_ablation,full,evaluation,offline_common_trajectory_diagnostic,lanczos_rank16,,offline_noncausal_not_executed_policy,"{""operator_kind"":""lanczos"",""operator_parameter"":16}",{},20,offline_summary,,seed,20,129.5,5.916079783099616,1.3228756555322954,126.73118943197974,132.26881056802026,2.768810568020254
operator_ablation,full,evaluation,offline_common_trajectory_diagnostic,lanczos_rank16,,offline_noncausal_not_executed_policy,"{""operator_kind"":""lanczos"",""operator_parameter"":16}",{},20,offline_summary,,width_distortion_max,20,16.206203420323394,0.6081591564205685,0.1359885214895319,15.921576173722382,16.490830666924406,0.28462724660101146
operator_ablation,full,evaluation,offline_common_trajectory_diagnostic,lanczos_rank16,,offline_noncausal_not_executed_policy,"{""operator_kind"":""lanczos"",""operator_parameter"":16}",{},20,offline_horizon,500,Gamma_dynamic_T,20,1448.1901064857925,9.471358781371316,2.117860207443583,1443.757374127739,1452.622838843846,4.43273235805359
operator_ablation,full,evaluation,offline_common_trajectory_diagnostic,lanczos_rank16,,offline_noncausal_not_executed_policy,"{""operator_kind"":""lanczos"",""operator_parameter"":16}",{},20,offline_horizon,500,Gamma_dynamic_cumulative,20,1448.1901064857925,9.471358781371316,2.117860207443583,1443.757374127739,1452.622838843846,4.43273235805359
operator_ablation,full,evaluation,offline_common_trajectory_diagnostic,lanczos_rank16,,offline_noncausal_not_executed_policy,"{""operator_kind"":""lanczos"",""operator_parameter"":16}",{},20,offline_horizon,500,Lambda_alg_T,20,1443.1511504261466,8.278895138180792,1.8512172307564763,1439.2765082322383,1447.025792620055,3.8746421939084414
operator_ablation,full,evaluation,offline_common_trajectory_diagnostic,lanczos_rank16,,offline_noncausal_not_executed_policy,"{""operator_kind"":""lanczos"",""operator_parameter"":16}",{},20,offline_horizon,500,Lambda_alg_cumulative,20,1443.1511504261466,8.278895138180792,1.8512172307564763,1439.2765082322383,1447.025792620055,3.8746421939084414
operator_ablation,full,evaluation,offline_common_trajectory_diagnostic,lanczos_rank16,,offline_noncausal_not_executed_policy,"{""operator_kind"":""lanczos"",""operator_parameter"":16}",{},20,offline_horizon,500,V_alg_T,20,1349.0575502436234,9.559212841615855,2.137504972524198,1344.5837009197128,1353.531399567534,4.4738493239105175
operator_ablation,full,evaluation,offline_common_trajectory_diagnostic,lanczos_rank16,,offline_noncausal_not_executed_policy,"{""operator_kind"":""lanczos"",""operator_parameter"":16}",{},20,offline_horizon,500,V_alg_cumulative,20,1349.0575502436234,9.559212841615855,2.137504972524198,1344.5837009197128,1353.531399567534,4.4738493239105175
operator_ablation,full,evaluation,offline_common_trajectory_diagnostic,lanczos_rank16,,offline_noncausal_not_executed_policy,"{""operator_kind"":""lanczos"",""operator_parameter"":16}",{},20,offline_horizon,500,action_set_max_cbar_width_over_chat_width,20,0.09870742198805832,0.01186676103220419,0.002653488434075414,0.09315360686744424,0.1042612371086724,0.005553815120614077
operator_ablation,full,evaluation,offline_common_trajectory_diagnostic,lanczos_rank16,,offline_noncausal_not_executed_policy,"{""operator_kind"":""lanczos"",""operator_parameter"":16}",{},20,offline_horizon,500,action_set_max_cbar_width_squared_over_chat_width_squared,20,0.009876934172054288,0.0023511224151147713,0.0005257269543620108,0.00877657501052378,0.010977293333584796,0.0011003591615305077
operator_ablation,full,evaluation,offline_common_trajectory_diagnostic,lanczos_rank16,,offline_noncausal_not_executed_policy,"{""operator_kind"":""lanczos"",""operator_parameter"":16}",{},20,offline_horizon,500,action_set_transfer,20,0.009876934172054288,0.0023511224151147713,0.0005257269543620108,0.00877657501052378,0.010977293333584796,0.0011003591615305077
operator_ablation,full,evaluation,offline_common_trajectory_diagnostic,lanczos_rank16,,offline_noncausal_not_executed_policy,"{""operator_kind"":""lanczos"",""operator_parameter"":16}",{},20,offline_horizon,500,diagnostic_action,20,1.95,1.5719582155957414,0.3515005427861348,1.214300908811043,2.685699091188957,0.735699091188957
operator_ablation,full,evaluation,offline_common_trajectory_diagnostic,lanczos_rank16,,offline_noncausal_not_executed_policy,"{""operator_kind"":""lanczos"",""operator_parameter"":16}",{},20,offline_horizon,500,dynamic_identity_residual,20,-1.0815028872457332e-10,3.9504824688286463e-10,8.833547344222047e-11,-2.930385594966871e-10,7.673798204754044e-11,1.8488827077211377e-10
operator_ablation,full,evaluation,offline_common_trajectory_diagnostic,lanczos_rank16,,offline_noncausal_not_executed_policy,"{""operator_kind"":""lanczos"",""operator_parameter"":16}",{},20,offline_horizon,500,endpoint_logdet,20,99.13255624216913,0.3709046859416277,0.08293680909386901,98.95896750573979,99.30614497859847,0.17358873642933761
operator_ablation,full,evaluation,offline_common_trajectory_diagnostic,lanczos_rank16,,offline_noncausal_not_executed_policy,"{""operator_kind"":""lanczos"",""operator_parameter"":16}",{},20,offline_horizon,500,exact_global_kappa_plus,20,1.8752613466719077,0.41096068649718376,0.09189360310876828,1.6829258249190056,2.06759686842481,0.19233552175290214
operator_ablation,full,evaluation,offline_common_trajectory_diagnostic,lanczos_rank16,,offline_noncausal_not_executed_policy,"{""operator_kind"":""lanczos"",""operator_parameter"":16}",{},20,offline_horizon,500,fixed_bonus_coefficient,20,20.206043843304336,0.0,0.0,20.206043843304336,20.206043843304336,0.0
operator_ablation,full,evaluation,offline_common_trajectory_diagnostic,lanczos_rank16,,offline_noncausal_not_executed_policy,"{""operator_kind"":""lanczos"",""operator_parameter"":16}",{},20,offline_horizon,500,fixed_damping,20,1.0,0.0,0.0,1.0,1.0,0.0
operator_ablation,full,evaluation,offline_common_trajectory_diagnostic,lanczos_rank16,,offline_noncausal_not_executed_policy,"{""operator_kind"":""lanczos"",""operator_parameter"":16}",{},20,offline_horizon,500,full_diagnostic_action,20,2.15,1.4244112357114616,0.3185080350965304,1.4833550210206359,2.816644978979364,0.666644978979364
operator_ablation,full,evaluation,offline_common_trajectory_diagnostic,lanczos_rank16,,offline_noncausal_not_executed_policy,"{""operator_kind"":""lanczos"",""operator_parameter"":16}",{},20,offline_horizon,500,global_kappa_plus_C_hat_C_full,20,1.8752613466719077,0.41096068649718376,0.09189360310876828,1.6829258249190056,2.06759686842481,0.19233552175290214
operator_ablation,full,evaluation,offline_common_trajectory_diagnostic,lanczos_rank16,,offline_noncausal_not_executed_policy,"{""operator_kind"":""lanczos"",""operator_parameter"":16}",{},20,offline_horizon,500,information_increment,20,2.6910775895685086,0.3094453922761079,0.06919409324534656,2.546252687983027,2.8359024911539903,0.14482490158548184
operator_ablation,full,evaluation,offline_common_trajectory_diagnostic,lanczos_rank16,,offline_noncausal_not_executed_policy,"{""operator_kind"":""lanczos"",""operator_parameter"":16}",{},20,offline_horizon,500,kappa_plus,20,1.8752613466719077,0.41096068649718376,0.09189360310876828,1.6829258249190056,2.06759686842481,0.19233552175290214
operator_ablation,full,evaluation,offline_common_trajectory_diagnostic,lanczos_rank16,,offline_noncausal_not_executed_policy,"{""operator_kind"":""lanczos"",""operator_parameter"":16}",{},20,offline_horizon,500,logged_action,20,2.15,1.4244112357114616,0.3185080350965304,1.4833550210206359,2.816644978979364,0.666644978979364
operator_ablation,full,evaluation,offline_common_trajectory_diagnostic,lanczos_rank16,,offline_noncausal_not_executed_policy,"{""operator_kind"":""lanczos"",""operator_parameter"":16}",{},20,offline_horizon,500,max_relative_width_distortion,20,12.677889638468397,1.542449883539758,0.34490227914815325,11.956000871791062,13.399778405145732,0.721888766677334
operator_ablation,full,evaluation,offline_common_trajectory_diagnostic,lanczos_rank16,,offline_noncausal_not_executed_policy,"{""operator_kind"":""lanczos"",""operator_parameter"":16}",{},20,offline_horizon,500,operator_parameter,20,16.0,0.0,0.0,16.0,16.0,0.0
operator_ablation,full,evaluation,offline_common_trajectory_diagnostic,lanczos_rank16,,offline_noncausal_not_executed_policy,"{""operator_kind"":""lanczos"",""operator_parameter"":16}",{},20,offline_horizon,500,optimism_violation_count,20,0.0,0.0,0.0,0.0,0.0,0.0
operator_ablation,full,evaluation,offline_common_trajectory_diagnostic,lanczos_rank16,,offline_noncausal_not_executed_policy,"{""operator_kind"":""lanczos"",""operator_parameter"":16}",{},20,offline_horizon,500,round,20,500.0,0.0,0.0,500.0,500.0,0.0
operator_ablation,full,evaluation,offline_common_trajectory_diagnostic,lanczos_rank16,,offline_noncausal_not_executed_policy,"{""operator_kind"":""lanczos"",""operator_parameter"":16}",{},20,offline_horizon,500,transition_logdet,20,-2.701883298888463,0.5698452939549851,0.12742128139416967,-2.9685791058899897,-2.435187491886936,0.266695807001527
operator_ablation,full,evaluation,offline_common_trajectory_diagnostic,lanczos_rank16,,offline_noncausal_not_executed_policy,"{""operator_kind"":""lanczos"",""operator_parameter"":16}",{},20,offline_horizon,500,variation_increment,20,2.701883298888463,0.5698452939549851,0.12742128139416967,2.435187491886936,2.9685791058899897,0.266695807001527
operator_ablation,full,evaluation,offline_common_trajectory_diagnostic,lanczos_rank16,,offline_noncausal_not_executed_policy,"{""operator_kind"":""lanczos"",""operator_parameter"":16}",{},20,offline_horizon,500,width_distortion,20,12.677889638468397,1.542449883539758,0.34490227914815325,11.956000871791062,13.399778405145732,0.721888766677334
operator_ablation,full,evaluation,offline_common_trajectory_diagnostic,lanczos_rank4,,offline_noncausal_not_executed_policy,"{""operator_kind"":""lanczos"",""operator_parameter"":4}",{},20,offline_summary,,Gamma_dynamic_T,20,1865.0080729124497,3.2595228388994832,0.728851464199234,1863.48256926579,1866.5335765591094,1.525503646659713
operator_ablation,full,evaluation,offline_common_trajectory_diagnostic,lanczos_rank4,,offline_noncausal_not_executed_policy,"{""operator_kind"":""lanczos"",""operator_parameter"":4}",{},20,offline_summary,,Lambda_alg_T,20,1863.0460706848528,3.357216480487832,0.7506964265553389,1861.4748450065142,1864.6172963631914,1.5712256783386844
operator_ablation,full,evaluation,offline_common_trajectory_diagnostic,lanczos_rank4,,offline_noncausal_not_executed_policy,"{""operator_kind"":""lanczos"",""operator_parameter"":4}",{},20,offline_summary,,V_alg_T,20,1839.5415566950724,3.1183941151565278,0.6972941222125303,1838.082103324284,1841.0010100658608,1.4594533707883528
operator_ablation,full,evaluation,offline_common_trajectory_diagnostic,lanczos_rank4,,offline_noncausal_not_executed_policy,"{""operator_kind"":""lanczos"",""operator_parameter"":4}",{},20,offline_summary,,action_disagreement_count,20,364.05,9.361033456217378,2.0931907147751856,359.66890148351143,368.4310985164886,4.381098516488585
operator_ablation,full,evaluation,offline_common_trajectory_diagnostic,lanczos_rank4,,offline_noncausal_not_executed_policy,"{""operator_kind"":""lanczos"",""operator_parameter"":4}",{},20,offline_summary,,action_disagreement_rate,20,0.7281,0.01872206691243477,0.004186381429550375,0.7193378029670228,0.7368621970329772,0.008762197032977178
operator_ablation,full,evaluation,offline_common_trajectory_diagnostic,lanczos_rank4,,offline_noncausal_not_executed_policy,"{""operator_kind"":""lanczos"",""operator_parameter"":4}",{},20,offline_summary,,action_disagreement_with_full_count,20,364.05,9.361033456217378,2.0931907147751856,359.66890148351143,368.4310985164886,4.381098516488585
operator_ablation,full,evaluation,offline_common_trajectory_diagnostic,lanczos_rank4,,offline_noncausal_not_executed_policy,"{""operator_kind"":""lanczos"",""operator_parameter"":4}",{},20,offline_summary,,action_set_max_cbar_width_squared_over_chat_width_squared,20,1.0000000000000095,1.884420467348161e-14,4.2136922631824105e-15,1.0000000000000007,1.0000000000000184,8.819359264714972e-15
operator_ablation,full,evaluation,offline_common_trajectory_diagnostic,lanczos_rank4,,offline_noncausal_not_executed_policy,"{""operator_kind"":""lanczos"",""operator_parameter"":4}",{},20,offline_summary,,action_set_transfer_max,20,1.0000000000000095,1.884420467348161e-14,4.2136922631824105e-15,1.0000000000000007,1.0000000000000184,8.819359264714972e-15
operator_ablation,full,evaluation,offline_common_trajectory_diagnostic,lanczos_rank4,,offline_noncausal_not_executed_policy,"{""operator_kind"":""lanczos"",""operator_parameter"":4}",{},20,offline_summary,,dynamic_identity_residual,20,-1.1536940291989594e-10,1.8172658190982857e-09,4.0635299046906024e-10,-9.658759865523893e-10,7.351371807125973e-10,8.505065836324933e-10
operator_ablation,full,evaluation,offline_common_trajectory_diagnostic,lanczos_rank4,,offline_noncausal_not_executed_policy,"{""operator_kind"":""lanczos"",""operator_parameter"":4}",{},20,offline_summary,,endpoint_logdet_T,20,25.46651621737744,0.46208232279066375,0.10332474849609244,25.25025503335943,25.682777401395448,0.2162611840180102
operator_ablation,full,evaluation,offline_common_trajectory_diagnostic,lanczos_rank4,,offline_noncausal_not_executed_policy,"{""operator_kind"":""lanczos"",""operator_parameter"":4}",{},20,offline_summary,,exact_global_kappa_plus_max,20,216.10112268046137,19.71011605477476,4.407315934288633,206.87650441461824,225.3257409463045,9.224618265843137
operator_ablation,full,evaluation,offline_common_trajectory_diagnostic,lanczos_rank4,,offline_noncausal_not_executed_policy,"{""operator_kind"":""lanczos"",""operator_parameter"":4}",{},20,offline_summary,,fixed_damping,20,1.0,0.0,0.0,1.0,1.0,0.0
operator_ablation,full,evaluation,offline_common_trajectory_diagnostic,lanczos_rank4,,offline_noncausal_not_executed_policy,"{""operator_kind"":""lanczos"",""operator_parameter"":4}",{},20,offline_summary,,kappa_plus_max,20,216.10112268046137,19.71011605477476,4.407315934288633,206.87650441461824,225.3257409463045,9.224618265843137
operator_ablation,full,evaluation,offline_common_trajectory_diagnostic,lanczos_rank4,,offline_noncausal_not_executed_policy,"{""operator_kind"":""lanczos"",""operator_parameter"":4}",{},20,offline_summary,,max_relative_width_distortion,20,24.617089215758046,0.9207823921032686,0.2058932021227774,24.18614979107592,25.048028640440172,0.4309394246821249
operator_ablation,full,evaluation,offline_common_trajectory_diagnostic,lanczos_rank4,,offline_noncausal_not_executed_policy,"{""operator_kind"":""lanczos"",""operator_parameter"":4}",{},20,offline_summary,,operator_parameter,20,4.0,0.0,0.0,4.0,4.0,0.0
operator_ablation,full,evaluation,offline_common_trajectory_diagnostic,lanczos_rank4,,offline_noncausal_not_executed_policy,"{""operator_kind"":""lanczos"",""operator_parameter"":4}",{},20,offline_summary,,optimism_violation_count,20,0.0,0.0,0.0,0.0,0.0,0.0
operator_ablation,full,evaluation,offline_common_trajectory_diagnostic,lanczos_rank4,,offline_noncausal_not_executed_policy,"{""operator_kind"":""lanczos"",""operator_parameter"":4}",{},20,offline_summary,,rounds,20,500.0,0.0,0.0,500.0,500.0,0.0
operator_ablation,full,evaluation,offline_common_trajectory_diagnostic,lanczos_rank4,,offline_noncausal_not_executed_policy,"{""operator_kind"":""lanczos"",""operator_parameter"":4}",{},20,offline_summary,,seed,20,129.5,5.916079783099616,1.3228756555322954,126.73118943197974,132.26881056802026,2.768810568020254
operator_ablation,full,evaluation,offline_common_trajectory_diagnostic,lanczos_rank4,,offline_noncausal_not_executed_policy,"{""operator_kind"":""lanczos"",""operator_parameter"":4}",{},20,offline_summary,,width_distortion_max,20,24.617089215758046,0.9207823921032686,0.2058932021227774,24.18614979107592,25.048028640440172,0.4309394246821249
operator_ablation,full,evaluation,offline_common_trajectory_diagnostic,lanczos_rank4,,offline_noncausal_not_executed_policy,"{""operator_kind"":""lanczos"",""operator_parameter"":4}",{},20,offline_horizon,500,Gamma_dynamic_T,20,1865.0080729124497,3.2595228388994832,0.728851464199234,1863.48256926579,1866.5335765591094,1.525503646659713
operator_ablation,full,evaluation,offline_common_trajectory_diagnostic,lanczos_rank4,,offline_noncausal_not_executed_policy,"{""operator_kind"":""lanczos"",""operator_parameter"":4}",{},20,offline_horizon,500,Gamma_dynamic_cumulative,20,1865.0080729124497,3.2595228388994832,0.728851464199234,1863.48256926579,1866.5335765591094,1.525503646659713
operator_ablation,full,evaluation,offline_common_trajectory_diagnostic,lanczos_rank4,,offline_noncausal_not_executed_policy,"{""operator_kind"":""lanczos"",""operator_parameter"":4}",{},20,offline_horizon,500,Lambda_alg_T,20,1863.0460706848528,3.357216480487832,0.7506964265553389,1861.4748450065142,1864.6172963631914,1.5712256783386844
operator_ablation,full,evaluation,offline_common_trajectory_diagnostic,lanczos_rank4,,offline_noncausal_not_executed_policy,"{""operator_kind"":""lanczos"",""operator_parameter"":4}",{},20,offline_horizon,500,Lambda_alg_cumulative,20,1863.0460706848528,3.357216480487832,0.7506964265553389,1861.4748450065142,1864.6172963631914,1.5712256783386844
operator_ablation,full,evaluation,offline_common_trajectory_diagnostic,lanczos_rank4,,offline_noncausal_not_executed_policy,"{""operator_kind"":""lanczos"",""operator_parameter"":4}",{},20,offline_horizon,500,V_alg_T,20,1839.5415566950724,3.1183941151565278,0.6972941222125303,1838.082103324284,1841.0010100658608,1.4594533707883528
operator_ablation,full,evaluation,offline_common_trajectory_diagnostic,lanczos_rank4,,offline_noncausal_not_executed_policy,"{""operator_kind"":""lanczos"",""operator_parameter"":4}",{},20,offline_horizon,500,V_alg_cumulative,20,1839.5415566950724,3.1183941151565278,0.6972941222125303,1838.082103324284,1841.0010100658608,1.4594533707883528
operator_ablation,full,evaluation,offline_common_trajectory_diagnostic,lanczos_rank4,,offline_noncausal_not_executed_policy,"{""operator_kind"":""lanczos"",""operator_parameter"":4}",{},20,offline_horizon,500,action_set_max_cbar_width_over_chat_width,20,0.06157903429288063,0.003920025410261075,0.0008765443290870264,0.05974440592734629,0.06341366265841497,0.001834628365534339
operator_ablation,full,evaluation,offline_common_trajectory_diagnostic,lanczos_rank4,,offline_noncausal_not_executed_policy,"{""operator_kind"":""lanczos"",""operator_parameter"":4}",{},20,offline_horizon,500,action_set_max_cbar_width_squared_over_chat_width_squared,20,0.0038065757337000057,0.0005013237579700016,0.00011209940015565754,0.003571948992689472,0.00404120247471054,0.00023462674101053374
operator_ablation,full,evaluation,offline_common_trajectory_diagnostic,lanczos_rank4,,offline_noncausal_not_executed_policy,"{""operator_kind"":""lanczos"",""operator_parameter"":4}",{},20,offline_horizon,500,action_set_transfer,20,0.0038065757337000057,0.0005013237579700016,0.00011209940015565754,0.003571948992689472,0.00404120247471054,0.00023462674101053374
operator_ablation,full,evaluation,offline_common_trajectory_diagnostic,lanczos_rank4,,offline_noncausal_not_executed_policy,"{""operator_kind"":""lanczos"",""operator_parameter"":4}",{},20,offline_horizon,500,diagnostic_action,20,2.35,1.460893742308382,0.32666577157056026,1.6662806823509677,3.0337193176490325,0.6837193176490325
operator_ablation,full,evaluation,offline_common_trajectory_diagnostic,lanczos_rank4,,offline_noncausal_not_executed_policy,"{""operator_kind"":""lanczos"",""operator_parameter"":4}",{},20,offline_horizon,500,dynamic_identity_residual,20,-1.1536940291989594e-10,1.8172658190982857e-09,4.0635299046906024e-10,-9.658759865523893e-10,7.351371807125973e-10,8.505065836324933e-10
operator_ablation,full,evaluation,offline_common_trajectory_diagnostic,lanczos_rank4,,offline_noncausal_not_executed_policy,"{""operator_kind"":""lanczos"",""operator_parameter"":4}",{},20,offline_horizon,500,endpoint_logdet,20,25.46651621737744,0.46208232279066375,0.10332474849609244,25.25025503335943,25.682777401395448,0.2162611840180102
operator_ablation,full,evaluation,offline_common_trajectory_diagnostic,lanczos_rank4,,offline_noncausal_not_executed_policy,"{""operator_kind"":""lanczos"",""operator_parameter"":4}",{},20,offline_horizon,500,exact_global_kappa_plus,20,133.5862636673136,40.826423359964714,9.129065791106646,114.47890937225138,152.69361796237584,19.107354295062226
operator_ablation,full,evaluation,offline_common_trajectory_diagnostic,lanczos_rank4,,offline_noncausal_not_executed_policy,"{""operator_kind"":""lanczos"",""operator_parameter"":4}",{},20,offline_horizon,500,fixed_bonus_coefficient,20,20.206043843304336,0.0,0.0,20.206043843304336,20.206043843304336,0.0
operator_ablation,full,evaluation,offline_common_trajectory_diagnostic,lanczos_rank4,,offline_noncausal_not_executed_policy,"{""operator_kind"":""lanczos"",""operator_parameter"":4}",{},20,offline_horizon,500,fixed_damping,20,1.0,0.0,0.0,1.0,1.0,0.0
operator_ablation,full,evaluation,offline_common_trajectory_diagnostic,lanczos_rank4,,offline_noncausal_not_executed_policy,"{""operator_kind"":""lanczos"",""operator_parameter"":4}",{},20,offline_horizon,500,full_diagnostic_action,20,2.15,1.4244112357114616,0.3185080350965304,1.4833550210206359,2.816644978979364,0.666644978979364
operator_ablation,full,evaluation,offline_common_trajectory_diagnostic,lanczos_rank4,,offline_noncausal_not_executed_policy,"{""operator_kind"":""lanczos"",""operator_parameter"":4}",{},20,offline_horizon,500,global_kappa_plus_C_hat_C_full,20,133.5862636673136,40.826423359964714,9.129065791106646,114.47890937225138,152.69361796237584,19.107354295062226
operator_ablation,full,evaluation,offline_common_trajectory_diagnostic,lanczos_rank4,,offline_noncausal_not_executed_policy,"{""operator_kind"":""lanczos"",""operator_parameter"":4}",{},20,offline_horizon,500,information_increment,20,3.7059381604194988,0.1281371160051608,0.028652330182831587,3.645968144131983,3.7659081767070144,0.05997001628751573
operator_ablation,full,evaluation,offline_common_trajectory_diagnostic,lanczos_rank4,,offline_noncausal_not_executed_policy,"{""operator_kind"":""lanczos"",""operator_parameter"":4}",{},20,offline_horizon,500,kappa_plus,20,133.5862636673136,40.826423359964714,9.129065791106646,114.47890937225138,152.69361796237584,19.107354295062226
operator_ablation,full,evaluation,offline_common_trajectory_diagnostic,lanczos_rank4,,offline_noncausal_not_executed_policy,"{""operator_kind"":""lanczos"",""operator_parameter"":4}",{},20,offline_horizon,500,logged_action,20,2.15,1.4244112357114616,0.3185080350965304,1.4833550210206359,2.816644978979364,0.666644978979364
operator_ablation,full,evaluation,offline_common_trajectory_diagnostic,lanczos_rank4,,offline_noncausal_not_executed_policy,"{""operator_kind"":""lanczos"",""operator_parameter"":4}",{},20,offline_horizon,500,max_relative_width_distortion,20,22.686249812670113,1.8297144858954668,0.4091365969878344,21.829917073635816,23.54258255170441,0.8563327390342954
operator_ablation,full,evaluation,offline_common_trajectory_diagnostic,lanczos_rank4,,offline_noncausal_not_executed_policy,"{""operator_kind"":""lanczos"",""operator_parameter"":4}",{},20,offline_horizon,500,operator_parameter,20,4.0,0.0,0.0,4.0,4.0,0.0
operator_ablation,full,evaluation,offline_common_trajectory_diagnostic,lanczos_rank4,,offline_noncausal_not_executed_policy,"{""operator_kind"":""lanczos"",""operator_parameter"":4}",{},20,offline_horizon,500,optimism_violation_count,20,0.0,0.0,0.0,0.0,0.0,0.0
operator_ablation,full,evaluation,offline_common_trajectory_diagnostic,lanczos_rank4,,offline_noncausal_not_executed_policy,"{""operator_kind"":""lanczos"",""operator_parameter"":4}",{},20,offline_horizon,500,round,20,500.0,0.0,0.0,500.0,500.0,0.0
operator_ablation,full,evaluation,offline_common_trajectory_diagnostic,lanczos_rank4,,offline_noncausal_not_executed_policy,"{""operator_kind"":""lanczos"",""operator_parameter"":4}",{},20,offline_horizon,500,transition_logdet,20,-3.71189063074302,0.7577948541269987,0.1694480806827506,-4.066549539585337,-3.3572317219007033,0.3546589088423169
operator_ablation,full,evaluation,offline_common_trajectory_diagnostic,lanczos_rank4,,offline_noncausal_not_executed_policy,"{""operator_kind"":""lanczos"",""operator_parameter"":4}",{},20,offline_horizon,500,variation_increment,20,3.71189063074302,0.7577948541269987,0.1694480806827506,3.3572317219007033,4.066549539585337,0.3546589088423169
operator_ablation,full,evaluation,offline_common_trajectory_diagnostic,lanczos_rank4,,offline_noncausal_not_executed_policy,"{""operator_kind"":""lanczos"",""operator_parameter"":4}",{},20,offline_horizon,500,width_distortion,20,22.686249812670113,1.8297144858954668,0.4091365969878344,21.829917073635816,23.54258255170441,0.8563327390342954
operator_ablation,full,evaluation,offline_common_trajectory_diagnostic,stale20,,offline_noncausal_not_executed_policy,"{""operator_kind"":""stale_refresh"",""operator_parameter"":20}",{},20,offline_summary,,Gamma_dynamic_T,20,529.0053771751641,2.2648872056071667,0.5064441753107167,527.9453773340238,530.0653770163044,1.0599998411403087
operator_ablation,full,evaluation,offline_common_trajectory_diagnostic,stale20,,offline_noncausal_not_executed_policy,"{""operator_kind"":""stale_refresh"",""operator_parameter"":20}",{},20,offline_summary,,Lambda_alg_T,20,284.2614794470318,2.0701355963269603,0.4628963916029147,283.29262616470805,285.2303327293555,0.9688532823237087
operator_ablation,full,evaluation,offline_common_trajectory_diagnostic,stale20,,offline_noncausal_not_executed_policy,"{""operator_kind"":""stale_refresh"",""operator_parameter"":20}",{},20,offline_summary,,V_alg_T,20,270.6609222693736,2.046371515986758,0.4575825816965688,269.70319091900444,271.61865361974276,0.9577313503691736
operator_ablation,full,evaluation,offline_common_trajectory_diagnostic,stale20,,offline_noncausal_not_executed_policy,"{""operator_kind"":""stale_refresh"",""operator_parameter"":20}",{},20,offline_summary,,action_disagreement_count,20,130.7,8.891746616651695,1.9882549873536952,126.53853448517141,134.86146551482855,4.1614655148285715
operator_ablation,full,evaluation,offline_common_trajectory_diagnostic,stale20,,offline_noncausal_not_executed_policy,"{""operator_kind"":""stale_refresh"",""operator_parameter"":20}",{},20,offline_summary,,action_disagreement_rate,20,0.26139999999999997,0.01778349323330338,0.003976509974707388,0.2530770689703428,0.2697229310296571,0.008322931029657138
operator_ablation,full,evaluation,offline_common_trajectory_diagnostic,stale20,,offline_noncausal_not_executed_policy,"{""operator_kind"":""stale_refresh"",""operator_parameter"":20}",{},20,offline_summary,,action_disagreement_with_full_count,20,130.7,8.891746616651695,1.9882549873536952,126.53853448517141,134.86146551482855,4.1614655148285715
operator_ablation,full,evaluation,offline_common_trajectory_diagnostic,stale20,,offline_noncausal_not_executed_policy,"{""operator_kind"":""stale_refresh"",""operator_parameter"":20}",{},20,offline_summary,,action_set_max_cbar_width_squared_over_chat_width_squared,20,1.000000000000002,6.534500090464112e-16,1.461158640125628e-16,1.0000000000000018,1.0000000000000022,3.0582401810894725e-16
operator_ablation,full,evaluation,offline_common_trajectory_diagnostic,stale20,,offline_noncausal_not_executed_policy,"{""operator_kind"":""stale_refresh"",""operator_parameter"":20}",{},20,offline_summary,,action_set_transfer_max,20,1.000000000000002,6.534500090464112e-16,1.461158640125628e-16,1.0000000000000018,1.0000000000000022,3.0582401810894725e-16
operator_ablation,full,evaluation,offline_common_trajectory_diagnostic,stale20,,offline_noncausal_not_executed_policy,"{""operator_kind"":""stale_refresh"",""operator_parameter"":20}",{},20,offline_summary,,dynamic_identity_residual,20,-3.183231456205249e-12,4.798579811054433e-13,1.0729950652975808e-13,-3.407811904398174e-12,-2.9586510080123237e-12,2.2458044819292507e-13
operator_ablation,full,evaluation,offline_common_trajectory_diagnostic,stale20,,offline_noncausal_not_executed_policy,"{""operator_kind"":""stale_refresh"",""operator_parameter"":20}",{},20,offline_summary,,endpoint_logdet_T,20,258.3444549057905,0.34836737367828763,0.0778973128687722,258.1814139561824,258.5074958553986,0.1630409496081101
operator_ablation,full,evaluation,offline_common_trajectory_diagnostic,stale20,,offline_noncausal_not_executed_policy,"{""operator_kind"":""stale_refresh"",""operator_parameter"":20}",{},20,offline_summary,,exact_global_kappa_plus_max,20,1.0000000000001983,2.4021620646738043e-14,5.371397669581872e-15,1.000000000000187,1.0000000000002096,1.1242464528227591e-14
operator_ablation,full,evaluation,offline_common_trajectory_diagnostic,stale20,,offline_noncausal_not_executed_policy,"{""operator_kind"":""stale_refresh"",""operator_parameter"":20}",{},20,offline_summary,,fixed_damping,20,1.0,0.0,0.0,1.0,1.0,0.0
operator_ablation,full,evaluation,offline_common_trajectory_diagnostic,stale20,,offline_noncausal_not_executed_policy,"{""operator_kind"":""stale_refresh"",""operator_parameter"":20}",{},20,offline_summary,,kappa_plus_max,20,1.0000000000001983,2.4021620646738043e-14,5.371397669581872e-15,1.000000000000187,1.0000000000002096,1.1242464528227591e-14
operator_ablation,full,evaluation,offline_common_trajectory_diagnostic,stale20,,offline_noncausal_not_executed_policy,"{""operator_kind"":""stale_refresh"",""operator_parameter"":20}",{},20,offline_summary,,max_relative_width_distortion,20,4.690456516538989,1.5805176166315917,0.3534144830424191,3.9507515023549282,5.4301615307230495,0.7397050141840605
operator_ablation,full,evaluation,offline_common_trajectory_diagnostic,stale20,,offline_noncausal_not_executed_policy,"{""operator_kind"":""stale_refresh"",""operator_parameter"":20}",{},20,offline_summary,,operator_parameter,20,20.0,0.0,0.0,20.0,20.0,0.0
operator_ablation,full,evaluation,offline_common_trajectory_diagnostic,stale20,,offline_noncausal_not_executed_policy,"{""operator_kind"":""stale_refresh"",""operator_parameter"":20}",{},20,offline_summary,,optimism_violation_count,20,0.0,0.0,0.0,0.0,0.0,0.0
operator_ablation,full,evaluation,offline_common_trajectory_diagnostic,stale20,,offline_noncausal_not_executed_policy,"{""operator_kind"":""stale_refresh"",""operator_parameter"":20}",{},20,offline_summary,,rounds,20,500.0,0.0,0.0,500.0,500.0,0.0
operator_ablation,full,evaluation,offline_common_trajectory_diagnostic,stale20,,offline_noncausal_not_executed_policy,"{""operator_kind"":""stale_refresh"",""operator_parameter"":20}",{},20,offline_summary,,seed,20,129.5,5.916079783099616,1.3228756555322954,126.73118943197974,132.26881056802026,2.768810568020254
operator_ablation,full,evaluation,offline_common_trajectory_diagnostic,stale20,,offline_noncausal_not_executed_policy,"{""operator_kind"":""stale_refresh"",""operator_parameter"":20}",{},20,offline_summary,,width_distortion_max,20,4.690456516538989,1.5805176166315917,0.3534144830424191,3.9507515023549282,5.4301615307230495,0.7397050141840605
operator_ablation,full,evaluation,offline_common_trajectory_diagnostic,stale20,,offline_noncausal_not_executed_policy,"{""operator_kind"":""stale_refresh"",""operator_parameter"":20}",{},20,offline_horizon,500,Gamma_dynamic_T,20,529.0053771751641,2.2648872056071667,0.5064441753107167,527.9453773340238,530.0653770163044,1.0599998411403087
operator_ablation,full,evaluation,offline_common_trajectory_diagnostic,stale20,,offline_noncausal_not_executed_policy,"{""operator_kind"":""stale_refresh"",""operator_parameter"":20}",{},20,offline_horizon,500,Gamma_dynamic_cumulative,20,529.0053771751641,2.2648872056071667,0.5064441753107167,527.9453773340238,530.0653770163044,1.0599998411403087
operator_ablation,full,evaluation,offline_common_trajectory_diagnostic,stale20,,offline_noncausal_not_executed_policy,"{""operator_kind"":""stale_refresh"",""operator_parameter"":20}",{},20,offline_horizon,500,Lambda_alg_T,20,284.2614794470318,2.0701355963269603,0.4628963916029147,283.29262616470805,285.2303327293555,0.9688532823237087
operator_ablation,full,evaluation,offline_common_trajectory_diagnostic,stale20,,offline_noncausal_not_executed_policy,"{""operator_kind"":""stale_refresh"",""operator_parameter"":20}",{},20,offline_horizon,500,Lambda_alg_cumulative,20,284.2614794470318,2.0701355963269603,0.4628963916029147,283.29262616470805,285.2303327293555,0.9688532823237087
operator_ablation,full,evaluation,offline_common_trajectory_diagnostic,stale20,,offline_noncausal_not_executed_policy,"{""operator_kind"":""stale_refresh"",""operator_parameter"":20}",{},20,offline_horizon,500,V_alg_T,20,270.6609222693736,2.046371515986758,0.4575825816965688,269.70319091900444,271.61865361974276,0.9577313503691736
operator_ablation,full,evaluation,offline_common_trajectory_diagnostic,stale20,,offline_noncausal_not_executed_policy,"{""operator_kind"":""stale_refresh"",""operator_parameter"":20}",{},20,offline_horizon,500,V_alg_cumulative,20,270.6609222693736,2.046371515986758,0.4575825816965688,269.70319091900444,271.61865361974276,0.9577313503691736
operator_ablation,full,evaluation,offline_common_trajectory_diagnostic,stale20,,offline_noncausal_not_executed_policy,"{""operator_kind"":""stale_refresh"",""operator_parameter"":20}",{},20,offline_horizon,500,action_set_max_cbar_width_over_chat_width,20,0.996220311063644,0.0035054481793045027,0.0007838420420527739,0.9945797108147709,0.997860911312517,0.0016406002488729848
operator_ablation,full,evaluation,offline_common_trajectory_diagnostic,stale20,,offline_noncausal_not_executed_policy,"{""operator_kind"":""stale_refresh"",""operator_parameter"":20}",{},20,offline_horizon,500,action_set_max_cbar_width_squared_over_chat_width_squared,20,0.9924665819343342,0.0069744193232834,0.0015595275710449763,0.9892024532146242,0.9957307106540443,0.003264128719710098
operator_ablation,full,evaluation,offline_common_trajectory_diagnostic,stale20,,offline_noncausal_not_executed_policy,"{""operator_kind"":""stale_refresh"",""operator_parameter"":20}",{},20,offline_horizon,500,action_set_transfer,20,0.9924665819343342,0.0069744193232834,0.0015595275710449763,0.9892024532146242,0.9957307106540443,0.003264128719710098
operator_ablation,full,evaluation,offline_common_trajectory_diagnostic,stale20,,offline_noncausal_not_executed_policy,"{""operator_kind"":""stale_refresh"",""operator_parameter"":20}",{},20,offline_horizon,500,diagnostic_action,20,2.05,1.4317821063276353,0.3201562118716424,1.3799053473844094,2.7200946526155905,0.6700946526155904
operator_ablation,full,evaluation,offline_common_trajectory_diagnostic,stale20,,offline_noncausal_not_executed_policy,"{""operator_kind"":""stale_refresh"",""operator_parameter"":20}",{},20,offline_horizon,500,dynamic_identity_residual,20,-3.183231456205249e-12,4.798579811054433e-13,1.0729950652975808e-13,-3.407811904398174e-12,-2.9586510080123237e-12,2.2458044819292507e-13
operator_ablation,full,evaluation,offline_common_trajectory_diagnostic,stale20,,offline_noncausal_not_executed_policy,"{""operator_kind"":""stale_refresh"",""operator_parameter"":20}",{},20,offline_horizon,500,endpoint_logdet,20,258.3444549057905,0.34836737367828763,0.0778973128687722,258.1814139561824,258.5074958553986,0.1630409496081101
operator_ablation,full,evaluation,offline_common_trajectory_diagnostic,stale20,,offline_noncausal_not_executed_policy,"{""operator_kind"":""stale_refresh"",""operator_parameter"":20}",{},20,offline_horizon,500,exact_global_kappa_plus,20,1.000000000000085,4.63996388598081e-14,1.0375274662197174e-14,1.0000000000000633,1.0000000000001068,2.1715699439071724e-14
operator_ablation,full,evaluation,offline_common_trajectory_diagnostic,stale20,,offline_noncausal_not_executed_policy,"{""operator_kind"":""stale_refresh"",""operator_parameter"":20}",{},20,offline_horizon,500,fixed_bonus_coefficient,20,20.206043843304336,0.0,0.0,20.206043843304336,20.206043843304336,0.0
operator_ablation,full,evaluation,offline_common_trajectory_diagnostic,stale20,,offline_noncausal_not_executed_policy,"{""operator_kind"":""stale_refresh"",""operator_parameter"":20}",{},20,offline_horizon,500,fixed_damping,20,1.0,0.0,0.0,1.0,1.0,0.0
operator_ablation,full,evaluation,offline_common_trajectory_diagnostic,stale20,,offline_noncausal_not_executed_policy,"{""operator_kind"":""stale_refresh"",""operator_parameter"":20}",{},20,offline_horizon,500,full_diagnostic_action,20,2.15,1.4244112357114616,0.3185080350965304,1.4833550210206359,2.816644978979364,0.666644978979364
operator_ablation,full,evaluation,offline_common_trajectory_diagnostic,stale20,,offline_noncausal_not_executed_policy,"{""operator_kind"":""stale_refresh"",""operator_parameter"":20}",{},20,offline_horizon,500,global_kappa_plus_C_hat_C_full,20,1.000000000000085,4.63996388598081e-14,1.0375274662197174e-14,1.0000000000000633,1.0000000000001068,2.1715699439071724e-14
operator_ablation,full,evaluation,offline_common_trajectory_diagnostic,stale20,,offline_noncausal_not_executed_policy,"{""operator_kind"":""stale_refresh"",""operator_parameter"":20}",{},20,offline_horizon,500,information_increment,20,0.08560043584590668,0.015884963255672735,0.0035519857659770606,0.07816604419680077,0.09303482749501259,0.007434391649105909
operator_ablation,full,evaluation,offline_common_trajectory_diagnostic,stale20,,offline_noncausal_not_executed_policy,"{""operator_kind"":""stale_refresh"",""operator_parameter"":20}",{},20,offline_horizon,500,kappa_plus,20,1.000000000000085,4.63996388598081e-14,1.0375274662197174e-14,1.0000000000000633,1.0000000000001068,2.1715699439071724e-14
operator_ablation,full,evaluation,offline_common_trajectory_diagnostic,stale20,,offline_noncausal_not_executed_policy,"{""operator_kind"":""stale_refresh"",""operator_parameter"":20}",{},20,offline_horizon,500,logged_action,20,2.15,1.4244112357114616,0.3185080350965304,1.4833550210206359,2.816644978979364,0.666644978979364
operator_ablation,full,evaluation,offline_common_trajectory_diagnostic,stale20,,offline_noncausal_not_executed_policy,"{""operator_kind"":""stale_refresh"",""operator_parameter"":20}",{},20,offline_horizon,500,max_relative_width_distortion,20,0.04171484529200459,0.015017184344152588,0.0033579445024170783,0.034686586675077506,0.04874310390893167,0.007028258616927084
operator_ablation,full,evaluation,offline_common_trajectory_diagnostic,stale20,,offline_noncausal_not_executed_policy,"{""operator_kind"":""stale_refresh"",""operator_parameter"":20}",{},20,offline_horizon,500,operator_parameter,20,20.0,0.0,0.0,20.0,20.0,0.0
operator_ablation,full,evaluation,offline_common_trajectory_diagnostic,stale20,,offline_noncausal_not_executed_policy,"{""operator_kind"":""stale_refresh"",""operator_parameter"":20}",{},20,offline_horizon,500,optimism_violation_count,20,0.0,0.0,0.0,0.0,0.0,0.0
operator_ablation,full,evaluation,offline_common_trajectory_diagnostic,stale20,,offline_noncausal_not_executed_policy,"{""operator_kind"":""stale_refresh"",""operator_parameter"":20}",{},20,offline_horizon,500,round,20,500.0,0.0,0.0,500.0,500.0,0.0
operator_ablation,full,evaluation,offline_common_trajectory_diagnostic,stale20,,offline_noncausal_not_executed_policy,"{""operator_kind"":""stale_refresh"",""operator_parameter"":20}",{},20,offline_horizon,500,transition_logdet,20,1.654912389313419,0.0895544510652032,0.02002498402694728,1.6129996160558762,1.6968251625709618,0.04191277325754282
operator_ablation,full,evaluation,offline_common_trajectory_diagnostic,stale20,,offline_noncausal_not_executed_policy,"{""operator_kind"":""stale_refresh"",""operator_parameter"":20}",{},20,offline_horizon,500,variation_increment,20,0.0,0.0,0.0,0.0,0.0,0.0
operator_ablation,full,evaluation,offline_common_trajectory_diagnostic,stale20,,offline_noncausal_not_executed_policy,"{""operator_kind"":""stale_refresh"",""operator_parameter"":20}",{},20,offline_horizon,500,width_distortion,20,0.04171484529200459,0.015017184344152588,0.0033579445024170783,0.034686586675077506,0.04874310390893167,0.007028258616927084
operator_ablation,full,evaluation,offline_common_trajectory_diagnostic,stale5,,offline_noncausal_not_executed_policy,"{""operator_kind"":""stale_refresh"",""operator_parameter"":5}",{},20,offline_summary,,Gamma_dynamic_T,20,469.1270175867095,1.4874147227447863,0.33259604307913443,468.4308860681438,469.82314910527515,0.6961315185656505
operator_ablation,full,evaluation,offline_common_trajectory_diagnostic,stale5,,offline_noncausal_not_executed_policy,"{""operator_kind"":""stale_refresh"",""operator_parameter"":5}",{},20,offline_summary,,Lambda_alg_T,20,262.51065664356247,1.1263112374944324,0.25185084908594607,261.98352675830245,263.0377865288225,0.5271298852600419
operator_ablation,full,evaluation,offline_common_trajectory_diagnostic,stale5,,offline_noncausal_not_executed_policy,"{""operator_kind"":""stale_refresh"",""operator_parameter"":5}",{},20,offline_summary,,V_alg_T,20,210.78256268091906,1.3349306459396963,0.29849956695688645,210.15779590704784,211.40732945479027,0.6247667738712269
operator_ablation,full,evaluation,offline_common_trajectory_diagnostic,stale5,,offline_noncausal_not_executed_policy,"{""operator_kind"":""stale_refresh"",""operator_parameter"":5}",{},20,offline_summary,,action_disagreement_count,20,48.0,4.790341159150633,1.0711528467275953,45.758051325851206,50.241948674148794,2.241948674148793
operator_ablation,full,evaluation,offline_common_trajectory_diagnostic,stale5,,offline_noncausal_not_executed_policy,"{""operator_kind"":""stale_refresh"",""operator_parameter"":5}",{},20,offline_summary,,action_disagreement_rate,20,0.096,0.009580682318301267,0.002142305693455191,0.09151610265170242,0.10048389734829759,0.0044838973482975875
operator_ablation,full,evaluation,offline_common_trajectory_diagnostic,stale5,,offline_noncausal_not_executed_policy,"{""operator_kind"":""stale_refresh"",""operator_parameter"":5}",{},20,offline_summary,,action_disagreement_with_full_count,20,48.0,4.790341159150633,1.0711528467275953,45.758051325851206,50.241948674148794,2.241948674148793
operator_ablation,full,evaluation,offline_common_trajectory_diagnostic,stale5,,offline_noncausal_not_executed_policy,"{""operator_kind"":""stale_refresh"",""operator_parameter"":5}",{},20,offline_summary,,action_set_max_cbar_width_squared_over_chat_width_squared,20,1.0000000000000022,7.633433995367849e-16,1.7068877315400325e-16,1.0000000000000018,1.0000000000000027,3.57255708028772e-16
operator_ablation,full,evaluation,offline_common_trajectory_diagnostic,stale5,,offline_noncausal_not_executed_policy,"{""operator_kind"":""stale_refresh"",""operator_parameter"":5}",{},20,offline_summary,,action_set_transfer_max,20,1.0000000000000022,7.633433995367849e-16,1.7068877315400325e-16,1.0000000000000018,1.0000000000000027,3.57255708028772e-16
operator_ablation,full,evaluation,offline_common_trajectory_diagnostic,stale5,,offline_noncausal_not_executed_policy,"{""operator_kind"":""stale_refresh"",""operator_parameter"":5}",{},20,offline_summary,,dynamic_identity_residual,20,-2.5636381906224416e-12,5.093920885560684e-13,1.1390353372119617e-13,-2.802041026583013e-12,-2.32523535466187e-12,2.3840283596057154e-13
operator_ablation,full,evaluation,offline_common_trajectory_diagnostic,stale5,,offline_noncausal_not_executed_policy,"{""operator_kind"":""stale_refresh"",""operator_parameter"":5}",{},20,offline_summary,,endpoint_logdet_T,20,258.3444549057905,0.34836737367828763,0.0778973128687722,258.1814139561824,258.5074958553986,0.1630409496081101
operator_ablation,full,evaluation,offline_common_trajectory_diagnostic,stale5,,offline_noncausal_not_executed_policy,"{""operator_kind"":""stale_refresh"",""operator_parameter"":5}",{},20,offline_summary,,exact_global_kappa_plus_max,20,1.0000000000002112,2.897355434320024e-14,6.4786837061180004e-15,1.0000000000001976,1.0000000000002247,1.3560040837808145e-14
operator_ablation,full,evaluation,offline_common_trajectory_diagnostic,stale5,,offline_noncausal_not_executed_policy,"{""operator_kind"":""stale_refresh"",""operator_parameter"":5}",{},20,offline_summary,,fixed_damping,20,1.0,0.0,0.0,1.0,1.0,0.0
operator_ablation,full,evaluation,offline_common_trajectory_diagnostic,stale5,,offline_noncausal_not_executed_policy,"{""operator_kind"":""stale_refresh"",""operator_parameter"":5}",{},20,offline_summary,,kappa_plus_max,20,1.0000000000002112,2.897355434320024e-14,6.4786837061180004e-15,1.0000000000001976,1.0000000000002247,1.3560040837808145e-14
operator_ablation,full,evaluation,offline_common_trajectory_diagnostic,stale5,,offline_noncausal_not_executed_policy,"{""operator_kind"":""stale_refresh"",""operator_parameter"":5}",{},20,offline_summary,,max_relative_width_distortion,20,1.7834537966842117,1.1350785588182681,0.25381128173201406,1.252220678738902,2.3146869146295215,0.5312331179453096
operator_ablation,full,evaluation,offline_common_trajectory_diagnostic,stale5,,offline_noncausal_not_executed_policy,"{""operator_kind"":""stale_refresh"",""operator_parameter"":5}",{},20,offline_summary,,operator_parameter,20,5.0,0.0,0.0,5.0,5.0,0.0
operator_ablation,full,evaluation,offline_common_trajectory_diagnostic,stale5,,offline_noncausal_not_executed_policy,"{""operator_kind"":""stale_refresh"",""operator_parameter"":5}",{},20,offline_summary,,optimism_violation_count,20,0.0,0.0,0.0,0.0,0.0,0.0
operator_ablation,full,evaluation,offline_common_trajectory_diagnostic,stale5,,offline_noncausal_not_executed_policy,"{""operator_kind"":""stale_refresh"",""operator_parameter"":5}",{},20,offline_summary,,rounds,20,500.0,0.0,0.0,500.0,500.0,0.0
operator_ablation,full,evaluation,offline_common_trajectory_diagnostic,stale5,,offline_noncausal_not_executed_policy,"{""operator_kind"":""stale_refresh"",""operator_parameter"":5}",{},20,offline_summary,,seed,20,129.5,5.916079783099616,1.3228756555322954,126.73118943197974,132.26881056802026,2.768810568020254
operator_ablation,full,evaluation,offline_common_trajectory_diagnostic,stale5,,offline_noncausal_not_executed_policy,"{""operator_kind"":""stale_refresh"",""operator_parameter"":5}",{},20,offline_summary,,width_distortion_max,20,1.7834537966842117,1.1350785588182681,0.25381128173201406,1.252220678738902,2.3146869146295215,0.5312331179453096
operator_ablation,full,evaluation,offline_common_trajectory_diagnostic,stale5,,offline_noncausal_not_executed_policy,"{""operator_kind"":""stale_refresh"",""operator_parameter"":5}",{},20,offline_horizon,500,Gamma_dynamic_T,20,469.1270175867095,1.4874147227447863,0.33259604307913443,468.4308860681438,469.82314910527515,0.6961315185656505
operator_ablation,full,evaluation,offline_common_trajectory_diagnostic,stale5,,offline_noncausal_not_executed_policy,"{""operator_kind"":""stale_refresh"",""operator_parameter"":5}",{},20,offline_horizon,500,Gamma_dynamic_cumulative,20,469.1270175867095,1.4874147227447863,0.33259604307913443,468.4308860681438,469.82314910527515,0.6961315185656505
operator_ablation,full,evaluation,offline_common_trajectory_diagnostic,stale5,,offline_noncausal_not_executed_policy,"{""operator_kind"":""stale_refresh"",""operator_parameter"":5}",{},20,offline_horizon,500,Lambda_alg_T,20,262.51065664356247,1.1263112374944324,0.25185084908594607,261.98352675830245,263.0377865288225,0.5271298852600419
operator_ablation,full,evaluation,offline_common_trajectory_diagnostic,stale5,,offline_noncausal_not_executed_policy,"{""operator_kind"":""stale_refresh"",""operator_parameter"":5}",{},20,offline_horizon,500,Lambda_alg_cumulative,20,262.51065664356247,1.1263112374944324,0.25185084908594607,261.98352675830245,263.0377865288225,0.5271298852600419
operator_ablation,full,evaluation,offline_common_trajectory_diagnostic,stale5,,offline_noncausal_not_executed_policy,"{""operator_kind"":""stale_refresh"",""operator_parameter"":5}",{},20,offline_horizon,500,V_alg_T,20,210.78256268091906,1.3349306459396963,0.29849956695688645,210.15779590704784,211.40732945479027,0.6247667738712269
operator_ablation,full,evaluation,offline_common_trajectory_diagnostic,stale5,,offline_noncausal_not_executed_policy,"{""operator_kind"":""stale_refresh"",""operator_parameter"":5}",{},20,offline_horizon,500,V_alg_cumulative,20,210.78256268091906,1.3349306459396963,0.29849956695688645,210.15779590704784,211.40732945479027,0.6247667738712269
operator_ablation,full,evaluation,offline_common_trajectory_diagnostic,stale5,,offline_noncausal_not_executed_policy,"{""operator_kind"":""stale_refresh"",""operator_parameter"":5}",{},20,offline_horizon,500,action_set_max_cbar_width_over_chat_width,20,0.9999999831032668,9.374155675327616e-09,2.0961249321697996e-09,0.9999999787160269,0.9999999874905067,4.387239904076375e-09
operator_ablation,full,evaluation,offline_common_trajectory_diagnostic,stale5,,offline_noncausal_not_executed_policy,"{""operator_kind"":""stale_refresh"",""operator_parameter"":5}",{},20,offline_horizon,500,action_set_max_cbar_width_squared_over_chat_width_squared,20,0.9999999662065339,1.874831104010255e-08,4.1922497948979084e-09,0.9999999574320542,0.9999999749810136,8.774479662809621e-09
operator_ablation,full,evaluation,offline_common_trajectory_diagnostic,stale5,,offline_noncausal_not_executed_policy,"{""operator_kind"":""stale_refresh"",""operator_parameter"":5}",{},20,offline_horizon,500,action_set_transfer,20,0.9999999662065339,1.874831104010255e-08,4.1922497948979084e-09,0.9999999574320542,0.9999999749810136,8.774479662809621e-09
operator_ablation,full,evaluation,offline_common_trajectory_diagnostic,stale5,,offline_noncausal_not_executed_policy,"{""operator_kind"":""stale_refresh"",""operator_parameter"":5}",{},20,offline_horizon,500,diagnostic_action,20,2.3,1.3416407864998738,0.3,1.6720927836775072,2.9279072163224926,0.6279072163224926
operator_ablation,full,evaluation,offline_common_trajectory_diagnostic,stale5,,offline_noncausal_not_executed_policy,"{""operator_kind"":""stale_refresh"",""operator_parameter"":5}",{},20,offline_horizon,500,dynamic_identity_residual,20,-2.5636381906224416e-12,5.093920885560684e-13,1.1390353372119617e-13,-2.802041026583013e-12,-2.32523535466187e-12,2.3840283596057154e-13
operator_ablation,full,evaluation,offline_common_trajectory_diagnostic,stale5,,offline_noncausal_not_executed_policy,"{""operator_kind"":""stale_refresh"",""operator_parameter"":5}",{},20,offline_horizon,500,endpoint_logdet,20,258.3444549057905,0.34836737367828763,0.0778973128687722,258.1814139561824,258.5074958553986,0.1630409496081101
operator_ablation,full,evaluation,offline_common_trajectory_diagnostic,stale5,,offline_noncausal_not_executed_policy,"{""operator_kind"":""stale_refresh"",""operator_parameter"":5}",{},20,offline_horizon,500,exact_global_kappa_plus,20,1.0000000000000855,3.978200532176069e-14,8.895526818071528e-15,1.0000000000000668,1.0000000000001041,1.861855160685791e-14
operator_ablation,full,evaluation,offline_common_trajectory_diagnostic,stale5,,offline_noncausal_not_executed_policy,"{""operator_kind"":""stale_refresh"",""operator_parameter"":5}",{},20,offline_horizon,500,fixed_bonus_coefficient,20,20.206043843304336,0.0,0.0,20.206043843304336,20.206043843304336,0.0
operator_ablation,full,evaluation,offline_common_trajectory_diagnostic,stale5,,offline_noncausal_not_executed_policy,"{""operator_kind"":""stale_refresh"",""operator_parameter"":5}",{},20,offline_horizon,500,fixed_damping,20,1.0,0.0,0.0,1.0,1.0,0.0
operator_ablation,full,evaluation,offline_common_trajectory_diagnostic,stale5,,offline_noncausal_not_executed_policy,"{""operator_kind"":""stale_refresh"",""operator_parameter"":5}",{},20,offline_horizon,500,full_diagnostic_action,20,2.15,1.4244112357114616,0.3185080350965304,1.4833550210206359,2.816644978979364,0.666644978979364
operator_ablation,full,evaluation,offline_common_trajectory_diagnostic,stale5,,offline_noncausal_not_executed_policy,"{""operator_kind"":""stale_refresh"",""operator_parameter"":5}",{},20,offline_horizon,500,global_kappa_plus_C_hat_C_full,20,1.0000000000000855,3.978200532176069e-14,8.895526818071528e-15,1.0000000000000668,1.0000000000001041,1.861855160685791e-14
operator_ablation,full,evaluation,offline_common_trajectory_diagnostic,stale5,,offline_noncausal_not_executed_policy,"{""operator_kind"":""stale_refresh"",""operator_parameter"":5}",{},20,offline_horizon,500,information_increment,20,0.08379882113609954,0.016074504466711565,0.0035943684692191064,0.07627572146961718,0.0913219208025819,0.007523099666482361
operator_ablation,full,evaluation,offline_common_trajectory_diagnostic,stale5,,offline_noncausal_not_executed_policy,"{""operator_kind"":""stale_refresh"",""operator_parameter"":5}",{},20,offline_horizon,500,kappa_plus,20,1.0000000000000855,3.978200532176069e-14,8.895526818071528e-15,1.0000000000000668,1.0000000000001041,1.861855160685791e-14
operator_ablation,full,evaluation,offline_common_trajectory_diagnostic,stale5,,offline_noncausal_not_executed_policy,"{""operator_kind"":""stale_refresh"",""operator_parameter"":5}",{},20,offline_horizon,500,logged_action,20,2.15,1.4244112357114616,0.3185080350965304,1.4833550210206359,2.816644978979364,0.666644978979364
operator_ablation,full,evaluation,offline_common_trajectory_diagnostic,stale5,,offline_noncausal_not_executed_policy,"{""operator_kind"":""stale_refresh"",""operator_parameter"":5}",{},20,offline_horizon,500,max_relative_width_distortion,20,0.0173990323996272,0.01609703350395228,0.0035994061150928926,0.009865388819153414,0.024932675980100988,0.007533643580473786
operator_ablation,full,evaluation,offline_common_trajectory_diagnostic,stale5,,offline_noncausal_not_executed_policy,"{""operator_kind"":""stale_refresh"",""operator_parameter"":5}",{},20,offline_horizon,500,operator_parameter,20,5.0,0.0,0.0,5.0,5.0,0.0
operator_ablation,full,evaluation,offline_common_trajectory_diagnostic,stale5,,offline_noncausal_not_executed_policy,"{""operator_kind"":""stale_refresh"",""operator_parameter"":5}",{},20,offline_horizon,500,optimism_violation_count,20,0.0,0.0,0.0,0.0,0.0,0.0
operator_ablation,full,evaluation,offline_common_trajectory_diagnostic,stale5,,offline_noncausal_not_executed_policy,"{""operator_kind"":""stale_refresh"",""operator_parameter"":5}",{},20,offline_horizon,500,round,20,500.0,0.0,0.0,500.0,500.0,0.0
operator_ablation,full,evaluation,offline_common_trajectory_diagnostic,stale5,,offline_noncausal_not_executed_policy,"{""operator_kind"":""stale_refresh"",""operator_parameter"":5}",{},20,offline_horizon,500,transition_logdet,20,0.3394913837199315,0.03670064222944074,0.008206513084292892,0.32231495443168995,0.356667813008173,0.017176429288241545
operator_ablation,full,evaluation,offline_common_trajectory_diagnostic,stale5,,offline_noncausal_not_executed_policy,"{""operator_kind"":""stale_refresh"",""operator_parameter"":5}",{},20,offline_horizon,500,variation_increment,20,0.0,0.0,0.0,0.0,0.0,0.0
operator_ablation,full,evaluation,offline_common_trajectory_diagnostic,stale5,,offline_noncausal_not_executed_policy,"{""operator_kind"":""stale_refresh"",""operator_parameter"":5}",{},20,offline_horizon,500,width_distortion,20,0.0173990323996272,0.01609703350395228,0.0035994061150928926,0.009865388819153414,0.024932675980100988,0.007533643580473786
operator_ablation,full,evaluation,offline_common_trajectory_diagnostic,subsample16,,offline_noncausal_not_executed_policy,"{""operator_kind"":""rescaled_subsample"",""operator_parameter"":16}",{},20,offline_summary,,Gamma_dynamic_T,20,1624.695865181231,20.954539961137666,4.685577579033962,1614.8888385995167,1634.5028917629454,9.807026581714332
operator_ablation,full,evaluation,offline_common_trajectory_diagnostic,subsample16,,offline_noncausal_not_executed_policy,"{""operator_kind"":""rescaled_subsample"",""operator_parameter"":16}",{},20,offline_summary,,Lambda_alg_T,20,1487.6923392342271,14.587534360631695,3.26187184544864,1480.865162999306,1494.5195154691482,6.827176234921225
operator_ablation,full,evaluation,offline_common_trajectory_diagnostic,subsample16,,offline_noncausal_not_executed_policy,"{""operator_kind"":""rescaled_subsample"",""operator_parameter"":16}",{},20,offline_summary,,V_alg_T,20,1515.8518086142535,20.32959745727531,4.545836186967446,1506.337264127531,1525.366353100976,9.514544486722611
operator_ablation,full,evaluation,offline_common_trajectory_diagnostic,subsample16,,offline_noncausal_not_executed_policy,"{""operator_kind"":""rescaled_subsample"",""operator_parameter"":16}",{},20,offline_summary,,action_disagreement_count,20,385.2,7.244598713960339,1.619941519412287,381.80942343313535,388.5905765668646,3.390576566864661
operator_ablation,full,evaluation,offline_common_trajectory_diagnostic,subsample16,,offline_noncausal_not_executed_policy,"{""operator_kind"":""rescaled_subsample"",""operator_parameter"":16}",{},20,offline_summary,,action_disagreement_rate,20,0.7704000000000001,0.014489197427920689,0.0032398830388245766,0.7636188468662708,0.7771811531337294,0.006781153133729327
operator_ablation,full,evaluation,offline_common_trajectory_diagnostic,subsample16,,offline_noncausal_not_executed_policy,"{""operator_kind"":""rescaled_subsample"",""operator_parameter"":16}",{},20,offline_summary,,action_disagreement_with_full_count,20,385.2,7.244598713960339,1.619941519412287,381.80942343313535,388.5905765668646,3.390576566864661
operator_ablation,full,evaluation,offline_common_trajectory_diagnostic,subsample16,,offline_noncausal_not_executed_policy,"{""operator_kind"":""rescaled_subsample"",""operator_parameter"":16}",{},20,offline_summary,,action_set_max_cbar_width_squared_over_chat_width_squared,20,4.55487135919225,0.4788432827617358,0.10707261308243944,4.3307658044423505,4.778976913942149,0.22410555474989952
operator_ablation,full,evaluation,offline_common_trajectory_diagnostic,subsample16,,offline_noncausal_not_executed_policy,"{""operator_kind"":""rescaled_subsample"",""operator_parameter"":16}",{},20,offline_summary,,action_set_transfer_max,20,4.55487135919225,0.4788432827617358,0.10707261308243944,4.3307658044423505,4.778976913942149,0.22410555474989952
operator_ablation,full,evaluation,offline_common_trajectory_diagnostic,subsample16,,offline_noncausal_not_executed_policy,"{""operator_kind"":""rescaled_subsample"",""operator_parameter"":16}",{},20,offline_summary,,dynamic_identity_residual,20,-1.534533566882601e-09,3.177385833099797e-09,7.104850713555947e-10,-3.0215959115278644e-09,-4.7471222237337543e-11,1.4870623446452634e-09
operator_ablation,full,evaluation,offline_common_trajectory_diagnostic,subsample16,,offline_noncausal_not_executed_policy,"{""operator_kind"":""rescaled_subsample"",""operator_parameter"":16}",{},20,offline_summary,,endpoint_logdet_T,20,108.84405656697774,2.325602944689339,0.5200206272999046,107.75564088525054,109.93247224870494,1.0884156817271984
operator_ablation,full,evaluation,offline_common_trajectory_diagnostic,subsample16,,offline_noncausal_not_executed_policy,"{""operator_kind"":""rescaled_subsample"",""operator_parameter"":16}",{},20,offline_summary,,exact_global_kappa_plus_max,20,10.43832833511552,1.2638119320715482,0.28259693908873285,9.846846143900642,11.029810526330397,0.5914821912148774
operator_ablation,full,evaluation,offline_common_trajectory_diagnostic,subsample16,,offline_noncausal_not_executed_policy,"{""operator_kind"":""rescaled_subsample"",""operator_parameter"":16}",{},20,offline_summary,,fixed_damping,20,1.0,0.0,0.0,1.0,1.0,0.0
operator_ablation,full,evaluation,offline_common_trajectory_diagnostic,subsample16,,offline_noncausal_not_executed_policy,"{""operator_kind"":""rescaled_subsample"",""operator_parameter"":16}",{},20,offline_summary,,kappa_plus_max,20,10.43832833511552,1.2638119320715482,0.28259693908873285,9.846846143900642,11.029810526330397,0.5914821912148774
operator_ablation,full,evaluation,offline_common_trajectory_diagnostic,subsample16,,offline_noncausal_not_executed_policy,"{""operator_kind"":""rescaled_subsample"",""operator_parameter"":16}",{},20,offline_summary,,max_relative_width_distortion,20,21.610753409393567,0.6444498678505786,0.144103371260465,21.309141587024083,21.91236523176305,0.3016118223694842
operator_ablation,full,evaluation,offline_common_trajectory_diagnostic,subsample16,,offline_noncausal_not_executed_policy,"{""operator_kind"":""rescaled_subsample"",""operator_parameter"":16}",{},20,offline_summary,,operator_parameter,20,16.0,0.0,0.0,16.0,16.0,0.0
operator_ablation,full,evaluation,offline_common_trajectory_diagnostic,subsample16,,offline_noncausal_not_executed_policy,"{""operator_kind"":""rescaled_subsample"",""operator_parameter"":16}",{},20,offline_summary,,optimism_violation_count,20,0.0,0.0,0.0,0.0,0.0,0.0
operator_ablation,full,evaluation,offline_common_trajectory_diagnostic,subsample16,,offline_noncausal_not_executed_policy,"{""operator_kind"":""rescaled_subsample"",""operator_parameter"":16}",{},20,offline_summary,,rounds,20,500.0,0.0,0.0,500.0,500.0,0.0
operator_ablation,full,evaluation,offline_common_trajectory_diagnostic,subsample16,,offline_noncausal_not_executed_policy,"{""operator_kind"":""rescaled_subsample"",""operator_parameter"":16}",{},20,offline_summary,,seed,20,129.5,5.916079783099616,1.3228756555322954,126.73118943197974,132.26881056802026,2.768810568020254
operator_ablation,full,evaluation,offline_common_trajectory_diagnostic,subsample16,,offline_noncausal_not_executed_policy,"{""operator_kind"":""rescaled_subsample"",""operator_parameter"":16}",{},20,offline_summary,,width_distortion_max,20,21.610753409393567,0.6444498678505786,0.144103371260465,21.309141587024083,21.91236523176305,0.3016118223694842
operator_ablation,full,evaluation,offline_common_trajectory_diagnostic,subsample16,,offline_noncausal_not_executed_policy,"{""operator_kind"":""rescaled_subsample"",""operator_parameter"":16}",{},20,offline_horizon,500,Gamma_dynamic_T,20,1624.695865181231,20.954539961137666,4.685577579033962,1614.8888385995167,1634.5028917629454,9.807026581714332
operator_ablation,full,evaluation,offline_common_trajectory_diagnostic,subsample16,,offline_noncausal_not_executed_policy,"{""operator_kind"":""rescaled_subsample"",""operator_parameter"":16}",{},20,offline_horizon,500,Gamma_dynamic_cumulative,20,1624.695865181231,20.954539961137666,4.685577579033962,1614.8888385995167,1634.5028917629454,9.807026581714332
operator_ablation,full,evaluation,offline_common_trajectory_diagnostic,subsample16,,offline_noncausal_not_executed_policy,"{""operator_kind"":""rescaled_subsample"",""operator_parameter"":16}",{},20,offline_horizon,500,Lambda_alg_T,20,1487.6923392342271,14.587534360631695,3.26187184544864,1480.865162999306,1494.5195154691482,6.827176234921225
operator_ablation,full,evaluation,offline_common_trajectory_diagnostic,subsample16,,offline_noncausal_not_executed_policy,"{""operator_kind"":""rescaled_subsample"",""operator_parameter"":16}",{},20,offline_horizon,500,Lambda_alg_cumulative,20,1487.6923392342271,14.587534360631695,3.26187184544864,1480.865162999306,1494.5195154691482,6.827176234921225
operator_ablation,full,evaluation,offline_common_trajectory_diagnostic,subsample16,,offline_noncausal_not_executed_policy,"{""operator_kind"":""rescaled_subsample"",""operator_parameter"":16}",{},20,offline_horizon,500,V_alg_T,20,1515.8518086142535,20.32959745727531,4.545836186967446,1506.337264127531,1525.366353100976,9.514544486722611
operator_ablation,full,evaluation,offline_common_trajectory_diagnostic,subsample16,,offline_noncausal_not_executed_policy,"{""operator_kind"":""rescaled_subsample"",""operator_parameter"":16}",{},20,offline_horizon,500,V_alg_cumulative,20,1515.8518086142535,20.32959745727531,4.545836186967446,1506.337264127531,1525.366353100976,9.514544486722611
operator_ablation,full,evaluation,offline_common_trajectory_diagnostic,subsample16,,offline_noncausal_not_executed_policy,"{""operator_kind"":""rescaled_subsample"",""operator_parameter"":16}",{},20,offline_horizon,500,action_set_max_cbar_width_over_chat_width,20,0.21488487798149847,0.3721015521001042,0.08320443650290126,0.040735990947437406,0.38903376501555953,0.17414888703406106
operator_ablation,full,evaluation,offline_common_trajectory_diagnostic,subsample16,,offline_noncausal_not_executed_policy,"{""operator_kind"":""rescaled_subsample"",""operator_parameter"":16}",{},20,offline_horizon,500,action_set_max_cbar_width_squared_over_chat_width_squared,20,0.17771209760666473,0.6404802935349175,0.14321574745930946,-0.12204190679573557,0.47746610200906503,0.2997540044024003
operator_ablation,full,evaluation,offline_common_trajectory_diagnostic,subsample16,,offline_noncausal_not_executed_policy,"{""operator_kind"":""rescaled_subsample"",""operator_parameter"":16}",{},20,offline_horizon,500,action_set_transfer,20,0.17771209760666473,0.6404802935349175,0.14321574745930946,-0.12204190679573557,0.47746610200906503,0.2997540044024003
operator_ablation,full,evaluation,offline_common_trajectory_diagnostic,subsample16,,offline_noncausal_not_executed_policy,"{""operator_kind"":""rescaled_subsample"",""operator_parameter"":16}",{},20,offline_horizon,500,diagnostic_action,20,1.65,1.460893742308382,0.32666577157056026,0.9662806823509674,2.3337193176490323,0.6837193176490325
operator_ablation,full,evaluation,offline_common_trajectory_diagnostic,subsample16,,offline_noncausal_not_executed_policy,"{""operator_kind"":""rescaled_subsample"",""operator_parameter"":16}",{},20,offline_horizon,500,dynamic_identity_residual,20,-1.534533566882601e-09,3.177385833099797e-09,7.104850713555947e-10,-3.0215959115278644e-09,-4.7471222237337543e-11,1.4870623446452634e-09
operator_ablation,full,evaluation,offline_common_trajectory_diagnostic,subsample16,,offline_noncausal_not_executed_policy,"{""operator_kind"":""rescaled_subsample"",""operator_parameter"":16}",{},20,offline_horizon,500,endpoint_logdet,20,108.84405656697774,2.325602944689339,0.5200206272999046,107.75564088525054,109.93247224870494,1.0884156817271984
operator_ablation,full,evaluation,offline_common_trajectory_diagnostic,subsample16,,offline_noncausal_not_executed_policy,"{""operator_kind"":""rescaled_subsample"",""operator_parameter"":16}",{},20,offline_horizon,500,exact_global_kappa_plus,20,6.749280055645279,0.8534342226750885,0.190833693622619,6.349860544501552,7.1486995667890065,0.39941951114372704
operator_ablation,full,evaluation,offline_common_trajectory_diagnostic,subsample16,,offline_noncausal_not_executed_policy,"{""operator_kind"":""rescaled_subsample"",""operator_parameter"":16}",{},20,offline_horizon,500,fixed_bonus_coefficient,20,20.206043843304336,0.0,0.0,20.206043843304336,20.206043843304336,0.0
operator_ablation,full,evaluation,offline_common_trajectory_diagnostic,subsample16,,offline_noncausal_not_executed_policy,"{""operator_kind"":""rescaled_subsample"",""operator_parameter"":16}",{},20,offline_horizon,500,fixed_damping,20,1.0,0.0,0.0,1.0,1.0,0.0
operator_ablation,full,evaluation,offline_common_trajectory_diagnostic,subsample16,,offline_noncausal_not_executed_policy,"{""operator_kind"":""rescaled_subsample"",""operator_parameter"":16}",{},20,offline_horizon,500,full_diagnostic_action,20,2.15,1.4244112357114616,0.3185080350965304,1.4833550210206359,2.816644978979364,0.666644978979364
operator_ablation,full,evaluation,offline_common_trajectory_diagnostic,subsample16,,offline_noncausal_not_executed_policy,"{""operator_kind"":""rescaled_subsample"",""operator_parameter"":16}",{},20,offline_horizon,500,global_kappa_plus_C_hat_C_full,20,6.749280055645279,0.8534342226750885,0.190833693622619,6.349860544501552,7.1486995667890065,0.39941951114372704
operator_ablation,full,evaluation,offline_common_trajectory_diagnostic,subsample16,,offline_noncausal_not_executed_policy,"{""operator_kind"":""rescaled_subsample"",""operator_parameter"":16}",{},20,offline_horizon,500,information_increment,20,2.6649987900146086,0.802799245909156,0.17951136861384426,2.289277177466076,3.0407204025631414,0.37572161254853276
operator_ablation,full,evaluation,offline_common_trajectory_diagnostic,subsample16,,offline_noncausal_not_executed_policy,"{""operator_kind"":""rescaled_subsample"",""operator_parameter"":16}",{},20,offline_horizon,500,kappa_plus,20,6.749280055645279,0.8534342226750885,0.190833693622619,6.349860544501552,7.1486995667890065,0.39941951114372704
operator_ablation,full,evaluation,offline_common_trajectory_diagnostic,subsample16,,offline_noncausal_not_executed_policy,"{""operator_kind"":""rescaled_subsample"",""operator_parameter"":16}",{},20,offline_horizon,500,logged_action,20,2.15,1.4244112357114616,0.3185080350965304,1.4833550210206359,2.816644978979364,0.666644978979364
operator_ablation,full,evaluation,offline_common_trajectory_diagnostic,subsample16,,offline_noncausal_not_executed_policy,"{""operator_kind"":""rescaled_subsample"",""operator_parameter"":16}",{},20,offline_horizon,500,max_relative_width_distortion,20,17.388211861974604,2.327427104200865,0.520428521766862,16.298942447316403,18.477481276632805,1.0892694146582003
operator_ablation,full,evaluation,offline_common_trajectory_diagnostic,subsample16,,offline_noncausal_not_executed_policy,"{""operator_kind"":""rescaled_subsample"",""operator_parameter"":16}",{},20,offline_horizon,500,operator_parameter,20,16.0,0.0,0.0,16.0,16.0,0.0
operator_ablation,full,evaluation,offline_common_trajectory_diagnostic,subsample16,,offline_noncausal_not_executed_policy,"{""operator_kind"":""rescaled_subsample"",""operator_parameter"":16}",{},20,offline_horizon,500,optimism_violation_count,20,0.0,0.0,0.0,0.0,0.0,0.0
operator_ablation,full,evaluation,offline_common_trajectory_diagnostic,subsample16,,offline_noncausal_not_executed_policy,"{""operator_kind"":""rescaled_subsample"",""operator_parameter"":16}",{},20,offline_horizon,500,round,20,500.0,0.0,0.0,500.0,500.0,0.0
operator_ablation,full,evaluation,offline_common_trajectory_diagnostic,subsample16,,offline_noncausal_not_executed_policy,"{""operator_kind"":""rescaled_subsample"",""operator_parameter"":16}",{},20,offline_horizon,500,transition_logdet,20,-2.7367928879085976,3.960356149351194,0.8855625565058579,-4.590296620358675,-0.8832891554585198,1.8535037324500778
operator_ablation,full,evaluation,offline_common_trajectory_diagnostic,subsample16,,offline_noncausal_not_executed_policy,"{""operator_kind"":""rescaled_subsample"",""operator_parameter"":16}",{},20,offline_horizon,500,variation_increment,20,3.256979554043449,3.1357961894876665,0.7011853443279233,1.789381761766533,4.724577346320365,1.4675977922769161
operator_ablation,full,evaluation,offline_common_trajectory_diagnostic,subsample16,,offline_noncausal_not_executed_policy,"{""operator_kind"":""rescaled_subsample"",""operator_parameter"":16}",{},20,offline_horizon,500,width_distortion,20,17.388211861974604,2.327427104200865,0.520428521766862,16.298942447316403,18.477481276632805,1.0892694146582003
operator_ablation,full,evaluation,offline_common_trajectory_diagnostic,subsample64,,offline_noncausal_not_executed_policy,"{""operator_kind"":""rescaled_subsample"",""operator_parameter"":64}",{},20,offline_summary,,Gamma_dynamic_T,20,1235.3671089247803,42.28032430318122,9.454167925264963,1215.5793080427852,1255.1549098067753,19.78780088199506
operator_ablation,full,evaluation,offline_common_trajectory_diagnostic,subsample64,,offline_noncausal_not_executed_policy,"{""operator_kind"":""rescaled_subsample"",""operator_parameter"":64}",{},20,offline_summary,,Lambda_alg_T,20,402.8175446492204,9.966939687562954,2.228675466903128,398.1528732875225,407.4822160109183,4.664671361697915
operator_ablation,full,evaluation,offline_common_trajectory_diagnostic,subsample64,,offline_noncausal_not_executed_policy,"{""operator_kind"":""rescaled_subsample"",""operator_parameter"":64}",{},20,offline_summary,,V_alg_T,20,1004.3510200299888,42.57123873844096,9.519218370552638,984.4270670012567,1024.274973058721,19.923953028732136
operator_ablation,full,evaluation,offline_common_trajectory_diagnostic,subsample64,,offline_noncausal_not_executed_policy,"{""operator_kind"":""rescaled_subsample"",""operator_parameter"":64}",{},20,offline_summary,,action_disagreement_count,20,343.6,8.993564950914392,2.0110222590304137,339.39088203789885,347.8091179621012,4.2091179621011925
operator_ablation,full,evaluation,offline_common_trajectory_diagnostic,subsample64,,offline_noncausal_not_executed_policy,"{""operator_kind"":""rescaled_subsample"",""operator_parameter"":64}",{},20,offline_summary,,action_disagreement_rate,20,0.6872,0.01798712990182875,0.004022044518060821,0.6787817640757977,0.6956182359242024,0.00841823592420237
operator_ablation,full,evaluation,offline_common_trajectory_diagnostic,subsample64,,offline_noncausal_not_executed_policy,"{""operator_kind"":""rescaled_subsample"",""operator_parameter"":64}",{},20,offline_summary,,action_disagreement_with_full_count,20,343.6,8.993564950914392,2.0110222590304137,339.39088203789885,347.8091179621012,4.2091179621011925
operator_ablation,full,evaluation,offline_common_trajectory_diagnostic,subsample64,,offline_noncausal_not_executed_policy,"{""operator_kind"":""rescaled_subsample"",""operator_parameter"":64}",{},20,offline_summary,,action_set_max_cbar_width_squared_over_chat_width_squared,20,2.2595127071522674,0.2676216778332189,0.059842026388762605,2.1342619064560506,2.384763507848484,0.1252508006962169
operator_ablation,full,evaluation,offline_common_trajectory_diagnostic,subsample64,,offline_noncausal_not_executed_policy,"{""operator_kind"":""rescaled_subsample"",""operator_parameter"":64}",{},20,offline_summary,,action_set_transfer_max,20,2.2595127071522674,0.2676216778332189,0.059842026388762605,2.1342619064560506,2.384763507848484,0.1252508006962169
operator_ablation,full,evaluation,offline_common_trajectory_diagnostic,subsample64,,offline_noncausal_not_executed_policy,"{""operator_kind"":""rescaled_subsample"",""operator_parameter"":64}",{},20,offline_summary,,dynamic_identity_residual,20,-9.509903975413182e-12,1.743021471392407e-11,3.897514496275127e-12,-1.7667495568522105e-11,-1.3523123823042585e-12,8.157591593108923e-12
operator_ablation,full,evaluation,offline_common_trajectory_diagnostic,subsample64,,offline_noncausal_not_executed_policy,"{""operator_kind"":""rescaled_subsample"",""operator_parameter"":64}",{},20,offline_summary,,endpoint_logdet_T,20,231.01608889479135,5.8283310297437465,1.3032544377878366,228.28834600748704,233.74383178209567,2.7277428873043186
operator_ablation,full,evaluation,offline_common_trajectory_diagnostic,subsample64,,offline_noncausal_not_executed_policy,"{""operator_kind"":""rescaled_subsample"",""operator_parameter"":64}",{},20,offline_summary,,exact_global_kappa_plus_max,20,4.08616745364214,0.17897452770038297,0.040019921017897545,4.00240479629616,4.169930110988121,0.08376265734598021
operator_ablation,full,evaluation,offline_common_trajectory_diagnostic,subsample64,,offline_noncausal_not_executed_policy,"{""operator_kind"":""rescaled_subsample"",""operator_parameter"":64}",{},20,offline_summary,,fixed_damping,20,1.0,0.0,0.0,1.0,1.0,0.0
operator_ablation,full,evaluation,offline_common_trajectory_diagnostic,subsample64,,offline_noncausal_not_executed_policy,"{""operator_kind"":""rescaled_subsample"",""operator_parameter"":64}",{},20,offline_summary,,kappa_plus_max,20,4.08616745364214,0.17897452770038297,0.040019921017897545,4.00240479629616,4.169930110988121,0.08376265734598021
operator_ablation,full,evaluation,offline_common_trajectory_diagnostic,subsample64,,offline_noncausal_not_executed_policy,"{""operator_kind"":""rescaled_subsample"",""operator_parameter"":64}",{},20,offline_summary,,max_relative_width_distortion,20,12.601898832530297,1.4225959979324412,0.31810213558960887,11.936103410982593,13.267694254078002,0.6657954215477048
operator_ablation,full,evaluation,offline_common_trajectory_diagnostic,subsample64,,offline_noncausal_not_executed_policy,"{""operator_kind"":""rescaled_subsample"",""operator_parameter"":64}",{},20,offline_summary,,operator_parameter,20,64.0,0.0,0.0,64.0,64.0,0.0
operator_ablation,full,evaluation,offline_common_trajectory_diagnostic,subsample64,,offline_noncausal_not_executed_policy,"{""operator_kind"":""rescaled_subsample"",""operator_parameter"":64}",{},20,offline_summary,,optimism_violation_count,20,0.0,0.0,0.0,0.0,0.0,0.0
operator_ablation,full,evaluation,offline_common_trajectory_diagnostic,subsample64,,offline_noncausal_not_executed_policy,"{""operator_kind"":""rescaled_subsample"",""operator_parameter"":64}",{},20,offline_summary,,rounds,20,500.0,0.0,0.0,500.0,500.0,0.0
operator_ablation,full,evaluation,offline_common_trajectory_diagnostic,subsample64,,offline_noncausal_not_executed_policy,"{""operator_kind"":""rescaled_subsample"",""operator_parameter"":64}",{},20,offline_summary,,seed,20,129.5,5.916079783099616,1.3228756555322954,126.73118943197974,132.26881056802026,2.768810568020254
operator_ablation,full,evaluation,offline_common_trajectory_diagnostic,subsample64,,offline_noncausal_not_executed_policy,"{""operator_kind"":""rescaled_subsample"",""operator_parameter"":64}",{},20,offline_summary,,width_distortion_max,20,12.601898832530297,1.4225959979324412,0.31810213558960887,11.936103410982593,13.267694254078002,0.6657954215477048
operator_ablation,full,evaluation,offline_common_trajectory_diagnostic,subsample64,,offline_noncausal_not_executed_policy,"{""operator_kind"":""rescaled_subsample"",""operator_parameter"":64}",{},20,offline_horizon,500,Gamma_dynamic_T,20,1235.3671089247803,42.28032430318122,9.454167925264963,1215.5793080427852,1255.1549098067753,19.78780088199506
operator_ablation,full,evaluation,offline_common_trajectory_diagnostic,subsample64,,offline_noncausal_not_executed_policy,"{""operator_kind"":""rescaled_subsample"",""operator_parameter"":64}",{},20,offline_horizon,500,Gamma_dynamic_cumulative,20,1235.3671089247803,42.28032430318122,9.454167925264963,1215.5793080427852,1255.1549098067753,19.78780088199506
operator_ablation,full,evaluation,offline_common_trajectory_diagnostic,subsample64,,offline_noncausal_not_executed_policy,"{""operator_kind"":""rescaled_subsample"",""operator_parameter"":64}",{},20,offline_horizon,500,Lambda_alg_T,20,402.8175446492204,9.966939687562954,2.228675466903128,398.1528732875225,407.4822160109183,4.664671361697915
operator_ablation,full,evaluation,offline_common_trajectory_diagnostic,subsample64,,offline_noncausal_not_executed_policy,"{""operator_kind"":""rescaled_subsample"",""operator_parameter"":64}",{},20,offline_horizon,500,Lambda_alg_cumulative,20,402.8175446492204,9.966939687562954,2.228675466903128,398.1528732875225,407.4822160109183,4.664671361697915
operator_ablation,full,evaluation,offline_common_trajectory_diagnostic,subsample64,,offline_noncausal_not_executed_policy,"{""operator_kind"":""rescaled_subsample"",""operator_parameter"":64}",{},20,offline_horizon,500,V_alg_T,20,1004.3510200299888,42.57123873844096,9.519218370552638,984.4270670012567,1024.274973058721,19.923953028732136
operator_ablation,full,evaluation,offline_common_trajectory_diagnostic,subsample64,,offline_noncausal_not_executed_policy,"{""operator_kind"":""rescaled_subsample"",""operator_parameter"":64}",{},20,offline_horizon,500,V_alg_cumulative,20,1004.3510200299888,42.57123873844096,9.519218370552638,984.4270670012567,1024.274973058721,19.923953028732136
operator_ablation,full,evaluation,offline_common_trajectory_diagnostic,subsample64,,offline_noncausal_not_executed_policy,"{""operator_kind"":""rescaled_subsample"",""operator_parameter"":64}",{},20,offline_horizon,500,action_set_max_cbar_width_over_chat_width,20,0.9461284591685603,0.14982314506915442,0.03350147369774417,0.8760090688610545,1.016247849476066,0.07011939030750582
operator_ablation,full,evaluation,offline_common_trajectory_diagnostic,subsample64,,offline_noncausal_not_executed_policy,"{""operator_kind"":""rescaled_subsample"",""operator_parameter"":64}",{},20,offline_horizon,500,action_set_max_cbar_width_squared_over_chat_width_squared,20,0.9164836873071665,0.2919173086514427,0.06527469459534134,0.779862181374961,1.053105193239372,0.13662150593220546
operator_ablation,full,evaluation,offline_common_trajectory_diagnostic,subsample64,,offline_noncausal_not_executed_policy,"{""operator_kind"":""rescaled_subsample"",""operator_parameter"":64}",{},20,offline_horizon,500,action_set_transfer,20,0.9164836873071665,0.2919173086514427,0.06527469459534134,0.779862181374961,1.053105193239372,0.13662150593220546
operator_ablation,full,evaluation,offline_common_trajectory_diagnostic,subsample64,,offline_noncausal_not_executed_policy,"{""operator_kind"":""rescaled_subsample"",""operator_parameter"":64}",{},20,offline_horizon,500,diagnostic_action,20,2.45,1.5035046776746235,0.3361938663769368,1.7463381507285387,3.1536618492714616,0.7036618492714615
operator_ablation,full,evaluation,offline_common_trajectory_diagnostic,subsample64,,offline_noncausal_not_executed_policy,"{""operator_kind"":""rescaled_subsample"",""operator_parameter"":64}",{},20,offline_horizon,500,dynamic_identity_residual,20,-9.509903975413182e-12,1.743021471392407e-11,3.897514496275127e-12,-1.7667495568522105e-11,-1.3523123823042585e-12,8.157591593108923e-12
operator_ablation,full,evaluation,offline_common_trajectory_diagnostic,subsample64,,offline_noncausal_not_executed_policy,"{""operator_kind"":""rescaled_subsample"",""operator_parameter"":64}",{},20,offline_horizon,500,endpoint_logdet,20,231.01608889479135,5.8283310297437465,1.3032544377878366,228.28834600748704,233.74383178209567,2.7277428873043186
operator_ablation,full,evaluation,offline_common_trajectory_diagnostic,subsample64,,offline_noncausal_not_executed_policy,"{""operator_kind"":""rescaled_subsample"",""operator_parameter"":64}",{},20,offline_horizon,500,exact_global_kappa_plus,20,3.082038241158518,0.2511384484126473,0.05615626424145035,2.964501829295453,3.1995746530215827,0.11753641186306474
operator_ablation,full,evaluation,offline_common_trajectory_diagnostic,subsample64,,offline_noncausal_not_executed_policy,"{""operator_kind"":""rescaled_subsample"",""operator_parameter"":64}",{},20,offline_horizon,500,fixed_bonus_coefficient,20,20.206043843304336,0.0,0.0,20.206043843304336,20.206043843304336,0.0
operator_ablation,full,evaluation,offline_common_trajectory_diagnostic,subsample64,,offline_noncausal_not_executed_policy,"{""operator_kind"":""rescaled_subsample"",""operator_parameter"":64}",{},20,offline_horizon,500,fixed_damping,20,1.0,0.0,0.0,1.0,1.0,0.0
operator_ablation,full,evaluation,offline_common_trajectory_diagnostic,subsample64,,offline_noncausal_not_executed_policy,"{""operator_kind"":""rescaled_subsample"",""operator_parameter"":64}",{},20,offline_horizon,500,full_diagnostic_action,20,2.15,1.4244112357114616,0.3185080350965304,1.4833550210206359,2.816644978979364,0.666644978979364
operator_ablation,full,evaluation,offline_common_trajectory_diagnostic,subsample64,,offline_noncausal_not_executed_policy,"{""operator_kind"":""rescaled_subsample"",""operator_parameter"":64}",{},20,offline_horizon,500,global_kappa_plus_C_hat_C_full,20,3.082038241158518,0.2511384484126473,0.05615626424145035,2.964501829295453,3.1995746530215827,0.11753641186306474
operator_ablation,full,evaluation,offline_common_trajectory_diagnostic,subsample64,,offline_noncausal_not_executed_policy,"{""operator_kind"":""rescaled_subsample"",""operator_parameter"":64}",{},20,offline_horizon,500,information_increment,20,0.20119996540845664,0.12664518574717246,0.02831872443537651,0.14192819397505324,0.26047173684186004,0.059271771433403383
operator_ablation,full,evaluation,offline_common_trajectory_diagnostic,subsample64,,offline_noncausal_not_executed_policy,"{""operator_kind"":""rescaled_subsample"",""operator_parameter"":64}",{},20,offline_horizon,500,kappa_plus,20,3.082038241158518,0.2511384484126473,0.05615626424145035,2.964501829295453,3.1995746530215827,0.11753641186306474
operator_ablation,full,evaluation,offline_common_trajectory_diagnostic,subsample64,,offline_noncausal_not_executed_policy,"{""operator_kind"":""rescaled_subsample"",""operator_parameter"":64}",{},20,offline_horizon,500,logged_action,20,2.15,1.4244112357114616,0.3185080350965304,1.4833550210206359,2.816644978979364,0.666644978979364
operator_ablation,full,evaluation,offline_common_trajectory_diagnostic,subsample64,,offline_noncausal_not_executed_policy,"{""operator_kind"":""rescaled_subsample"",""operator_parameter"":64}",{},20,offline_horizon,500,max_relative_width_distortion,20,4.995882795791581,3.116914279346267,0.6969632208658021,3.5371220094815663,6.454643582101596,1.4587607863100147
operator_ablation,full,evaluation,offline_common_trajectory_diagnostic,subsample64,,offline_noncausal_not_executed_policy,"{""operator_kind"":""rescaled_subsample"",""operator_parameter"":64}",{},20,offline_horizon,500,operator_parameter,20,64.0,0.0,0.0,64.0,64.0,0.0
operator_ablation,full,evaluation,offline_common_trajectory_diagnostic,subsample64,,offline_noncausal_not_executed_policy,"{""operator_kind"":""rescaled_subsample"",""operator_parameter"":64}",{},20,offline_horizon,500,optimism_violation_count,20,0.0,0.0,0.0,0.0,0.0,0.0
operator_ablation,full,evaluation,offline_common_trajectory_diagnostic,subsample64,,offline_noncausal_not_executed_policy,"{""operator_kind"":""rescaled_subsample"",""operator_parameter"":64}",{},20,offline_horizon,500,round,20,500.0,0.0,0.0,500.0,500.0,0.0
operator_ablation,full,evaluation,offline_common_trajectory_diagnostic,subsample64,,offline_noncausal_not_executed_policy,"{""operator_kind"":""rescaled_subsample"",""operator_parameter"":64}",{},20,offline_horizon,500,transition_logdet,20,-0.4480931889973084,6.79858225593515,1.5202092074894868,-3.629927628005796,2.733741250011179,3.1818344390084876
operator_ablation,full,evaluation,offline_common_trajectory_diagnostic,subsample64,,offline_noncausal_not_executed_policy,"{""operator_kind"":""rescaled_subsample"",""operator_parameter"":64}",{},20,offline_horizon,500,variation_increment,20,2.8766066230244807,3.669505095227758,0.8205262836711106,1.1592253740265908,4.593987872022371,1.71738124899789
operator_ablation,full,evaluation,offline_common_trajectory_diagnostic,subsample64,,offline_noncausal_not_executed_policy,"{""operator_kind"":""rescaled_subsample"",""operator_parameter"":64}",{},20,offline_horizon,500,width_distortion,20,4.995882795791581,3.116914279346267,0.6969632208658021,3.5371220094815663,6.454643582101596,1.4587607863100147
operator_ablation,full,evaluation,offline_common_trajectory_diagnostic,window16,,offline_noncausal_not_executed_policy,"{""operator_kind"":""unrescaled_window"",""operator_parameter"":16}",{},20,offline_summary,,Gamma_dynamic_T,20,1531.4863767956874,8.439314134533058,1.8870880088290722,1527.5366562004226,1535.4360973909522,3.949720595264727
operator_ablation,full,evaluation,offline_common_trajectory_diagnostic,window16,,offline_noncausal_not_executed_policy,"{""operator_kind"":""unrescaled_window"",""operator_parameter"":16}",{},20,offline_summary,,Lambda_alg_T,20,1531.486376795682,8.439314134532683,1.8870880088289883,1527.5366562004174,1535.4360973909465,3.9497205952645515
operator_ablation,full,evaluation,offline_common_trajectory_diagnostic,window16,,offline_noncausal_not_executed_policy,"{""operator_kind"":""unrescaled_window"",""operator_parameter"":16}",{},20,offline_summary,,V_alg_T,20,1475.9653910460042,8.258069971137589,1.8465605818413373,1472.1004953302881,1479.8302867617203,3.8648957157161212
operator_ablation,full,evaluation,offline_common_trajectory_diagnostic,window16,,offline_noncausal_not_executed_policy,"{""operator_kind"":""unrescaled_window"",""operator_parameter"":16}",{},20,offline_summary,,action_disagreement_count,20,385.05,7.857112098367681,1.7569036758786147,381.3727583451077,388.72724165489234,3.6772416548923195
operator_ablation,full,evaluation,offline_common_trajectory_diagnostic,window16,,offline_noncausal_not_executed_policy,"{""operator_kind"":""unrescaled_window"",""operator_parameter"":16}",{},20,offline_summary,,action_disagreement_rate,20,0.7701,0.015714224196735377,0.003513807351757233,0.7627455166902154,0.7774544833097846,0.007354483309784646
operator_ablation,full,evaluation,offline_common_trajectory_diagnostic,window16,,offline_noncausal_not_executed_policy,"{""operator_kind"":""unrescaled_window"",""operator_parameter"":16}",{},20,offline_summary,,action_disagreement_with_full_count,20,385.05,7.857112098367681,1.7569036758786147,381.3727583451077,388.72724165489234,3.6772416548923195
operator_ablation,full,evaluation,offline_common_trajectory_diagnostic,window16,,offline_noncausal_not_executed_policy,"{""operator_kind"":""unrescaled_window"",""operator_parameter"":16}",{},20,offline_summary,,action_set_max_cbar_width_squared_over_chat_width_squared,20,1.0000000000000027,8.08254562088053e-16,1.807312143953211e-16,1.0000000000000022,1.000000000000003,3.7827477911183226e-16
operator_ablation,full,evaluation,offline_common_trajectory_diagnostic,window16,,offline_noncausal_not_executed_policy,"{""operator_kind"":""unrescaled_window"",""operator_parameter"":16}",{},20,offline_summary,,action_set_transfer_max,20,1.0000000000000027,8.08254562088053e-16,1.807312143953211e-16,1.0000000000000022,1.000000000000003,3.7827477911183226e-16
operator_ablation,full,evaluation,offline_common_trajectory_diagnostic,window16,,offline_noncausal_not_executed_policy,"{""operator_kind"":""unrescaled_window"",""operator_parameter"":16}",{},20,offline_summary,,dynamic_identity_residual,20,-5.343281372915953e-12,1.2333015734640986e-12,2.757746155023175e-13,-5.920484276757507e-12,-4.7660784690744e-12,5.77202903841553e-13
operator_ablation,full,evaluation,offline_common_trajectory_diagnostic,window16,,offline_noncausal_not_executed_policy,"{""operator_kind"":""unrescaled_window"",""operator_parameter"":16}",{},20,offline_summary,,endpoint_logdet_T,20,55.52098574968325,1.4005119657383276,0.3131639958692757,54.86552597335423,56.176445526012266,0.6554597763290182
operator_ablation,full,evaluation,offline_common_trajectory_diagnostic,window16,,offline_noncausal_not_executed_policy,"{""operator_kind"":""unrescaled_window"",""operator_parameter"":16}",{},20,offline_summary,,exact_global_kappa_plus_max,20,1.0000000000000973,9.084075616212831e-15,2.031261059060018e-15,1.000000000000093,1.0000000000001015,4.251478257395514e-15
operator_ablation,full,evaluation,offline_common_trajectory_diagnostic,window16,,offline_noncausal_not_executed_policy,"{""operator_kind"":""unrescaled_window"",""operator_parameter"":16}",{},20,offline_summary,,fixed_damping,20,1.0,0.0,0.0,1.0,1.0,0.0
operator_ablation,full,evaluation,offline_common_trajectory_diagnostic,window16,,offline_noncausal_not_executed_policy,"{""operator_kind"":""unrescaled_window"",""operator_parameter"":16}",{},20,offline_summary,,kappa_plus_max,20,1.0000000000000973,9.084075616212831e-15,2.031261059060018e-15,1.000000000000093,1.0000000000001015,4.251478257395514e-15
operator_ablation,full,evaluation,offline_common_trajectory_diagnostic,window16,,offline_noncausal_not_executed_policy,"{""operator_kind"":""unrescaled_window"",""operator_parameter"":16}",{},20,offline_summary,,max_relative_width_distortion,20,21.207965383511457,0.97085214288863,0.21708913876003155,20.753592594135927,21.662338172886987,0.45437278937552916
operator_ablation,full,evaluation,offline_common_trajectory_diagnostic,window16,,offline_noncausal_not_executed_policy,"{""operator_kind"":""unrescaled_window"",""operator_parameter"":16}",{},20,offline_summary,,operator_parameter,20,16.0,0.0,0.0,16.0,16.0,0.0
operator_ablation,full,evaluation,offline_common_trajectory_diagnostic,window16,,offline_noncausal_not_executed_policy,"{""operator_kind"":""unrescaled_window"",""operator_parameter"":16}",{},20,offline_summary,,optimism_violation_count,20,0.0,0.0,0.0,0.0,0.0,0.0
operator_ablation,full,evaluation,offline_common_trajectory_diagnostic,window16,,offline_noncausal_not_executed_policy,"{""operator_kind"":""unrescaled_window"",""operator_parameter"":16}",{},20,offline_summary,,rounds,20,500.0,0.0,0.0,500.0,500.0,0.0
operator_ablation,full,evaluation,offline_common_trajectory_diagnostic,window16,,offline_noncausal_not_executed_policy,"{""operator_kind"":""unrescaled_window"",""operator_parameter"":16}",{},20,offline_summary,,seed,20,129.5,5.916079783099616,1.3228756555322954,126.73118943197974,132.26881056802026,2.768810568020254
operator_ablation,full,evaluation,offline_common_trajectory_diagnostic,window16,,offline_noncausal_not_executed_policy,"{""operator_kind"":""unrescaled_window"",""operator_parameter"":16}",{},20,offline_summary,,width_distortion_max,20,21.207965383511457,0.97085214288863,0.21708913876003155,20.753592594135927,21.662338172886987,0.45437278937552916
operator_ablation,full,evaluation,offline_common_trajectory_diagnostic,window16,,offline_noncausal_not_executed_policy,"{""operator_kind"":""unrescaled_window"",""operator_parameter"":16}",{},20,offline_horizon,500,Gamma_dynamic_T,20,1531.4863767956874,8.439314134533058,1.8870880088290722,1527.5366562004226,1535.4360973909522,3.949720595264727
operator_ablation,full,evaluation,offline_common_trajectory_diagnostic,window16,,offline_noncausal_not_executed_policy,"{""operator_kind"":""unrescaled_window"",""operator_parameter"":16}",{},20,offline_horizon,500,Gamma_dynamic_cumulative,20,1531.4863767956874,8.439314134533058,1.8870880088290722,1527.5366562004226,1535.4360973909522,3.949720595264727
operator_ablation,full,evaluation,offline_common_trajectory_diagnostic,window16,,offline_noncausal_not_executed_policy,"{""operator_kind"":""unrescaled_window"",""operator_parameter"":16}",{},20,offline_horizon,500,Lambda_alg_T,20,1531.486376795682,8.439314134532683,1.8870880088289883,1527.5366562004174,1535.4360973909465,3.9497205952645515
operator_ablation,full,evaluation,offline_common_trajectory_diagnostic,window16,,offline_noncausal_not_executed_policy,"{""operator_kind"":""unrescaled_window"",""operator_parameter"":16}",{},20,offline_horizon,500,Lambda_alg_cumulative,20,1531.486376795682,8.439314134532683,1.8870880088289883,1527.5366562004174,1535.4360973909465,3.9497205952645515
operator_ablation,full,evaluation,offline_common_trajectory_diagnostic,window16,,offline_noncausal_not_executed_policy,"{""operator_kind"":""unrescaled_window"",""operator_parameter"":16}",{},20,offline_horizon,500,V_alg_T,20,1475.9653910460042,8.258069971137589,1.8465605818413373,1472.1004953302881,1479.8302867617203,3.8648957157161212
operator_ablation,full,evaluation,offline_common_trajectory_diagnostic,window16,,offline_noncausal_not_executed_policy,"{""operator_kind"":""unrescaled_window"",""operator_parameter"":16}",{},20,offline_horizon,500,V_alg_cumulative,20,1475.9653910460042,8.258069971137589,1.8465605818413373,1472.1004953302881,1479.8302867617203,3.8648957157161212
operator_ablation,full,evaluation,offline_common_trajectory_diagnostic,window16,,offline_noncausal_not_executed_policy,"{""operator_kind"":""unrescaled_window"",""operator_parameter"":16}",{},20,offline_horizon,500,action_set_max_cbar_width_over_chat_width,20,0.11197311024998031,0.0503528911091738,0.011259248738375739,0.0884072318059935,0.13553898869396713,0.023565878443986825
operator_ablation,full,evaluation,offline_common_trajectory_diagnostic,window16,,offline_noncausal_not_executed_policy,"{""operator_kind"":""unrescaled_window"",""operator_parameter"":16}",{},20,offline_horizon,500,action_set_max_cbar_width_squared_over_chat_width_squared,20,0.014946620379953942,0.02018758680237316,0.0045140816391784,0.005498538925590664,0.02439470183431722,0.009448081454363278
operator_ablation,full,evaluation,offline_common_trajectory_diagnostic,window16,,offline_noncausal_not_executed_policy,"{""operator_kind"":""unrescaled_window"",""operator_parameter"":16}",{},20,offline_horizon,500,action_set_transfer,20,0.014946620379953942,0.02018758680237316,0.0045140816391784,0.005498538925590664,0.02439470183431722,0.009448081454363278
operator_ablation,full,evaluation,offline_common_trajectory_diagnostic,window16,,offline_noncausal_not_executed_policy,"{""operator_kind"":""unrescaled_window"",""operator_parameter"":16}",{},20,offline_horizon,500,diagnostic_action,20,2.45,1.5035046776746235,0.3361938663769368,1.7463381507285387,3.1536618492714616,0.7036618492714615
operator_ablation,full,evaluation,offline_common_trajectory_diagnostic,window16,,offline_noncausal_not_executed_policy,"{""operator_kind"":""unrescaled_window"",""operator_parameter"":16}",{},20,offline_horizon,500,dynamic_identity_residual,20,-5.343281372915953e-12,1.2333015734640986e-12,2.757746155023175e-13,-5.920484276757507e-12,-4.7660784690744e-12,5.77202903841553e-13
operator_ablation,full,evaluation,offline_common_trajectory_diagnostic,window16,,offline_noncausal_not_executed_policy,"{""operator_kind"":""unrescaled_window"",""operator_parameter"":16}",{},20,offline_horizon,500,endpoint_logdet,20,55.52098574968325,1.4005119657383276,0.3131639958692757,54.86552597335423,56.176445526012266,0.6554597763290182
operator_ablation,full,evaluation,offline_common_trajectory_diagnostic,window16,,offline_noncausal_not_executed_policy,"{""operator_kind"":""unrescaled_window"",""operator_parameter"":16}",{},20,offline_horizon,500,exact_global_kappa_plus,20,1.0000000000000382,2.066799945658921e-14,4.6215051743862186e-15,1.0000000000000284,1.000000000000048,9.672921497562821e-15
operator_ablation,full,evaluation,offline_common_trajectory_diagnostic,window16,,offline_noncausal_not_executed_policy,"{""operator_kind"":""unrescaled_window"",""operator_parameter"":16}",{},20,offline_horizon,500,fixed_bonus_coefficient,20,20.206043843304336,0.0,0.0,20.206043843304336,20.206043843304336,0.0
operator_ablation,full,evaluation,offline_common_trajectory_diagnostic,window16,,offline_noncausal_not_executed_policy,"{""operator_kind"":""unrescaled_window"",""operator_parameter"":16}",{},20,offline_horizon,500,fixed_damping,20,1.0,0.0,0.0,1.0,1.0,0.0
operator_ablation,full,evaluation,offline_common_trajectory_diagnostic,window16,,offline_noncausal_not_executed_policy,"{""operator_kind"":""unrescaled_window"",""operator_parameter"":16}",{},20,offline_horizon,500,full_diagnostic_action,20,2.15,1.4244112357114616,0.3185080350965304,1.4833550210206359,2.816644978979364,0.666644978979364
operator_ablation,full,evaluation,offline_common_trajectory_diagnostic,window16,,offline_noncausal_not_executed_policy,"{""operator_kind"":""unrescaled_window"",""operator_parameter"":16}",{},20,offline_horizon,500,global_kappa_plus_C_hat_C_full,20,1.0000000000000382,2.066799945658921e-14,4.6215051743862186e-15,1.0000000000000284,1.000000000000048,9.672921497562821e-15
operator_ablation,full,evaluation,offline_common_trajectory_diagnostic,window16,,offline_noncausal_not_executed_policy,"{""operator_kind"":""unrescaled_window"",""operator_parameter"":16}",{},20,offline_horizon,500,information_increment,20,2.9323513633454974,0.4669655862700678,0.1044166794052914,2.713804741668782,3.1508979850222127,0.21854662167671554
operator_ablation,full,evaluation,offline_common_trajectory_diagnostic,window16,,offline_noncausal_not_executed_policy,"{""operator_kind"":""unrescaled_window"",""operator_parameter"":16}",{},20,offline_horizon,500,kappa_plus,20,1.0000000000000382,2.066799945658921e-14,4.6215051743862186e-15,1.0000000000000284,1.000000000000048,9.672921497562821e-15
operator_ablation,full,evaluation,offline_common_trajectory_diagnostic,window16,,offline_noncausal_not_executed_policy,"{""operator_kind"":""unrescaled_window"",""operator_parameter"":16}",{},20,offline_horizon,500,logged_action,20,2.15,1.4244112357114616,0.3185080350965304,1.4833550210206359,2.816644978979364,0.666644978979364
operator_ablation,full,evaluation,offline_common_trajectory_diagnostic,window16,,offline_noncausal_not_executed_policy,"{""operator_kind"":""unrescaled_window"",""operator_parameter"":16}",{},20,offline_horizon,500,max_relative_width_distortion,20,16.722958047393128,2.177777056376816,0.48696575378979523,15.703727011038012,17.742189083748244,1.0192310363551154
operator_ablation,full,evaluation,offline_common_trajectory_diagnostic,window16,,offline_noncausal_not_executed_policy,"{""operator_kind"":""unrescaled_window"",""operator_parameter"":16}",{},20,offline_horizon,500,operator_parameter,20,16.0,0.0,0.0,16.0,16.0,0.0
operator_ablation,full,evaluation,offline_common_trajectory_diagnostic,window16,,offline_noncausal_not_executed_policy,"{""operator_kind"":""unrescaled_window"",""operator_parameter"":16}",{},20,offline_horizon,500,optimism_violation_count,20,0.0,0.0,0.0,0.0,0.0,0.0
operator_ablation,full,evaluation,offline_common_trajectory_diagnostic,window16,,offline_noncausal_not_executed_policy,"{""operator_kind"":""unrescaled_window"",""operator_parameter"":16}",{},20,offline_horizon,500,round,20,500.0,0.0,0.0,500.0,500.0,0.0
operator_ablation,full,evaluation,offline_common_trajectory_diagnostic,window16,,offline_noncausal_not_executed_policy,"{""operator_kind"":""unrescaled_window"",""operator_parameter"":16}",{},20,offline_horizon,500,transition_logdet,20,-2.787553589011213,0.4499009209893762,0.1006009042472007,-2.9981137014958312,-2.576993476526595,0.21056011248461803
operator_ablation,full,evaluation,offline_common_trajectory_diagnostic,window16,,offline_noncausal_not_executed_policy,"{""operator_kind"":""unrescaled_window"",""operator_parameter"":16}",{},20,offline_horizon,500,variation_increment,20,2.787553589011213,0.4499009209893762,0.1006009042472007,2.576993476526595,2.9981137014958312,0.21056011248461803
operator_ablation,full,evaluation,offline_common_trajectory_diagnostic,window16,,offline_noncausal_not_executed_policy,"{""operator_kind"":""unrescaled_window"",""operator_parameter"":16}",{},20,offline_horizon,500,width_distortion,20,16.722958047393128,2.177777056376816,0.48696575378979523,15.703727011038012,17.742189083748244,1.0192310363551154
operator_ablation,full,evaluation,offline_common_trajectory_diagnostic,window64,,offline_noncausal_not_executed_policy,"{""operator_kind"":""unrescaled_window"",""operator_parameter"":64}",{},20,offline_summary,,Gamma_dynamic_T,20,605.1585917752275,7.887568089788902,1.7637138425926149,601.4670962775882,608.8500872728667,3.6914954976392527
operator_ablation,full,evaluation,offline_common_trajectory_diagnostic,window64,,offline_noncausal_not_executed_policy,"{""operator_kind"":""unrescaled_window"",""operator_parameter"":64}",{},20,offline_summary,,Lambda_alg_T,20,605.1585917752246,7.887568089788964,1.7637138425926286,601.4670962775854,608.8500872728639,3.691495497639281
operator_ablation,full,evaluation,offline_common_trajectory_diagnostic,window64,,offline_noncausal_not_executed_policy,"{""operator_kind"":""unrescaled_window"",""operator_parameter"":64}",{},20,offline_summary,,V_alg_T,20,459.386078229211,7.387758009510792,1.6519529110584668,455.9285010496158,462.8436554088062,3.4575771795952
operator_ablation,full,evaluation,offline_common_trajectory_diagnostic,window64,,offline_noncausal_not_executed_policy,"{""operator_kind"":""unrescaled_window"",""operator_parameter"":64}",{},20,offline_summary,,action_disagreement_count,20,377.4,8.444244380517107,1.888190445345685,373.44797197858753,381.3520280214124,3.9520280214124557
operator_ablation,full,evaluation,offline_common_trajectory_diagnostic,window64,,offline_noncausal_not_executed_policy,"{""operator_kind"":""unrescaled_window"",""operator_parameter"":64}",{},20,offline_summary,,action_disagreement_rate,20,0.7548,0.01688848876103423,0.0037763808906913737,0.7468959439571751,0.762704056042825,0.007904056042824919
operator_ablation,full,evaluation,offline_common_trajectory_diagnostic,window64,,offline_noncausal_not_executed_policy,"{""operator_kind"":""unrescaled_window"",""operator_parameter"":64}",{},20,offline_summary,,action_disagreement_with_full_count,20,377.4,8.444244380517107,1.888190445345685,373.44797197858753,381.3520280214124,3.9520280214124557
operator_ablation,full,evaluation,offline_common_trajectory_diagnostic,window64,,offline_noncausal_not_executed_policy,"{""operator_kind"":""unrescaled_window"",""operator_parameter"":64}",{},20,offline_summary,,action_set_max_cbar_width_squared_over_chat_width_squared,20,1.000000000000003,7.894959864445977e-16,1.765366693653373e-16,1.0000000000000027,1.0000000000000036,3.6949549546677734e-16
operator_ablation,full,evaluation,offline_common_trajectory_diagnostic,window64,,offline_noncausal_not_executed_policy,"{""operator_kind"":""unrescaled_window"",""operator_parameter"":64}",{},20,offline_summary,,action_set_transfer_max,20,1.000000000000003,7.894959864445977e-16,1.765366693653373e-16,1.0000000000000027,1.0000000000000036,3.6949549546677734e-16
operator_ablation,full,evaluation,offline_common_trajectory_diagnostic,window64,,offline_noncausal_not_executed_policy,"{""operator_kind"":""unrescaled_window"",""operator_parameter"":64}",{},20,offline_summary,,dynamic_identity_residual,20,-2.637534635141492e-12,3.6439574122870534e-13,8.148136480988078e-14,-2.808077091674591e-12,-2.4669921786083927e-12,1.7054245653309916e-13
operator_ablation,full,evaluation,offline_common_trajectory_diagnostic,window64,,offline_noncausal_not_executed_policy,"{""operator_kind"":""unrescaled_window"",""operator_parameter"":64}",{},20,offline_summary,,endpoint_logdet_T,20,145.77251354601646,2.4827169267630063,0.5551523817131448,144.61056625722878,146.93446083480413,1.1619472887876754
operator_ablation,full,evaluation,offline_common_trajectory_diagnostic,window64,,offline_noncausal_not_executed_policy,"{""operator_kind"":""unrescaled_window"",""operator_parameter"":64}",{},20,offline_summary,,exact_global_kappa_plus_max,20,1.000000000000099,1.0723337661816924e-14,2.397811195750629e-15,1.000000000000094,1.0000000000001041,5.018676510635616e-15
operator_ablation,full,evaluation,offline_common_trajectory_diagnostic,window64,,offline_noncausal_not_executed_policy,"{""operator_kind"":""unrescaled_window"",""operator_parameter"":64}",{},20,offline_summary,,fixed_damping,20,1.0,0.0,0.0,1.0,1.0,0.0
operator_ablation,full,evaluation,offline_common_trajectory_diagnostic,window64,,offline_noncausal_not_executed_policy,"{""operator_kind"":""unrescaled_window"",""operator_parameter"":64}",{},20,offline_summary,,kappa_plus_max,20,1.000000000000099,1.0723337661816924e-14,2.397811195750629e-15,1.000000000000094,1.0000000000001041,5.018676510635616e-15
operator_ablation,full,evaluation,offline_common_trajectory_diagnostic,window64,,offline_noncausal_not_executed_policy,"{""operator_kind"":""unrescaled_window"",""operator_parameter"":64}",{},20,offline_summary,,max_relative_width_distortion,20,11.014955973754862,1.5408474834592316,0.34454397159743244,10.293817153400063,11.736094794109661,0.7211388203547993
operator_ablation,full,evaluation,offline_common_trajectory_diagnostic,window64,,offline_noncausal_not_executed_policy,"{""operator_kind"":""unrescaled_window"",""operator_parameter"":64}",{},20,offline_summary,,operator_parameter,20,64.0,0.0,0.0,64.0,64.0,0.0
operator_ablation,full,evaluation,offline_common_trajectory_diagnostic,window64,,offline_noncausal_not_executed_policy,"{""operator_kind"":""unrescaled_window"",""operator_parameter"":64}",{},20,offline_summary,,optimism_violation_count,20,0.0,0.0,0.0,0.0,0.0,0.0
operator_ablation,full,evaluation,offline_common_trajectory_diagnostic,window64,,offline_noncausal_not_executed_policy,"{""operator_kind"":""unrescaled_window"",""operator_parameter"":64}",{},20,offline_summary,,rounds,20,500.0,0.0,0.0,500.0,500.0,0.0
operator_ablation,full,evaluation,offline_common_trajectory_diagnostic,window64,,offline_noncausal_not_executed_policy,"{""operator_kind"":""unrescaled_window"",""operator_parameter"":64}",{},20,offline_summary,,seed,20,129.5,5.916079783099616,1.3228756555322954,126.73118943197974,132.26881056802026,2.768810568020254
operator_ablation,full,evaluation,offline_common_trajectory_diagnostic,window64,,offline_noncausal_not_executed_policy,"{""operator_kind"":""unrescaled_window"",""operator_parameter"":64}",{},20,offline_summary,,width_distortion_max,20,11.014955973754862,1.5408474834592316,0.34454397159743244,10.293817153400063,11.736094794109661,0.7211388203547993
operator_ablation,full,evaluation,offline_common_trajectory_diagnostic,window64,,offline_noncausal_not_executed_policy,"{""operator_kind"":""unrescaled_window"",""operator_parameter"":64}",{},20,offline_horizon,500,Gamma_dynamic_T,20,605.1585917752275,7.887568089788902,1.7637138425926149,601.4670962775882,608.8500872728667,3.6914954976392527
operator_ablation,full,evaluation,offline_common_trajectory_diagnostic,window64,,offline_noncausal_not_executed_policy,"{""operator_kind"":""unrescaled_window"",""operator_parameter"":64}",{},20,offline_horizon,500,Gamma_dynamic_cumulative,20,605.1585917752275,7.887568089788902,1.7637138425926149,601.4670962775882,608.8500872728667,3.6914954976392527
operator_ablation,full,evaluation,offline_common_trajectory_diagnostic,window64,,offline_noncausal_not_executed_policy,"{""operator_kind"":""unrescaled_window"",""operator_parameter"":64}",{},20,offline_horizon,500,Lambda_alg_T,20,605.1585917752246,7.887568089788964,1.7637138425926286,601.4670962775854,608.8500872728639,3.691495497639281
operator_ablation,full,evaluation,offline_common_trajectory_diagnostic,window64,,offline_noncausal_not_executed_policy,"{""operator_kind"":""unrescaled_window"",""operator_parameter"":64}",{},20,offline_horizon,500,Lambda_alg_cumulative,20,605.1585917752246,7.887568089788964,1.7637138425926286,601.4670962775854,608.8500872728639,3.691495497639281
operator_ablation,full,evaluation,offline_common_trajectory_diagnostic,window64,,offline_noncausal_not_executed_policy,"{""operator_kind"":""unrescaled_window"",""operator_parameter"":64}",{},20,offline_horizon,500,V_alg_T,20,459.386078229211,7.387758009510792,1.6519529110584668,455.9285010496158,462.8436554088062,3.4575771795952
operator_ablation,full,evaluation,offline_common_trajectory_diagnostic,window64,,offline_noncausal_not_executed_policy,"{""operator_kind"":""unrescaled_window"",""operator_parameter"":64}",{},20,offline_horizon,500,V_alg_cumulative,20,459.386078229211,7.387758009510792,1.6519529110584668,455.9285010496158,462.8436554088062,3.4575771795952
operator_ablation,full,evaluation,offline_common_trajectory_diagnostic,window64,,offline_noncausal_not_executed_policy,"{""operator_kind"":""unrescaled_window"",""operator_parameter"":64}",{},20,offline_horizon,500,action_set_max_cbar_width_over_chat_width,20,0.3253453490995525,0.0486790942483119,0.010884976382234443,0.30256283169986947,0.3481278664992355,0.022782517399683018
operator_ablation,full,evaluation,offline_common_trajectory_diagnostic,window64,,offline_noncausal_not_executed_policy,"{""operator_kind"":""unrescaled_window"",""operator_parameter"":64}",{},20,offline_horizon,500,action_set_max_cbar_width_squared_over_chat_width_squared,20,0.10810076768670387,0.03268493495761639,0.0073085736405389444,0.09280374725364136,0.12339778811976639,0.015297020433062514
operator_ablation,full,evaluation,offline_common_trajectory_diagnostic,window64,,offline_noncausal_not_executed_policy,"{""operator_kind"":""unrescaled_window"",""operator_parameter"":64}",{},20,offline_horizon,500,action_set_transfer,20,0.10810076768670387,0.03268493495761639,0.0073085736405389444,0.09280374725364136,0.12339778811976639,0.015297020433062514
operator_ablation,full,evaluation,offline_common_trajectory_diagnostic,window64,,offline_noncausal_not_executed_policy,"{""operator_kind"":""unrescaled_window"",""operator_parameter"":64}",{},20,offline_horizon,500,diagnostic_action,20,2.1,1.4832396974191326,0.33166247903553997,1.4058224534339234,2.7941775465660768,0.6941775465660766
operator_ablation,full,evaluation,offline_common_trajectory_diagnostic,window64,,offline_noncausal_not_executed_policy,"{""operator_kind"":""unrescaled_window"",""operator_parameter"":64}",{},20,offline_horizon,500,dynamic_identity_residual,20,-2.637534635141492e-12,3.6439574122870534e-13,8.148136480988078e-14,-2.808077091674591e-12,-2.4669921786083927e-12,1.7054245653309916e-13
operator_ablation,full,evaluation,offline_common_trajectory_diagnostic,window64,,offline_noncausal_not_executed_policy,"{""operator_kind"":""unrescaled_window"",""operator_parameter"":64}",{},20,offline_horizon,500,endpoint_logdet,20,145.77251354601646,2.4827169267630063,0.5551523817131448,144.61056625722878,146.93446083480413,1.1619472887876754
operator_ablation,full,evaluation,offline_common_trajectory_diagnostic,window64,,offline_noncausal_not_executed_policy,"{""operator_kind"":""unrescaled_window"",""operator_parameter"":64}",{},20,offline_horizon,500,exact_global_kappa_plus,20,1.00000000000004,2.2414974674315765e-14,5.012140708570626e-15,1.0000000000000295,1.0000000000000504,1.0490531067117425e-14
operator_ablation,full,evaluation,offline_common_trajectory_diagnostic,window64,,offline_noncausal_not_executed_policy,"{""operator_kind"":""unrescaled_window"",""operator_parameter"":64}",{},20,offline_horizon,500,fixed_bonus_coefficient,20,20.206043843304336,0.0,0.0,20.206043843304336,20.206043843304336,0.0
operator_ablation,full,evaluation,offline_common_trajectory_diagnostic,window64,,offline_noncausal_not_executed_policy,"{""operator_kind"":""unrescaled_window"",""operator_parameter"":64}",{},20,offline_horizon,500,fixed_damping,20,1.0,0.0,0.0,1.0,1.0,0.0
operator_ablation,full,evaluation,offline_common_trajectory_diagnostic,window64,,offline_noncausal_not_executed_policy,"{""operator_kind"":""unrescaled_window"",""operator_parameter"":64}",{},20,offline_horizon,500,full_diagnostic_action,20,2.15,1.4244112357114616,0.3185080350965304,1.4833550210206359,2.816644978979364,0.666644978979364
operator_ablation,full,evaluation,offline_common_trajectory_diagnostic,window64,,offline_noncausal_not_executed_policy,"{""operator_kind"":""unrescaled_window"",""operator_parameter"":64}",{},20,offline_horizon,500,global_kappa_plus_C_hat_C_full,20,1.00000000000004,2.2414974674315765e-14,5.012140708570626e-15,1.0000000000000295,1.0000000000000504,1.0490531067117425e-14
operator_ablation,full,evaluation,offline_common_trajectory_diagnostic,window64,,offline_noncausal_not_executed_policy,"{""operator_kind"":""unrescaled_window"",""operator_parameter"":64}",{},20,offline_horizon,500,information_increment,20,1.0333129982236717,0.5873917264368702,0.1313447829733802,0.7584052080393481,1.3082207884079953,0.27490779018432365
operator_ablation,full,evaluation,offline_common_trajectory_diagnostic,window64,,offline_noncausal_not_executed_policy,"{""operator_kind"":""unrescaled_window"",""operator_parameter"":64}",{},20,offline_horizon,500,kappa_plus,20,1.00000000000004,2.2414974674315765e-14,5.012140708570626e-15,1.0000000000000295,1.0000000000000504,1.0490531067117425e-14
operator_ablation,full,evaluation,offline_common_trajectory_diagnostic,window64,,offline_noncausal_not_executed_policy,"{""operator_kind"":""unrescaled_window"",""operator_parameter"":64}",{},20,offline_horizon,500,logged_action,20,2.15,1.4244112357114616,0.3185080350965304,1.4833550210206359,2.816644978979364,0.666644978979364
operator_ablation,full,evaluation,offline_common_trajectory_diagnostic,window64,,offline_noncausal_not_executed_policy,"{""operator_kind"":""unrescaled_window"",""operator_parameter"":64}",{},20,offline_horizon,500,max_relative_width_distortion,20,6.43456024626703,1.4580842519677548,0.32603755043218313,5.752155810572109,7.116964681961951,0.6824044356949214
operator_ablation,full,evaluation,offline_common_trajectory_diagnostic,window64,,offline_noncausal_not_executed_policy,"{""operator_kind"":""unrescaled_window"",""operator_parameter"":64}",{},20,offline_horizon,500,operator_parameter,20,64.0,0.0,0.0,64.0,64.0,0.0
operator_ablation,full,evaluation,offline_common_trajectory_diagnostic,window64,,offline_noncausal_not_executed_policy,"{""operator_kind"":""unrescaled_window"",""operator_parameter"":64}",{},20,offline_horizon,500,optimism_violation_count,20,0.0,0.0,0.0,0.0,0.0,0.0
operator_ablation,full,evaluation,offline_common_trajectory_diagnostic,window64,,offline_noncausal_not_executed_policy,"{""operator_kind"":""unrescaled_window"",""operator_parameter"":64}",{},20,offline_horizon,500,round,20,500.0,0.0,0.0,500.0,500.0,0.0
operator_ablation,full,evaluation,offline_common_trajectory_diagnostic,window64,,offline_noncausal_not_executed_policy,"{""operator_kind"":""unrescaled_window"",""operator_parameter"":64}",{},20,offline_horizon,500,transition_logdet,20,-0.9746407201151295,0.47386239046530937,0.10595885170609799,-1.1964151455134755,-0.7528662947167835,0.22177442539834596
operator_ablation,full,evaluation,offline_common_trajectory_diagnostic,window64,,offline_noncausal_not_executed_policy,"{""operator_kind"":""unrescaled_window"",""operator_parameter"":64}",{},20,offline_horizon,500,variation_increment,20,0.9746407201151295,0.47386239046530937,0.10595885170609799,0.7528662947167835,1.1964151455134755,0.22177442539834596
operator_ablation,full,evaluation,offline_common_trajectory_diagnostic,window64,,offline_noncausal_not_executed_policy,"{""operator_kind"":""unrescaled_window"",""operator_parameter"":64}",{},20,offline_horizon,500,width_distortion,20,6.43456024626703,1.4580842519677548,0.32603755043218313,5.752155810572109,7.116964681961951,0.6824044356949214
