target_D,horizon,method,method_index,round,mean,ci_low,ci_high,aggregate_sha256
0.25,1000,transport_hessian,0,1,0.20563867121313714,0.16944850707045223,0.24192099934964301,0ddebd4915dd2e264e24b7b25047d24f86c3cdf63930a1e6df77585e0b97de02
0.25,1000,transport_hessian,0,10,1.7796079843711079,1.7101863809512667,1.848848959004793,0ddebd4915dd2e264e24b7b25047d24f86c3cdf63930a1e6df77585e0b97de02
0.25,1000,transport_hessian,0,20,3.608909490463879,3.5139178107194238,3.7068998637330863,0ddebd4915dd2e264e24b7b25047d24f86c3cdf63930a1e6df77585e0b97de02
0.25,1000,transport_hessian,0,30,5.3718024344816486,5.2561271336962072,5.4867241642445252,0ddebd4915dd2e264e24b7b25047d24f86c3cdf63930a1e6df77585e0b97de02
0.25,1000,transport_hessian,0,40,6.8603160889247201,6.7163039524279666,7.0040853438170032,0ddebd4915dd2e264e24b7b25047d24f86c3cdf63930a1e6df77585e0b97de02
0.25,1000,transport_hessian,0,50,8.2710181021211771,8.1356431210006814,8.4050889377390181,0ddebd4915dd2e264e24b7b25047d24f86c3cdf63930a1e6df77585e0b97de02
0.25,1000,transport_hessian,0,60,9.5363396922229242,9.3673042243516633,9.7084863461272288,0ddebd4915dd2e264e24b7b25047d24f86c3cdf63930a1e6df77585e0b97de02
0.25,1000,transport_hessian,0,70,10.846841576141772,10.642945206437988,11.053800918716556,0ddebd4915dd2e264e24b7b25047d24f86c3cdf63930a1e6df77585e0b97de02
0.25,1000,transport_hessian,0,80,12.123307670580575,11.941299306273875,12.310108665407464,0ddebd4915dd2e264e24b7b25047d24f86c3cdf63930a1e6df77585e0b97de02
0.25,1000,transport_hessian,0,90,13.314762291692691,13.149228433926629,13.4778625733552,0ddebd4915dd2e264e24b7b25047d24f86c3cdf63930a1e6df77585e0b97de02
0.25,1000,transport_hessian,0,100,14.604146496069667,14.402479506505125,14.805317662902619,0ddebd4915dd2e264e24b7b25047d24f86c3cdf63930a1e6df77585e0b97de02
0.25,1000,transport_hessian,0,110,15.762006835996344,15.550472452792715,15.97366129471015,0ddebd4915dd2e264e24b7b25047d24f86c3cdf63930a1e6df77585e0b97de02
0.25,1000,transport_hessian,0,120,16.90449941789073,16.686293872276366,17.132137173022041,0ddebd4915dd2e264e24b7b25047d24f86c3cdf63930a1e6df77585e0b97de02
0.25,1000,transport_hessian,0,130,18.058341235562828,17.80907596215668,18.318030019703354,0ddebd4915dd2e264e24b7b25047d24f86c3cdf63930a1e6df77585e0b97de02
0.25,1000,transport_hessian,0,140,19.076159395143044,18.815018060006572,19.345064783243021,0ddebd4915dd2e264e24b7b25047d24f86c3cdf63930a1e6df77585e0b97de02
0.25,1000,transport_hessian,0,150,20.10392232862803,19.823655179985,20.40337538262245,0ddebd4915dd2e264e24b7b25047d24f86c3cdf63930a1e6df77585e0b97de02
0.25,1000,transport_hessian,0,160,21.191723550532505,20.883247952581058,21.520596546112156,0ddebd4915dd2e264e24b7b25047d24f86c3cdf63930a1e6df77585e0b97de02
0.25,1000,transport_hessian,0,170,22.252789356455455,21.898802521516537,22.614702879312439,0ddebd4915dd2e264e24b7b25047d24f86c3cdf63930a1e6df77585e0b97de02
0.25,1000,transport_hessian,0,180,23.234159338887899,22.857785273555134,23.618249968953435,0ddebd4915dd2e264e24b7b25047d24f86c3cdf63930a1e6df77585e0b97de02
0.25,1000,transport_hessian,0,190,24.190142679619811,23.815126558598632,24.57506506235319,0ddebd4915dd2e264e24b7b25047d24f86c3cdf63930a1e6df77585e0b97de02
0.25,1000,transport_hessian,0,200,25.198744049445612,24.822933295556069,25.578203269557619,0ddebd4915dd2e264e24b7b25047d24f86c3cdf63930a1e6df77585e0b97de02
0.25,1000,transport_hessian,0,210,26.142943262165648,25.746015378966142,26.543281613977651,0ddebd4915dd2e264e24b7b25047d24f86c3cdf63930a1e6df77585e0b97de02
0.25,1000,transport_hessian,0,220,27.096719240339517,26.694599807631441,27.504298044294682,0ddebd4915dd2e264e24b7b25047d24f86c3cdf63930a1e6df77585e0b97de02
0.25,1000,transport_hessian,0,230,28.069745642105794,27.661945406122246,28.478574737787987,0ddebd4915dd2e264e24b7b25047d24f86c3cdf63930a1e6df77585e0b97de02
0.25,1000,transport_hessian,0,240,28.975933710832646,28.549823507745288,29.403869139138013,0ddebd4915dd2e264e24b7b25047d24f86c3cdf63930a1e6df77585e0b97de02
0.25,1000,transport_hessian,0,250,29.814800692457663,29.360815971530528,30.258305236481988,0ddebd4915dd2e264e24b7b25047d24f86c3cdf63930a1e6df77585e0b97de02
0.25,1000,transport_hessian,0,260,30.68738922516112,30.205055143844955,31.168543572290478,0ddebd4915dd2e264e24b7b25047d24f86c3cdf63930a1e6df77585e0b97de02
0.25,1000,transport_hessian,0,270,31.608743869131334,31.103612782895784,32.109841323070619,0ddebd4915dd2e264e24b7b25047d24f86c3cdf63930a1e6df77585e0b97de02
0.25,1000,transport_hessian,0,280,32.491960351321765,31.978393942558874,32.992394547053465,0ddebd4915dd2e264e24b7b25047d24f86c3cdf63930a1e6df77585e0b97de02
0.25,1000,transport_hessian,0,290,33.357275526122159,32.836030552098201,33.866044915367688,0ddebd4915dd2e264e24b7b25047d24f86c3cdf63930a1e6df77585e0b97de02
0.25,1000,transport_hessian,0,300,34.179410433480825,33.624632012593075,34.722930629469637,0ddebd4915dd2e264e24b7b25047d24f86c3cdf63930a1e6df77585e0b97de02
0.25,1000,transport_hessian,0,310,35.051519264796163,34.460816561894866,35.634176619333729,0ddebd4915dd2e264e24b7b25047d24f86c3cdf63930a1e6df77585e0b97de02
0.25,1000,transport_hessian,0,320,35.922167732931044,35.302397142153495,36.539053078459489,0ddebd4915dd2e264e24b7b25047d24f86c3cdf63930a1e6df77585e0b97de02
0.25,1000,transport_hessian,0,330,36.749993422523715,36.145864758240727,37.343369624202225,0ddebd4915dd2e264e24b7b25047d24f86c3cdf63930a1e6df77585e0b97de02
0.25,1000,transport_hessian,0,340,37.609909849481546,36.981843565626903,38.227387595650136,0ddebd4915dd2e264e24b7b25047d24f86c3cdf63930a1e6df77585e0b97de02
0.25,1000,transport_hessian,0,350,38.36757998947791,37.70219743808255,39.02939030721123,0ddebd4915dd2e264e24b7b25047d24f86c3cdf63930a1e6df77585e0b97de02
0.25,1000,transport_hessian,0,360,39.166758579150311,38.504498145345643,39.824463832044856,0ddebd4915dd2e264e24b7b25047d24f86c3cdf63930a1e6df77585e0b97de02
0.25,1000,transport_hessian,0,370,40.009158380014753,39.346606641136972,40.667112311878036,0ddebd4915dd2e264e24b7b25047d24f86c3cdf63930a1e6df77585e0b97de02
0.25,1000,transport_hessian,0,380,40.807472187679231,40.119350249141903,41.489597105845725,0ddebd4915dd2e264e24b7b25047d24f86c3cdf63930a1e6df77585e0b97de02
0.25,1000,transport_hessian,0,390,41.54987395966814,40.830991381877674,42.264300267871704,0ddebd4915dd2e264e24b7b25047d24f86c3cdf63930a1e6df77585e0b97de02
0.25,1000,transport_hessian,0,400,42.389961913495171,41.656754985599342,43.114904466055989,0ddebd4915dd2e264e24b7b25047d24f86c3cdf63930a1e6df77585e0b97de02
0.25,1000,transport_hessian,0,410,43.21020605169798,42.441406067794553,43.975414028771013,0ddebd4915dd2e264e24b7b25047d24f86c3cdf63930a1e6df77585e0b97de02
0.25,1000,transport_hessian,0,420,43.910207131346326,43.131387282719899,44.6900140552832,0ddebd4915dd2e264e24b7b25047d24f86c3cdf63930a1e6df77585e0b97de02
0.25,1000,transport_hessian,0,430,44.693084582508774,43.887741794859281,45.497999199631188,0ddebd4915dd2e264e24b7b25047d24f86c3cdf63930a1e6df77585e0b97de02
0.25,1000,transport_hessian,0,440,45.519491353490324,44.688479660291371,46.339863054735368,0ddebd4915dd2e264e24b7b25047d24f86c3cdf63930a1e6df77585e0b97de02
0.25,1000,transport_hessian,0,450,46.357496492820125,45.501043113080776,47.210202490945385,0ddebd4915dd2e264e24b7b25047d24f86c3cdf63930a1e6df77585e0b97de02
0.25,1000,transport_hessian,0,460,47.098918042654688,46.223696829139527,47.966249798816378,0ddebd4915dd2e264e24b7b25047d24f86c3cdf63930a1e6df77585e0b97de02
0.25,1000,transport_hessian,0,470,47.872861202668993,46.972609107939924,48.761517611942175,0ddebd4915dd2e264e24b7b25047d24f86c3cdf63930a1e6df77585e0b97de02
0.25,1000,transport_hessian,0,480,48.68638196038259,47.806987196517078,49.557649399396233,0ddebd4915dd2e264e24b7b25047d24f86c3cdf63930a1e6df77585e0b97de02
0.25,1000,transport_hessian,0,490,49.411982383620938,48.509254709060606,50.298802728864821,0ddebd4915dd2e264e24b7b25047d24f86c3cdf63930a1e6df77585e0b97de02
0.25,1000,transport_hessian,0,500,50.187639076903487,49.279467224885927,51.088757819642986,0ddebd4915dd2e264e24b7b25047d24f86c3cdf63930a1e6df77585e0b97de02
0.25,1000,transport_hessian,0,510,50.951053327951058,50.023115535878929,51.872766849584096,0ddebd4915dd2e264e24b7b25047d24f86c3cdf63930a1e6df77585e0b97de02
0.25,1000,transport_hessian,0,520,51.755048858619936,50.797641182339312,52.703640817709655,0ddebd4915dd2e264e24b7b25047d24f86c3cdf63930a1e6df77585e0b97de02
0.25,1000,transport_hessian,0,530,52.445696299624672,51.459550911513091,53.413738430660473,0ddebd4915dd2e264e24b7b25047d24f86c3cdf63930a1e6df77585e0b97de02
0.25,1000,transport_hessian,0,540,53.097990304778406,52.094335151939866,54.085635087008683,0ddebd4915dd2e264e24b7b25047d24f86c3cdf63930a1e6df77585e0b97de02
0.25,1000,transport_hessian,0,550,53.771294872253883,52.759227501424022,54.768815902339632,0ddebd4915dd2e264e24b7b25047d24f86c3cdf63930a1e6df77585e0b97de02
0.25,1000,transport_hessian,0,560,54.495573351677933,53.477770364141946,55.52257104414948,0ddebd4915dd2e264e24b7b25047d24f86c3cdf63930a1e6df77585e0b97de02
0.25,1000,transport_hessian,0,570,55.245478054456889,54.205389667799345,56.296871189800214,0ddebd4915dd2e264e24b7b25047d24f86c3cdf63930a1e6df77585e0b97de02
0.25,1000,transport_hessian,0,580,55.921062024722644,54.85697338797069,57.010336374891686,0ddebd4915dd2e264e24b7b25047d24f86c3cdf63930a1e6df77585e0b97de02
0.25,1000,transport_hessian,0,590,56.553841543973569,55.488479441400713,57.647927003456594,0ddebd4915dd2e264e24b7b25047d24f86c3cdf63930a1e6df77585e0b97de02
0.25,1000,transport_hessian,0,600,57.193033144533594,56.103267480842803,58.318763550352784,0ddebd4915dd2e264e24b7b25047d24f86c3cdf63930a1e6df77585e0b97de02
0.25,1000,transport_hessian,0,610,57.938079346637089,56.803039015629821,59.082711680002987,0ddebd4915dd2e264e24b7b25047d24f86c3cdf63930a1e6df77585e0b97de02
0.25,1000,transport_hessian,0,620,58.653012020914751,57.498320079350108,59.82028275729121,0ddebd4915dd2e264e24b7b25047d24f86c3cdf63930a1e6df77585e0b97de02
0.25,1000,transport_hessian,0,630,59.336159828557328,58.1564369934338,60.543392069102467,0ddebd4915dd2e264e24b7b25047d24f86c3cdf63930a1e6df77585e0b97de02
0.25,1000,transport_hessian,0,640,60.026995969511134,58.842126065641686,61.234726549987464,0ddebd4915dd2e264e24b7b25047d24f86c3cdf63930a1e6df77585e0b97de02
0.25,1000,transport_hessian,0,650,60.583653728040908,59.377562394862181,61.812568302616747,0ddebd4915dd2e264e24b7b25047d24f86c3cdf63930a1e6df77585e0b97de02
0.25,1000,transport_hessian,0,660,61.215956254421492,59.981939803090491,62.467911529120357,0ddebd4915dd2e264e24b7b25047d24f86c3cdf63930a1e6df77585e0b97de02
0.25,1000,transport_hessian,0,670,61.846538556524358,60.605661458017885,63.110861554730548,0ddebd4915dd2e264e24b7b25047d24f86c3cdf63930a1e6df77585e0b97de02
0.25,1000,transport_hessian,0,680,62.484132543888684,61.245989370732879,63.746524907153216,0ddebd4915dd2e264e24b7b25047d24f86c3cdf63930a1e6df77585e0b97de02
0.25,1000,transport_hessian,0,690,63.082583951339878,61.854587102206779,64.337609264851977,0ddebd4915dd2e264e24b7b25047d24f86c3cdf63930a1e6df77585e0b97de02
0.25,1000,transport_hessian,0,700,63.808404273682527,62.587542187578549,65.053419152849116,0ddebd4915dd2e264e24b7b25047d24f86c3cdf63930a1e6df77585e0b97de02
0.25,1000,transport_hessian,0,710,64.41588569554547,63.179265560607824,65.685810282472673,0ddebd4915dd2e264e24b7b25047d24f86c3cdf63930a1e6df77585e0b97de02
0.25,1000,transport_hessian,0,720,65.014668114014896,63.759554772342184,66.313631616111053,0ddebd4915dd2e264e24b7b25047d24f86c3cdf63930a1e6df77585e0b97de02
0.25,1000,transport_hessian,0,730,65.666635946090196,64.403541794640631,66.974603169553788,0ddebd4915dd2e264e24b7b25047d24f86c3cdf63930a1e6df77585e0b97de02
0.25,1000,transport_hessian,0,740,66.238316910279266,64.944887454241794,67.558701524404526,0ddebd4915dd2e264e24b7b25047d24f86c3cdf63930a1e6df77585e0b97de02
0.25,1000,transport_hessian,0,750,66.799330832303013,65.500284689945588,68.131105321480121,0ddebd4915dd2e264e24b7b25047d24f86c3cdf63930a1e6df77585e0b97de02
0.25,1000,transport_hessian,0,760,67.405563780749105,66.09569324397583,68.750536873760936,0ddebd4915dd2e264e24b7b25047d24f86c3cdf63930a1e6df77585e0b97de02
0.25,1000,transport_hessian,0,770,68.068940148825263,66.744991646912922,69.429417548351992,0ddebd4915dd2e264e24b7b25047d24f86c3cdf63930a1e6df77585e0b97de02
0.25,1000,transport_hessian,0,780,68.653182300860735,67.316433396547254,70.029612948860205,0ddebd4915dd2e264e24b7b25047d24f86c3cdf63930a1e6df77585e0b97de02
0.25,1000,transport_hessian,0,790,69.190588199977526,67.839144285734577,70.583543536819988,0ddebd4915dd2e264e24b7b25047d24f86c3cdf63930a1e6df77585e0b97de02
0.25,1000,transport_hessian,0,800,69.755198227381811,68.412231833263462,71.137876479212252,0ddebd4915dd2e264e24b7b25047d24f86c3cdf63930a1e6df77585e0b97de02
0.25,1000,transport_hessian,0,810,70.343616414452924,68.987155194285648,71.733203034579063,0ddebd4915dd2e264e24b7b25047d24f86c3cdf63930a1e6df77585e0b97de02
0.25,1000,transport_hessian,0,820,70.954457647187823,69.589720485982241,72.354382481423002,0ddebd4915dd2e264e24b7b25047d24f86c3cdf63930a1e6df77585e0b97de02
0.25,1000,transport_hessian,0,830,71.544176161582484,70.143942329957298,72.982877282644907,0ddebd4915dd2e264e24b7b25047d24f86c3cdf63930a1e6df77585e0b97de02
0.25,1000,transport_hessian,0,840,72.134025098606557,70.745230252623841,73.573517414561024,0ddebd4915dd2e264e24b7b25047d24f86c3cdf63930a1e6df77585e0b97de02
0.25,1000,transport_hessian,0,850,72.746184099873872,71.341599346371069,74.193027857454823,0ddebd4915dd2e264e24b7b25047d24f86c3cdf63930a1e6df77585e0b97de02
0.25,1000,transport_hessian,0,860,73.302354886426031,71.86934909137608,74.786319771951696,0ddebd4915dd2e264e24b7b25047d24f86c3cdf63930a1e6df77585e0b97de02
0.25,1000,transport_hessian,0,870,73.845366984076222,72.394590289394998,75.340018811633598,0ddebd4915dd2e264e24b7b25047d24f86c3cdf63930a1e6df77585e0b97de02
0.25,1000,transport_hessian,0,880,74.388117184408287,72.916445629784931,75.908601548471921,0ddebd4915dd2e264e24b7b25047d24f86c3cdf63930a1e6df77585e0b97de02
0.25,1000,transport_hessian,0,890,74.983393888354726,73.502272556508402,76.515876905512457,0ddebd4915dd2e264e24b7b25047d24f86c3cdf63930a1e6df77585e0b97de02
0.25,1000,transport_hessian,0,900,75.535926902620631,74.052090945149374,77.0530764386302,0ddebd4915dd2e264e24b7b25047d24f86c3cdf63930a1e6df77585e0b97de02
0.25,1000,transport_hessian,0,910,76.031338272706947,74.542796826479687,77.553216873987921,0ddebd4915dd2e264e24b7b25047d24f86c3cdf63930a1e6df77585e0b97de02
0.25,1000,transport_hessian,0,920,76.579211101065724,75.093738650811929,78.099086696050165,0ddebd4915dd2e264e24b7b25047d24f86c3cdf63930a1e6df77585e0b97de02
0.25,1000,transport_hessian,0,930,77.178163895373856,75.68807471016035,78.718519453800013,0ddebd4915dd2e264e24b7b25047d24f86c3cdf63930a1e6df77585e0b97de02
0.25,1000,transport_hessian,0,940,77.722417524119976,76.196661375409576,79.285577321704352,0ddebd4915dd2e264e24b7b25047d24f86c3cdf63930a1e6df77585e0b97de02
0.25,1000,transport_hessian,0,950,78.323759163318144,76.796637275835565,79.900045670410364,0ddebd4915dd2e264e24b7b25047d24f86c3cdf63930a1e6df77585e0b97de02
0.25,1000,transport_hessian,0,960,78.8878305228572,77.366293947573837,80.460852229339096,0ddebd4915dd2e264e24b7b25047d24f86c3cdf63930a1e6df77585e0b97de02
0.25,1000,transport_hessian,0,970,79.402501655358094,77.85644607717839,80.993530458956414,0ddebd4915dd2e264e24b7b25047d24f86c3cdf63930a1e6df77585e0b97de02
0.25,1000,transport_hessian,0,980,79.926334791506122,78.391259147703593,81.510297851015011,0ddebd4915dd2e264e24b7b25047d24f86c3cdf63930a1e6df77585e0b97de02
0.25,1000,transport_hessian,0,990,80.482694356781195,78.941964164900199,82.076481368906116,0ddebd4915dd2e264e24b7b25047d24f86c3cdf63930a1e6df77585e0b97de02
0.25,1000,transport_hessian,0,1000,81.049560861553445,79.510817181035975,82.640489009151295,0ddebd4915dd2e264e24b7b25047d24f86c3cdf63930a1e6df77585e0b97de02
0.25,1000,transport_endpoint,1,1,0.20563867121313714,0.16944850707045223,0.24192099934964301,0ddebd4915dd2e264e24b7b25047d24f86c3cdf63930a1e6df77585e0b97de02
0.25,1000,transport_endpoint,1,10,1.7746873835524708,1.7034623106783233,1.8452245827215676,0ddebd4915dd2e264e24b7b25047d24f86c3cdf63930a1e6df77585e0b97de02
0.25,1000,transport_endpoint,1,20,3.5992125051305113,3.5042768016033663,3.6997261601384115,0ddebd4915dd2e264e24b7b25047d24f86c3cdf63930a1e6df77585e0b97de02
0.25,1000,transport_endpoint,1,30,5.363244375581683,5.247980970344118,5.4793485260858468,0ddebd4915dd2e264e24b7b25047d24f86c3cdf63930a1e6df77585e0b97de02
0.25,1000,transport_endpoint,1,40,6.8495604326672845,6.705007100135659,6.9963488538726493,0ddebd4915dd2e264e24b7b25047d24f86c3cdf63930a1e6df77585e0b97de02
0.25,1000,transport_endpoint,1,50,8.2525400777331992,8.1142256191562137,8.3883987863510416,0ddebd4915dd2e264e24b7b25047d24f86c3cdf63930a1e6df77585e0b97de02
0.25,1000,transport_endpoint,1,60,9.5283492070218916,9.3622167078774439,9.698497385230727,0ddebd4915dd2e264e24b7b25047d24f86c3cdf63930a1e6df77585e0b97de02
0.25,1000,transport_endpoint,1,70,10.833829047329189,10.627248928477824,11.045054845508929,0ddebd4915dd2e264e24b7b25047d24f86c3cdf63930a1e6df77585e0b97de02
0.25,1000,transport_endpoint,1,80,12.084858070738033,11.900688212021814,12.269113817908204,0ddebd4915dd2e264e24b7b25047d24f86c3cdf63930a1e6df77585e0b97de02
0.25,1000,transport_endpoint,1,90,13.253292533920987,13.087219318288181,13.415035523919574,0ddebd4915dd2e264e24b7b25047d24f86c3cdf63930a1e6df77585e0b97de02
0.25,1000,transport_endpoint,1,100,14.514343290172388,14.316271312638335,14.709903804648606,0ddebd4915dd2e264e24b7b25047d24f86c3cdf63930a1e6df77585e0b97de02
0.25,1000,transport_endpoint,1,110,15.685452522489486,15.477214832813766,15.899100461819909,0ddebd4915dd2e264e24b7b25047d24f86c3cdf63930a1e6df77585e0b97de02
0.25,1000,transport_endpoint,1,120,16.848794611383187,16.628048883730862,17.084427475612706,0ddebd4915dd2e264e24b7b25047d24f86c3cdf63930a1e6df77585e0b97de02
0.25,1000,transport_endpoint,1,130,17.951584078089358,17.696240135009045,18.218175699981412,0ddebd4915dd2e264e24b7b25047d24f86c3cdf63930a1e6df77585e0b97de02
0.25,1000,transport_endpoint,1,140,18.975536750678351,18.676822636261807,19.290555992636424,0ddebd4915dd2e264e24b7b25047d24f86c3cdf63930a1e6df77585e0b97de02
0.25,1000,transport_endpoint,1,150,20.064108457208004,19.763457803658429,20.382161145291438,0ddebd4915dd2e264e24b7b25047d24f86c3cdf63930a1e6df77585e0b97de02
0.25,1000,transport_endpoint,1,160,21.140613231047933,20.846192283609358,21.450772305915841,0ddebd4915dd2e264e24b7b25047d24f86c3cdf63930a1e6df77585e0b97de02
0.25,1000,transport_endpoint,1,170,22.147823785034479,21.832184329006882,22.480370442447846,0ddebd4915dd2e264e24b7b25047d24f86c3cdf63930a1e6df77585e0b97de02
0.25,1000,transport_endpoint,1,180,23.231411602208738,22.873352217739733,23.610244587478999,0ddebd4915dd2e264e24b7b25047d24f86c3cdf63930a1e6df77585e0b97de02
0.25,1000,transport_endpoint,1,190,24.20392826171026,23.826300376873178,24.599927946097882,0ddebd4915dd2e264e24b7b25047d24f86c3cdf63930a1e6df77585e0b97de02
0.25,1000,transport_endpoint,1,200,25.217368074322717,24.842344849916088,25.615469589137071,0ddebd4915dd2e264e24b7b25047d24f86c3cdf63930a1e6df77585e0b97de02
0.25,1000,transport_endpoint,1,210,26.053415243393907,25.655538883726141,26.475284326259587,0ddebd4915dd2e264e24b7b25047d24f86c3cdf63930a1e6df77585e0b97de02
0.25,1000,transport_endpoint,1,220,26.948640472455118,26.504868738794059,27.415265980790426,0ddebd4915dd2e264e24b7b25047d24f86c3cdf63930a1e6df77585e0b97de02
0.25,1000,transport_endpoint,1,230,27.899989646158769,27.45236560283092,28.380496508515478,0ddebd4915dd2e264e24b7b25047d24f86c3cdf63930a1e6df77585e0b97de02
0.25,1000,transport_endpoint,1,240,28.765813561555291,28.277379750208659,29.289847878926764,0ddebd4915dd2e264e24b7b25047d24f86c3cdf63930a1e6df77585e0b97de02
0.25,1000,transport_endpoint,1,250,29.703089706837719,29.175530885422827,30.272970061402781,0ddebd4915dd2e264e24b7b25047d24f86c3cdf63930a1e6df77585e0b97de02
0.25,1000,transport_endpoint,1,260,30.604893394753198,30.049305228080172,31.205881770424991,0ddebd4915dd2e264e24b7b25047d24f86c3cdf63930a1e6df77585e0b97de02
0.25,1000,transport_endpoint,1,270,31.455245297412251,30.865764348691702,32.087580238922847,0ddebd4915dd2e264e24b7b25047d24f86c3cdf63930a1e6df77585e0b97de02
0.25,1000,transport_endpoint,1,280,32.412750804218035,31.778821935719197,33.081280564008331,0ddebd4915dd2e264e24b7b25047d24f86c3cdf63930a1e6df77585e0b97de02
0.25,1000,transport_endpoint,1,290,33.293141080463172,32.618456379654226,33.995672604241982,0ddebd4915dd2e264e24b7b25047d24f86c3cdf63930a1e6df77585e0b97de02
0.25,1000,transport_endpoint,1,300,34.181514596770377,33.45771568143671,34.931186605628412,0ddebd4915dd2e264e24b7b25047d24f86c3cdf63930a1e6df77585e0b97de02
0.25,1000,transport_endpoint,1,310,35.023331045856125,34.281624884896551,35.797735876229247,0ddebd4915dd2e264e24b7b25047d24f86c3cdf63930a1e6df77585e0b97de02
0.25,1000,transport_endpoint,1,320,35.835134926238801,35.06798326532374,36.64849321441563,0ddebd4915dd2e264e24b7b25047d24f86c3cdf63930a1e6df77585e0b97de02
0.25,1000,transport_endpoint,1,330,36.71943065651417,35.938593649010308,37.534900147564962,0ddebd4915dd2e264e24b7b25047d24f86c3cdf63930a1e6df77585e0b97de02
0.25,1000,transport_endpoint,1,340,37.480194563936237,36.680153173111762,38.310535864407917,0ddebd4915dd2e264e24b7b25047d24f86c3cdf63930a1e6df77585e0b97de02
0.25,1000,transport_endpoint,1,350,38.221766537811249,37.402724687754272,39.07151062239496,0ddebd4915dd2e264e24b7b25047d24f86c3cdf63930a1e6df77585e0b97de02
0.25,1000,transport_endpoint,1,360,39.012446349850016,38.186419048646954,39.874423726834507,0ddebd4915dd2e264e24b7b25047d24f86c3cdf63930a1e6df77585e0b97de02
0.25,1000,transport_endpoint,1,370,39.775282787178789,38.948097844116326,40.632857996172135,0ddebd4915dd2e264e24b7b25047d24f86c3cdf63930a1e6df77585e0b97de02
0.25,1000,transport_endpoint,1,380,40.533888479193273,39.676709953162728,41.424719297186144,0ddebd4915dd2e264e24b7b25047d24f86c3cdf63930a1e6df77585e0b97de02
0.25,1000,transport_endpoint,1,390,41.303849163414704,40.431986519761139,42.206108737160775,0ddebd4915dd2e264e24b7b25047d24f86c3cdf63930a1e6df77585e0b97de02
0.25,1000,transport_endpoint,1,400,42.061096625626718,41.199353452666344,42.964879908621221,0ddebd4915dd2e264e24b7b25047d24f86c3cdf63930a1e6df77585e0b97de02
0.25,1000,transport_endpoint,1,410,42.834934060473813,41.968823839816594,43.752100963683255,0ddebd4915dd2e264e24b7b25047d24f86c3cdf63930a1e6df77585e0b97de02
0.25,1000,transport_endpoint,1,420,43.536812523240272,42.669607516230023,44.452389383347885,0ddebd4915dd2e264e24b7b25047d24f86c3cdf63930a1e6df77585e0b97de02
0.25,1000,transport_endpoint,1,430,44.311998564349224,43.450291163006504,45.228991767603254,0ddebd4915dd2e264e24b7b25047d24f86c3cdf63930a1e6df77585e0b97de02
0.25,1000,transport_endpoint,1,440,45.088684179661058,44.201183659962012,46.035780369467787,0ddebd4915dd2e264e24b7b25047d24f86c3cdf63930a1e6df77585e0b97de02
0.25,1000,transport_endpoint,1,450,45.887664047218458,44.988661441038531,46.844301589178933,0ddebd4915dd2e264e24b7b25047d24f86c3cdf63930a1e6df77585e0b97de02
0.25,1000,transport_endpoint,1,460,46.575132570980934,45.674521036756929,47.536846431840203,0ddebd4915dd2e264e24b7b25047d24f86c3cdf63930a1e6df77585e0b97de02
0.25,1000,transport_endpoint,1,470,47.347607608816922,46.448616762527863,48.304962706765977,0ddebd4915dd2e264e24b7b25047d24f86c3cdf63930a1e6df77585e0b97de02
0.25,1000,transport_endpoint,1,480,48.113420089019485,47.209735923955158,49.081407736600383,0ddebd4915dd2e264e24b7b25047d24f86c3cdf63930a1e6df77585e0b97de02
0.25,1000,transport_endpoint,1,490,48.810955811106744,47.87687546534211,49.818804403326297,0ddebd4915dd2e264e24b7b25047d24f86c3cdf63930a1e6df77585e0b97de02
0.25,1000,transport_endpoint,1,500,49.494540352937932,48.546425461014614,50.514563819856512,0ddebd4915dd2e264e24b7b25047d24f86c3cdf63930a1e6df77585e0b97de02
0.25,1000,transport_endpoint,1,510,50.173297779824551,49.192661026679339,51.23010464272356,0ddebd4915dd2e264e24b7b25047d24f86c3cdf63930a1e6df77585e0b97de02
0.25,1000,transport_endpoint,1,520,50.968765819063499,49.996619526799122,52.016728298241937,0ddebd4915dd2e264e24b7b25047d24f86c3cdf63930a1e6df77585e0b97de02
0.25,1000,transport_endpoint,1,530,51.672324619865805,50.673913804249253,52.734171985471598,0ddebd4915dd2e264e24b7b25047d24f86c3cdf63930a1e6df77585e0b97de02
0.25,1000,transport_endpoint,1,540,52.336559020980332,51.334008795756333,53.41355316812038,0ddebd4915dd2e264e24b7b25047d24f86c3cdf63930a1e6df77585e0b97de02
0.25,1000,transport_endpoint,1,550,52.980241763749611,51.950462999965524,54.088514023327534,0ddebd4915dd2e264e24b7b25047d24f86c3cdf63930a1e6df77585e0b97de02
0.25,1000,transport_endpoint,1,560,53.657911582129245,52.614369027666726,54.774431723065419,0ddebd4915dd2e264e24b7b25047d24f86c3cdf63930a1e6df77585e0b97de02
0.25,1000,transport_endpoint,1,570,54.391607977485272,53.358326871311789,55.513164655557937,0ddebd4915dd2e264e24b7b25047d24f86c3cdf63930a1e6df77585e0b97de02
0.25,1000,transport_endpoint,1,580,55.045836285656897,53.995037189110064,56.169792275224601,0ddebd4915dd2e264e24b7b25047d24f86c3cdf63930a1e6df77585e0b97de02
0.25,1000,transport_endpoint,1,590,55.66349375330595,54.588750708513778,56.821161318773278,0ddebd4915dd2e264e24b7b25047d24f86c3cdf63930a1e6df77585e0b97de02
0.25,1000,transport_endpoint,1,600,56.361439941027712,55.276630596763937,57.530230406464639,0ddebd4915dd2e264e24b7b25047d24f86c3cdf63930a1e6df77585e0b97de02
0.25,1000,transport_endpoint,1,610,57.032931470365014,55.952192713505028,58.181940378077243,0ddebd4915dd2e264e24b7b25047d24f86c3cdf63930a1e6df77585e0b97de02
0.25,1000,transport_endpoint,1,620,57.647945046477723,56.57080370860043,58.795137016748626,0ddebd4915dd2e264e24b7b25047d24f86c3cdf63930a1e6df77585e0b97de02
0.25,1000,transport_endpoint,1,630,58.245366884161371,57.15100470375647,59.414228176494589,0ddebd4915dd2e264e24b7b25047d24f86c3cdf63930a1e6df77585e0b97de02
0.25,1000,transport_endpoint,1,640,58.903716063686204,57.794522169188085,60.076670451085825,0ddebd4915dd2e264e24b7b25047d24f86c3cdf63930a1e6df77585e0b97de02
0.25,1000,transport_endpoint,1,650,59.534025689852399,58.402024956368408,60.744260398653282,0ddebd4915dd2e264e24b7b25047d24f86c3cdf63930a1e6df77585e0b97de02
0.25,1000,transport_endpoint,1,660,60.140479483000334,58.987005851034205,61.369102246555578,0ddebd4915dd2e264e24b7b25047d24f86c3cdf63930a1e6df77585e0b97de02
0.25,1000,transport_endpoint,1,670,60.684854942476193,59.512367809811686,61.928482458325348,0ddebd4915dd2e264e24b7b25047d24f86c3cdf63930a1e6df77585e0b97de02
0.25,1000,transport_endpoint,1,680,61.258866286421615,60.080235995023116,62.502666235617504,0ddebd4915dd2e264e24b7b25047d24f86c3cdf63930a1e6df77585e0b97de02
0.25,1000,transport_endpoint,1,690,61.841684676311345,60.65115160582679,63.097603434654836,0ddebd4915dd2e264e24b7b25047d24f86c3cdf63930a1e6df77585e0b97de02
0.25,1000,transport_endpoint,1,700,62.464533005209212,61.27332515867861,63.725246050597811,0ddebd4915dd2e264e24b7b25047d24f86c3cdf63930a1e6df77585e0b97de02
0.25,1000,transport_endpoint,1,710,63.030772667246659,61.834302071570463,64.295317918884649,0ddebd4915dd2e264e24b7b25047d24f86c3cdf63930a1e6df77585e0b97de02
0.25,1000,transport_endpoint,1,720,63.666374906274243,62.477394344159826,64.910193506104477,0ddebd4915dd2e264e24b7b25047d24f86c3cdf63930a1e6df77585e0b97de02
0.25,1000,transport_endpoint,1,730,64.271632720365972,63.06508236696407,65.527568740994084,0ddebd4915dd2e264e24b7b25047d24f86c3cdf63930a1e6df77585e0b97de02
0.25,1000,transport_endpoint,1,740,64.871558058751845,63.681224704264054,66.134453941369983,0ddebd4915dd2e264e24b7b25047d24f86c3cdf63930a1e6df77585e0b97de02
0.25,1000,transport_endpoint,1,750,65.442288126597361,64.246207631760768,66.707282824064905,0ddebd4915dd2e264e24b7b25047d24f86c3cdf63930a1e6df77585e0b97de02
0.25,1000,transport_endpoint,1,760,66.096418077350677,64.908486338961552,67.364859193665865,0ddebd4915dd2e264e24b7b25047d24f86c3cdf63930a1e6df77585e0b97de02
0.25,1000,transport_endpoint,1,770,66.729963710737806,65.53150243738736,68.01182569075516,0ddebd4915dd2e264e24b7b25047d24f86c3cdf63930a1e6df77585e0b97de02
0.25,1000,transport_endpoint,1,780,67.371507311781087,66.166321095286648,68.653661265208456,0ddebd4915dd2e264e24b7b25047d24f86c3cdf63930a1e6df77585e0b97de02
0.25,1000,transport_endpoint,1,790,67.949692759716754,66.741584147996591,69.243645278643541,0ddebd4915dd2e264e24b7b25047d24f86c3cdf63930a1e6df77585e0b97de02
0.25,1000,transport_endpoint,1,800,68.486785084940436,67.27093783965762,69.760823122173065,0ddebd4915dd2e264e24b7b25047d24f86c3cdf63930a1e6df77585e0b97de02
0.25,1000,transport_endpoint,1,810,69.134746286610778,67.90498474114051,70.437877435874896,0ddebd4915dd2e264e24b7b25047d24f86c3cdf63930a1e6df77585e0b97de02
0.25,1000,transport_endpoint,1,820,69.689633826007579,68.426732048052557,71.026110204653449,0ddebd4915dd2e264e24b7b25047d24f86c3cdf63930a1e6df77585e0b97de02
0.25,1000,transport_endpoint,1,830,70.265696765216902,69.008397180837861,71.607881222900232,0ddebd4915dd2e264e24b7b25047d24f86c3cdf63930a1e6df77585e0b97de02
0.25,1000,transport_endpoint,1,840,70.865807728265651,69.602187564901826,72.218110964802861,0ddebd4915dd2e264e24b7b25047d24f86c3cdf63930a1e6df77585e0b97de02
0.25,1000,transport_endpoint,1,850,71.35462603132251,70.07771029740212,72.715204490167025,0ddebd4915dd2e264e24b7b25047d24f86c3cdf63930a1e6df77585e0b97de02
0.25,1000,transport_endpoint,1,860,71.842381216681375,70.544496251123775,73.225005023545194,0ddebd4915dd2e264e24b7b25047d24f86c3cdf63930a1e6df77585e0b97de02
0.25,1000,transport_endpoint,1,870,72.339340154875913,71.040042039384986,73.729911422760367,0ddebd4915dd2e264e24b7b25047d24f86c3cdf63930a1e6df77585e0b97de02
0.25,1000,transport_endpoint,1,880,72.850733962245201,71.538020178076252,74.25665732387759,0ddebd4915dd2e264e24b7b25047d24f86c3cdf63930a1e6df77585e0b97de02
0.25,1000,transport_endpoint,1,890,73.379856347658674,72.089902418815527,74.766807963236147,0ddebd4915dd2e264e24b7b25047d24f86c3cdf63930a1e6df77585e0b97de02
0.25,1000,transport_endpoint,1,900,73.901844158301969,72.588496500442218,75.293903646720509,0ddebd4915dd2e264e24b7b25047d24f86c3cdf63930a1e6df77585e0b97de02
0.25,1000,transport_endpoint,1,910,74.40757610906401,73.085390227471819,75.80872209239817,0ddebd4915dd2e264e24b7b25047d24f86c3cdf63930a1e6df77585e0b97de02
0.25,1000,transport_endpoint,1,920,74.988401589687996,73.646101483386289,76.415117160162637,0ddebd4915dd2e264e24b7b25047d24f86c3cdf63930a1e6df77585e0b97de02
0.25,1000,transport_endpoint,1,930,75.432255902742526,74.089661295431924,76.863690995680614,0ddebd4915dd2e264e24b7b25047d24f86c3cdf63930a1e6df77585e0b97de02
0.25,1000,transport_endpoint,1,940,75.932002392954487,74.612541608268955,77.339756683586714,0ddebd4915dd2e264e24b7b25047d24f86c3cdf63930a1e6df77585e0b97de02
0.25,1000,transport_endpoint,1,950,76.461337920247431,75.138469243350841,77.866413565245381,0ddebd4915dd2e264e24b7b25047d24f86c3cdf63930a1e6df77585e0b97de02
0.25,1000,transport_endpoint,1,960,76.979168542188006,75.640147362832522,78.392735285319958,0ddebd4915dd2e264e24b7b25047d24f86c3cdf63930a1e6df77585e0b97de02
0.25,1000,transport_endpoint,1,970,77.478480809040533,76.138808073515605,78.895011014040165,0ddebd4915dd2e264e24b7b25047d24f86c3cdf63930a1e6df77585e0b97de02
0.25,1000,transport_endpoint,1,980,77.983792277641498,76.636350183088766,79.403752859943324,0ddebd4915dd2e264e24b7b25047d24f86c3cdf63930a1e6df77585e0b97de02
0.25,1000,transport_endpoint,1,990,78.589156413273798,77.230808880034715,80.019349565661088,0ddebd4915dd2e264e24b7b25047d24f86c3cdf63930a1e6df77585e0b97de02
0.25,1000,transport_endpoint,1,1000,79.050143317696552,77.680437707351913,80.486567300210908,0ddebd4915dd2e264e24b7b25047d24f86c3cdf63930a1e6df77585e0b97de02
0.25,1000,frozen_reference,2,1,0.20563867121313714,0.16944850707045223,0.24192099934964301,0ddebd4915dd2e264e24b7b25047d24f86c3cdf63930a1e6df77585e0b97de02
0.25,1000,frozen_reference,2,10,1.7848415575784864,1.7133796327689066,1.8566523226203842,0ddebd4915dd2e264e24b7b25047d24f86c3cdf63930a1e6df77585e0b97de02
0.25,1000,frozen_reference,2,20,3.5767823043472031,3.4861908829771786,3.6729995131449975,0ddebd4915dd2e264e24b7b25047d24f86c3cdf63930a1e6df77585e0b97de02
0.25,1000,frozen_reference,2,30,5.3208815766760855,5.2080783678931466,5.4326451957173623,0ddebd4915dd2e264e24b7b25047d24f86c3cdf63930a1e6df77585e0b97de02
0.25,1000,frozen_reference,2,40,6.8374915914810011,6.7014066410150637,6.9761930434287516,0ddebd4915dd2e264e24b7b25047d24f86c3cdf63930a1e6df77585e0b97de02
0.25,1000,frozen_reference,2,50,8.2656115883132824,8.1303057363581814,8.3999557648887464,0ddebd4915dd2e264e24b7b25047d24f86c3cdf63930a1e6df77585e0b97de02
0.25,1000,frozen_reference,2,60,9.5723591583038772,9.4094680837964706,9.7404390638456864,0ddebd4915dd2e264e24b7b25047d24f86c3cdf63930a1e6df77585e0b97de02
0.25,1000,frozen_reference,2,70,10.924783627810868,10.72515408947098,11.128283999938013,0ddebd4915dd2e264e24b7b25047d24f86c3cdf63930a1e6df77585e0b97de02
0.25,1000,frozen_reference,2,80,12.143286074761715,11.959161819339636,12.323285044699137,0ddebd4915dd2e264e24b7b25047d24f86c3cdf63930a1e6df77585e0b97de02
0.25,1000,frozen_reference,2,90,13.362612766618007,13.174391893672649,13.549893631752123,0ddebd4915dd2e264e24b7b25047d24f86c3cdf63930a1e6df77585e0b97de02
0.25,1000,frozen_reference,2,100,14.576568835487302,14.383693217949366,14.764720221106916,0ddebd4915dd2e264e24b7b25047d24f86c3cdf63930a1e6df77585e0b97de02
0.25,1000,frozen_reference,2,110,15.779103011257503,15.559751522318777,16.004594617382153,0ddebd4915dd2e264e24b7b25047d24f86c3cdf63930a1e6df77585e0b97de02
0.25,1000,frozen_reference,2,120,16.895068338909592,16.65723139274532,17.143737875637502,0ddebd4915dd2e264e24b7b25047d24f86c3cdf63930a1e6df77585e0b97de02
0.25,1000,frozen_reference,2,130,17.910733075772828,17.6471091717173,18.190418965589416,0ddebd4915dd2e264e24b7b25047d24f86c3cdf63930a1e6df77585e0b97de02
0.25,1000,frozen_reference,2,140,18.968264010480894,18.657428033644145,19.288988919561376,0ddebd4915dd2e264e24b7b25047d24f86c3cdf63930a1e6df77585e0b97de02
0.25,1000,frozen_reference,2,150,20.066507737678972,19.747041723696388,20.406132884898312,0ddebd4915dd2e264e24b7b25047d24f86c3cdf63930a1e6df77585e0b97de02
0.25,1000,frozen_reference,2,160,21.121787551172041,20.776726413836368,21.473757479551317,0ddebd4915dd2e264e24b7b25047d24f86c3cdf63930a1e6df77585e0b97de02
0.25,1000,frozen_reference,2,170,22.152306776317552,21.785113282207082,22.532441527047141,0ddebd4915dd2e264e24b7b25047d24f86c3cdf63930a1e6df77585e0b97de02
0.25,1000,frozen_reference,2,180,23.209026584586045,22.804141060542086,23.635269172404882,0ddebd4915dd2e264e24b7b25047d24f86c3cdf63930a1e6df77585e0b97de02
0.25,1000,frozen_reference,2,190,24.164265875732607,23.7396200679343,24.603298901498256,0ddebd4915dd2e264e24b7b25047d24f86c3cdf63930a1e6df77585e0b97de02
0.25,1000,frozen_reference,2,200,25.146652931384452,24.725055545379785,25.586828222223325,0ddebd4915dd2e264e24b7b25047d24f86c3cdf63930a1e6df77585e0b97de02
0.25,1000,frozen_reference,2,210,26.025545785437597,25.583221559162276,26.484184714371263,0ddebd4915dd2e264e24b7b25047d24f86c3cdf63930a1e6df77585e0b97de02
0.25,1000,frozen_reference,2,220,26.952198299912244,26.468650311033933,27.449734429877729,0ddebd4915dd2e264e24b7b25047d24f86c3cdf63930a1e6df77585e0b97de02
0.25,1000,frozen_reference,2,230,27.900929113296616,27.413471529125296,28.407431668075525,0ddebd4915dd2e264e24b7b25047d24f86c3cdf63930a1e6df77585e0b97de02
0.25,1000,frozen_reference,2,240,28.81137551205525,28.299011968714261,29.35065624254382,0ddebd4915dd2e264e24b7b25047d24f86c3cdf63930a1e6df77585e0b97de02
0.25,1000,frozen_reference,2,250,29.761340756234748,29.212455457049874,30.332041391972787,0ddebd4915dd2e264e24b7b25047d24f86c3cdf63930a1e6df77585e0b97de02
0.25,1000,frozen_reference,2,260,30.615852797178412,30.042694944815139,31.219484098512602,0ddebd4915dd2e264e24b7b25047d24f86c3cdf63930a1e6df77585e0b97de02
0.25,1000,frozen_reference,2,270,31.455095597812264,30.864896520563157,32.078331636852873,0ddebd4915dd2e264e24b7b25047d24f86c3cdf63930a1e6df77585e0b97de02
0.25,1000,frozen_reference,2,280,32.415681851840326,31.784411426029237,33.074431625780079,0ddebd4915dd2e264e24b7b25047d24f86c3cdf63930a1e6df77585e0b97de02
0.25,1000,frozen_reference,2,290,33.288224166553803,32.636061902377371,33.970790181418252,0ddebd4915dd2e264e24b7b25047d24f86c3cdf63930a1e6df77585e0b97de02
0.25,1000,frozen_reference,2,300,34.166957535680474,33.463864242939913,34.90102965903391,0ddebd4915dd2e264e24b7b25047d24f86c3cdf63930a1e6df77585e0b97de02
0.25,1000,frozen_reference,2,310,34.995485284251615,34.293282998501525,35.735800702879757,0ddebd4915dd2e264e24b7b25047d24f86c3cdf63930a1e6df77585e0b97de02
0.25,1000,frozen_reference,2,320,35.780449465568772,35.068549012656277,36.52465013126492,0ddebd4915dd2e264e24b7b25047d24f86c3cdf63930a1e6df77585e0b97de02
0.25,1000,frozen_reference,2,330,36.708994432449437,36.006823741506139,37.44023105345687,0ddebd4915dd2e264e24b7b25047d24f86c3cdf63930a1e6df77585e0b97de02
0.25,1000,frozen_reference,2,340,37.449787785398051,36.723670291500888,38.207161838759738,0ddebd4915dd2e264e24b7b25047d24f86c3cdf63930a1e6df77585e0b97de02
0.25,1000,frozen_reference,2,350,38.218733496163679,37.483752505512875,38.995473939185374,0ddebd4915dd2e264e24b7b25047d24f86c3cdf63930a1e6df77585e0b97de02
0.25,1000,frozen_reference,2,360,38.996602930063283,38.24092663464797,39.787042502050916,0ddebd4915dd2e264e24b7b25047d24f86c3cdf63930a1e6df77585e0b97de02
0.25,1000,frozen_reference,2,370,39.771370609632967,39.013421471337928,40.565921593072837,0ddebd4915dd2e264e24b7b25047d24f86c3cdf63930a1e6df77585e0b97de02
0.25,1000,frozen_reference,2,380,40.512749763623226,39.709081321227963,41.341953230173822,0ddebd4915dd2e264e24b7b25047d24f86c3cdf63930a1e6df77585e0b97de02
0.25,1000,frozen_reference,2,390,41.267710333555613,40.458858725759313,42.114818133379906,0ddebd4915dd2e264e24b7b25047d24f86c3cdf63930a1e6df77585e0b97de02
0.25,1000,frozen_reference,2,400,41.986239837167247,41.172920077522413,42.837840791332162,0ddebd4915dd2e264e24b7b25047d24f86c3cdf63930a1e6df77585e0b97de02
0.25,1000,frozen_reference,2,410,42.72905653294503,41.922579111067812,43.580452677657085,0ddebd4915dd2e264e24b7b25047d24f86c3cdf63930a1e6df77585e0b97de02
0.25,1000,frozen_reference,2,420,43.463846860445791,42.64274767201686,44.337588783607039,0ddebd4915dd2e264e24b7b25047d24f86c3cdf63930a1e6df77585e0b97de02
0.25,1000,frozen_reference,2,430,44.200010577494496,43.381769740748609,45.061266055332403,0ddebd4915dd2e264e24b7b25047d24f86c3cdf63930a1e6df77585e0b97de02
0.25,1000,frozen_reference,2,440,44.999564591171044,44.146197825957799,45.900620907059562,0ddebd4915dd2e264e24b7b25047d24f86c3cdf63930a1e6df77585e0b97de02
0.25,1000,frozen_reference,2,450,45.773695836472925,44.910196803329413,46.678110435924552,0ddebd4915dd2e264e24b7b25047d24f86c3cdf63930a1e6df77585e0b97de02
0.25,1000,frozen_reference,2,460,46.472684372902265,45.607768201053737,47.381705647213259,0ddebd4915dd2e264e24b7b25047d24f86c3cdf63930a1e6df77585e0b97de02
0.25,1000,frozen_reference,2,470,47.173036239609907,46.315683601280746,48.076748159273961,0ddebd4915dd2e264e24b7b25047d24f86c3cdf63930a1e6df77585e0b97de02
0.25,1000,frozen_reference,2,480,47.97929624792809,47.109537075769232,48.890074551058021,0ddebd4915dd2e264e24b7b25047d24f86c3cdf63930a1e6df77585e0b97de02
0.25,1000,frozen_reference,2,490,48.730577031265376,47.814913739789084,49.693695212268665,0ddebd4915dd2e264e24b7b25047d24f86c3cdf63930a1e6df77585e0b97de02
0.25,1000,frozen_reference,2,500,49.42106950530362,48.476878198166823,50.408995521831905,0ddebd4915dd2e264e24b7b25047d24f86c3cdf63930a1e6df77585e0b97de02
0.25,1000,frozen_reference,2,510,50.107223235780914,49.13723969178551,51.114075115192918,0ddebd4915dd2e264e24b7b25047d24f86c3cdf63930a1e6df77585e0b97de02
0.25,1000,frozen_reference,2,520,50.891289148675789,49.942921853635809,51.88837193995073,0ddebd4915dd2e264e24b7b25047d24f86c3cdf63930a1e6df77585e0b97de02
0.25,1000,frozen_reference,2,530,51.585540206943953,50.607982205222406,52.619632697355541,0ddebd4915dd2e264e24b7b25047d24f86c3cdf63930a1e6df77585e0b97de02
0.25,1000,frozen_reference,2,540,52.269275401159781,51.274246482393742,53.313567533253412,0ddebd4915dd2e264e24b7b25047d24f86c3cdf63930a1e6df77585e0b97de02
0.25,1000,frozen_reference,2,550,52.87016344729124,51.871168526635401,53.926452094173726,0ddebd4915dd2e264e24b7b25047d24f86c3cdf63930a1e6df77585e0b97de02
0.25,1000,frozen_reference,2,560,53.568193598566793,52.564892750129417,54.629878473248809,0ddebd4915dd2e264e24b7b25047d24f86c3cdf63930a1e6df77585e0b97de02
0.25,1000,frozen_reference,2,570,54.298065316137034,53.300223183715616,55.338951479516851,0ddebd4915dd2e264e24b7b25047d24f86c3cdf63930a1e6df77585e0b97de02
0.25,1000,frozen_reference,2,580,54.938023032111197,53.924594521858509,55.998328444134764,0ddebd4915dd2e264e24b7b25047d24f86c3cdf63930a1e6df77585e0b97de02
0.25,1000,frozen_reference,2,590,55.53853661572515,54.507106382922544,56.622816182882808,0ddebd4915dd2e264e24b7b25047d24f86c3cdf63930a1e6df77585e0b97de02
0.25,1000,frozen_reference,2,600,56.256656106435642,55.217499480515954,57.340714406527923,0ddebd4915dd2e264e24b7b25047d24f86c3cdf63930a1e6df77585e0b97de02
0.25,1000,frozen_reference,2,610,56.872499861161302,55.837489830487272,57.957750066725708,0ddebd4915dd2e264e24b7b25047d24f86c3cdf63930a1e6df77585e0b97de02
0.25,1000,frozen_reference,2,620,57.479555976252378,56.446330699531671,58.55750835504378,0ddebd4915dd2e264e24b7b25047d24f86c3cdf63930a1e6df77585e0b97de02
0.25,1000,frozen_reference,2,630,58.087180611910092,57.04613891583849,59.180266794876268,0ddebd4915dd2e264e24b7b25047d24f86c3cdf63930a1e6df77585e0b97de02
0.25,1000,frozen_reference,2,640,58.762432216418475,57.699212905504936,59.877503009727036,0ddebd4915dd2e264e24b7b25047d24f86c3cdf63930a1e6df77585e0b97de02
0.25,1000,frozen_reference,2,650,59.40902241758284,58.329022722109144,60.538657348412386,0ddebd4915dd2e264e24b7b25047d24f86c3cdf63930a1e6df77585e0b97de02
0.25,1000,frozen_reference,2,660,60.015730585491568,58.927519499907312,61.144935716252398,0ddebd4915dd2e264e24b7b25047d24f86c3cdf63930a1e6df77585e0b97de02
0.25,1000,frozen_reference,2,670,60.555386852304565,59.444513485934344,61.706946973250723,0ddebd4915dd2e264e24b7b25047d24f86c3cdf63930a1e6df77585e0b97de02
0.25,1000,frozen_reference,2,680,61.182407486923587,60.058239155986755,62.352638041451804,0ddebd4915dd2e264e24b7b25047d24f86c3cdf63930a1e6df77585e0b97de02
0.25,1000,frozen_reference,2,690,61.732063769283194,60.601949658698416,62.918479096958649,0ddebd4915dd2e264e24b7b25047d24f86c3cdf63930a1e6df77585e0b97de02
0.25,1000,frozen_reference,2,700,62.356819630681549,61.225938041306669,63.55239797632558,0ddebd4915dd2e264e24b7b25047d24f86c3cdf63930a1e6df77585e0b97de02
0.25,1000,frozen_reference,2,710,62.926167466185909,61.793323041487326,64.126020143896554,0ddebd4915dd2e264e24b7b25047d24f86c3cdf63930a1e6df77585e0b97de02
0.25,1000,frozen_reference,2,720,63.565850396560812,62.428971296903327,64.754583832117007,0ddebd4915dd2e264e24b7b25047d24f86c3cdf63930a1e6df77585e0b97de02
0.25,1000,frozen_reference,2,730,64.218876694011044,63.067245803279384,65.429335608315114,0ddebd4915dd2e264e24b7b25047d24f86c3cdf63930a1e6df77585e0b97de02
0.25,1000,frozen_reference,2,740,64.830412023090858,63.680426523022419,66.059812375695188,0ddebd4915dd2e264e24b7b25047d24f86c3cdf63930a1e6df77585e0b97de02
0.25,1000,frozen_reference,2,750,65.418310676867989,64.263674492028088,66.629540222553075,0ddebd4915dd2e264e24b7b25047d24f86c3cdf63930a1e6df77585e0b97de02
0.25,1000,frozen_reference,2,760,66.054321435241761,64.899631038802937,67.275704159308106,0ddebd4915dd2e264e24b7b25047d24f86c3cdf63930a1e6df77585e0b97de02
0.25,1000,frozen_reference,2,770,66.668819435380897,65.518160363922334,67.877175726956281,0ddebd4915dd2e264e24b7b25047d24f86c3cdf63930a1e6df77585e0b97de02
0.25,1000,frozen_reference,2,780,67.296052828273787,66.147233912951549,68.507984770732506,0ddebd4915dd2e264e24b7b25047d24f86c3cdf63930a1e6df77585e0b97de02
0.25,1000,frozen_reference,2,790,67.927932473387628,66.773431318963958,69.146317136284523,0ddebd4915dd2e264e24b7b25047d24f86c3cdf63930a1e6df77585e0b97de02
0.25,1000,frozen_reference,2,800,68.503558547791954,67.354924442932756,69.704521283766397,0ddebd4915dd2e264e24b7b25047d24f86c3cdf63930a1e6df77585e0b97de02
0.25,1000,frozen_reference,2,810,69.130108873184696,67.962368131439888,70.349535981780889,0ddebd4915dd2e264e24b7b25047d24f86c3cdf63930a1e6df77585e0b97de02
0.25,1000,frozen_reference,2,820,69.689985984107466,68.499795074539747,70.946295568231477,0ddebd4915dd2e264e24b7b25047d24f86c3cdf63930a1e6df77585e0b97de02
0.25,1000,frozen_reference,2,830,70.294362402093881,69.104616395882104,71.550711763386872,0ddebd4915dd2e264e24b7b25047d24f86c3cdf63930a1e6df77585e0b97de02
0.25,1000,frozen_reference,2,840,70.874250811440945,69.670469800064623,72.136312181960477,0ddebd4915dd2e264e24b7b25047d24f86c3cdf63930a1e6df77585e0b97de02
0.25,1000,frozen_reference,2,850,71.385820905409275,70.156374191219086,72.673933002297048,0ddebd4915dd2e264e24b7b25047d24f86c3cdf63930a1e6df77585e0b97de02
0.25,1000,frozen_reference,2,860,71.9479028181876,70.705542053705415,73.248505495449265,0ddebd4915dd2e264e24b7b25047d24f86c3cdf63930a1e6df77585e0b97de02
0.25,1000,frozen_reference,2,870,72.393669675649491,71.143610139046501,73.701637255304277,0ddebd4915dd2e264e24b7b25047d24f86c3cdf63930a1e6df77585e0b97de02
0.25,1000,frozen_reference,2,880,72.909716918584607,71.638659211191097,74.231798733691534,0ddebd4915dd2e264e24b7b25047d24f86c3cdf63930a1e6df77585e0b97de02
0.25,1000,frozen_reference,2,890,73.455376864660039,72.2099318164762,74.749299904699427,0ddebd4915dd2e264e24b7b25047d24f86c3cdf63930a1e6df77585e0b97de02
0.25,1000,frozen_reference,2,900,73.987849532321718,72.728816844992025,75.30349977013482,0ddebd4915dd2e264e24b7b25047d24f86c3cdf63930a1e6df77585e0b97de02
0.25,1000,frozen_reference,2,910,74.47428825251987,73.208972165656576,75.801447565186052,0ddebd4915dd2e264e24b7b25047d24f86c3cdf63930a1e6df77585e0b97de02
0.25,1000,frozen_reference,2,920,75.051834349253966,73.761077704700199,76.404057082645451,0ddebd4915dd2e264e24b7b25047d24f86c3cdf63930a1e6df77585e0b97de02
0.25,1000,frozen_reference,2,930,75.476405686016093,74.196501618985096,76.819942948646187,0ddebd4915dd2e264e24b7b25047d24f86c3cdf63930a1e6df77585e0b97de02
0.25,1000,frozen_reference,2,940,75.972041763298563,74.715677492205458,77.291487353915088,0ddebd4915dd2e264e24b7b25047d24f86c3cdf63930a1e6df77585e0b97de02
0.25,1000,frozen_reference,2,950,76.498571124418262,75.224319000794949,77.835972046956627,0ddebd4915dd2e264e24b7b25047d24f86c3cdf63930a1e6df77585e0b97de02
0.25,1000,frozen_reference,2,960,77.038127718178359,75.764678274539619,78.383557319164566,0ddebd4915dd2e264e24b7b25047d24f86c3cdf63930a1e6df77585e0b97de02
0.25,1000,frozen_reference,2,970,77.530391557207324,76.254801633468844,78.87399953535602,0ddebd4915dd2e264e24b7b25047d24f86c3cdf63930a1e6df77585e0b97de02
0.25,1000,frozen_reference,2,980,78.031870861722894,76.738600374441376,79.392365864604074,0ddebd4915dd2e264e24b7b25047d24f86c3cdf63930a1e6df77585e0b97de02
0.25,1000,frozen_reference,2,990,78.594771617886039,77.294235487055374,79.957206528838213,0ddebd4915dd2e264e24b7b25047d24f86c3cdf63930a1e6df77585e0b97de02
0.25,1000,frozen_reference,2,1000,79.094514958043462,77.778240431836309,80.475990348122991,0ddebd4915dd2e264e24b7b25047d24f86c3cdf63930a1e6df77585e0b97de02
0.25,1000,naive_current,3,1,0.20563867121313714,0.16944850707045223,0.24192099934964301,0ddebd4915dd2e264e24b7b25047d24f86c3cdf63930a1e6df77585e0b97de02
0.25,1000,naive_current,3,10,1.7796079843711079,1.7101863809512667,1.848848959004793,0ddebd4915dd2e264e24b7b25047d24f86c3cdf63930a1e6df77585e0b97de02
0.25,1000,naive_current,3,20,3.608909490463879,3.5139178107194238,3.7068998637330863,0ddebd4915dd2e264e24b7b25047d24f86c3cdf63930a1e6df77585e0b97de02
0.25,1000,naive_current,3,30,5.3718024344816486,5.2561271336962072,5.4867241642445252,0ddebd4915dd2e264e24b7b25047d24f86c3cdf63930a1e6df77585e0b97de02
0.25,1000,naive_current,3,40,6.8603160889247201,6.7163039524279666,7.0040853438170032,0ddebd4915dd2e264e24b7b25047d24f86c3cdf63930a1e6df77585e0b97de02
0.25,1000,naive_current,3,50,8.2644618330091681,8.1293234116644353,8.3976492143302615,0ddebd4915dd2e264e24b7b25047d24f86c3cdf63930a1e6df77585e0b97de02
0.25,1000,naive_current,3,60,9.5254664712243731,9.3587660391857614,9.6956099967373675,0ddebd4915dd2e264e24b7b25047d24f86c3cdf63930a1e6df77585e0b97de02
0.25,1000,naive_current,3,70,10.836646259752973,10.630509757224729,11.046246577031198,0ddebd4915dd2e264e24b7b25047d24f86c3cdf63930a1e6df77585e0b97de02
0.25,1000,naive_current,3,80,12.090207681314382,11.906963009401391,12.272253129870451,0ddebd4915dd2e264e24b7b25047d24f86c3cdf63930a1e6df77585e0b97de02
0.25,1000,naive_current,3,90,13.255702762300432,13.091350039720533,13.416069991485436,0ddebd4915dd2e264e24b7b25047d24f86c3cdf63930a1e6df77585e0b97de02
0.25,1000,naive_current,3,100,14.522598336504968,14.327342880240112,14.716650864232768,0ddebd4915dd2e264e24b7b25047d24f86c3cdf63930a1e6df77585e0b97de02
0.25,1000,naive_current,3,110,15.694087728294845,15.489007790732416,15.903792844852886,0ddebd4915dd2e264e24b7b25047d24f86c3cdf63930a1e6df77585e0b97de02
0.25,1000,naive_current,3,120,16.855570977934484,16.635346917858104,17.089211905679008,0ddebd4915dd2e264e24b7b25047d24f86c3cdf63930a1e6df77585e0b97de02
0.25,1000,naive_current,3,130,17.956072936630502,17.70301004878953,18.221844260661541,0ddebd4915dd2e264e24b7b25047d24f86c3cdf63930a1e6df77585e0b97de02
0.25,1000,naive_current,3,140,18.984709290071788,18.690585937454799,19.29594720620414,0ddebd4915dd2e264e24b7b25047d24f86c3cdf63930a1e6df77585e0b97de02
0.25,1000,naive_current,3,150,20.058216314471636,19.754117737734791,20.380870028976148,0ddebd4915dd2e264e24b7b25047d24f86c3cdf63930a1e6df77585e0b97de02
0.25,1000,naive_current,3,160,21.115148195744709,20.80794160727211,21.43508034476584,0ddebd4915dd2e264e24b7b25047d24f86c3cdf63930a1e6df77585e0b97de02
0.25,1000,naive_current,3,170,22.12277089469195,21.794760894420673,22.464656092136277,0ddebd4915dd2e264e24b7b25047d24f86c3cdf63930a1e6df77585e0b97de02
0.25,1000,naive_current,3,180,23.205433731712287,22.835837137508644,23.593016294270573,0ddebd4915dd2e264e24b7b25047d24f86c3cdf63930a1e6df77585e0b97de02
0.25,1000,naive_current,3,190,24.181460961118937,23.791704358380432,24.587985554611482,0ddebd4915dd2e264e24b7b25047d24f86c3cdf63930a1e6df77585e0b97de02
0.25,1000,naive_current,3,200,25.18643599041188,24.794261361162238,25.588231319535982,0ddebd4915dd2e264e24b7b25047d24f86c3cdf63930a1e6df77585e0b97de02
0.25,1000,naive_current,3,210,26.02638755359062,25.612412492553837,26.457550350412657,0ddebd4915dd2e264e24b7b25047d24f86c3cdf63930a1e6df77585e0b97de02
0.25,1000,naive_current,3,220,26.92481220049881,26.467825230083708,27.403611288871172,0ddebd4915dd2e264e24b7b25047d24f86c3cdf63930a1e6df77585e0b97de02
0.25,1000,naive_current,3,230,27.878928346245921,27.420501559188821,28.368464269740489,0ddebd4915dd2e264e24b7b25047d24f86c3cdf63930a1e6df77585e0b97de02
0.25,1000,naive_current,3,240,28.745617870074977,28.247688271122627,29.280786818780037,0ddebd4915dd2e264e24b7b25047d24f86c3cdf63930a1e6df77585e0b97de02
0.25,1000,naive_current,3,250,29.685520470001784,29.149784106903009,30.263907071522691,0ddebd4915dd2e264e24b7b25047d24f86c3cdf63930a1e6df77585e0b97de02
0.25,1000,naive_current,3,260,30.58266092537745,30.008592236069752,31.192145949040945,0ddebd4915dd2e264e24b7b25047d24f86c3cdf63930a1e6df77585e0b97de02
0.25,1000,naive_current,3,270,31.438192741157067,30.839380859048564,32.077462401319615,0ddebd4915dd2e264e24b7b25047d24f86c3cdf63930a1e6df77585e0b97de02
0.25,1000,naive_current,3,280,32.402539005376681,31.759243195988166,33.076921638550452,0ddebd4915dd2e264e24b7b25047d24f86c3cdf63930a1e6df77585e0b97de02
0.25,1000,naive_current,3,290,33.289176820686563,32.612713765481253,33.991295754293887,0ddebd4915dd2e264e24b7b25047d24f86c3cdf63930a1e6df77585e0b97de02
0.25,1000,naive_current,3,300,34.174726261272383,33.449926467472892,34.927469363079361,0ddebd4915dd2e264e24b7b25047d24f86c3cdf63930a1e6df77585e0b97de02
0.25,1000,naive_current,3,310,35.016727788469673,34.27116945963833,35.791104696877774,0ddebd4915dd2e264e24b7b25047d24f86c3cdf63930a1e6df77585e0b97de02
0.25,1000,naive_current,3,320,35.842406600135575,35.07847106891149,36.650243008640608,0ddebd4915dd2e264e24b7b25047d24f86c3cdf63930a1e6df77585e0b97de02
0.25,1000,naive_current,3,330,36.730204105390733,35.956060521835234,37.544679267077278,0ddebd4915dd2e264e24b7b25047d24f86c3cdf63930a1e6df77585e0b97de02
0.25,1000,naive_current,3,340,37.493693184384078,36.698142371157012,38.319826275996547,0ddebd4915dd2e264e24b7b25047d24f86c3cdf63930a1e6df77585e0b97de02
0.25,1000,naive_current,3,350,38.233976441162866,37.426420251101987,39.078590241359592,0ddebd4915dd2e264e24b7b25047d24f86c3cdf63930a1e6df77585e0b97de02
0.25,1000,naive_current,3,360,39.03043488142405,38.209746135482078,39.884474284850171,0ddebd4915dd2e264e24b7b25047d24f86c3cdf63930a1e6df77585e0b97de02
0.25,1000,naive_current,3,370,39.792366881394479,38.972670974586954,40.638067429799342,0ddebd4915dd2e264e24b7b25047d24f86c3cdf63930a1e6df77585e0b97de02
0.25,1000,naive_current,3,380,40.551932782381563,39.702792609861795,41.436101840387394,0ddebd4915dd2e264e24b7b25047d24f86c3cdf63930a1e6df77585e0b97de02
0.25,1000,naive_current,3,390,41.325847460183702,40.464446195760651,42.22504713561667,0ddebd4915dd2e264e24b7b25047d24f86c3cdf63930a1e6df77585e0b97de02
0.25,1000,naive_current,3,400,42.07947437873279,41.227852046000088,42.977279588804294,0ddebd4915dd2e264e24b7b25047d24f86c3cdf63930a1e6df77585e0b97de02
0.25,1000,naive_current,3,410,42.853047370127371,41.991925877336023,43.760998619156332,0ddebd4915dd2e264e24b7b25047d24f86c3cdf63930a1e6df77585e0b97de02
0.25,1000,naive_current,3,420,43.547618747852283,42.686833737788909,44.457744830743309,0ddebd4915dd2e264e24b7b25047d24f86c3cdf63930a1e6df77585e0b97de02
0.25,1000,naive_current,3,430,44.316568687019036,43.456277111339318,45.232052195838058,0ddebd4915dd2e264e24b7b25047d24f86c3cdf63930a1e6df77585e0b97de02
0.25,1000,naive_current,3,440,45.087948590045826,44.199730870471946,46.035761979727404,0ddebd4915dd2e264e24b7b25047d24f86c3cdf63930a1e6df77585e0b97de02
0.25,1000,naive_current,3,450,45.891029880907453,44.994179734216893,46.84596160749556,0ddebd4915dd2e264e24b7b25047d24f86c3cdf63930a1e6df77585e0b97de02
0.25,1000,naive_current,3,460,46.570315485739918,45.66952717273859,47.536846431840203,0ddebd4915dd2e264e24b7b25047d24f86c3cdf63930a1e6df77585e0b97de02
0.25,1000,naive_current,3,470,47.342282627069636,46.441543129931837,48.304724037563666,0ddebd4915dd2e264e24b7b25047d24f86c3cdf63930a1e6df77585e0b97de02
0.25,1000,naive_current,3,480,48.111407828234121,47.203713889252057,49.080386412047488,0ddebd4915dd2e264e24b7b25047d24f86c3cdf63930a1e6df77585e0b97de02
0.25,1000,naive_current,3,490,48.808414993078983,47.872466840533853,49.815135602322123,0ddebd4915dd2e264e24b7b25047d24f86c3cdf63930a1e6df77585e0b97de02
0.25,1000,naive_current,3,500,49.50227683271514,48.557983323315995,50.517466633876609,0ddebd4915dd2e264e24b7b25047d24f86c3cdf63930a1e6df77585e0b97de02
0.25,1000,naive_current,3,510,50.183851969003356,49.213755861527815,51.233732290426232,0ddebd4915dd2e264e24b7b25047d24f86c3cdf63930a1e6df77585e0b97de02
0.25,1000,naive_current,3,520,50.987266040794637,50.029633293021924,52.021797844667248,0ddebd4915dd2e264e24b7b25047d24f86c3cdf63930a1e6df77585e0b97de02
0.25,1000,naive_current,3,530,51.694120731554122,50.703250259028131,52.752405906358128,0ddebd4915dd2e264e24b7b25047d24f86c3cdf63930a1e6df77585e0b97de02
0.25,1000,naive_current,3,540,52.363236186814838,51.370742926715018,53.423490128122808,0ddebd4915dd2e264e24b7b25047d24f86c3cdf63930a1e6df77585e0b97de02
0.25,1000,naive_current,3,550,53.009079488479628,51.994405242801861,54.104006786508776,0ddebd4915dd2e264e24b7b25047d24f86c3cdf63930a1e6df77585e0b97de02
0.25,1000,naive_current,3,560,53.68548418317706,52.650079429281291,54.785673756996523,0ddebd4915dd2e264e24b7b25047d24f86c3cdf63930a1e6df77585e0b97de02
0.25,1000,naive_current,3,570,54.411960248984123,53.383056004226646,55.525089795580868,0ddebd4915dd2e264e24b7b25047d24f86c3cdf63930a1e6df77585e0b97de02
0.25,1000,naive_current,3,580,55.062683510008554,54.026706757773432,56.179610273454749,0ddebd4915dd2e264e24b7b25047d24f86c3cdf63930a1e6df77585e0b97de02
0.25,1000,naive_current,3,590,55.676563154013905,54.611666202035202,56.830923204899364,0ddebd4915dd2e264e24b7b25047d24f86c3cdf63930a1e6df77585e0b97de02
0.25,1000,naive_current,3,600,56.378254048361072,55.300812947956068,57.539761857646774,0ddebd4915dd2e264e24b7b25047d24f86c3cdf63930a1e6df77585e0b97de02
0.25,1000,naive_current,3,610,57.039646784845672,55.963400027015574,58.182095887289222,0ddebd4915dd2e264e24b7b25047d24f86c3cdf63930a1e6df77585e0b97de02
0.25,1000,naive_current,3,620,57.644769657532414,56.564487277433521,58.794109174650508,0ddebd4915dd2e264e24b7b25047d24f86c3cdf63930a1e6df77585e0b97de02
0.25,1000,naive_current,3,630,58.25562606770518,57.161347064862028,59.414228177153618,0ddebd4915dd2e264e24b7b25047d24f86c3cdf63930a1e6df77585e0b97de02
0.25,1000,naive_current,3,640,58.908953082261945,57.800831752693782,60.079370627469082,0ddebd4915dd2e264e24b7b25047d24f86c3cdf63930a1e6df77585e0b97de02
0.25,1000,naive_current,3,650,59.538684192441089,58.407214467042991,60.744260398653282,0ddebd4915dd2e264e24b7b25047d24f86c3cdf63930a1e6df77585e0b97de02
0.25,1000,naive_current,3,660,60.148495841700921,59.000034741601525,61.373420955319617,0ddebd4915dd2e264e24b7b25047d24f86c3cdf63930a1e6df77585e0b97de02
0.25,1000,naive_current,3,670,60.691077040261533,59.52480641801543,61.930382394495965,0ddebd4915dd2e264e24b7b25047d24f86c3cdf63930a1e6df77585e0b97de02
0.25,1000,naive_current,3,680,61.265872651457336,60.087703956299336,62.506194506555275,0ddebd4915dd2e264e24b7b25047d24f86c3cdf63930a1e6df77585e0b97de02
0.25,1000,naive_current,3,690,61.849974896201545,60.659441825716982,63.102522592542869,0ddebd4915dd2e264e24b7b25047d24f86c3cdf63930a1e6df77585e0b97de02
0.25,1000,naive_current,3,700,62.46879076150941,61.277561465929473,63.726163994284299,0ddebd4915dd2e264e24b7b25047d24f86c3cdf63930a1e6df77585e0b97de02
0.25,1000,naive_current,3,710,63.03757869509267,61.842313827951436,64.297597869779722,0ddebd4915dd2e264e24b7b25047d24f86c3cdf63930a1e6df77585e0b97de02
0.25,1000,naive_current,3,720,63.67335453281796,62.491966390105006,64.914363570491815,0ddebd4915dd2e264e24b7b25047d24f86c3cdf63930a1e6df77585e0b97de02
0.25,1000,naive_current,3,730,64.279534545308067,63.080602557647772,65.530708301798597,0ddebd4915dd2e264e24b7b25047d24f86c3cdf63930a1e6df77585e0b97de02
0.25,1000,naive_current,3,740,64.877766701274979,63.689357351964951,66.138628399517103,0ddebd4915dd2e264e24b7b25047d24f86c3cdf63930a1e6df77585e0b97de02
0.25,1000,naive_current,3,750,65.447833702262557,64.255734446570685,66.711721940167479,0ddebd4915dd2e264e24b7b25047d24f86c3cdf63930a1e6df77585e0b97de02
0.25,1000,naive_current,3,760,66.098793625250622,64.912922477037185,67.366569445044206,0ddebd4915dd2e264e24b7b25047d24f86c3cdf63930a1e6df77585e0b97de02
0.25,1000,naive_current,3,770,66.736635933101596,65.544560235059066,68.0144856363858,0ddebd4915dd2e264e24b7b25047d24f86c3cdf63930a1e6df77585e0b97de02
0.25,1000,naive_current,3,780,67.369942318016101,66.164909392543336,68.652935804654035,0ddebd4915dd2e264e24b7b25047d24f86c3cdf63930a1e6df77585e0b97de02
0.25,1000,naive_current,3,790,67.956120620948411,66.751654851241426,69.244610506429154,0ddebd4915dd2e264e24b7b25047d24f86c3cdf63930a1e6df77585e0b97de02
0.25,1000,naive_current,3,800,68.491622955110998,67.277251111273529,69.763472661926286,0ddebd4915dd2e264e24b7b25047d24f86c3cdf63930a1e6df77585e0b97de02
0.25,1000,naive_current,3,810,69.132558038092952,67.900749053114495,70.437616206602812,0ddebd4915dd2e264e24b7b25047d24f86c3cdf63930a1e6df77585e0b97de02
0.25,1000,naive_current,3,820,69.690671919592489,68.429785298600208,71.026798126998969,0ddebd4915dd2e264e24b7b25047d24f86c3cdf63930a1e6df77585e0b97de02
0.25,1000,naive_current,3,830,70.274274523837221,69.016369916548513,71.613607372801241,0ddebd4915dd2e264e24b7b25047d24f86c3cdf63930a1e6df77585e0b97de02
0.25,1000,naive_current,3,840,70.871398609638348,69.607724049836975,72.222363144164476,0ddebd4915dd2e264e24b7b25047d24f86c3cdf63930a1e6df77585e0b97de02
0.25,1000,naive_current,3,850,71.358300393942031,70.08263142173351,72.715233495018623,0ddebd4915dd2e264e24b7b25047d24f86c3cdf63930a1e6df77585e0b97de02
0.25,1000,naive_current,3,860,71.850618122810474,70.552680116843817,73.231593839918162,0ddebd4915dd2e264e24b7b25047d24f86c3cdf63930a1e6df77585e0b97de02
0.25,1000,naive_current,3,870,72.349746467401303,71.053069417970462,73.736647017369719,0ddebd4915dd2e264e24b7b25047d24f86c3cdf63930a1e6df77585e0b97de02
0.25,1000,naive_current,3,880,72.86223685802895,71.554717081787899,74.267117304993903,0ddebd4915dd2e264e24b7b25047d24f86c3cdf63930a1e6df77585e0b97de02
0.25,1000,naive_current,3,890,73.394807320216159,72.107715801545311,74.772725741260743,0ddebd4915dd2e264e24b7b25047d24f86c3cdf63930a1e6df77585e0b97de02
0.25,1000,naive_current,3,900,73.912955217155229,72.603549220114843,75.296648562586853,0ddebd4915dd2e264e24b7b25047d24f86c3cdf63930a1e6df77585e0b97de02
0.25,1000,naive_current,3,910,74.419364656328128,73.107522545752715,75.817302476451204,0ddebd4915dd2e264e24b7b25047d24f86c3cdf63930a1e6df77585e0b97de02
0.25,1000,naive_current,3,920,74.993122821704503,73.652901758036919,76.415147562393614,0ddebd4915dd2e264e24b7b25047d24f86c3cdf63930a1e6df77585e0b97de02
0.25,1000,naive_current,3,930,75.429328723951571,74.084914304664991,76.862192571856141,0ddebd4915dd2e264e24b7b25047d24f86c3cdf63930a1e6df77585e0b97de02
0.25,1000,naive_current,3,940,75.926768332712243,74.604974531307121,77.338997132386865,0ddebd4915dd2e264e24b7b25047d24f86c3cdf63930a1e6df77585e0b97de02
0.25,1000,naive_current,3,950,76.449860179232374,75.121803069365669,77.863852009668946,0ddebd4915dd2e264e24b7b25047d24f86c3cdf63930a1e6df77585e0b97de02
0.25,1000,naive_current,3,960,76.961207310428989,75.622184641492083,78.382517799987454,0ddebd4915dd2e264e24b7b25047d24f86c3cdf63930a1e6df77585e0b97de02
0.25,1000,naive_current,3,970,77.463336400967592,76.117699888341335,78.884096353488758,0ddebd4915dd2e264e24b7b25047d24f86c3cdf63930a1e6df77585e0b97de02
0.25,1000,naive_current,3,980,77.960537488114255,76.60229983698953,79.394106438195635,0ddebd4915dd2e264e24b7b25047d24f86c3cdf63930a1e6df77585e0b97de02
0.25,1000,naive_current,3,990,78.546832723615921,77.170407053187773,79.984559599034355,0ddebd4915dd2e264e24b7b25047d24f86c3cdf63930a1e6df77585e0b97de02
0.25,1000,naive_current,3,1000,79.003452448896439,77.624916831486857,80.455747165628054,0ddebd4915dd2e264e24b7b25047d24f86c3cdf63930a1e6df77585e0b97de02
0.5,1000,transport_hessian,0,1,0.20563866810340486,0.16973493864319408,0.24254736090931919,0ddebd4915dd2e264e24b7b25047d24f86c3cdf63930a1e6df77585e0b97de02
0.5,1000,transport_hessian,0,10,1.77867474336095,1.7122637891784456,1.8423945093707013,0ddebd4915dd2e264e24b7b25047d24f86c3cdf63930a1e6df77585e0b97de02
0.5,1000,transport_hessian,0,20,3.6264597100508142,3.5272553447369224,3.7274940218841821,0ddebd4915dd2e264e24b7b25047d24f86c3cdf63930a1e6df77585e0b97de02
0.5,1000,transport_hessian,0,30,5.3639707546144635,5.2486539703635131,5.4756699757195681,0ddebd4915dd2e264e24b7b25047d24f86c3cdf63930a1e6df77585e0b97de02
0.5,1000,transport_hessian,0,40,6.8976603738971036,6.7541627152852461,7.0319424776243711,0ddebd4915dd2e264e24b7b25047d24f86c3cdf63930a1e6df77585e0b97de02
0.5,1000,transport_hessian,0,50,8.3530757769510142,8.2265695986069201,8.4766745970704509,0ddebd4915dd2e264e24b7b25047d24f86c3cdf63930a1e6df77585e0b97de02
0.5,1000,transport_hessian,0,60,9.6924698951231516,9.5356990122506708,9.8439988817095472,0ddebd4915dd2e264e24b7b25047d24f86c3cdf63930a1e6df77585e0b97de02
0.5,1000,transport_hessian,0,70,10.970071699663421,10.787273338375341,11.152690011002742,0ddebd4915dd2e264e24b7b25047d24f86c3cdf63930a1e6df77585e0b97de02
0.5,1000,transport_hessian,0,80,12.244732539474166,12.063009950341465,12.429753986235655,0ddebd4915dd2e264e24b7b25047d24f86c3cdf63930a1e6df77585e0b97de02
0.5,1000,transport_hessian,0,90,13.479832740530275,13.286826324299152,13.673588591923094,0ddebd4915dd2e264e24b7b25047d24f86c3cdf63930a1e6df77585e0b97de02
0.5,1000,transport_hessian,0,100,14.722935366227084,14.517868615823978,14.924010518665755,0ddebd4915dd2e264e24b7b25047d24f86c3cdf63930a1e6df77585e0b97de02
0.5,1000,transport_hessian,0,110,15.837983137604681,15.62568438142894,16.043327776093559,0ddebd4915dd2e264e24b7b25047d24f86c3cdf63930a1e6df77585e0b97de02
0.5,1000,transport_hessian,0,120,16.952763159928832,16.718767328978121,17.187332257344799,0ddebd4915dd2e264e24b7b25047d24f86c3cdf63930a1e6df77585e0b97de02
0.5,1000,transport_hessian,0,130,18.021621905590926,17.763641907149072,18.277692772708459,0ddebd4915dd2e264e24b7b25047d24f86c3cdf63930a1e6df77585e0b97de02
0.5,1000,transport_hessian,0,140,19.075703860119866,18.799632849358893,19.352585076144432,0ddebd4915dd2e264e24b7b25047d24f86c3cdf63930a1e6df77585e0b97de02
0.5,1000,transport_hessian,0,150,20.163536304826788,19.894869819095717,20.439414598660722,0ddebd4915dd2e264e24b7b25047d24f86c3cdf63930a1e6df77585e0b97de02
0.5,1000,transport_hessian,0,160,21.242311406505472,20.926251810492371,21.569575148306559,0ddebd4915dd2e264e24b7b25047d24f86c3cdf63930a1e6df77585e0b97de02
0.5,1000,transport_hessian,0,170,22.378368682977026,22.032033550418578,22.746188248593469,0ddebd4915dd2e264e24b7b25047d24f86c3cdf63930a1e6df77585e0b97de02
0.5,1000,transport_hessian,0,180,23.47874473744664,23.121102665492028,23.852072454905141,0ddebd4915dd2e264e24b7b25047d24f86c3cdf63930a1e6df77585e0b97de02
0.5,1000,transport_hessian,0,190,24.506959753169543,24.14099279028364,24.902533761050584,0ddebd4915dd2e264e24b7b25047d24f86c3cdf63930a1e6df77585e0b97de02
0.5,1000,transport_hessian,0,200,25.532096930822412,25.1306613063262,25.953288874199274,0ddebd4915dd2e264e24b7b25047d24f86c3cdf63930a1e6df77585e0b97de02
0.5,1000,transport_hessian,0,210,26.396923225642468,25.983614746233595,26.827406163602468,0ddebd4915dd2e264e24b7b25047d24f86c3cdf63930a1e6df77585e0b97de02
0.5,1000,transport_hessian,0,220,27.380612869260084,26.938300792242206,27.846630079865921,0ddebd4915dd2e264e24b7b25047d24f86c3cdf63930a1e6df77585e0b97de02
0.5,1000,transport_hessian,0,230,28.279918626601173,27.819270030615531,28.759476881583019,0ddebd4915dd2e264e24b7b25047d24f86c3cdf63930a1e6df77585e0b97de02
0.5,1000,transport_hessian,0,240,29.16546900737524,28.691808220862988,29.652033057122296,0ddebd4915dd2e264e24b7b25047d24f86c3cdf63930a1e6df77585e0b97de02
0.5,1000,transport_hessian,0,250,30.161443906460409,29.678835361353102,30.649384490064676,0ddebd4915dd2e264e24b7b25047d24f86c3cdf63930a1e6df77585e0b97de02
0.5,1000,transport_hessian,0,260,31.108049740881299,30.594547574659217,31.62774522417952,0ddebd4915dd2e264e24b7b25047d24f86c3cdf63930a1e6df77585e0b97de02
0.5,1000,transport_hessian,0,270,31.973205563382802,31.431247718163231,32.515744216747713,0ddebd4915dd2e264e24b7b25047d24f86c3cdf63930a1e6df77585e0b97de02
0.5,1000,transport_hessian,0,280,32.870920084790889,32.307104340769392,33.429292158170298,0ddebd4915dd2e264e24b7b25047d24f86c3cdf63930a1e6df77585e0b97de02
0.5,1000,transport_hessian,0,290,33.77121615899388,33.203997854892997,34.328590328865943,0ddebd4915dd2e264e24b7b25047d24f86c3cdf63930a1e6df77585e0b97de02
0.5,1000,transport_hessian,0,300,34.589967255917607,34.0114315848272,35.157565638397095,0ddebd4915dd2e264e24b7b25047d24f86c3cdf63930a1e6df77585e0b97de02
0.5,1000,transport_hessian,0,310,35.402249563928493,34.797581640112917,35.993649246151762,0ddebd4915dd2e264e24b7b25047d24f86c3cdf63930a1e6df77585e0b97de02
0.5,1000,transport_hessian,0,320,36.319293850608389,35.707511221809654,36.917903283176827,0ddebd4915dd2e264e24b7b25047d24f86c3cdf63930a1e6df77585e0b97de02
0.5,1000,transport_hessian,0,330,37.167540203284688,36.545272704924201,37.779345336725932,0ddebd4915dd2e264e24b7b25047d24f86c3cdf63930a1e6df77585e0b97de02
0.5,1000,transport_hessian,0,340,38.030112600404713,37.381869011659461,38.658217859712757,0ddebd4915dd2e264e24b7b25047d24f86c3cdf63930a1e6df77585e0b97de02
0.5,1000,transport_hessian,0,350,38.847066739714627,38.214552833713334,39.467860119429751,0ddebd4915dd2e264e24b7b25047d24f86c3cdf63930a1e6df77585e0b97de02
0.5,1000,transport_hessian,0,360,39.730925924497186,39.095047303032224,40.351388374341504,0ddebd4915dd2e264e24b7b25047d24f86c3cdf63930a1e6df77585e0b97de02
0.5,1000,transport_hessian,0,370,40.591867898544471,39.946687367280141,41.205504217838985,0ddebd4915dd2e264e24b7b25047d24f86c3cdf63930a1e6df77585e0b97de02
0.5,1000,transport_hessian,0,380,41.39578544634918,40.764858599123237,42.00888600084869,0ddebd4915dd2e264e24b7b25047d24f86c3cdf63930a1e6df77585e0b97de02
0.5,1000,transport_hessian,0,390,42.183684907925915,41.526230048135417,42.815517976406667,0ddebd4915dd2e264e24b7b25047d24f86c3cdf63930a1e6df77585e0b97de02
0.5,1000,transport_hessian,0,400,43.008258222528895,42.348883170239382,43.658568343106985,0ddebd4915dd2e264e24b7b25047d24f86c3cdf63930a1e6df77585e0b97de02
0.5,1000,transport_hessian,0,410,43.755556009936029,43.069646209849267,44.421712044631427,0ddebd4915dd2e264e24b7b25047d24f86c3cdf63930a1e6df77585e0b97de02
0.5,1000,transport_hessian,0,420,44.573466758587116,43.864891177883486,45.256661780176195,0ddebd4915dd2e264e24b7b25047d24f86c3cdf63930a1e6df77585e0b97de02
0.5,1000,transport_hessian,0,430,45.361875262810045,44.646989130325466,46.060255689474516,0ddebd4915dd2e264e24b7b25047d24f86c3cdf63930a1e6df77585e0b97de02
0.5,1000,transport_hessian,0,440,46.181808243452885,45.440230677826285,46.905935993715154,0ddebd4915dd2e264e24b7b25047d24f86c3cdf63930a1e6df77585e0b97de02
0.5,1000,transport_hessian,0,450,47.015368190516128,46.250874371544093,47.766051237771627,0ddebd4915dd2e264e24b7b25047d24f86c3cdf63930a1e6df77585e0b97de02
0.5,1000,transport_hessian,0,460,47.795590423623565,47.040644277157668,48.540537746683384,0ddebd4915dd2e264e24b7b25047d24f86c3cdf63930a1e6df77585e0b97de02
0.5,1000,transport_hessian,0,470,48.554180847566698,47.797448413007558,49.298744069847842,0ddebd4915dd2e264e24b7b25047d24f86c3cdf63930a1e6df77585e0b97de02
0.5,1000,transport_hessian,0,480,49.361955603969626,48.599247619614111,50.116203690837168,0ddebd4915dd2e264e24b7b25047d24f86c3cdf63930a1e6df77585e0b97de02
0.5,1000,transport_hessian,0,490,50.044103376082397,49.275371391216268,50.806442647222326,0ddebd4915dd2e264e24b7b25047d24f86c3cdf63930a1e6df77585e0b97de02
0.5,1000,transport_hessian,0,500,50.842385687597158,50.06245484992747,51.614410445159763,0ddebd4915dd2e264e24b7b25047d24f86c3cdf63930a1e6df77585e0b97de02
0.5,1000,transport_hessian,0,510,51.668783069953044,50.89118391684557,52.434055703992321,0ddebd4915dd2e264e24b7b25047d24f86c3cdf63930a1e6df77585e0b97de02
0.5,1000,transport_hessian,0,520,52.420235333822241,51.638037187342213,53.186745433848742,0ddebd4915dd2e264e24b7b25047d24f86c3cdf63930a1e6df77585e0b97de02
0.5,1000,transport_hessian,0,530,53.088327326563906,52.28608313666799,53.872061113299154,0ddebd4915dd2e264e24b7b25047d24f86c3cdf63930a1e6df77585e0b97de02
0.5,1000,transport_hessian,0,540,53.766812090586789,52.951680446515525,54.579394994464351,0ddebd4915dd2e264e24b7b25047d24f86c3cdf63930a1e6df77585e0b97de02
0.5,1000,transport_hessian,0,550,54.496723561703767,53.684173167685692,55.303239547752916,0ddebd4915dd2e264e24b7b25047d24f86c3cdf63930a1e6df77585e0b97de02
0.5,1000,transport_hessian,0,560,55.174605905017451,54.362070660519095,55.976912469142192,0ddebd4915dd2e264e24b7b25047d24f86c3cdf63930a1e6df77585e0b97de02
0.5,1000,transport_hessian,0,570,55.829469957179796,55.007997014883166,56.64783370989749,0ddebd4915dd2e264e24b7b25047d24f86c3cdf63930a1e6df77585e0b97de02
0.5,1000,transport_hessian,0,580,56.523653068681504,55.669899835621408,57.361149409933759,0ddebd4915dd2e264e24b7b25047d24f86c3cdf63930a1e6df77585e0b97de02
0.5,1000,transport_hessian,0,590,57.191743023551282,56.310158668791622,58.049698202802048,0ddebd4915dd2e264e24b7b25047d24f86c3cdf63930a1e6df77585e0b97de02
0.5,1000,transport_hessian,0,600,57.864101891020319,56.973394065664728,58.727087917714677,0ddebd4915dd2e264e24b7b25047d24f86c3cdf63930a1e6df77585e0b97de02
0.5,1000,transport_hessian,0,610,58.538032126573043,57.630825137109817,59.429228147512845,0ddebd4915dd2e264e24b7b25047d24f86c3cdf63930a1e6df77585e0b97de02
0.5,1000,transport_hessian,0,620,59.245113891235739,58.331615923060156,60.150642130876044,0ddebd4915dd2e264e24b7b25047d24f86c3cdf63930a1e6df77585e0b97de02
0.5,1000,transport_hessian,0,630,59.9306307792802,59.029490583953802,60.826328735619768,0ddebd4915dd2e264e24b7b25047d24f86c3cdf63930a1e6df77585e0b97de02
0.5,1000,transport_hessian,0,640,60.547386162092479,59.63121231986181,61.449001965068589,0ddebd4915dd2e264e24b7b25047d24f86c3cdf63930a1e6df77585e0b97de02
0.5,1000,transport_hessian,0,650,61.216725365492358,60.276543235492497,62.12924118171059,0ddebd4915dd2e264e24b7b25047d24f86c3cdf63930a1e6df77585e0b97de02
0.5,1000,transport_hessian,0,660,61.893802536073537,60.929268639684992,62.839825087544099,0ddebd4915dd2e264e24b7b25047d24f86c3cdf63930a1e6df77585e0b97de02
0.5,1000,transport_hessian,0,670,62.48900037920798,61.519547787565386,63.437725619846631,0ddebd4915dd2e264e24b7b25047d24f86c3cdf63930a1e6df77585e0b97de02
0.5,1000,transport_hessian,0,680,63.161378025322954,62.178621276483753,64.126872103262968,0ddebd4915dd2e264e24b7b25047d24f86c3cdf63930a1e6df77585e0b97de02
0.5,1000,transport_hessian,0,690,63.846177576395533,62.836157901442526,64.831539831906994,0ddebd4915dd2e264e24b7b25047d24f86c3cdf63930a1e6df77585e0b97de02
0.5,1000,transport_hessian,0,700,64.406895931414624,63.394002551010594,65.392556331912985,0ddebd4915dd2e264e24b7b25047d24f86c3cdf63930a1e6df77585e0b97de02
0.5,1000,transport_hessian,0,710,65.053216482698986,64.025803395279482,66.058639935435082,0ddebd4915dd2e264e24b7b25047d24f86c3cdf63930a1e6df77585e0b97de02
0.5,1000,transport_hessian,0,720,65.638700247721502,64.613473138362465,66.651377798536927,0ddebd4915dd2e264e24b7b25047d24f86c3cdf63930a1e6df77585e0b97de02
0.5,1000,transport_hessian,0,730,66.249760032859086,65.208308748080213,67.276793039897925,0ddebd4915dd2e264e24b7b25047d24f86c3cdf63930a1e6df77585e0b97de02
0.5,1000,transport_hessian,0,740,66.858934598800374,65.812453585829772,67.884835618989499,0ddebd4915dd2e264e24b7b25047d24f86c3cdf63930a1e6df77585e0b97de02
0.5,1000,transport_hessian,0,750,67.49720999531884,66.441495691430433,68.535378498021345,0ddebd4915dd2e264e24b7b25047d24f86c3cdf63930a1e6df77585e0b97de02
0.5,1000,transport_hessian,0,760,68.067719026370057,67.021314158522642,69.08957659167406,0ddebd4915dd2e264e24b7b25047d24f86c3cdf63930a1e6df77585e0b97de02
0.5,1000,transport_hessian,0,770,68.779505904753179,67.714950740952546,69.822924664137176,0ddebd4915dd2e264e24b7b25047d24f86c3cdf63930a1e6df77585e0b97de02
0.5,1000,transport_hessian,0,780,69.431825709690372,68.333791922839083,70.509827880277243,0ddebd4915dd2e264e24b7b25047d24f86c3cdf63930a1e6df77585e0b97de02
0.5,1000,transport_hessian,0,790,70.106571069472423,68.982875893443634,71.199405290272765,0ddebd4915dd2e264e24b7b25047d24f86c3cdf63930a1e6df77585e0b97de02
0.5,1000,transport_hessian,0,800,70.710219014416538,69.587342892106363,71.802366558357249,0ddebd4915dd2e264e24b7b25047d24f86c3cdf63930a1e6df77585e0b97de02
0.5,1000,transport_hessian,0,810,71.362375747324506,70.231249702464311,72.468826353253476,0ddebd4915dd2e264e24b7b25047d24f86c3cdf63930a1e6df77585e0b97de02
0.5,1000,transport_hessian,0,820,72.051547323447366,70.895264739550953,73.191828432048283,0ddebd4915dd2e264e24b7b25047d24f86c3cdf63930a1e6df77585e0b97de02
0.5,1000,transport_hessian,0,830,72.667946075476337,71.521072775151197,73.80706518388314,0ddebd4915dd2e264e24b7b25047d24f86c3cdf63930a1e6df77585e0b97de02
0.5,1000,transport_hessian,0,840,73.246380561579031,72.104734992789005,74.385256991343013,0ddebd4915dd2e264e24b7b25047d24f86c3cdf63930a1e6df77585e0b97de02
0.5,1000,transport_hessian,0,850,73.863241968602864,72.690764064564377,75.017462042595795,0ddebd4915dd2e264e24b7b25047d24f86c3cdf63930a1e6df77585e0b97de02
0.5,1000,transport_hessian,0,860,74.482640858014761,73.288195514409864,75.653380091468549,0ddebd4915dd2e264e24b7b25047d24f86c3cdf63930a1e6df77585e0b97de02
0.5,1000,transport_hessian,0,870,75.078349640742047,73.874608416860113,76.261121272111282,0ddebd4915dd2e264e24b7b25047d24f86c3cdf63930a1e6df77585e0b97de02
0.5,1000,transport_hessian,0,880,75.606208679790853,74.369996091762033,76.81873555429685,0ddebd4915dd2e264e24b7b25047d24f86c3cdf63930a1e6df77585e0b97de02
0.5,1000,transport_hessian,0,890,76.260432180877402,75.039701691866412,77.457808905237982,0ddebd4915dd2e264e24b7b25047d24f86c3cdf63930a1e6df77585e0b97de02
0.5,1000,transport_hessian,0,900,76.841781496338001,75.601191438479304,78.039172695630143,0ddebd4915dd2e264e24b7b25047d24f86c3cdf63930a1e6df77585e0b97de02
0.5,1000,transport_hessian,0,910,77.318401066437261,76.082493248517125,78.511003842084321,0ddebd4915dd2e264e24b7b25047d24f86c3cdf63930a1e6df77585e0b97de02
0.5,1000,transport_hessian,0,920,77.896040527407592,76.64578050993677,79.112999391664914,0ddebd4915dd2e264e24b7b25047d24f86c3cdf63930a1e6df77585e0b97de02
0.5,1000,transport_hessian,0,930,78.4376228968015,77.187283738116349,79.654148849197341,0ddebd4915dd2e264e24b7b25047d24f86c3cdf63930a1e6df77585e0b97de02
0.5,1000,transport_hessian,0,940,78.976984481175975,77.71843533515225,80.206518855604614,0ddebd4915dd2e264e24b7b25047d24f86c3cdf63930a1e6df77585e0b97de02
0.5,1000,transport_hessian,0,950,79.542002838173033,78.295947576508837,80.764749875834042,0ddebd4915dd2e264e24b7b25047d24f86c3cdf63930a1e6df77585e0b97de02
0.5,1000,transport_hessian,0,960,80.118722465564744,78.862466539058545,81.355615817591669,0ddebd4915dd2e264e24b7b25047d24f86c3cdf63930a1e6df77585e0b97de02
0.5,1000,transport_hessian,0,970,80.636621220376099,79.383324236667221,81.873773678784588,0ddebd4915dd2e264e24b7b25047d24f86c3cdf63930a1e6df77585e0b97de02
0.5,1000,transport_hessian,0,980,81.171853019539554,79.918025992746607,82.411583527387478,0ddebd4915dd2e264e24b7b25047d24f86c3cdf63930a1e6df77585e0b97de02
0.5,1000,transport_hessian,0,990,81.836822580157275,80.569466079220277,83.093110559480266,0ddebd4915dd2e264e24b7b25047d24f86c3cdf63930a1e6df77585e0b97de02
0.5,1000,transport_hessian,0,1000,82.435547073091655,81.146262915164243,83.711655532124297,0ddebd4915dd2e264e24b7b25047d24f86c3cdf63930a1e6df77585e0b97de02
0.5,1000,transport_endpoint,1,1,0.20563866810340486,0.16973493864319408,0.24254736090931919,0ddebd4915dd2e264e24b7b25047d24f86c3cdf63930a1e6df77585e0b97de02
0.5,1000,transport_endpoint,1,10,1.78893838827375,1.7209978821332483,1.8553930419737787,0ddebd4915dd2e264e24b7b25047d24f86c3cdf63930a1e6df77585e0b97de02
0.5,1000,transport_endpoint,1,20,3.6384144606280073,3.5412292163296253,3.73763489036015,0ddebd4915dd2e264e24b7b25047d24f86c3cdf63930a1e6df77585e0b97de02
0.5,1000,transport_endpoint,1,30,5.3685906061145943,5.2538768151767306,5.4793498280553372,0ddebd4915dd2e264e24b7b25047d24f86c3cdf63930a1e6df77585e0b97de02
0.5,1000,transport_endpoint,1,40,6.8954478555367755,6.7525736472625635,7.0297016908944361,0ddebd4915dd2e264e24b7b25047d24f86c3cdf63930a1e6df77585e0b97de02
0.5,1000,transport_endpoint,1,50,8.3450857780451209,8.216883135043652,8.4694334252691714,0ddebd4915dd2e264e24b7b25047d24f86c3cdf63930a1e6df77585e0b97de02
0.5,1000,transport_endpoint,1,60,9.6557067869439273,9.503460772523642,9.8031746118140575,0ddebd4915dd2e264e24b7b25047d24f86c3cdf63930a1e6df77585e0b97de02
0.5,1000,transport_endpoint,1,70,10.925344900997821,10.732368353777895,11.113151758901351,0ddebd4915dd2e264e24b7b25047d24f86c3cdf63930a1e6df77585e0b97de02
0.5,1000,transport_endpoint,1,80,12.158864197312424,11.987175011185931,12.329855620553625,0ddebd4915dd2e264e24b7b25047d24f86c3cdf63930a1e6df77585e0b97de02
0.5,1000,transport_endpoint,1,90,13.365019334085432,13.195821583524628,13.531868190249396,0ddebd4915dd2e264e24b7b25047d24f86c3cdf63930a1e6df77585e0b97de02
0.5,1000,transport_endpoint,1,100,14.598200235402501,14.41025181762476,14.784354548079969,0ddebd4915dd2e264e24b7b25047d24f86c3cdf63930a1e6df77585e0b97de02
0.5,1000,transport_endpoint,1,110,15.746792281650279,15.5342673269329,15.954177769582163,0ddebd4915dd2e264e24b7b25047d24f86c3cdf63930a1e6df77585e0b97de02
0.5,1000,transport_endpoint,1,120,16.875330243639233,16.638652910981193,17.108930973320533,0ddebd4915dd2e264e24b7b25047d24f86c3cdf63930a1e6df77585e0b97de02
0.5,1000,transport_endpoint,1,130,17.959085071103182,17.696060670595163,18.221924204765436,0ddebd4915dd2e264e24b7b25047d24f86c3cdf63930a1e6df77585e0b97de02
0.5,1000,transport_endpoint,1,140,19.031361538864786,18.734463781171602,19.327743349739102,0ddebd4915dd2e264e24b7b25047d24f86c3cdf63930a1e6df77585e0b97de02
0.5,1000,transport_endpoint,1,150,20.108685053193486,19.810653125014305,20.403817392893025,0ddebd4915dd2e264e24b7b25047d24f86c3cdf63930a1e6df77585e0b97de02
0.5,1000,transport_endpoint,1,160,21.120378508449871,20.827424997762634,21.4161728389312,0ddebd4915dd2e264e24b7b25047d24f86c3cdf63930a1e6df77585e0b97de02
0.5,1000,transport_endpoint,1,170,22.161335363431327,21.827691359461056,22.498638358704028,0ddebd4915dd2e264e24b7b25047d24f86c3cdf63930a1e6df77585e0b97de02
0.5,1000,transport_endpoint,1,180,23.201182637477096,22.825428065502347,23.573071013367706,0ddebd4915dd2e264e24b7b25047d24f86c3cdf63930a1e6df77585e0b97de02
0.5,1000,transport_endpoint,1,190,24.206327509856134,23.822429748097118,24.586692544847168,0ddebd4915dd2e264e24b7b25047d24f86c3cdf63930a1e6df77585e0b97de02
0.5,1000,transport_endpoint,1,200,25.196861113830472,24.807872942296786,25.583857207741428,0ddebd4915dd2e264e24b7b25047d24f86c3cdf63930a1e6df77585e0b97de02
0.5,1000,transport_endpoint,1,210,26.046503854240576,25.629325366672191,26.458426633274051,0ddebd4915dd2e264e24b7b25047d24f86c3cdf63930a1e6df77585e0b97de02
0.5,1000,transport_endpoint,1,220,27.012631539478921,26.556578271796567,27.46272509003229,0ddebd4915dd2e264e24b7b25047d24f86c3cdf63930a1e6df77585e0b97de02
0.5,1000,transport_endpoint,1,230,27.944196050141034,27.472434673233536,28.407667694739576,0ddebd4915dd2e264e24b7b25047d24f86c3cdf63930a1e6df77585e0b97de02
0.5,1000,transport_endpoint,1,240,28.810455159815874,28.312616013724419,29.307038862319491,0ddebd4915dd2e264e24b7b25047d24f86c3cdf63930a1e6df77585e0b97de02
0.5,1000,transport_endpoint,1,250,29.731767027286654,29.190748577771593,30.280770131034895,0ddebd4915dd2e264e24b7b25047d24f86c3cdf63930a1e6df77585e0b97de02
0.5,1000,transport_endpoint,1,260,30.581885487681138,29.997260972691222,31.171310816711532,0ddebd4915dd2e264e24b7b25047d24f86c3cdf63930a1e6df77585e0b97de02
0.5,1000,transport_endpoint,1,270,31.536705563689949,30.919748872660303,32.163456185230274,0ddebd4915dd2e264e24b7b25047d24f86c3cdf63930a1e6df77585e0b97de02
0.5,1000,transport_endpoint,1,280,32.466896688452486,31.836834507456558,33.100414959977719,0ddebd4915dd2e264e24b7b25047d24f86c3cdf63930a1e6df77585e0b97de02
0.5,1000,transport_endpoint,1,290,33.282084104093613,32.632220887441967,33.942379666685056,0ddebd4915dd2e264e24b7b25047d24f86c3cdf63930a1e6df77585e0b97de02
0.5,1000,transport_endpoint,1,300,34.163778301608382,33.479270531946483,34.86316593634497,0ddebd4915dd2e264e24b7b25047d24f86c3cdf63930a1e6df77585e0b97de02
0.5,1000,transport_endpoint,1,310,34.99977576643662,34.313232078851513,35.696464431979301,0ddebd4915dd2e264e24b7b25047d24f86c3cdf63930a1e6df77585e0b97de02
0.5,1000,transport_endpoint,1,320,35.778144963021049,35.054244661029323,36.509082244193699,0ddebd4915dd2e264e24b7b25047d24f86c3cdf63930a1e6df77585e0b97de02
0.5,1000,transport_endpoint,1,330,36.583138511259151,35.85115419188979,37.31556742830697,0ddebd4915dd2e264e24b7b25047d24f86c3cdf63930a1e6df77585e0b97de02
0.5,1000,transport_endpoint,1,340,37.493073774520177,36.753703802252438,38.241051328462156,0ddebd4915dd2e264e24b7b25047d24f86c3cdf63930a1e6df77585e0b97de02
0.5,1000,transport_endpoint,1,350,38.256899112999676,37.517636916887874,39.008191054460873,0ddebd4915dd2e264e24b7b25047d24f86c3cdf63930a1e6df77585e0b97de02
0.5,1000,transport_endpoint,1,360,39.067042708109803,38.316802129721715,39.817789870512236,0ddebd4915dd2e264e24b7b25047d24f86c3cdf63930a1e6df77585e0b97de02
0.5,1000,transport_endpoint,1,370,39.833271478211131,39.06113212114213,40.616804324682697,0ddebd4915dd2e264e24b7b25047d24f86c3cdf63930a1e6df77585e0b97de02
0.5,1000,transport_endpoint,1,380,40.613954620540213,39.831197445643348,41.399919559519304,0ddebd4915dd2e264e24b7b25047d24f86c3cdf63930a1e6df77585e0b97de02
0.5,1000,transport_endpoint,1,390,41.440549300629826,40.664334121220008,42.22795547028155,0ddebd4915dd2e264e24b7b25047d24f86c3cdf63930a1e6df77585e0b97de02
0.5,1000,transport_endpoint,1,400,42.220966966113664,41.422196144815246,43.027847349079408,0ddebd4915dd2e264e24b7b25047d24f86c3cdf63930a1e6df77585e0b97de02
0.5,1000,transport_endpoint,1,410,42.946843384947663,42.128443561593457,43.76645577015524,0ddebd4915dd2e264e24b7b25047d24f86c3cdf63930a1e6df77585e0b97de02
0.5,1000,transport_endpoint,1,420,43.734932192171819,42.913401421884565,44.567015822740018,0ddebd4915dd2e264e24b7b25047d24f86c3cdf63930a1e6df77585e0b97de02
0.5,1000,transport_endpoint,1,430,44.519043514713523,43.651335411917145,45.396140518716365,0ddebd4915dd2e264e24b7b25047d24f86c3cdf63930a1e6df77585e0b97de02
0.5,1000,transport_endpoint,1,440,45.342333250800095,44.464324652403427,46.234303226738348,0ddebd4915dd2e264e24b7b25047d24f86c3cdf63930a1e6df77585e0b97de02
0.5,1000,transport_endpoint,1,450,46.073825154046837,45.176645717291343,46.994860078656231,0ddebd4915dd2e264e24b7b25047d24f86c3cdf63930a1e6df77585e0b97de02
0.5,1000,transport_endpoint,1,460,46.735545964473339,45.830565496350168,47.660007305386316,0ddebd4915dd2e264e24b7b25047d24f86c3cdf63930a1e6df77585e0b97de02
0.5,1000,transport_endpoint,1,470,47.479255548538347,46.560872849311295,48.421829482027285,0ddebd4915dd2e264e24b7b25047d24f86c3cdf63930a1e6df77585e0b97de02
0.5,1000,transport_endpoint,1,480,48.221824641288379,47.275385263477943,49.190557435677228,0ddebd4915dd2e264e24b7b25047d24f86c3cdf63930a1e6df77585e0b97de02
0.5,1000,transport_endpoint,1,490,48.93730889274854,47.965358701862506,49.934287645370105,0ddebd4915dd2e264e24b7b25047d24f86c3cdf63930a1e6df77585e0b97de02
0.5,1000,transport_endpoint,1,500,49.73389272758056,48.749308115085135,50.747712524668678,0ddebd4915dd2e264e24b7b25047d24f86c3cdf63930a1e6df77585e0b97de02
0.5,1000,transport_endpoint,1,510,50.483092087876614,49.513238545777334,51.469855820791423,0ddebd4915dd2e264e24b7b25047d24f86c3cdf63930a1e6df77585e0b97de02
0.5,1000,transport_endpoint,1,520,51.217387851928663,50.218786347974309,52.226220144820253,0ddebd4915dd2e264e24b7b25047d24f86c3cdf63930a1e6df77585e0b97de02
0.5,1000,transport_endpoint,1,530,51.952407765617593,50.932509094973177,52.981751224314038,0ddebd4915dd2e264e24b7b25047d24f86c3cdf63930a1e6df77585e0b97de02
0.5,1000,transport_endpoint,1,540,52.628532151554438,51.593858539161495,53.683722620404332,0ddebd4915dd2e264e24b7b25047d24f86c3cdf63930a1e6df77585e0b97de02
0.5,1000,transport_endpoint,1,550,53.289474978971391,52.257264410540067,54.342316392821083,0ddebd4915dd2e264e24b7b25047d24f86c3cdf63930a1e6df77585e0b97de02
0.5,1000,transport_endpoint,1,560,53.925362502638784,52.897842109752595,54.975379444940579,0ddebd4915dd2e264e24b7b25047d24f86c3cdf63930a1e6df77585e0b97de02
0.5,1000,transport_endpoint,1,570,54.590569241766964,53.550582771621592,55.6661160714281,0ddebd4915dd2e264e24b7b25047d24f86c3cdf63930a1e6df77585e0b97de02
0.5,1000,transport_endpoint,1,580,55.22916205887217,54.16449412400268,56.312542981711864,0ddebd4915dd2e264e24b7b25047d24f86c3cdf63930a1e6df77585e0b97de02
0.5,1000,transport_endpoint,1,590,55.859060342783998,54.777240645944687,56.966384181880549,0ddebd4915dd2e264e24b7b25047d24f86c3cdf63930a1e6df77585e0b97de02
0.5,1000,transport_endpoint,1,600,56.49329707173419,55.393023007110223,57.626107344683923,0ddebd4915dd2e264e24b7b25047d24f86c3cdf63930a1e6df77585e0b97de02
0.5,1000,transport_endpoint,1,610,57.07539633858957,55.964054595154657,58.206291939429804,0ddebd4915dd2e264e24b7b25047d24f86c3cdf63930a1e6df77585e0b97de02
0.5,1000,transport_endpoint,1,620,57.674539156110995,56.558547835406529,58.812455206089517,0ddebd4915dd2e264e24b7b25047d24f86c3cdf63930a1e6df77585e0b97de02
0.5,1000,transport_endpoint,1,630,58.347273156700574,57.220570826146606,59.500189062099167,0ddebd4915dd2e264e24b7b25047d24f86c3cdf63930a1e6df77585e0b97de02
0.5,1000,transport_endpoint,1,640,59.011993870382767,57.878253970661028,60.183872929801026,0ddebd4915dd2e264e24b7b25047d24f86c3cdf63930a1e6df77585e0b97de02
0.5,1000,transport_endpoint,1,650,59.653246072585553,58.502576462949676,60.845299649944522,0ddebd4915dd2e264e24b7b25047d24f86c3cdf63930a1e6df77585e0b97de02
0.5,1000,transport_endpoint,1,660,60.220258481922563,59.047123711780742,61.423778973195461,0ddebd4915dd2e264e24b7b25047d24f86c3cdf63930a1e6df77585e0b97de02
0.5,1000,transport_endpoint,1,670,60.84007397124946,59.632837855083899,62.071047294490242,0ddebd4915dd2e264e24b7b25047d24f86c3cdf63930a1e6df77585e0b97de02
0.5,1000,transport_endpoint,1,680,61.373744843451121,60.182151651726087,62.599020747461687,0ddebd4915dd2e264e24b7b25047d24f86c3cdf63930a1e6df77585e0b97de02
0.5,1000,transport_endpoint,1,690,62.066691472178746,60.868780797666439,63.290548622726121,0ddebd4915dd2e264e24b7b25047d24f86c3cdf63930a1e6df77585e0b97de02
0.5,1000,transport_endpoint,1,700,62.701369099384358,61.508795935215815,63.932937052463842,0ddebd4915dd2e264e24b7b25047d24f86c3cdf63930a1e6df77585e0b97de02
0.5,1000,transport_endpoint,1,710,63.327878471105251,62.126994351252478,64.561007081822709,0ddebd4915dd2e264e24b7b25047d24f86c3cdf63930a1e6df77585e0b97de02
0.5,1000,transport_endpoint,1,720,63.845849185603328,62.64982806562822,65.064760854469213,0ddebd4915dd2e264e24b7b25047d24f86c3cdf63930a1e6df77585e0b97de02
0.5,1000,transport_endpoint,1,730,64.430819379384531,63.220945055484727,65.664972116656187,0ddebd4915dd2e264e24b7b25047d24f86c3cdf63930a1e6df77585e0b97de02
0.5,1000,transport_endpoint,1,740,65.064186462577965,63.825512892049581,66.338870377978523,0ddebd4915dd2e264e24b7b25047d24f86c3cdf63930a1e6df77585e0b97de02
0.5,1000,transport_endpoint,1,750,65.68218003193688,64.428521716024704,66.972579981336878,0ddebd4915dd2e264e24b7b25047d24f86c3cdf63930a1e6df77585e0b97de02
0.5,1000,transport_endpoint,1,760,66.222637094714955,64.949334172122562,67.532964110250688,0ddebd4915dd2e264e24b7b25047d24f86c3cdf63930a1e6df77585e0b97de02
0.5,1000,transport_endpoint,1,770,66.824309030834755,65.554725462357425,68.119962409953359,0ddebd4915dd2e264e24b7b25047d24f86c3cdf63930a1e6df77585e0b97de02
0.5,1000,transport_endpoint,1,780,67.382346710541896,66.089847001226616,68.697930219615159,0ddebd4915dd2e264e24b7b25047d24f86c3cdf63930a1e6df77585e0b97de02
0.5,1000,transport_endpoint,1,790,68.026952931376826,66.729477469374416,69.347348367073138,0ddebd4915dd2e264e24b7b25047d24f86c3cdf63930a1e6df77585e0b97de02
0.5,1000,transport_endpoint,1,800,68.694982502459794,67.379277846339306,70.0388727599438,0ddebd4915dd2e264e24b7b25047d24f86c3cdf63930a1e6df77585e0b97de02
0.5,1000,transport_endpoint,1,810,69.271879259900118,67.939309077988071,70.635370753513627,0ddebd4915dd2e264e24b7b25047d24f86c3cdf63930a1e6df77585e0b97de02
0.5,1000,transport_endpoint,1,820,69.867092798412216,68.499016468828358,71.252145666641681,0ddebd4915dd2e264e24b7b25047d24f86c3cdf63930a1e6df77585e0b97de02
0.5,1000,transport_endpoint,1,830,70.489686702571504,69.125321448325636,71.860201852755623,0ddebd4915dd2e264e24b7b25047d24f86c3cdf63930a1e6df77585e0b97de02
0.5,1000,transport_endpoint,1,840,71.130804756482092,69.751296052380297,72.521052651803743,0ddebd4915dd2e264e24b7b25047d24f86c3cdf63930a1e6df77585e0b97de02
0.5,1000,transport_endpoint,1,850,71.652752539721575,70.279499865825699,73.034466694574505,0ddebd4915dd2e264e24b7b25047d24f86c3cdf63930a1e6df77585e0b97de02
0.5,1000,transport_endpoint,1,860,72.22201437362996,70.805781790671475,73.640579842216724,0ddebd4915dd2e264e24b7b25047d24f86c3cdf63930a1e6df77585e0b97de02
0.5,1000,transport_endpoint,1,870,72.725885766335537,71.30537928164506,74.133729129306374,0ddebd4915dd2e264e24b7b25047d24f86c3cdf63930a1e6df77585e0b97de02
0.5,1000,transport_endpoint,1,880,73.221679259722578,71.810103714530868,74.632186406737148,0ddebd4915dd2e264e24b7b25047d24f86c3cdf63930a1e6df77585e0b97de02
0.5,1000,transport_endpoint,1,890,73.714625634630067,72.305729643357196,75.13129616512758,0ddebd4915dd2e264e24b7b25047d24f86c3cdf63930a1e6df77585e0b97de02
0.5,1000,transport_endpoint,1,900,74.215653107306494,72.786176838831693,75.656670511596346,0ddebd4915dd2e264e24b7b25047d24f86c3cdf63930a1e6df77585e0b97de02
0.5,1000,transport_endpoint,1,910,74.71169577322533,73.275951537832924,76.16663769041736,0ddebd4915dd2e264e24b7b25047d24f86c3cdf63930a1e6df77585e0b97de02
0.5,1000,transport_endpoint,1,920,75.246078547028162,73.787753687447562,76.723069029636605,0ddebd4915dd2e264e24b7b25047d24f86c3cdf63930a1e6df77585e0b97de02
0.5,1000,transport_endpoint,1,930,75.760410554075946,74.292957042207647,77.257237543267308,0ddebd4915dd2e264e24b7b25047d24f86c3cdf63930a1e6df77585e0b97de02
0.5,1000,transport_endpoint,1,940,76.316871442001343,74.842316580437966,77.827163049450704,0ddebd4915dd2e264e24b7b25047d24f86c3cdf63930a1e6df77585e0b97de02
0.5,1000,transport_endpoint,1,950,76.851012945160818,75.3548643073525,78.375825790153485,0ddebd4915dd2e264e24b7b25047d24f86c3cdf63930a1e6df77585e0b97de02
0.5,1000,transport_endpoint,1,960,77.355626978257561,75.855542245150431,78.891563726644463,0ddebd4915dd2e264e24b7b25047d24f86c3cdf63930a1e6df77585e0b97de02
0.5,1000,transport_endpoint,1,970,77.815613453573221,76.299523883932764,79.355878289667601,0ddebd4915dd2e264e24b7b25047d24f86c3cdf63930a1e6df77585e0b97de02
0.5,1000,transport_endpoint,1,980,78.41148978349635,76.874588936023159,79.991918864483296,0ddebd4915dd2e264e24b7b25047d24f86c3cdf63930a1e6df77585e0b97de02
0.5,1000,transport_endpoint,1,990,78.977994471133584,77.428141378888171,80.561575782163175,0ddebd4915dd2e264e24b7b25047d24f86c3cdf63930a1e6df77585e0b97de02
0.5,1000,transport_endpoint,1,1000,79.489562242068644,77.942208519049316,81.074298791157986,0ddebd4915dd2e264e24b7b25047d24f86c3cdf63930a1e6df77585e0b97de02
0.5,1000,frozen_reference,2,1,0.20563866810340486,0.16973493864319408,0.24254736090931919,0ddebd4915dd2e264e24b7b25047d24f86c3cdf63930a1e6df77585e0b97de02
0.5,1000,frozen_reference,2,10,1.7936046033574666,1.7178568577090365,1.8681342643662044,0ddebd4915dd2e264e24b7b25047d24f86c3cdf63930a1e6df77585e0b97de02
0.5,1000,frozen_reference,2,20,3.6313837157331337,3.5330453582370911,3.7320665179700132,0ddebd4915dd2e264e24b7b25047d24f86c3cdf63930a1e6df77585e0b97de02
0.5,1000,frozen_reference,2,30,5.4144169717735302,5.3028848104788917,5.5216619221304111,0ddebd4915dd2e264e24b7b25047d24f86c3cdf63930a1e6df77585e0b97de02
0.5,1000,frozen_reference,2,40,6.8986538299222442,6.7518944699151264,7.0396436248944623,0ddebd4915dd2e264e24b7b25047d24f86c3cdf63930a1e6df77585e0b97de02
0.5,1000,frozen_reference,2,50,8.310558380867219,8.1809032377900941,8.4354011723843794,0ddebd4915dd2e264e24b7b25047d24f86c3cdf63930a1e6df77585e0b97de02
0.5,1000,frozen_reference,2,60,9.5772368488497008,9.4278401554647022,9.7237924136761613,0ddebd4915dd2e264e24b7b25047d24f86c3cdf63930a1e6df77585e0b97de02
0.5,1000,frozen_reference,2,70,10.918392884219633,10.736112888309524,11.101022823478504,0ddebd4915dd2e264e24b7b25047d24f86c3cdf63930a1e6df77585e0b97de02
0.5,1000,frozen_reference,2,80,12.106832465783977,11.938121379100567,12.270545260461656,0ddebd4915dd2e264e24b7b25047d24f86c3cdf63930a1e6df77585e0b97de02
0.5,1000,frozen_reference,2,90,13.333687835942936,13.164068334437152,13.503754517075857,0ddebd4915dd2e264e24b7b25047d24f86c3cdf63930a1e6df77585e0b97de02
0.5,1000,frozen_reference,2,100,14.580309296891627,14.386225839191786,14.777368238456182,0ddebd4915dd2e264e24b7b25047d24f86c3cdf63930a1e6df77585e0b97de02
0.5,1000,frozen_reference,2,110,15.776867761856346,15.555411754167263,15.990249045045376,0ddebd4915dd2e264e24b7b25047d24f86c3cdf63930a1e6df77585e0b97de02
0.5,1000,frozen_reference,2,120,16.892316426960829,16.658986891398978,17.123207259728623,0ddebd4915dd2e264e24b7b25047d24f86c3cdf63930a1e6df77585e0b97de02
0.5,1000,frozen_reference,2,130,18.00683720055244,17.752462363090221,18.25961637250435,0ddebd4915dd2e264e24b7b25047d24f86c3cdf63930a1e6df77585e0b97de02
0.5,1000,frozen_reference,2,140,19.071473701770291,18.784250700554082,19.356087583473258,0ddebd4915dd2e264e24b7b25047d24f86c3cdf63930a1e6df77585e0b97de02
0.5,1000,frozen_reference,2,150,20.166920139801729,19.878075292186171,20.453851953650446,0ddebd4915dd2e264e24b7b25047d24f86c3cdf63930a1e6df77585e0b97de02
0.5,1000,frozen_reference,2,160,21.189704671934678,20.895608485114909,21.486645539021335,0ddebd4915dd2e264e24b7b25047d24f86c3cdf63930a1e6df77585e0b97de02
0.5,1000,frozen_reference,2,170,22.248547609948314,21.945344391025642,22.557462151213677,0ddebd4915dd2e264e24b7b25047d24f86c3cdf63930a1e6df77585e0b97de02
0.5,1000,frozen_reference,2,180,23.318981550506241,22.973965366012497,23.66196495762415,0ddebd4915dd2e264e24b7b25047d24f86c3cdf63930a1e6df77585e0b97de02
0.5,1000,frozen_reference,2,190,24.337966325487866,23.966346951894504,24.707090845490956,0ddebd4915dd2e264e24b7b25047d24f86c3cdf63930a1e6df77585e0b97de02
0.5,1000,frozen_reference,2,200,25.323805812937231,24.937513551028953,25.702472799543976,0ddebd4915dd2e264e24b7b25047d24f86c3cdf63930a1e6df77585e0b97de02
0.5,1000,frozen_reference,2,210,26.189283954913975,25.783667161403805,26.58727392168888,0ddebd4915dd2e264e24b7b25047d24f86c3cdf63930a1e6df77585e0b97de02
0.5,1000,frozen_reference,2,220,27.149796315698367,26.709068501717201,27.584147972958849,0ddebd4915dd2e264e24b7b25047d24f86c3cdf63930a1e6df77585e0b97de02
0.5,1000,frozen_reference,2,230,28.140193904152326,27.687920791119449,28.5917255672321,0ddebd4915dd2e264e24b7b25047d24f86c3cdf63930a1e6df77585e0b97de02
0.5,1000,frozen_reference,2,240,28.970552153246935,28.484598513117181,29.459514893167807,0ddebd4915dd2e264e24b7b25047d24f86c3cdf63930a1e6df77585e0b97de02
0.5,1000,frozen_reference,2,250,29.914840486192471,29.382412088712915,30.449715394811026,0ddebd4915dd2e264e24b7b25047d24f86c3cdf63930a1e6df77585e0b97de02
0.5,1000,frozen_reference,2,260,30.788870021498386,30.228021053563051,31.35877937005294,0ddebd4915dd2e264e24b7b25047d24f86c3cdf63930a1e6df77585e0b97de02
0.5,1000,frozen_reference,2,270,31.723572760242423,31.120295164318676,32.340887471688845,0ddebd4915dd2e264e24b7b25047d24f86c3cdf63930a1e6df77585e0b97de02
0.5,1000,frozen_reference,2,280,32.635634246187216,32.023086561699031,33.259232546336257,0ddebd4915dd2e264e24b7b25047d24f86c3cdf63930a1e6df77585e0b97de02
0.5,1000,frozen_reference,2,290,33.510210412180662,32.857321133403296,34.16734506574717,0ddebd4915dd2e264e24b7b25047d24f86c3cdf63930a1e6df77585e0b97de02
0.5,1000,frozen_reference,2,300,34.363657401186735,33.663385204279329,35.068733612647605,0ddebd4915dd2e264e24b7b25047d24f86c3cdf63930a1e6df77585e0b97de02
0.5,1000,frozen_reference,2,310,35.234064875854656,34.522311519300892,35.96355259804092,0ddebd4915dd2e264e24b7b25047d24f86c3cdf63930a1e6df77585e0b97de02
0.5,1000,frozen_reference,2,320,36.067704858731027,35.316591747477162,36.837979228098177,0ddebd4915dd2e264e24b7b25047d24f86c3cdf63930a1e6df77585e0b97de02
0.5,1000,frozen_reference,2,330,36.856310599864372,36.076488645092219,37.652877110665692,0ddebd4915dd2e264e24b7b25047d24f86c3cdf63930a1e6df77585e0b97de02
0.5,1000,frozen_reference,2,340,37.791171275885056,37.003270866499591,38.599611658260216,0ddebd4915dd2e264e24b7b25047d24f86c3cdf63930a1e6df77585e0b97de02
0.5,1000,frozen_reference,2,350,38.559588160620272,37.777515859997457,39.359940299964997,0ddebd4915dd2e264e24b7b25047d24f86c3cdf63930a1e6df77585e0b97de02
0.5,1000,frozen_reference,2,360,39.38638942418843,38.593290012014073,40.200464341615422,0ddebd4915dd2e264e24b7b25047d24f86c3cdf63930a1e6df77585e0b97de02
0.5,1000,frozen_reference,2,370,40.156075260371296,39.334878178810328,40.98338143012063,0ddebd4915dd2e264e24b7b25047d24f86c3cdf63930a1e6df77585e0b97de02
0.5,1000,frozen_reference,2,380,40.94529296348756,40.118570167669418,41.768458377452511,0ddebd4915dd2e264e24b7b25047d24f86c3cdf63930a1e6df77585e0b97de02
0.5,1000,frozen_reference,2,390,41.748343086174188,40.905015928692166,42.57342463952866,0ddebd4915dd2e264e24b7b25047d24f86c3cdf63930a1e6df77585e0b97de02
0.5,1000,frozen_reference,2,400,42.582862837779885,41.719306873137256,43.432547503866346,0ddebd4915dd2e264e24b7b25047d24f86c3cdf63930a1e6df77585e0b97de02
0.5,1000,frozen_reference,2,410,43.301145991496412,42.424792133507147,44.175200875290962,0ddebd4915dd2e264e24b7b25047d24f86c3cdf63930a1e6df77585e0b97de02
0.5,1000,frozen_reference,2,420,44.068488153419864,43.18822433174941,44.943348923707774,0ddebd4915dd2e264e24b7b25047d24f86c3cdf63930a1e6df77585e0b97de02
0.5,1000,frozen_reference,2,430,44.82841485916186,43.907997492342517,45.738328782200149,0ddebd4915dd2e264e24b7b25047d24f86c3cdf63930a1e6df77585e0b97de02
0.5,1000,frozen_reference,2,440,45.671114077410301,44.745573989716036,46.590339889358056,0ddebd4915dd2e264e24b7b25047d24f86c3cdf63930a1e6df77585e0b97de02
0.5,1000,frozen_reference,2,450,46.439517178843843,45.490565253591761,47.384377578405875,0ddebd4915dd2e264e24b7b25047d24f86c3cdf63930a1e6df77585e0b97de02
0.5,1000,frozen_reference,2,460,47.077753177410344,46.125800534302172,48.028280515034815,0ddebd4915dd2e264e24b7b25047d24f86c3cdf63930a1e6df77585e0b97de02
0.5,1000,frozen_reference,2,470,47.812376456338868,46.848430975148936,48.767803482033486,0ddebd4915dd2e264e24b7b25047d24f86c3cdf63930a1e6df77585e0b97de02
0.5,1000,frozen_reference,2,480,48.579695487660366,47.586768804099364,49.557140387992135,0ddebd4915dd2e264e24b7b25047d24f86c3cdf63930a1e6df77585e0b97de02
0.5,1000,frozen_reference,2,490,49.294909261960328,48.282575023963808,50.298077943319626,0ddebd4915dd2e264e24b7b25047d24f86c3cdf63930a1e6df77585e0b97de02
0.5,1000,frozen_reference,2,500,50.1077104498289,49.074514661066154,51.119365335098649,0ddebd4915dd2e264e24b7b25047d24f86c3cdf63930a1e6df77585e0b97de02
0.5,1000,frozen_reference,2,510,50.84944442588715,49.830458589989128,51.847401452133781,0ddebd4915dd2e264e24b7b25047d24f86c3cdf63930a1e6df77585e0b97de02
0.5,1000,frozen_reference,2,520,51.638737680318172,50.604266507313099,52.650217307161597,0ddebd4915dd2e264e24b7b25047d24f86c3cdf63930a1e6df77585e0b97de02
0.5,1000,frozen_reference,2,530,52.349320082868623,51.273579754177348,53.388941607041076,0ddebd4915dd2e264e24b7b25047d24f86c3cdf63930a1e6df77585e0b97de02
0.5,1000,frozen_reference,2,540,53.03746177306607,51.959669417410851,54.092864225177635,0ddebd4915dd2e264e24b7b25047d24f86c3cdf63930a1e6df77585e0b97de02
0.5,1000,frozen_reference,2,550,53.721604579248194,52.641990349705971,54.775827867371866,0ddebd4915dd2e264e24b7b25047d24f86c3cdf63930a1e6df77585e0b97de02
0.5,1000,frozen_reference,2,560,54.344073186914208,53.246529990067295,55.414723005890636,0ddebd4915dd2e264e24b7b25047d24f86c3cdf63930a1e6df77585e0b97de02
0.5,1000,frozen_reference,2,570,55.030691678166214,53.922181875757495,56.126152914316243,0ddebd4915dd2e264e24b7b25047d24f86c3cdf63930a1e6df77585e0b97de02
0.5,1000,frozen_reference,2,580,55.66779659809162,54.548944176137006,56.771237663931039,0ddebd4915dd2e264e24b7b25047d24f86c3cdf63930a1e6df77585e0b97de02
0.5,1000,frozen_reference,2,590,56.289135114769394,55.160052896427018,57.409025018917369,0ddebd4915dd2e264e24b7b25047d24f86c3cdf63930a1e6df77585e0b97de02
0.5,1000,frozen_reference,2,600,56.939710564178498,55.795565820611635,58.076324285191859,0ddebd4915dd2e264e24b7b25047d24f86c3cdf63930a1e6df77585e0b97de02
0.5,1000,frozen_reference,2,610,57.538884401705943,56.393809796602916,58.67575611746976,0ddebd4915dd2e264e24b7b25047d24f86c3cdf63930a1e6df77585e0b97de02
0.5,1000,frozen_reference,2,620,58.155694436576056,57.003041989970583,59.300614046362597,0ddebd4915dd2e264e24b7b25047d24f86c3cdf63930a1e6df77585e0b97de02
0.5,1000,frozen_reference,2,630,58.83518659841625,57.677390238063701,59.995027093174869,0ddebd4915dd2e264e24b7b25047d24f86c3cdf63930a1e6df77585e0b97de02
0.5,1000,frozen_reference,2,640,59.47865356853751,58.306396893985905,60.653605558447659,0ddebd4915dd2e264e24b7b25047d24f86c3cdf63930a1e6df77585e0b97de02
0.5,1000,frozen_reference,2,650,60.129140254373993,58.941095258294311,61.321124120708397,0ddebd4915dd2e264e24b7b25047d24f86c3cdf63930a1e6df77585e0b97de02
0.5,1000,frozen_reference,2,660,60.744966551435503,59.54635624690993,61.944417174899726,0ddebd4915dd2e264e24b7b25047d24f86c3cdf63930a1e6df77585e0b97de02
0.5,1000,frozen_reference,2,670,61.371952499474354,60.140996830684806,62.602915816694676,0ddebd4915dd2e264e24b7b25047d24f86c3cdf63930a1e6df77585e0b97de02
0.5,1000,frozen_reference,2,680,61.953206085247793,60.729173248433483,63.172014562243525,0ddebd4915dd2e264e24b7b25047d24f86c3cdf63930a1e6df77585e0b97de02
0.5,1000,frozen_reference,2,690,62.64270469398771,61.404455753533959,63.892853651783518,0ddebd4915dd2e264e24b7b25047d24f86c3cdf63930a1e6df77585e0b97de02
0.5,1000,frozen_reference,2,700,63.268483895718916,62.037061285206811,64.514399831954762,0ddebd4915dd2e264e24b7b25047d24f86c3cdf63930a1e6df77585e0b97de02
0.5,1000,frozen_reference,2,710,63.892637395059516,62.669434355424492,65.128863099125482,0ddebd4915dd2e264e24b7b25047d24f86c3cdf63930a1e6df77585e0b97de02
0.5,1000,frozen_reference,2,720,64.415843276174144,63.202266217580913,65.64042289979048,0ddebd4915dd2e264e24b7b25047d24f86c3cdf63930a1e6df77585e0b97de02
0.5,1000,frozen_reference,2,730,65.018985963719857,63.784706981601033,66.254385215488824,0ddebd4915dd2e264e24b7b25047d24f86c3cdf63930a1e6df77585e0b97de02
0.5,1000,frozen_reference,2,740,65.661276277268286,64.39830339698895,66.90866809538214,0ddebd4915dd2e264e24b7b25047d24f86c3cdf63930a1e6df77585e0b97de02
0.5,1000,frozen_reference,2,750,66.283281949746026,65.01192734989651,67.537797148054125,0ddebd4915dd2e264e24b7b25047d24f86c3cdf63930a1e6df77585e0b97de02
0.5,1000,frozen_reference,2,760,66.803483160801179,65.521966486228564,68.076976727181474,0ddebd4915dd2e264e24b7b25047d24f86c3cdf63930a1e6df77585e0b97de02
0.5,1000,frozen_reference,2,770,67.394578514229238,66.11685693564236,68.664587742877984,0ddebd4915dd2e264e24b7b25047d24f86c3cdf63930a1e6df77585e0b97de02
0.5,1000,frozen_reference,2,780,67.981480019786531,66.691769920210774,69.258827059038651,0ddebd4915dd2e264e24b7b25047d24f86c3cdf63930a1e6df77585e0b97de02
0.5,1000,frozen_reference,2,790,68.634324503646781,67.338469164914599,69.922344805711148,0ddebd4915dd2e264e24b7b25047d24f86c3cdf63930a1e6df77585e0b97de02
0.5,1000,frozen_reference,2,800,69.27254331395693,67.980437408390912,70.578915815521228,0ddebd4915dd2e264e24b7b25047d24f86c3cdf63930a1e6df77585e0b97de02
0.5,1000,frozen_reference,2,810,69.844329262356439,68.531153272580127,71.158331178053317,0ddebd4915dd2e264e24b7b25047d24f86c3cdf63930a1e6df77585e0b97de02
0.5,1000,frozen_reference,2,820,70.417681890963834,69.082273966096054,71.765480402773221,0ddebd4915dd2e264e24b7b25047d24f86c3cdf63930a1e6df77585e0b97de02
0.5,1000,frozen_reference,2,830,71.007635956961892,69.674253908837201,72.346227510370539,0ddebd4915dd2e264e24b7b25047d24f86c3cdf63930a1e6df77585e0b97de02
0.5,1000,frozen_reference,2,840,71.648293902339532,70.306727534347431,73.00973115093116,0ddebd4915dd2e264e24b7b25047d24f86c3cdf63930a1e6df77585e0b97de02
0.5,1000,frozen_reference,2,850,72.209035961769303,70.860288862105207,73.580018141733618,0ddebd4915dd2e264e24b7b25047d24f86c3cdf63930a1e6df77585e0b97de02
0.5,1000,frozen_reference,2,860,72.788259950193066,71.415427045428032,74.192952868902154,0ddebd4915dd2e264e24b7b25047d24f86c3cdf63930a1e6df77585e0b97de02
0.5,1000,frozen_reference,2,870,73.2609864024747,71.882955974995184,74.65923675199609,0ddebd4915dd2e264e24b7b25047d24f86c3cdf63930a1e6df77585e0b97de02
0.5,1000,frozen_reference,2,880,73.752885275629012,72.375823569881689,75.147920444896826,0ddebd4915dd2e264e24b7b25047d24f86c3cdf63930a1e6df77585e0b97de02
0.5,1000,frozen_reference,2,890,74.293803414575095,72.893771526214451,75.694917525068803,0ddebd4915dd2e264e24b7b25047d24f86c3cdf63930a1e6df77585e0b97de02
0.5,1000,frozen_reference,2,900,74.815733340285803,73.4026152017165,76.236530569476017,0ddebd4915dd2e264e24b7b25047d24f86c3cdf63930a1e6df77585e0b97de02
0.5,1000,frozen_reference,2,910,75.306171473404035,73.869262146983331,76.746548676733596,0ddebd4915dd2e264e24b7b25047d24f86c3cdf63930a1e6df77585e0b97de02
0.5,1000,frozen_reference,2,920,75.862057336282348,74.394656580793566,77.328848439022366,0ddebd4915dd2e264e24b7b25047d24f86c3cdf63930a1e6df77585e0b97de02
0.5,1000,frozen_reference,2,930,76.39763860386509,74.928151993759755,77.872863267931749,0ddebd4915dd2e264e24b7b25047d24f86c3cdf63930a1e6df77585e0b97de02
0.5,1000,frozen_reference,2,940,76.941940215360873,75.46741066259807,78.431443687645299,0ddebd4915dd2e264e24b7b25047d24f86c3cdf63930a1e6df77585e0b97de02
0.5,1000,frozen_reference,2,950,77.487616698518138,75.990456460558676,79.009835718677763,0ddebd4915dd2e264e24b7b25047d24f86c3cdf63930a1e6df77585e0b97de02
0.5,1000,frozen_reference,2,960,77.990971528540157,76.481501873417514,79.535289774876986,0ddebd4915dd2e264e24b7b25047d24f86c3cdf63930a1e6df77585e0b97de02
0.5,1000,frozen_reference,2,970,78.496603923399647,76.988416663392783,80.037230590079389,0ddebd4915dd2e264e24b7b25047d24f86c3cdf63930a1e6df77585e0b97de02
0.5,1000,frozen_reference,2,980,79.067361680825982,77.534927377139724,80.634844262608823,0ddebd4915dd2e264e24b7b25047d24f86c3cdf63930a1e6df77585e0b97de02
0.5,1000,frozen_reference,2,990,79.614814862226808,78.074960497958571,81.187257655237744,0ddebd4915dd2e264e24b7b25047d24f86c3cdf63930a1e6df77585e0b97de02
0.5,1000,frozen_reference,2,1000,80.128746307440892,78.598512351632493,81.692165564047102,0ddebd4915dd2e264e24b7b25047d24f86c3cdf63930a1e6df77585e0b97de02
0.5,1000,naive_current,3,1,0.20563866810340486,0.16973493864319408,0.24254736090931919,0ddebd4915dd2e264e24b7b25047d24f86c3cdf63930a1e6df77585e0b97de02
0.5,1000,naive_current,3,10,1.78893838827375,1.7209978821332483,1.8553930419737787,0ddebd4915dd2e264e24b7b25047d24f86c3cdf63930a1e6df77585e0b97de02
0.5,1000,naive_current,3,20,3.6384144606280073,3.5412292163296253,3.73763489036015,0ddebd4915dd2e264e24b7b25047d24f86c3cdf63930a1e6df77585e0b97de02
0.5,1000,naive_current,3,30,5.3685906061145943,5.2538768151767306,5.4793498280553372,0ddebd4915dd2e264e24b7b25047d24f86c3cdf63930a1e6df77585e0b97de02
0.5,1000,naive_current,3,40,6.8954478555367755,6.7525736472625635,7.0297016908944361,0ddebd4915dd2e264e24b7b25047d24f86c3cdf63930a1e6df77585e0b97de02
0.5,1000,naive_current,3,50,8.3450857780451209,8.216883135043652,8.4694334252691714,0ddebd4915dd2e264e24b7b25047d24f86c3cdf63930a1e6df77585e0b97de02
0.5,1000,naive_current,3,60,9.6557067869439273,9.503460772523642,9.8031746118140575,0ddebd4915dd2e264e24b7b25047d24f86c3cdf63930a1e6df77585e0b97de02
0.5,1000,naive_current,3,70,10.925344900997821,10.732368353777895,11.113151758901351,0ddebd4915dd2e264e24b7b25047d24f86c3cdf63930a1e6df77585e0b97de02
0.5,1000,naive_current,3,80,12.158864197312424,11.987175011185931,12.329855620553625,0ddebd4915dd2e264e24b7b25047d24f86c3cdf63930a1e6df77585e0b97de02
0.5,1000,naive_current,3,90,13.365019334085432,13.195821583524628,13.531868190249396,0ddebd4915dd2e264e24b7b25047d24f86c3cdf63930a1e6df77585e0b97de02
0.5,1000,naive_current,3,100,14.598200235402501,14.41025181762476,14.784354548079969,0ddebd4915dd2e264e24b7b25047d24f86c3cdf63930a1e6df77585e0b97de02
0.5,1000,naive_current,3,110,15.746792281650279,15.5342673269329,15.954177769582163,0ddebd4915dd2e264e24b7b25047d24f86c3cdf63930a1e6df77585e0b97de02
0.5,1000,naive_current,3,120,16.875330243639233,16.638652910981193,17.108930973320533,0ddebd4915dd2e264e24b7b25047d24f86c3cdf63930a1e6df77585e0b97de02
0.5,1000,naive_current,3,130,17.959085071103182,17.696060670595163,18.221924204765436,0ddebd4915dd2e264e24b7b25047d24f86c3cdf63930a1e6df77585e0b97de02
0.5,1000,naive_current,3,140,19.031361538864786,18.734463781171602,19.327743349739102,0ddebd4915dd2e264e24b7b25047d24f86c3cdf63930a1e6df77585e0b97de02
0.5,1000,naive_current,3,150,20.108685053193486,19.810653125014305,20.403817392893025,0ddebd4915dd2e264e24b7b25047d24f86c3cdf63930a1e6df77585e0b97de02
0.5,1000,naive_current,3,160,21.120378508449871,20.827424997762634,21.4161728389312,0ddebd4915dd2e264e24b7b25047d24f86c3cdf63930a1e6df77585e0b97de02
0.5,1000,naive_current,3,170,22.161335363431327,21.827691359461056,22.498638358704028,0ddebd4915dd2e264e24b7b25047d24f86c3cdf63930a1e6df77585e0b97de02
0.5,1000,naive_current,3,180,23.201182637477096,22.825428065502347,23.573071013367706,0ddebd4915dd2e264e24b7b25047d24f86c3cdf63930a1e6df77585e0b97de02
0.5,1000,naive_current,3,190,24.206327509856134,23.822429748097118,24.586692544847168,0ddebd4915dd2e264e24b7b25047d24f86c3cdf63930a1e6df77585e0b97de02
0.5,1000,naive_current,3,200,25.196861113830472,24.807872942296786,25.583857207741428,0ddebd4915dd2e264e24b7b25047d24f86c3cdf63930a1e6df77585e0b97de02
0.5,1000,naive_current,3,210,26.046503854240576,25.629325366672191,26.458426633274051,0ddebd4915dd2e264e24b7b25047d24f86c3cdf63930a1e6df77585e0b97de02
0.5,1000,naive_current,3,220,27.012631539478921,26.556578271796567,27.46272509003229,0ddebd4915dd2e264e24b7b25047d24f86c3cdf63930a1e6df77585e0b97de02
0.5,1000,naive_current,3,230,27.944196050141034,27.472434673233536,28.407667694739576,0ddebd4915dd2e264e24b7b25047d24f86c3cdf63930a1e6df77585e0b97de02
0.5,1000,naive_current,3,240,28.810455159815874,28.312616013724419,29.307038862319491,0ddebd4915dd2e264e24b7b25047d24f86c3cdf63930a1e6df77585e0b97de02
0.5,1000,naive_current,3,250,29.731767027286654,29.190748577771593,30.280770131034895,0ddebd4915dd2e264e24b7b25047d24f86c3cdf63930a1e6df77585e0b97de02
0.5,1000,naive_current,3,260,30.581885487681138,29.997260972691222,31.171310816711532,0ddebd4915dd2e264e24b7b25047d24f86c3cdf63930a1e6df77585e0b97de02
0.5,1000,naive_current,3,270,31.536705563689949,30.919748872660303,32.163456185230274,0ddebd4915dd2e264e24b7b25047d24f86c3cdf63930a1e6df77585e0b97de02
0.5,1000,naive_current,3,280,32.466896688452486,31.836834507456558,33.100414959977719,0ddebd4915dd2e264e24b7b25047d24f86c3cdf63930a1e6df77585e0b97de02
0.5,1000,naive_current,3,290,33.282084104093613,32.632220887441967,33.942379666685056,0ddebd4915dd2e264e24b7b25047d24f86c3cdf63930a1e6df77585e0b97de02
0.5,1000,naive_current,3,300,34.163778301608382,33.479270531946483,34.86316593634497,0ddebd4915dd2e264e24b7b25047d24f86c3cdf63930a1e6df77585e0b97de02
0.5,1000,naive_current,3,310,34.99977576643662,34.313232078851513,35.696464431979301,0ddebd4915dd2e264e24b7b25047d24f86c3cdf63930a1e6df77585e0b97de02
0.5,1000,naive_current,3,320,35.778144963021049,35.054244661029323,36.509082244193699,0ddebd4915dd2e264e24b7b25047d24f86c3cdf63930a1e6df77585e0b97de02
0.5,1000,naive_current,3,330,36.583138511259151,35.85115419188979,37.31556742830697,0ddebd4915dd2e264e24b7b25047d24f86c3cdf63930a1e6df77585e0b97de02
0.5,1000,naive_current,3,340,37.493073774520177,36.753703802252438,38.241051328462156,0ddebd4915dd2e264e24b7b25047d24f86c3cdf63930a1e6df77585e0b97de02
0.5,1000,naive_current,3,350,38.256899112999676,37.517636916887874,39.008191054460873,0ddebd4915dd2e264e24b7b25047d24f86c3cdf63930a1e6df77585e0b97de02
0.5,1000,naive_current,3,360,39.067042708109803,38.316802129721715,39.817789870512236,0ddebd4915dd2e264e24b7b25047d24f86c3cdf63930a1e6df77585e0b97de02
0.5,1000,naive_current,3,370,39.833271478211131,39.06113212114213,40.616804324682697,0ddebd4915dd2e264e24b7b25047d24f86c3cdf63930a1e6df77585e0b97de02
0.5,1000,naive_current,3,380,40.613954620540213,39.831197445643348,41.399919559519304,0ddebd4915dd2e264e24b7b25047d24f86c3cdf63930a1e6df77585e0b97de02
0.5,1000,naive_current,3,390,41.440549300629826,40.664334121220008,42.22795547028155,0ddebd4915dd2e264e24b7b25047d24f86c3cdf63930a1e6df77585e0b97de02
0.5,1000,naive_current,3,400,42.220966966113664,41.422196144815246,43.027847349079408,0ddebd4915dd2e264e24b7b25047d24f86c3cdf63930a1e6df77585e0b97de02
0.5,1000,naive_current,3,410,42.946843384947663,42.128443561593457,43.76645577015524,0ddebd4915dd2e264e24b7b25047d24f86c3cdf63930a1e6df77585e0b97de02
0.5,1000,naive_current,3,420,43.734932192171819,42.913401421884565,44.567015822740018,0ddebd4915dd2e264e24b7b25047d24f86c3cdf63930a1e6df77585e0b97de02
0.5,1000,naive_current,3,430,44.519043514713523,43.651335411917145,45.396140518716365,0ddebd4915dd2e264e24b7b25047d24f86c3cdf63930a1e6df77585e0b97de02
0.5,1000,naive_current,3,440,45.342333250800095,44.464324652403427,46.234303226738348,0ddebd4915dd2e264e24b7b25047d24f86c3cdf63930a1e6df77585e0b97de02
0.5,1000,naive_current,3,450,46.073825154046837,45.176645717291343,46.994860078656231,0ddebd4915dd2e264e24b7b25047d24f86c3cdf63930a1e6df77585e0b97de02
0.5,1000,naive_current,3,460,46.735545964473339,45.830565496350168,47.660007305386316,0ddebd4915dd2e264e24b7b25047d24f86c3cdf63930a1e6df77585e0b97de02
0.5,1000,naive_current,3,470,47.479255548538347,46.560872849311295,48.421829482027285,0ddebd4915dd2e264e24b7b25047d24f86c3cdf63930a1e6df77585e0b97de02
0.5,1000,naive_current,3,480,48.221824641288379,47.275385263477943,49.190557435677228,0ddebd4915dd2e264e24b7b25047d24f86c3cdf63930a1e6df77585e0b97de02
0.5,1000,naive_current,3,490,48.93730889274854,47.965358701862506,49.934287645370105,0ddebd4915dd2e264e24b7b25047d24f86c3cdf63930a1e6df77585e0b97de02
0.5,1000,naive_current,3,500,49.73389272758056,48.749308115085135,50.747712524668678,0ddebd4915dd2e264e24b7b25047d24f86c3cdf63930a1e6df77585e0b97de02
0.5,1000,naive_current,3,510,50.483092087876614,49.513238545777334,51.469855820791423,0ddebd4915dd2e264e24b7b25047d24f86c3cdf63930a1e6df77585e0b97de02
0.5,1000,naive_current,3,520,51.217387851928663,50.218786347974309,52.226220144820253,0ddebd4915dd2e264e24b7b25047d24f86c3cdf63930a1e6df77585e0b97de02
0.5,1000,naive_current,3,530,51.952407765617593,50.932509094973177,52.981751224314038,0ddebd4915dd2e264e24b7b25047d24f86c3cdf63930a1e6df77585e0b97de02
0.5,1000,naive_current,3,540,52.628532151554438,51.593858539161495,53.683722620404332,0ddebd4915dd2e264e24b7b25047d24f86c3cdf63930a1e6df77585e0b97de02
0.5,1000,naive_current,3,550,53.289474978971391,52.257264410540067,54.342316392821083,0ddebd4915dd2e264e24b7b25047d24f86c3cdf63930a1e6df77585e0b97de02
0.5,1000,naive_current,3,560,53.925362502638784,52.897842109752595,54.975379444940579,0ddebd4915dd2e264e24b7b25047d24f86c3cdf63930a1e6df77585e0b97de02
0.5,1000,naive_current,3,570,54.590569241766964,53.550582771621592,55.6661160714281,0ddebd4915dd2e264e24b7b25047d24f86c3cdf63930a1e6df77585e0b97de02
0.5,1000,naive_current,3,580,55.22916205887217,54.16449412400268,56.312542981711864,0ddebd4915dd2e264e24b7b25047d24f86c3cdf63930a1e6df77585e0b97de02
0.5,1000,naive_current,3,590,55.859060342783998,54.777240645944687,56.966384181880549,0ddebd4915dd2e264e24b7b25047d24f86c3cdf63930a1e6df77585e0b97de02
0.5,1000,naive_current,3,600,56.49329707173419,55.393023007110223,57.626107344683923,0ddebd4915dd2e264e24b7b25047d24f86c3cdf63930a1e6df77585e0b97de02
0.5,1000,naive_current,3,610,57.07539633858957,55.964054595154657,58.206291939429804,0ddebd4915dd2e264e24b7b25047d24f86c3cdf63930a1e6df77585e0b97de02
0.5,1000,naive_current,3,620,57.674539156110995,56.558547835406529,58.812455206089517,0ddebd4915dd2e264e24b7b25047d24f86c3cdf63930a1e6df77585e0b97de02
0.5,1000,naive_current,3,630,58.347273156700574,57.220570826146606,59.500189062099167,0ddebd4915dd2e264e24b7b25047d24f86c3cdf63930a1e6df77585e0b97de02
0.5,1000,naive_current,3,640,59.011993870382767,57.878253970661028,60.183872929801026,0ddebd4915dd2e264e24b7b25047d24f86c3cdf63930a1e6df77585e0b97de02
0.5,1000,naive_current,3,650,59.653246072585553,58.502576462949676,60.845299649944522,0ddebd4915dd2e264e24b7b25047d24f86c3cdf63930a1e6df77585e0b97de02
0.5,1000,naive_current,3,660,60.220258481922563,59.047123711780742,61.423778973195461,0ddebd4915dd2e264e24b7b25047d24f86c3cdf63930a1e6df77585e0b97de02
0.5,1000,naive_current,3,670,60.84007397124946,59.632837855083899,62.071047294490242,0ddebd4915dd2e264e24b7b25047d24f86c3cdf63930a1e6df77585e0b97de02
0.5,1000,naive_current,3,680,61.373744843451121,60.182151651726087,62.599020747461687,0ddebd4915dd2e264e24b7b25047d24f86c3cdf63930a1e6df77585e0b97de02
0.5,1000,naive_current,3,690,62.066691472178746,60.868780797666439,63.290548622726121,0ddebd4915dd2e264e24b7b25047d24f86c3cdf63930a1e6df77585e0b97de02
0.5,1000,naive_current,3,700,62.701369099384358,61.508795935215815,63.932937052463842,0ddebd4915dd2e264e24b7b25047d24f86c3cdf63930a1e6df77585e0b97de02
0.5,1000,naive_current,3,710,63.327878471105251,62.126994351252478,64.561007081822709,0ddebd4915dd2e264e24b7b25047d24f86c3cdf63930a1e6df77585e0b97de02
0.5,1000,naive_current,3,720,63.845849185603328,62.64982806562822,65.064760854469213,0ddebd4915dd2e264e24b7b25047d24f86c3cdf63930a1e6df77585e0b97de02
0.5,1000,naive_current,3,730,64.430819379384531,63.220945055484727,65.664972116656187,0ddebd4915dd2e264e24b7b25047d24f86c3cdf63930a1e6df77585e0b97de02
0.5,1000,naive_current,3,740,65.064186462577965,63.825512892049581,66.338870377978523,0ddebd4915dd2e264e24b7b25047d24f86c3cdf63930a1e6df77585e0b97de02
0.5,1000,naive_current,3,750,65.68218003193688,64.428521716024704,66.972579981336878,0ddebd4915dd2e264e24b7b25047d24f86c3cdf63930a1e6df77585e0b97de02
0.5,1000,naive_current,3,760,66.222637094714955,64.949334172122562,67.532964110250688,0ddebd4915dd2e264e24b7b25047d24f86c3cdf63930a1e6df77585e0b97de02
0.5,1000,naive_current,3,770,66.824309030834755,65.554725462357425,68.119962409953359,0ddebd4915dd2e264e24b7b25047d24f86c3cdf63930a1e6df77585e0b97de02
0.5,1000,naive_current,3,780,67.382346710541896,66.089847001226616,68.697930219615159,0ddebd4915dd2e264e24b7b25047d24f86c3cdf63930a1e6df77585e0b97de02
0.5,1000,naive_current,3,790,68.026952931376826,66.729477469374416,69.347348367073138,0ddebd4915dd2e264e24b7b25047d24f86c3cdf63930a1e6df77585e0b97de02
0.5,1000,naive_current,3,800,68.694982502459794,67.379277846339306,70.0388727599438,0ddebd4915dd2e264e24b7b25047d24f86c3cdf63930a1e6df77585e0b97de02
0.5,1000,naive_current,3,810,69.271879259900118,67.939309077988071,70.635370753513627,0ddebd4915dd2e264e24b7b25047d24f86c3cdf63930a1e6df77585e0b97de02
0.5,1000,naive_current,3,820,69.867092798412216,68.499016468828358,71.252145666641681,0ddebd4915dd2e264e24b7b25047d24f86c3cdf63930a1e6df77585e0b97de02
0.5,1000,naive_current,3,830,70.489686702571504,69.125321448325636,71.860201852755623,0ddebd4915dd2e264e24b7b25047d24f86c3cdf63930a1e6df77585e0b97de02
0.5,1000,naive_current,3,840,71.130804756482092,69.751296052380297,72.521052651803743,0ddebd4915dd2e264e24b7b25047d24f86c3cdf63930a1e6df77585e0b97de02
0.5,1000,naive_current,3,850,71.652752539721575,70.279499865825699,73.034466694574505,0ddebd4915dd2e264e24b7b25047d24f86c3cdf63930a1e6df77585e0b97de02
0.5,1000,naive_current,3,860,72.22201437362996,70.805781790671475,73.640579842216724,0ddebd4915dd2e264e24b7b25047d24f86c3cdf63930a1e6df77585e0b97de02
0.5,1000,naive_current,3,870,72.725885766335537,71.30537928164506,74.133729129306374,0ddebd4915dd2e264e24b7b25047d24f86c3cdf63930a1e6df77585e0b97de02
0.5,1000,naive_current,3,880,73.221679259722578,71.810103714530868,74.632186406737148,0ddebd4915dd2e264e24b7b25047d24f86c3cdf63930a1e6df77585e0b97de02
0.5,1000,naive_current,3,890,73.714625634630067,72.305729643357196,75.13129616512758,0ddebd4915dd2e264e24b7b25047d24f86c3cdf63930a1e6df77585e0b97de02
0.5,1000,naive_current,3,900,74.215653107306494,72.786176838831693,75.656670511596346,0ddebd4915dd2e264e24b7b25047d24f86c3cdf63930a1e6df77585e0b97de02
0.5,1000,naive_current,3,910,74.71169577322533,73.275951537832924,76.16663769041736,0ddebd4915dd2e264e24b7b25047d24f86c3cdf63930a1e6df77585e0b97de02
0.5,1000,naive_current,3,920,75.246078547028162,73.787753687447562,76.723069029636605,0ddebd4915dd2e264e24b7b25047d24f86c3cdf63930a1e6df77585e0b97de02
0.5,1000,naive_current,3,930,75.760410554075946,74.292957042207647,77.257237543267308,0ddebd4915dd2e264e24b7b25047d24f86c3cdf63930a1e6df77585e0b97de02
0.5,1000,naive_current,3,940,76.316871442001343,74.842316580437966,77.827163049450704,0ddebd4915dd2e264e24b7b25047d24f86c3cdf63930a1e6df77585e0b97de02
0.5,1000,naive_current,3,950,76.851012945160818,75.3548643073525,78.375825790153485,0ddebd4915dd2e264e24b7b25047d24f86c3cdf63930a1e6df77585e0b97de02
0.5,1000,naive_current,3,960,77.355626978257561,75.855542245150431,78.891563726644463,0ddebd4915dd2e264e24b7b25047d24f86c3cdf63930a1e6df77585e0b97de02
0.5,1000,naive_current,3,970,77.815613453573221,76.299523883932764,79.355878289667601,0ddebd4915dd2e264e24b7b25047d24f86c3cdf63930a1e6df77585e0b97de02
0.5,1000,naive_current,3,980,78.41148978349635,76.874588936023159,79.991918864483296,0ddebd4915dd2e264e24b7b25047d24f86c3cdf63930a1e6df77585e0b97de02
0.5,1000,naive_current,3,990,78.977994471133584,77.428141378888171,80.561575782163175,0ddebd4915dd2e264e24b7b25047d24f86c3cdf63930a1e6df77585e0b97de02
0.5,1000,naive_current,3,1000,79.489562242068644,77.942208519049316,81.074298791157986,0ddebd4915dd2e264e24b7b25047d24f86c3cdf63930a1e6df77585e0b97de02
1,1000,transport_hessian,0,1,0.2056386556644772,0.16997805434680688,0.24197907848954614,0ddebd4915dd2e264e24b7b25047d24f86c3cdf63930a1e6df77585e0b97de02
1,1000,transport_hessian,0,10,1.8040141937000511,1.7303399271244113,1.8779373454692501,0ddebd4915dd2e264e24b7b25047d24f86c3cdf63930a1e6df77585e0b97de02
1,1000,transport_hessian,0,20,3.6314267066411481,3.5263401865252062,3.7387961264628675,0ddebd4915dd2e264e24b7b25047d24f86c3cdf63930a1e6df77585e0b97de02
1,1000,transport_hessian,0,30,5.4178811626707795,5.3074957902659898,5.5287790917324031,0ddebd4915dd2e264e24b7b25047d24f86c3cdf63930a1e6df77585e0b97de02
1,1000,transport_hessian,0,40,6.8879767904745322,6.7462335420632114,7.0251695861957923,0ddebd4915dd2e264e24b7b25047d24f86c3cdf63930a1e6df77585e0b97de02
1,1000,transport_hessian,0,50,8.3303352192602791,8.1951792147602553,8.4556148241501461,0ddebd4915dd2e264e24b7b25047d24f86c3cdf63930a1e6df77585e0b97de02
1,1000,transport_hessian,0,60,9.6895421186640522,9.5317484428732779,9.8376869155153663,0ddebd4915dd2e264e24b7b25047d24f86c3cdf63930a1e6df77585e0b97de02
1,1000,transport_hessian,0,70,11.036980075143092,10.857943666903646,11.211585154759474,0ddebd4915dd2e264e24b7b25047d24f86c3cdf63930a1e6df77585e0b97de02
1,1000,transport_hessian,0,80,12.312009489755546,12.142028787385486,12.475379348529748,0ddebd4915dd2e264e24b7b25047d24f86c3cdf63930a1e6df77585e0b97de02
1,1000,transport_hessian,0,90,13.601761956178759,13.405644426326546,13.789746302461467,0ddebd4915dd2e264e24b7b25047d24f86c3cdf63930a1e6df77585e0b97de02
1,1000,transport_hessian,0,100,14.88631391461022,14.672396573435201,15.095795089021545,0ddebd4915dd2e264e24b7b25047d24f86c3cdf63930a1e6df77585e0b97de02
1,1000,transport_hessian,0,110,16.148688520585246,15.955040362465937,16.333517534637171,0ddebd4915dd2e264e24b7b25047d24f86c3cdf63930a1e6df77585e0b97de02
1,1000,transport_hessian,0,120,17.345702311403162,17.132899037538312,17.55279510560435,0ddebd4915dd2e264e24b7b25047d24f86c3cdf63930a1e6df77585e0b97de02
1,1000,transport_hessian,0,130,18.532995933158436,18.303654755350351,18.758948986853092,0ddebd4915dd2e264e24b7b25047d24f86c3cdf63930a1e6df77585e0b97de02
1,1000,transport_hessian,0,140,19.567847918389869,19.303194772645096,19.826628670961089,0ddebd4915dd2e264e24b7b25047d24f86c3cdf63930a1e6df77585e0b97de02
1,1000,transport_hessian,0,150,20.761186279876949,20.458247476124939,21.061707555005786,0ddebd4915dd2e264e24b7b25047d24f86c3cdf63930a1e6df77585e0b97de02
1,1000,transport_hessian,0,160,21.881098698727637,21.534009059238638,22.230547232782893,0ddebd4915dd2e264e24b7b25047d24f86c3cdf63930a1e6df77585e0b97de02
1,1000,transport_hessian,0,170,22.935286382078949,22.5613660260275,23.317941161290861,0ddebd4915dd2e264e24b7b25047d24f86c3cdf63930a1e6df77585e0b97de02
1,1000,transport_hessian,0,180,24.021062449665479,23.619620244246466,24.4311966686445,0ddebd4915dd2e264e24b7b25047d24f86c3cdf63930a1e6df77585e0b97de02
1,1000,transport_hessian,0,190,25.047283066650358,24.63791006136735,25.472459183354147,0ddebd4915dd2e264e24b7b25047d24f86c3cdf63930a1e6df77585e0b97de02
1,1000,transport_hessian,0,200,26.081774631278837,25.676618774657751,26.49704578717844,0ddebd4915dd2e264e24b7b25047d24f86c3cdf63930a1e6df77585e0b97de02
1,1000,transport_hessian,0,210,27.065539732996104,26.665859240324938,27.477204785346895,0ddebd4915dd2e264e24b7b25047d24f86c3cdf63930a1e6df77585e0b97de02
1,1000,transport_hessian,0,220,28.093676383371012,27.688897062642432,28.506859533161101,0ddebd4915dd2e264e24b7b25047d24f86c3cdf63930a1e6df77585e0b97de02
1,1000,transport_hessian,0,230,29.139872344823786,28.721130852424757,29.567062759081008,0ddebd4915dd2e264e24b7b25047d24f86c3cdf63930a1e6df77585e0b97de02
1,1000,transport_hessian,0,240,30.140096367936557,29.711023241904254,30.569549177924106,0ddebd4915dd2e264e24b7b25047d24f86c3cdf63930a1e6df77585e0b97de02
1,1000,transport_hessian,0,250,31.046119218723565,30.583171673405079,31.508658882339844,0ddebd4915dd2e264e24b7b25047d24f86c3cdf63930a1e6df77585e0b97de02
1,1000,transport_hessian,0,260,32.108542132008481,31.62117668210368,32.589968944006181,0ddebd4915dd2e264e24b7b25047d24f86c3cdf63930a1e6df77585e0b97de02
1,1000,transport_hessian,0,270,33.068263183539585,32.562839154705237,33.57616835537452,0ddebd4915dd2e264e24b7b25047d24f86c3cdf63930a1e6df77585e0b97de02
1,1000,transport_hessian,0,280,34.013113490355721,33.526055590825401,34.499053825213807,0ddebd4915dd2e264e24b7b25047d24f86c3cdf63930a1e6df77585e0b97de02
1,1000,transport_hessian,0,290,35.01099195133299,34.497188931624194,35.531628824023628,0ddebd4915dd2e264e24b7b25047d24f86c3cdf63930a1e6df77585e0b97de02
1,1000,transport_hessian,0,300,35.889679075428404,35.329987253104306,36.451717070510014,0ddebd4915dd2e264e24b7b25047d24f86c3cdf63930a1e6df77585e0b97de02
1,1000,transport_hessian,0,310,36.785539852874329,36.211132775258015,37.361952854143539,0ddebd4915dd2e264e24b7b25047d24f86c3cdf63930a1e6df77585e0b97de02
1,1000,transport_hessian,0,320,37.641237371369606,37.055676093659706,38.21792665104978,0ddebd4915dd2e264e24b7b25047d24f86c3cdf63930a1e6df77585e0b97de02
1,1000,transport_hessian,0,330,38.517988412836829,37.922212057644032,39.110020704445212,0ddebd4915dd2e264e24b7b25047d24f86c3cdf63930a1e6df77585e0b97de02
1,1000,transport_hessian,0,340,39.446066701028805,38.850348283197143,40.043351246611593,0ddebd4915dd2e264e24b7b25047d24f86c3cdf63930a1e6df77585e0b97de02
1,1000,transport_hessian,0,350,40.259834634014133,39.656814615048653,40.86827808300594,0ddebd4915dd2e264e24b7b25047d24f86c3cdf63930a1e6df77585e0b97de02
1,1000,transport_hessian,0,360,41.187252551886971,40.574774317485563,41.802408640630432,0ddebd4915dd2e264e24b7b25047d24f86c3cdf63930a1e6df77585e0b97de02
1,1000,transport_hessian,0,370,42.035042474819441,41.419121601396419,42.653417357390424,0ddebd4915dd2e264e24b7b25047d24f86c3cdf63930a1e6df77585e0b97de02
1,1000,transport_hessian,0,380,42.847718276748104,42.230786428377385,43.464641399795532,0ddebd4915dd2e264e24b7b25047d24f86c3cdf63930a1e6df77585e0b97de02
1,1000,transport_hessian,0,390,43.695794011274629,43.073449921820767,44.309247468803306,0ddebd4915dd2e264e24b7b25047d24f86c3cdf63930a1e6df77585e0b97de02
1,1000,transport_hessian,0,400,44.514160570690983,43.868262600814411,45.153748680683613,0ddebd4915dd2e264e24b7b25047d24f86c3cdf63930a1e6df77585e0b97de02
1,1000,transport_hessian,0,410,45.416512876776181,44.750798492730816,46.070816865716601,0ddebd4915dd2e264e24b7b25047d24f86c3cdf63930a1e6df77585e0b97de02
1,1000,transport_hessian,0,420,46.32269277295876,45.631119963773983,47.010985615807982,0ddebd4915dd2e264e24b7b25047d24f86c3cdf63930a1e6df77585e0b97de02
1,1000,transport_hessian,0,430,47.098791843616851,46.390877323466079,47.804948020272022,0ddebd4915dd2e264e24b7b25047d24f86c3cdf63930a1e6df77585e0b97de02
1,1000,transport_hessian,0,440,48.001655981259582,47.274371216319068,48.723731925415045,0ddebd4915dd2e264e24b7b25047d24f86c3cdf63930a1e6df77585e0b97de02
1,1000,transport_hessian,0,450,48.817249064206429,48.055528083321988,49.582413763055065,0ddebd4915dd2e264e24b7b25047d24f86c3cdf63930a1e6df77585e0b97de02
1,1000,transport_hessian,0,460,49.654947977336818,48.885464159684574,50.428848259301446,0ddebd4915dd2e264e24b7b25047d24f86c3cdf63930a1e6df77585e0b97de02
1,1000,transport_hessian,0,470,50.455500816201244,49.658965019034774,51.265000801279257,0ddebd4915dd2e264e24b7b25047d24f86c3cdf63930a1e6df77585e0b97de02
1,1000,transport_hessian,0,480,51.299925056915939,50.474158850596027,52.137672425805235,0ddebd4915dd2e264e24b7b25047d24f86c3cdf63930a1e6df77585e0b97de02
1,1000,transport_hessian,0,490,52.066389016050479,51.218307641999147,52.91716100642676,0ddebd4915dd2e264e24b7b25047d24f86c3cdf63930a1e6df77585e0b97de02
1,1000,transport_hessian,0,500,52.871926123013793,52.03040200563894,53.700844249733613,0ddebd4915dd2e264e24b7b25047d24f86c3cdf63930a1e6df77585e0b97de02
1,1000,transport_hessian,0,510,53.674415680701415,52.829525644587278,54.502200651174675,0ddebd4915dd2e264e24b7b25047d24f86c3cdf63930a1e6df77585e0b97de02
1,1000,transport_hessian,0,520,54.562422496485311,53.729507656089019,55.383320552911982,0ddebd4915dd2e264e24b7b25047d24f86c3cdf63930a1e6df77585e0b97de02
1,1000,transport_hessian,0,530,55.328746742987626,54.463846287554311,56.179485580620252,0ddebd4915dd2e264e24b7b25047d24f86c3cdf63930a1e6df77585e0b97de02
1,1000,transport_hessian,0,540,56.086976103965732,55.218033988705905,56.939087734749407,0ddebd4915dd2e264e24b7b25047d24f86c3cdf63930a1e6df77585e0b97de02
1,1000,transport_hessian,0,550,56.778350906835428,55.889309548086707,57.646585185458122,0ddebd4915dd2e264e24b7b25047d24f86c3cdf63930a1e6df77585e0b97de02
1,1000,transport_hessian,0,560,57.564301195533552,56.647524448709476,58.455510474584685,0ddebd4915dd2e264e24b7b25047d24f86c3cdf63930a1e6df77585e0b97de02
1,1000,transport_hessian,0,570,58.314238806396673,57.380715179562578,59.230264992452383,0ddebd4915dd2e264e24b7b25047d24f86c3cdf63930a1e6df77585e0b97de02
1,1000,transport_hessian,0,580,58.99675382708395,58.043933887268338,59.924934888030116,0ddebd4915dd2e264e24b7b25047d24f86c3cdf63930a1e6df77585e0b97de02
1,1000,transport_hessian,0,590,59.782292350669167,58.798655370440059,60.731083813084815,0ddebd4915dd2e264e24b7b25047d24f86c3cdf63930a1e6df77585e0b97de02
1,1000,transport_hessian,0,600,60.521997298345447,59.52010000645668,61.483230602509067,0ddebd4915dd2e264e24b7b25047d24f86c3cdf63930a1e6df77585e0b97de02
1,1000,transport_hessian,0,610,61.228341905254702,60.21891542133352,62.20413682610176,0ddebd4915dd2e264e24b7b25047d24f86c3cdf63930a1e6df77585e0b97de02
1,1000,transport_hessian,0,620,61.982627907059083,60.979424786322575,62.957220884013232,0ddebd4915dd2e264e24b7b25047d24f86c3cdf63930a1e6df77585e0b97de02
1,1000,transport_hessian,0,630,62.727909967457123,61.707118609057275,63.718998005905178,0ddebd4915dd2e264e24b7b25047d24f86c3cdf63930a1e6df77585e0b97de02
1,1000,transport_hessian,0,640,63.455899576836948,62.421818108861707,64.459795590589309,0ddebd4915dd2e264e24b7b25047d24f86c3cdf63930a1e6df77585e0b97de02
1,1000,transport_hessian,0,650,64.149254312852221,63.109140429442348,65.157306595664238,0ddebd4915dd2e264e24b7b25047d24f86c3cdf63930a1e6df77585e0b97de02
1,1000,transport_hessian,0,660,64.800015409700848,63.741181199647791,65.820808489023591,0ddebd4915dd2e264e24b7b25047d24f86c3cdf63930a1e6df77585e0b97de02
1,1000,transport_hessian,0,670,65.484433335771328,64.411314391395436,66.52895644426269,0ddebd4915dd2e264e24b7b25047d24f86c3cdf63930a1e6df77585e0b97de02
1,1000,transport_hessian,0,680,66.195717713801443,65.1018338073508,67.261006337101477,0ddebd4915dd2e264e24b7b25047d24f86c3cdf63930a1e6df77585e0b97de02
1,1000,transport_hessian,0,690,66.834266344507895,65.728588808550015,67.909931925516588,0ddebd4915dd2e264e24b7b25047d24f86c3cdf63930a1e6df77585e0b97de02
1,1000,transport_hessian,0,700,67.542475836205043,66.435298758603722,68.615409726705835,0ddebd4915dd2e264e24b7b25047d24f86c3cdf63930a1e6df77585e0b97de02
1,1000,transport_hessian,0,710,68.208074606122338,67.083665481377906,69.299835929888573,0ddebd4915dd2e264e24b7b25047d24f86c3cdf63930a1e6df77585e0b97de02
1,1000,transport_hessian,0,720,68.851225045673459,67.730801836839547,69.933252395711065,0ddebd4915dd2e264e24b7b25047d24f86c3cdf63930a1e6df77585e0b97de02
1,1000,transport_hessian,0,730,69.519354321865592,68.385163203404346,70.618907799966451,0ddebd4915dd2e264e24b7b25047d24f86c3cdf63930a1e6df77585e0b97de02
1,1000,transport_hessian,0,740,70.197212206687638,69.065689316716288,71.299448146763737,0ddebd4915dd2e264e24b7b25047d24f86c3cdf63930a1e6df77585e0b97de02
1,1000,transport_hessian,0,750,70.853765900120464,69.693164331819773,71.970296760516405,0ddebd4915dd2e264e24b7b25047d24f86c3cdf63930a1e6df77585e0b97de02
1,1000,transport_hessian,0,760,71.505749426324257,70.343208330188006,72.61843467989074,0ddebd4915dd2e264e24b7b25047d24f86c3cdf63930a1e6df77585e0b97de02
1,1000,transport_hessian,0,770,72.179038393923832,70.990068087775597,73.314312893105338,0ddebd4915dd2e264e24b7b25047d24f86c3cdf63930a1e6df77585e0b97de02
1,1000,transport_hessian,0,780,72.866920118593825,71.640726704898142,74.03765251411626,0ddebd4915dd2e264e24b7b25047d24f86c3cdf63930a1e6df77585e0b97de02
1,1000,transport_hessian,0,790,73.540201008909321,72.29162878196577,74.739717737841303,0ddebd4915dd2e264e24b7b25047d24f86c3cdf63930a1e6df77585e0b97de02
1,1000,transport_hessian,0,800,74.259916311480524,72.991238417954122,75.470398152184558,0ddebd4915dd2e264e24b7b25047d24f86c3cdf63930a1e6df77585e0b97de02
1,1000,transport_hessian,0,810,75.007736505895707,73.718433846993506,76.260877014799505,0ddebd4915dd2e264e24b7b25047d24f86c3cdf63930a1e6df77585e0b97de02
1,1000,transport_hessian,0,820,75.685051854803589,74.378006721207782,76.952536221969979,0ddebd4915dd2e264e24b7b25047d24f86c3cdf63930a1e6df77585e0b97de02
1,1000,transport_hessian,0,830,76.330461199079608,75.005713259834565,77.610701229096676,0ddebd4915dd2e264e24b7b25047d24f86c3cdf63930a1e6df77585e0b97de02
1,1000,transport_hessian,0,840,77.033022755092802,75.706993390897566,78.318830472124404,0ddebd4915dd2e264e24b7b25047d24f86c3cdf63930a1e6df77585e0b97de02
1,1000,transport_hessian,0,850,77.654608723209591,76.342592088868244,78.929734795778671,0ddebd4915dd2e264e24b7b25047d24f86c3cdf63930a1e6df77585e0b97de02
1,1000,transport_hessian,0,860,78.264624257405984,76.94696603490658,79.545093839109882,0ddebd4915dd2e264e24b7b25047d24f86c3cdf63930a1e6df77585e0b97de02
1,1000,transport_hessian,0,870,78.926334891456946,77.590187379039094,80.210466782118445,0ddebd4915dd2e264e24b7b25047d24f86c3cdf63930a1e6df77585e0b97de02
1,1000,transport_hessian,0,880,79.594318421874362,78.236610572779199,80.902624438111943,0ddebd4915dd2e264e24b7b25047d24f86c3cdf63930a1e6df77585e0b97de02
1,1000,transport_hessian,0,890,80.230017965967107,78.850049460516743,81.557595877585655,0ddebd4915dd2e264e24b7b25047d24f86c3cdf63930a1e6df77585e0b97de02
1,1000,transport_hessian,0,900,80.827106696479603,79.429474265407038,82.162724008401739,0ddebd4915dd2e264e24b7b25047d24f86c3cdf63930a1e6df77585e0b97de02
1,1000,transport_hessian,0,910,81.422438559874436,80.027416584441525,82.763141733006378,0ddebd4915dd2e264e24b7b25047d24f86c3cdf63930a1e6df77585e0b97de02
1,1000,transport_hessian,0,920,82.082011437267198,80.665437177964606,83.439579925344631,0ddebd4915dd2e264e24b7b25047d24f86c3cdf63930a1e6df77585e0b97de02
1,1000,transport_hessian,0,930,82.685709348985966,81.274257178270844,84.039344328101819,0ddebd4915dd2e264e24b7b25047d24f86c3cdf63930a1e6df77585e0b97de02
1,1000,transport_hessian,0,940,83.390223131521637,81.977235363200109,84.758798022317507,0ddebd4915dd2e264e24b7b25047d24f86c3cdf63930a1e6df77585e0b97de02
1,1000,transport_hessian,0,950,83.936224342386879,82.497693855917319,85.320473950595968,0ddebd4915dd2e264e24b7b25047d24f86c3cdf63930a1e6df77585e0b97de02
1,1000,transport_hessian,0,960,84.538516711069548,83.094004969830436,85.942166017303251,0ddebd4915dd2e264e24b7b25047d24f86c3cdf63930a1e6df77585e0b97de02
1,1000,transport_hessian,0,970,85.156939794410476,83.685395647732093,86.592031912364249,0ddebd4915dd2e264e24b7b25047d24f86c3cdf63930a1e6df77585e0b97de02
1,1000,transport_hessian,0,980,85.788118289775952,84.28800975155643,87.239044772263554,0ddebd4915dd2e264e24b7b25047d24f86c3cdf63930a1e6df77585e0b97de02
1,1000,transport_hessian,0,990,86.389341864903926,84.873982397917715,87.846110892441317,0ddebd4915dd2e264e24b7b25047d24f86c3cdf63930a1e6df77585e0b97de02
1,1000,transport_hessian,0,1000,87.038496585637844,85.520066185259424,88.51209486541913,0ddebd4915dd2e264e24b7b25047d24f86c3cdf63930a1e6df77585e0b97de02
1,1000,transport_endpoint,1,1,0.2056386556644772,0.16997805434680688,0.24197907848954614,0ddebd4915dd2e264e24b7b25047d24f86c3cdf63930a1e6df77585e0b97de02
1,1000,transport_endpoint,1,10,1.7998646928728712,1.7272973323343317,1.8733343641164963,0ddebd4915dd2e264e24b7b25047d24f86c3cdf63930a1e6df77585e0b97de02
1,1000,transport_endpoint,1,20,3.6316389078481826,3.5294540712164513,3.736915568006606,0ddebd4915dd2e264e24b7b25047d24f86c3cdf63930a1e6df77585e0b97de02
1,1000,transport_endpoint,1,30,5.4004290690713113,5.2927838471049524,5.5118805100998962,0ddebd4915dd2e264e24b7b25047d24f86c3cdf63930a1e6df77585e0b97de02
1,1000,transport_endpoint,1,40,6.9051222711054159,6.7587856010945462,7.0467781347061624,0ddebd4915dd2e264e24b7b25047d24f86c3cdf63930a1e6df77585e0b97de02
1,1000,transport_endpoint,1,50,8.3103398881808452,8.1756962088288283,8.4354266934070932,0ddebd4915dd2e264e24b7b25047d24f86c3cdf63930a1e6df77585e0b97de02
1,1000,transport_endpoint,1,60,9.5946318821647267,9.4391380612455578,9.742240214690618,0ddebd4915dd2e264e24b7b25047d24f86c3cdf63930a1e6df77585e0b97de02
1,1000,transport_endpoint,1,70,10.915563549373337,10.729844283883272,11.096236151800847,0ddebd4915dd2e264e24b7b25047d24f86c3cdf63930a1e6df77585e0b97de02
1,1000,transport_endpoint,1,80,12.155534316045307,11.975121751315976,12.331779006864664,0ddebd4915dd2e264e24b7b25047d24f86c3cdf63930a1e6df77585e0b97de02
1,1000,transport_endpoint,1,90,13.389046347076453,13.21671369930738,13.550462658007911,0ddebd4915dd2e264e24b7b25047d24f86c3cdf63930a1e6df77585e0b97de02
1,1000,transport_endpoint,1,100,14.627637451466352,14.433845094999375,14.82106695047178,0ddebd4915dd2e264e24b7b25047d24f86c3cdf63930a1e6df77585e0b97de02
1,1000,transport_endpoint,1,110,15.793976980197476,15.575462665442915,16.007455520794469,0ddebd4915dd2e264e24b7b25047d24f86c3cdf63930a1e6df77585e0b97de02
1,1000,transport_endpoint,1,120,16.961896089527805,16.728407837235384,17.195728957953307,0ddebd4915dd2e264e24b7b25047d24f86c3cdf63930a1e6df77585e0b97de02
1,1000,transport_endpoint,1,130,18.058841348572415,17.815679479949239,18.29767910277647,0ddebd4915dd2e264e24b7b25047d24f86c3cdf63930a1e6df77585e0b97de02
1,1000,transport_endpoint,1,140,19.113270619230551,18.837571817991236,19.385833093388317,0ddebd4915dd2e264e24b7b25047d24f86c3cdf63930a1e6df77585e0b97de02
1,1000,transport_endpoint,1,150,20.236603532201631,19.978893083432727,20.491676326395673,0ddebd4915dd2e264e24b7b25047d24f86c3cdf63930a1e6df77585e0b97de02
1,1000,transport_endpoint,1,160,21.281673718310177,21.00877765584832,21.552456538169871,0ddebd4915dd2e264e24b7b25047d24f86c3cdf63930a1e6df77585e0b97de02
1,1000,transport_endpoint,1,170,22.383350017812148,22.071078711837878,22.696018332515457,0ddebd4915dd2e264e24b7b25047d24f86c3cdf63930a1e6df77585e0b97de02
1,1000,transport_endpoint,1,180,23.397278109940657,23.073161126359032,23.709820215156334,0ddebd4915dd2e264e24b7b25047d24f86c3cdf63930a1e6df77585e0b97de02
1,1000,transport_endpoint,1,190,24.38646720057735,24.053859581964272,24.718402698778021,0ddebd4915dd2e264e24b7b25047d24f86c3cdf63930a1e6df77585e0b97de02
1,1000,transport_endpoint,1,200,25.413064566299809,25.074678619949143,25.75035796292827,0ddebd4915dd2e264e24b7b25047d24f86c3cdf63930a1e6df77585e0b97de02
1,1000,transport_endpoint,1,210,26.321512723999522,25.976970120068582,26.659260458348808,0ddebd4915dd2e264e24b7b25047d24f86c3cdf63930a1e6df77585e0b97de02
1,1000,transport_endpoint,1,220,27.246823658262358,26.878877822453259,27.609519902111671,0ddebd4915dd2e264e24b7b25047d24f86c3cdf63930a1e6df77585e0b97de02
1,1000,transport_endpoint,1,230,28.162692772336626,27.787902513629895,28.528231518816085,0ddebd4915dd2e264e24b7b25047d24f86c3cdf63930a1e6df77585e0b97de02
1,1000,transport_endpoint,1,240,29.067140524570185,28.666183031554635,29.453467024041288,0ddebd4915dd2e264e24b7b25047d24f86c3cdf63930a1e6df77585e0b97de02
1,1000,transport_endpoint,1,250,29.930210684657805,29.510175871910164,30.340272854151277,0ddebd4915dd2e264e24b7b25047d24f86c3cdf63930a1e6df77585e0b97de02
1,1000,transport_endpoint,1,260,30.826454385168148,30.370072404283732,31.267505124166249,0ddebd4915dd2e264e24b7b25047d24f86c3cdf63930a1e6df77585e0b97de02
1,1000,transport_endpoint,1,270,31.763236554723907,31.30341227013098,32.218500021400665,0ddebd4915dd2e264e24b7b25047d24f86c3cdf63930a1e6df77585e0b97de02
1,1000,transport_endpoint,1,280,32.633342735575191,32.176371788281031,33.081516614605199,0ddebd4915dd2e264e24b7b25047d24f86c3cdf63930a1e6df77585e0b97de02
1,1000,transport_endpoint,1,290,33.491558964504087,33.00998721057978,33.957242408024044,0ddebd4915dd2e264e24b7b25047d24f86c3cdf63930a1e6df77585e0b97de02
1,1000,transport_endpoint,1,300,34.267371604738372,33.74673976816166,34.774287370530324,0ddebd4915dd2e264e24b7b25047d24f86c3cdf63930a1e6df77585e0b97de02
1,1000,transport_endpoint,1,310,35.095076119848244,34.53578384763167,35.630048202031453,0ddebd4915dd2e264e24b7b25047d24f86c3cdf63930a1e6df77585e0b97de02
1,1000,transport_endpoint,1,320,35.911302489988678,35.338097769909275,36.468309578952429,0ddebd4915dd2e264e24b7b25047d24f86c3cdf63930a1e6df77585e0b97de02
1,1000,transport_endpoint,1,330,36.748192221848448,36.184058212527795,37.291378865320191,0ddebd4915dd2e264e24b7b25047d24f86c3cdf63930a1e6df77585e0b97de02
1,1000,transport_endpoint,1,340,37.516310513748735,36.939444744779244,38.077699599264228,0ddebd4915dd2e264e24b7b25047d24f86c3cdf63930a1e6df77585e0b97de02
1,1000,transport_endpoint,1,350,38.29509809103169,37.722882711692627,38.85866166259202,0ddebd4915dd2e264e24b7b25047d24f86c3cdf63930a1e6df77585e0b97de02
1,1000,transport_endpoint,1,360,39.117248406291559,38.536579590695993,39.690315761830718,0ddebd4915dd2e264e24b7b25047d24f86c3cdf63930a1e6df77585e0b97de02
1,1000,transport_endpoint,1,370,39.930989270571793,39.348743983117416,40.492630751385583,0ddebd4915dd2e264e24b7b25047d24f86c3cdf63930a1e6df77585e0b97de02
1,1000,transport_endpoint,1,380,40.6878095299504,40.083079828190087,41.272206718353942,0ddebd4915dd2e264e24b7b25047d24f86c3cdf63930a1e6df77585e0b97de02
1,1000,transport_endpoint,1,390,41.481657290279308,40.870304622542093,42.087061609965396,0ddebd4915dd2e264e24b7b25047d24f86c3cdf63930a1e6df77585e0b97de02
1,1000,transport_endpoint,1,400,42.215386984665564,41.606593430663331,42.826693408880885,0ddebd4915dd2e264e24b7b25047d24f86c3cdf63930a1e6df77585e0b97de02
1,1000,transport_endpoint,1,410,42.980218738640424,42.36359182015515,43.59473341843627,0ddebd4915dd2e264e24b7b25047d24f86c3cdf63930a1e6df77585e0b97de02
1,1000,transport_endpoint,1,420,43.745056590980077,43.105956906932335,44.369734670177706,0ddebd4915dd2e264e24b7b25047d24f86c3cdf63930a1e6df77585e0b97de02
1,1000,transport_endpoint,1,430,44.521634345017588,43.87208344381758,45.159186693020921,0ddebd4915dd2e264e24b7b25047d24f86c3cdf63930a1e6df77585e0b97de02
1,1000,transport_endpoint,1,440,45.248315385599824,44.601976398907375,45.895555728370617,0ddebd4915dd2e264e24b7b25047d24f86c3cdf63930a1e6df77585e0b97de02
1,1000,transport_endpoint,1,450,46.037553322208709,45.388796686009769,46.683487224901071,0ddebd4915dd2e264e24b7b25047d24f86c3cdf63930a1e6df77585e0b97de02
1,1000,transport_endpoint,1,460,46.779179582936287,46.096353799303529,47.460450234825039,0ddebd4915dd2e264e24b7b25047d24f86c3cdf63930a1e6df77585e0b97de02
1,1000,transport_endpoint,1,470,47.520828310980463,46.83829258937147,48.206527697556908,0ddebd4915dd2e264e24b7b25047d24f86c3cdf63930a1e6df77585e0b97de02
1,1000,transport_endpoint,1,480,48.307352508493487,47.634563670237988,48.987865214217855,0ddebd4915dd2e264e24b7b25047d24f86c3cdf63930a1e6df77585e0b97de02
1,1000,transport_endpoint,1,490,48.99932971324877,48.323774561526804,49.670212518638685,0ddebd4915dd2e264e24b7b25047d24f86c3cdf63930a1e6df77585e0b97de02
1,1000,transport_endpoint,1,500,49.740970851645017,49.052751213513375,50.434124389443362,0ddebd4915dd2e264e24b7b25047d24f86c3cdf63930a1e6df77585e0b97de02
1,1000,transport_endpoint,1,510,50.462730372629949,49.786511026058626,51.14305706036577,0ddebd4915dd2e264e24b7b25047d24f86c3cdf63930a1e6df77585e0b97de02
1,1000,transport_endpoint,1,520,51.127708705560579,50.449517211163176,51.822126833827646,0ddebd4915dd2e264e24b7b25047d24f86c3cdf63930a1e6df77585e0b97de02
1,1000,transport_endpoint,1,530,51.830998109929375,51.106418396387326,52.566698656142968,0ddebd4915dd2e264e24b7b25047d24f86c3cdf63930a1e6df77585e0b97de02
1,1000,transport_endpoint,1,540,52.503638190320025,51.772601892692549,53.246427255954778,0ddebd4915dd2e264e24b7b25047d24f86c3cdf63930a1e6df77585e0b97de02
1,1000,transport_endpoint,1,550,53.192487995637876,52.465281655258323,53.937807526261068,0ddebd4915dd2e264e24b7b25047d24f86c3cdf63930a1e6df77585e0b97de02
1,1000,transport_endpoint,1,560,53.904438851663912,53.146776527557506,54.685340458025436,0ddebd4915dd2e264e24b7b25047d24f86c3cdf63930a1e6df77585e0b97de02
1,1000,transport_endpoint,1,570,54.536935412687207,53.77048915064799,55.321052017535656,0ddebd4915dd2e264e24b7b25047d24f86c3cdf63930a1e6df77585e0b97de02
1,1000,transport_endpoint,1,580,55.202652016909305,54.421824306037024,56.009349762892505,0ddebd4915dd2e264e24b7b25047d24f86c3cdf63930a1e6df77585e0b97de02
1,1000,transport_endpoint,1,590,55.837409340769433,55.049451969343949,56.640243079106057,0ddebd4915dd2e264e24b7b25047d24f86c3cdf63930a1e6df77585e0b97de02
1,1000,transport_endpoint,1,600,56.559065834344594,55.761483578849017,57.37105349206248,0ddebd4915dd2e264e24b7b25047d24f86c3cdf63930a1e6df77585e0b97de02
1,1000,transport_endpoint,1,610,57.192489770908566,56.380110169737961,58.020302969474237,0ddebd4915dd2e264e24b7b25047d24f86c3cdf63930a1e6df77585e0b97de02
1,1000,transport_endpoint,1,620,57.836842680927475,57.013769506917228,58.687572436844313,0ddebd4915dd2e264e24b7b25047d24f86c3cdf63930a1e6df77585e0b97de02
1,1000,transport_endpoint,1,630,58.553115678245085,57.726089358041527,59.415673026092584,0ddebd4915dd2e264e24b7b25047d24f86c3cdf63930a1e6df77585e0b97de02
1,1000,transport_endpoint,1,640,59.172834387850607,58.360347191102775,60.018812278863358,0ddebd4915dd2e264e24b7b25047d24f86c3cdf63930a1e6df77585e0b97de02
1,1000,transport_endpoint,1,650,59.841657262244489,59.010556979468667,60.699825025436418,0ddebd4915dd2e264e24b7b25047d24f86c3cdf63930a1e6df77585e0b97de02
1,1000,transport_endpoint,1,660,60.4536322840178,59.616524742499543,61.314610736603321,0ddebd4915dd2e264e24b7b25047d24f86c3cdf63930a1e6df77585e0b97de02
1,1000,transport_endpoint,1,670,61.044377761931862,60.198347730339989,61.923634567965564,0ddebd4915dd2e264e24b7b25047d24f86c3cdf63930a1e6df77585e0b97de02
1,1000,transport_endpoint,1,680,61.706111019327885,60.861022288679294,62.575366440626993,0ddebd4915dd2e264e24b7b25047d24f86c3cdf63930a1e6df77585e0b97de02
1,1000,transport_endpoint,1,690,62.295298259170231,61.450913306937245,63.155193478500387,0ddebd4915dd2e264e24b7b25047d24f86c3cdf63930a1e6df77585e0b97de02
1,1000,transport_endpoint,1,700,62.869339808228723,62.025981564929282,63.730259242080152,0ddebd4915dd2e264e24b7b25047d24f86c3cdf63930a1e6df77585e0b97de02
1,1000,transport_endpoint,1,710,63.466481556921529,62.61512774499041,64.344592248058021,0ddebd4915dd2e264e24b7b25047d24f86c3cdf63930a1e6df77585e0b97de02
1,1000,transport_endpoint,1,720,64.00579198040829,63.145473931370653,64.887844586428784,0ddebd4915dd2e264e24b7b25047d24f86c3cdf63930a1e6df77585e0b97de02
1,1000,transport_endpoint,1,730,64.62185632502306,63.750712369828378,65.517950444133447,0ddebd4915dd2e264e24b7b25047d24f86c3cdf63930a1e6df77585e0b97de02
1,1000,transport_endpoint,1,740,65.249774621494055,64.379859949899412,66.153149581947616,0ddebd4915dd2e264e24b7b25047d24f86c3cdf63930a1e6df77585e0b97de02
1,1000,transport_endpoint,1,750,65.841239924548105,64.957329737142501,66.746541863874597,0ddebd4915dd2e264e24b7b25047d24f86c3cdf63930a1e6df77585e0b97de02
1,1000,transport_endpoint,1,760,66.394895358882309,65.501531139655754,67.308722641200788,0ddebd4915dd2e264e24b7b25047d24f86c3cdf63930a1e6df77585e0b97de02
1,1000,transport_endpoint,1,770,67.063155523108918,66.165012217583765,67.984165598265619,0ddebd4915dd2e264e24b7b25047d24f86c3cdf63930a1e6df77585e0b97de02
1,1000,transport_endpoint,1,780,67.709602519325259,66.797627699829292,68.635516896912463,0ddebd4915dd2e264e24b7b25047d24f86c3cdf63930a1e6df77585e0b97de02
1,1000,transport_endpoint,1,790,68.311370559284654,67.401044492071051,69.239839658134187,0ddebd4915dd2e264e24b7b25047d24f86c3cdf63930a1e6df77585e0b97de02
1,1000,transport_endpoint,1,800,68.945271788933837,68.029660653987605,69.882209347393797,0ddebd4915dd2e264e24b7b25047d24f86c3cdf63930a1e6df77585e0b97de02
1,1000,transport_endpoint,1,810,69.532158910834696,68.59478273678495,70.506773079724852,0ddebd4915dd2e264e24b7b25047d24f86c3cdf63930a1e6df77585e0b97de02
1,1000,transport_endpoint,1,820,70.103288249658817,69.154937153440869,71.087660802956677,0ddebd4915dd2e264e24b7b25047d24f86c3cdf63930a1e6df77585e0b97de02
1,1000,transport_endpoint,1,830,70.723965022936738,69.775912379568879,71.713138081965141,0ddebd4915dd2e264e24b7b25047d24f86c3cdf63930a1e6df77585e0b97de02
1,1000,transport_endpoint,1,840,71.277510549226506,70.32112528919167,72.270177597702983,0ddebd4915dd2e264e24b7b25047d24f86c3cdf63930a1e6df77585e0b97de02
1,1000,transport_endpoint,1,850,71.863523787533481,70.883635105664112,72.883421738504296,0ddebd4915dd2e264e24b7b25047d24f86c3cdf63930a1e6df77585e0b97de02
1,1000,transport_endpoint,1,860,72.426454946267242,71.423072242365023,73.462120014866557,0ddebd4915dd2e264e24b7b25047d24f86c3cdf63930a1e6df77585e0b97de02
1,1000,transport_endpoint,1,870,72.969081083009073,71.979077120388084,73.991438454786888,0ddebd4915dd2e264e24b7b25047d24f86c3cdf63930a1e6df77585e0b97de02
1,1000,transport_endpoint,1,880,73.578109080563976,72.575363638418182,74.604374028188118,0ddebd4915dd2e264e24b7b25047d24f86c3cdf63930a1e6df77585e0b97de02
1,1000,transport_endpoint,1,890,74.130440691031467,73.137362972701524,75.14292784516681,0ddebd4915dd2e264e24b7b25047d24f86c3cdf63930a1e6df77585e0b97de02
1,1000,transport_endpoint,1,900,74.590530328734872,73.584744131048353,75.612806842591738,0ddebd4915dd2e264e24b7b25047d24f86c3cdf63930a1e6df77585e0b97de02
1,1000,transport_endpoint,1,910,75.138033809655752,74.112345669659803,76.192659674940089,0ddebd4915dd2e264e24b7b25047d24f86c3cdf63930a1e6df77585e0b97de02
1,1000,transport_endpoint,1,920,75.687627837660798,74.621692385294011,76.7819309420331,0ddebd4915dd2e264e24b7b25047d24f86c3cdf63930a1e6df77585e0b97de02
1,1000,transport_endpoint,1,930,76.21658502289921,75.144313282594268,77.321614238507564,0ddebd4915dd2e264e24b7b25047d24f86c3cdf63930a1e6df77585e0b97de02
1,1000,transport_endpoint,1,940,76.805352017360804,75.724354400301152,77.911555212480479,0ddebd4915dd2e264e24b7b25047d24f86c3cdf63930a1e6df77585e0b97de02
1,1000,transport_endpoint,1,950,77.314728226869022,76.205723729643964,78.436310131225866,0ddebd4915dd2e264e24b7b25047d24f86c3cdf63930a1e6df77585e0b97de02
1,1000,transport_endpoint,1,960,77.920391731156982,76.811910083850989,79.054455318084152,0ddebd4915dd2e264e24b7b25047d24f86c3cdf63930a1e6df77585e0b97de02
1,1000,transport_endpoint,1,970,78.431817789137185,77.314548189447819,79.577656584709558,0ddebd4915dd2e264e24b7b25047d24f86c3cdf63930a1e6df77585e0b97de02
1,1000,transport_endpoint,1,980,79.014154421607032,77.8836889733454,80.160898689553733,0ddebd4915dd2e264e24b7b25047d24f86c3cdf63930a1e6df77585e0b97de02
1,1000,transport_endpoint,1,990,79.554564860300218,78.423945451447395,80.719855335587212,0ddebd4915dd2e264e24b7b25047d24f86c3cdf63930a1e6df77585e0b97de02
1,1000,transport_endpoint,1,1000,80.058440724365411,78.906369522583788,81.239187706607851,0ddebd4915dd2e264e24b7b25047d24f86c3cdf63930a1e6df77585e0b97de02
1,1000,frozen_reference,2,1,0.2056386556644772,0.16997805434680688,0.24197907848954614,0ddebd4915dd2e264e24b7b25047d24f86c3cdf63930a1e6df77585e0b97de02
1,1000,frozen_reference,2,10,1.775176232316565,1.7034558930119497,1.8469933466273631,0ddebd4915dd2e264e24b7b25047d24f86c3cdf63930a1e6df77585e0b97de02
1,1000,frozen_reference,2,20,3.6107991700967119,3.5108146964342319,3.716497235964066,0ddebd4915dd2e264e24b7b25047d24f86c3cdf63930a1e6df77585e0b97de02
1,1000,frozen_reference,2,30,5.398965228929244,5.2875782522811807,5.5110510785248508,0ddebd4915dd2e264e24b7b25047d24f86c3cdf63930a1e6df77585e0b97de02
1,1000,frozen_reference,2,40,6.9150992408980434,6.7639841535224807,7.0631406376905561,0ddebd4915dd2e264e24b7b25047d24f86c3cdf63930a1e6df77585e0b97de02
1,1000,frozen_reference,2,50,8.3003959717790465,8.1589138411328808,8.4338913075528303,0ddebd4915dd2e264e24b7b25047d24f86c3cdf63930a1e6df77585e0b97de02
1,1000,frozen_reference,2,60,9.6246907270750146,9.4774222868141411,9.7650606889012916,0ddebd4915dd2e264e24b7b25047d24f86c3cdf63930a1e6df77585e0b97de02
1,1000,frozen_reference,2,70,10.945631621398288,10.765183853564031,11.122613154894308,0ddebd4915dd2e264e24b7b25047d24f86c3cdf63930a1e6df77585e0b97de02
1,1000,frozen_reference,2,80,12.183827237180699,12.006311654567641,12.357021033162013,0ddebd4915dd2e264e24b7b25047d24f86c3cdf63930a1e6df77585e0b97de02
1,1000,frozen_reference,2,90,13.427458141879203,13.24481298738424,13.610290016300045,0ddebd4915dd2e264e24b7b25047d24f86c3cdf63930a1e6df77585e0b97de02
1,1000,frozen_reference,2,100,14.670371719955163,14.47153992039752,14.872258471201517,0ddebd4915dd2e264e24b7b25047d24f86c3cdf63930a1e6df77585e0b97de02
1,1000,frozen_reference,2,110,15.861899214826913,15.653478686747489,16.075929900814398,0ddebd4915dd2e264e24b7b25047d24f86c3cdf63930a1e6df77585e0b97de02
1,1000,frozen_reference,2,120,16.945990403009986,16.7179531497144,17.174514468655889,0ddebd4915dd2e264e24b7b25047d24f86c3cdf63930a1e6df77585e0b97de02
1,1000,frozen_reference,2,130,18.0028234058958,17.774973465286081,18.228530015465335,0ddebd4915dd2e264e24b7b25047d24f86c3cdf63930a1e6df77585e0b97de02
1,1000,frozen_reference,2,140,19.065470448027433,18.795685805581243,19.327812589638992,0ddebd4915dd2e264e24b7b25047d24f86c3cdf63930a1e6df77585e0b97de02
1,1000,frozen_reference,2,150,20.167232271837793,19.900768994305359,20.430265296607509,0ddebd4915dd2e264e24b7b25047d24f86c3cdf63930a1e6df77585e0b97de02
1,1000,frozen_reference,2,160,21.171058115603742,20.88344040241477,21.455945675230705,0ddebd4915dd2e264e24b7b25047d24f86c3cdf63930a1e6df77585e0b97de02
1,1000,frozen_reference,2,170,22.241327264871998,21.895942657685108,22.580412887309329,0ddebd4915dd2e264e24b7b25047d24f86c3cdf63930a1e6df77585e0b97de02
1,1000,frozen_reference,2,180,23.252820231843369,22.901589718062233,23.593369655885812,0ddebd4915dd2e264e24b7b25047d24f86c3cdf63930a1e6df77585e0b97de02
1,1000,frozen_reference,2,190,24.21193091654948,23.850505393083786,24.569329048169067,0ddebd4915dd2e264e24b7b25047d24f86c3cdf63930a1e6df77585e0b97de02
1,1000,frozen_reference,2,200,25.266422551702604,24.905540495402136,25.630570907316791,0ddebd4915dd2e264e24b7b25047d24f86c3cdf63930a1e6df77585e0b97de02
1,1000,frozen_reference,2,210,26.199357495354249,25.811077516810457,26.57802147380356,0ddebd4915dd2e264e24b7b25047d24f86c3cdf63930a1e6df77585e0b97de02
1,1000,frozen_reference,2,220,27.153225817388062,26.734568000358301,27.567500470365847,0ddebd4915dd2e264e24b7b25047d24f86c3cdf63930a1e6df77585e0b97de02
1,1000,frozen_reference,2,230,28.062524658956395,27.635438321209129,28.478872788739267,0ddebd4915dd2e264e24b7b25047d24f86c3cdf63930a1e6df77585e0b97de02
1,1000,frozen_reference,2,240,28.979736248836794,28.531473551933107,29.419124931585685,0ddebd4915dd2e264e24b7b25047d24f86c3cdf63930a1e6df77585e0b97de02
1,1000,frozen_reference,2,250,29.870346552955581,29.395120167501272,30.342861913969909,0ddebd4915dd2e264e24b7b25047d24f86c3cdf63930a1e6df77585e0b97de02
1,1000,frozen_reference,2,260,30.757313581502885,30.245256148520568,31.258665994250865,0ddebd4915dd2e264e24b7b25047d24f86c3cdf63930a1e6df77585e0b97de02
1,1000,frozen_reference,2,270,31.701042827115824,31.168266674576589,32.235453320772884,0ddebd4915dd2e264e24b7b25047d24f86c3cdf63930a1e6df77585e0b97de02
1,1000,frozen_reference,2,280,32.613372506181889,32.071538250190201,33.142573252910452,0ddebd4915dd2e264e24b7b25047d24f86c3cdf63930a1e6df77585e0b97de02
1,1000,frozen_reference,2,290,33.485819671247839,32.923274224183189,34.031122230350199,0ddebd4915dd2e264e24b7b25047d24f86c3cdf63930a1e6df77585e0b97de02
1,1000,frozen_reference,2,300,34.232683437843413,33.626116520377273,34.823242157496594,0ddebd4915dd2e264e24b7b25047d24f86c3cdf63930a1e6df77585e0b97de02
1,1000,frozen_reference,2,310,35.098263171274823,34.461470827115654,35.710661696829504,0ddebd4915dd2e264e24b7b25047d24f86c3cdf63930a1e6df77585e0b97de02
1,1000,frozen_reference,2,320,35.901805594749419,35.240765253388936,36.547243383937818,0ddebd4915dd2e264e24b7b25047d24f86c3cdf63930a1e6df77585e0b97de02
1,1000,frozen_reference,2,330,36.761501607364728,36.110678218965333,37.388218414980052,0ddebd4915dd2e264e24b7b25047d24f86c3cdf63930a1e6df77585e0b97de02
1,1000,frozen_reference,2,340,37.568480434172919,36.913196625033741,38.205648266632728,0ddebd4915dd2e264e24b7b25047d24f86c3cdf63930a1e6df77585e0b97de02
1,1000,frozen_reference,2,350,38.384536360356556,37.723072573439808,39.033904301172939,0ddebd4915dd2e264e24b7b25047d24f86c3cdf63930a1e6df77585e0b97de02
1,1000,frozen_reference,2,360,39.216633893252563,38.544426399632357,39.881459393284054,0ddebd4915dd2e264e24b7b25047d24f86c3cdf63930a1e6df77585e0b97de02
1,1000,frozen_reference,2,370,39.979039478376066,39.30523213883918,40.650206219813001,0ddebd4915dd2e264e24b7b25047d24f86c3cdf63930a1e6df77585e0b97de02
1,1000,frozen_reference,2,380,40.728362594064301,40.035683918569177,41.41463428856575,0ddebd4915dd2e264e24b7b25047d24f86c3cdf63930a1e6df77585e0b97de02
1,1000,frozen_reference,2,390,41.528401507791422,40.820281367955815,42.236964880201839,0ddebd4915dd2e264e24b7b25047d24f86c3cdf63930a1e6df77585e0b97de02
1,1000,frozen_reference,2,400,42.278591255941386,41.571810969994061,42.993492041611212,0ddebd4915dd2e264e24b7b25047d24f86c3cdf63930a1e6df77585e0b97de02
1,1000,frozen_reference,2,410,43.055075999066275,42.333582545233035,43.787104775423622,0ddebd4915dd2e264e24b7b25047d24f86c3cdf63930a1e6df77585e0b97de02
1,1000,frozen_reference,2,420,43.846476842556861,43.098681399941668,44.592963504571486,0ddebd4915dd2e264e24b7b25047d24f86c3cdf63930a1e6df77585e0b97de02
1,1000,frozen_reference,2,430,44.637420848398548,43.863472714453195,45.407502287288125,0ddebd4915dd2e264e24b7b25047d24f86c3cdf63930a1e6df77585e0b97de02
1,1000,frozen_reference,2,440,45.388644536342916,44.631900578515598,46.142020044524209,0ddebd4915dd2e264e24b7b25047d24f86c3cdf63930a1e6df77585e0b97de02
1,1000,frozen_reference,2,450,46.193639638108401,45.425201112891962,46.961220058530152,0ddebd4915dd2e264e24b7b25047d24f86c3cdf63930a1e6df77585e0b97de02
1,1000,frozen_reference,2,460,46.928153456310298,46.14236340947442,47.72534642984423,0ddebd4915dd2e264e24b7b25047d24f86c3cdf63930a1e6df77585e0b97de02
1,1000,frozen_reference,2,470,47.669191589483646,46.867075221405287,48.471175830464311,0ddebd4915dd2e264e24b7b25047d24f86c3cdf63930a1e6df77585e0b97de02
1,1000,frozen_reference,2,480,48.469456370077431,47.674841771943456,49.27268140750904,0ddebd4915dd2e264e24b7b25047d24f86c3cdf63930a1e6df77585e0b97de02
1,1000,frozen_reference,2,490,49.125657742941939,48.32378862395246,49.936921725530681,0ddebd4915dd2e264e24b7b25047d24f86c3cdf63930a1e6df77585e0b97de02
1,1000,frozen_reference,2,500,49.850928738231794,49.036433989283807,50.676311876598731,0ddebd4915dd2e264e24b7b25047d24f86c3cdf63930a1e6df77585e0b97de02
1,1000,frozen_reference,2,510,50.594978674374559,49.795421250550646,51.404088808166009,0ddebd4915dd2e264e24b7b25047d24f86c3cdf63930a1e6df77585e0b97de02
1,1000,frozen_reference,2,520,51.326426699222253,50.509357968087464,52.15547670897822,0ddebd4915dd2e264e24b7b25047d24f86c3cdf63930a1e6df77585e0b97de02
1,1000,frozen_reference,2,530,52.004140729194987,51.151970121222398,52.876303973809122,0ddebd4915dd2e264e24b7b25047d24f86c3cdf63930a1e6df77585e0b97de02
1,1000,frozen_reference,2,540,52.651270449725587,51.798469669903859,53.525509748216486,0ddebd4915dd2e264e24b7b25047d24f86c3cdf63930a1e6df77585e0b97de02
1,1000,frozen_reference,2,550,53.350073228868162,52.494040691222757,54.229439197275781,0ddebd4915dd2e264e24b7b25047d24f86c3cdf63930a1e6df77585e0b97de02
1,1000,frozen_reference,2,560,54.038913681137252,53.158446928711122,54.943789083147863,0ddebd4915dd2e264e24b7b25047d24f86c3cdf63930a1e6df77585e0b97de02
1,1000,frozen_reference,2,570,54.708120622359836,53.80188886792623,55.644790326392979,0ddebd4915dd2e264e24b7b25047d24f86c3cdf63930a1e6df77585e0b97de02
1,1000,frozen_reference,2,580,55.339038590845099,54.419207239990719,56.288625895416729,0ddebd4915dd2e264e24b7b25047d24f86c3cdf63930a1e6df77585e0b97de02
1,1000,frozen_reference,2,590,55.967058720698425,55.045458785445383,56.913599266241341,0ddebd4915dd2e264e24b7b25047d24f86c3cdf63930a1e6df77585e0b97de02
1,1000,frozen_reference,2,600,56.635446143342804,55.711374433560323,57.588698843585419,0ddebd4915dd2e264e24b7b25047d24f86c3cdf63930a1e6df77585e0b97de02
1,1000,frozen_reference,2,610,57.261182510627293,56.33620572238403,58.223828182069653,0ddebd4915dd2e264e24b7b25047d24f86c3cdf63930a1e6df77585e0b97de02
1,1000,frozen_reference,2,620,57.961016958113525,57.036846876208493,58.917206591359545,0ddebd4915dd2e264e24b7b25047d24f86c3cdf63930a1e6df77585e0b97de02
1,1000,frozen_reference,2,630,58.668564630890884,57.73495390550066,59.64648838621936,0ddebd4915dd2e264e24b7b25047d24f86c3cdf63930a1e6df77585e0b97de02
1,1000,frozen_reference,2,640,59.313005809416573,58.368430868080225,60.281969519360715,0ddebd4915dd2e264e24b7b25047d24f86c3cdf63930a1e6df77585e0b97de02
1,1000,frozen_reference,2,650,59.965482799801769,59.007522191185281,60.95562105540116,0ddebd4915dd2e264e24b7b25047d24f86c3cdf63930a1e6df77585e0b97de02
1,1000,frozen_reference,2,660,60.537612322452112,59.577463052698434,61.535531980339712,0ddebd4915dd2e264e24b7b25047d24f86c3cdf63930a1e6df77585e0b97de02
1,1000,frozen_reference,2,670,61.142861778336176,60.17196258743887,62.151932515367974,0ddebd4915dd2e264e24b7b25047d24f86c3cdf63930a1e6df77585e0b97de02
1,1000,frozen_reference,2,680,61.821969867370314,60.849961777134212,62.830815030006832,0ddebd4915dd2e264e24b7b25047d24f86c3cdf63930a1e6df77585e0b97de02
1,1000,frozen_reference,2,690,62.432537621094973,61.459464635841321,63.439405688274846,0ddebd4915dd2e264e24b7b25047d24f86c3cdf63930a1e6df77585e0b97de02
1,1000,frozen_reference,2,700,63.022314559023471,62.030975409546727,64.040169826785444,0ddebd4915dd2e264e24b7b25047d24f86c3cdf63930a1e6df77585e0b97de02
1,1000,frozen_reference,2,710,63.67278768072579,62.669065266739175,64.707347892506533,0ddebd4915dd2e264e24b7b25047d24f86c3cdf63930a1e6df77585e0b97de02
1,1000,frozen_reference,2,720,64.253831969197151,63.251631166825085,65.283984538257812,0ddebd4915dd2e264e24b7b25047d24f86c3cdf63930a1e6df77585e0b97de02
1,1000,frozen_reference,2,730,64.894050884828758,63.874885435980552,65.928470779001728,0ddebd4915dd2e264e24b7b25047d24f86c3cdf63930a1e6df77585e0b97de02
1,1000,frozen_reference,2,740,65.523164471545627,64.480565787981746,66.577027251280484,0ddebd4915dd2e264e24b7b25047d24f86c3cdf63930a1e6df77585e0b97de02
1,1000,frozen_reference,2,750,66.087079507834574,65.035131116827543,67.152591744645349,0ddebd4915dd2e264e24b7b25047d24f86c3cdf63930a1e6df77585e0b97de02
1,1000,frozen_reference,2,760,66.64432342152837,65.587087764368235,67.709758869711365,0ddebd4915dd2e264e24b7b25047d24f86c3cdf63930a1e6df77585e0b97de02
1,1000,frozen_reference,2,770,67.299857252595928,66.22705626764035,68.382384358132811,0ddebd4915dd2e264e24b7b25047d24f86c3cdf63930a1e6df77585e0b97de02
1,1000,frozen_reference,2,780,67.918438573106755,66.844004915996976,69.00350753115697,0ddebd4915dd2e264e24b7b25047d24f86c3cdf63930a1e6df77585e0b97de02
1,1000,frozen_reference,2,790,68.53081535634891,67.446601514460539,69.615180663675844,0ddebd4915dd2e264e24b7b25047d24f86c3cdf63930a1e6df77585e0b97de02
1,1000,frozen_reference,2,800,69.159789200905465,68.076225275033778,70.237501796405567,0ddebd4915dd2e264e24b7b25047d24f86c3cdf63930a1e6df77585e0b97de02
1,1000,frozen_reference,2,810,69.765725785493188,68.637804462829195,70.891730198090116,0ddebd4915dd2e264e24b7b25047d24f86c3cdf63930a1e6df77585e0b97de02
1,1000,frozen_reference,2,820,70.337732453803739,69.206507316471914,71.474677090093408,0ddebd4915dd2e264e24b7b25047d24f86c3cdf63930a1e6df77585e0b97de02
1,1000,frozen_reference,2,830,70.95731118930324,69.830322416928539,72.100176409757566,0ddebd4915dd2e264e24b7b25047d24f86c3cdf63930a1e6df77585e0b97de02
1,1000,frozen_reference,2,840,71.522066013665778,70.376862763980228,72.684885244958679,0ddebd4915dd2e264e24b7b25047d24f86c3cdf63930a1e6df77585e0b97de02
1,1000,frozen_reference,2,850,72.090634275829046,70.928646850549967,73.268326723214571,0ddebd4915dd2e264e24b7b25047d24f86c3cdf63930a1e6df77585e0b97de02
1,1000,frozen_reference,2,860,72.665576051278634,71.48601748530011,73.872635745660745,0ddebd4915dd2e264e24b7b25047d24f86c3cdf63930a1e6df77585e0b97de02
1,1000,frozen_reference,2,870,73.235153423159787,72.057318561978448,74.449263756665715,0ddebd4915dd2e264e24b7b25047d24f86c3cdf63930a1e6df77585e0b97de02
1,1000,frozen_reference,2,880,73.817034869894016,72.639975659791418,75.033273771196576,0ddebd4915dd2e264e24b7b25047d24f86c3cdf63930a1e6df77585e0b97de02
1,1000,frozen_reference,2,890,74.387451830757556,73.214543307278561,75.590204503570618,0ddebd4915dd2e264e24b7b25047d24f86c3cdf63930a1e6df77585e0b97de02
1,1000,frozen_reference,2,900,74.895591821942659,73.713219630087735,76.115139893271177,0ddebd4915dd2e264e24b7b25047d24f86c3cdf63930a1e6df77585e0b97de02
1,1000,frozen_reference,2,910,75.407977756707439,74.217276073596807,76.63460532004207,0ddebd4915dd2e264e24b7b25047d24f86c3cdf63930a1e6df77585e0b97de02
1,1000,frozen_reference,2,920,75.932246530257714,74.69877061938989,77.19379507329981,0ddebd4915dd2e264e24b7b25047d24f86c3cdf63930a1e6df77585e0b97de02
1,1000,frozen_reference,2,930,76.461484321214826,75.22953605692355,77.733845873178765,0ddebd4915dd2e264e24b7b25047d24f86c3cdf63930a1e6df77585e0b97de02
1,1000,frozen_reference,2,940,77.054470653109377,75.789927590046219,78.368851760979325,0ddebd4915dd2e264e24b7b25047d24f86c3cdf63930a1e6df77585e0b97de02
1,1000,frozen_reference,2,950,77.542395491457214,76.285627882020023,78.850060942497635,0ddebd4915dd2e264e24b7b25047d24f86c3cdf63930a1e6df77585e0b97de02
1,1000,frozen_reference,2,960,78.125094461733397,76.858723007271394,79.451863932038464,0ddebd4915dd2e264e24b7b25047d24f86c3cdf63930a1e6df77585e0b97de02
1,1000,frozen_reference,2,970,78.629159666158287,77.363548717648115,79.973345553114171,0ddebd4915dd2e264e24b7b25047d24f86c3cdf63930a1e6df77585e0b97de02
1,1000,frozen_reference,2,980,79.231400014284517,77.959953884144298,80.578389333498464,0ddebd4915dd2e264e24b7b25047d24f86c3cdf63930a1e6df77585e0b97de02
1,1000,frozen_reference,2,990,79.779626890410583,78.505567506853026,81.130321246265154,0ddebd4915dd2e264e24b7b25047d24f86c3cdf63930a1e6df77585e0b97de02
1,1000,frozen_reference,2,1000,80.249249335219986,78.956912695735923,81.618984468229428,0ddebd4915dd2e264e24b7b25047d24f86c3cdf63930a1e6df77585e0b97de02
1,1000,naive_current,3,1,0.2056386556644772,0.16997805434680688,0.24197907848954614,0ddebd4915dd2e264e24b7b25047d24f86c3cdf63930a1e6df77585e0b97de02
1,1000,naive_current,3,10,1.7981186894741752,1.7253674471134395,1.8716289908908126,0ddebd4915dd2e264e24b7b25047d24f86c3cdf63930a1e6df77585e0b97de02
1,1000,naive_current,3,20,3.6069978364249895,3.5085721260242111,3.7119853167176258,0ddebd4915dd2e264e24b7b25047d24f86c3cdf63930a1e6df77585e0b97de02
1,1000,naive_current,3,30,5.3942813454747114,5.2861678752003867,5.5041236020591109,0ddebd4915dd2e264e24b7b25047d24f86c3cdf63930a1e6df77585e0b97de02
1,1000,naive_current,3,40,6.8798877125591718,6.7348273929534948,7.0207987646638186,0ddebd4915dd2e264e24b7b25047d24f86c3cdf63930a1e6df77585e0b97de02
1,1000,naive_current,3,50,8.2989434604925165,8.1663851782938366,8.4229400427000147,0ddebd4915dd2e264e24b7b25047d24f86c3cdf63930a1e6df77585e0b97de02
1,1000,naive_current,3,60,9.5941274602472006,9.4372945755848239,9.7431419407910553,0ddebd4915dd2e264e24b7b25047d24f86c3cdf63930a1e6df77585e0b97de02
1,1000,naive_current,3,70,10.936259239311617,10.749011182047205,11.116591476577943,0ddebd4915dd2e264e24b7b25047d24f86c3cdf63930a1e6df77585e0b97de02
1,1000,naive_current,3,80,12.178922462882667,11.999718609778284,12.354642324816012,0ddebd4915dd2e264e24b7b25047d24f86c3cdf63930a1e6df77585e0b97de02
1,1000,naive_current,3,90,13.407882177616706,13.22930990813736,13.578236045317604,0ddebd4915dd2e264e24b7b25047d24f86c3cdf63930a1e6df77585e0b97de02
1,1000,naive_current,3,100,14.636205760137051,14.437174917934003,14.835111149181957,0ddebd4915dd2e264e24b7b25047d24f86c3cdf63930a1e6df77585e0b97de02
1,1000,naive_current,3,110,15.798525439242093,15.576751015091293,16.019992233295255,0ddebd4915dd2e264e24b7b25047d24f86c3cdf63930a1e6df77585e0b97de02
1,1000,naive_current,3,120,16.957732606514043,16.724477292944993,17.189250239583053,0ddebd4915dd2e264e24b7b25047d24f86c3cdf63930a1e6df77585e0b97de02
1,1000,naive_current,3,130,18.050905491373445,17.804634177891412,18.292271884538657,0ddebd4915dd2e264e24b7b25047d24f86c3cdf63930a1e6df77585e0b97de02
1,1000,naive_current,3,140,19.107337544051074,18.831603365164039,19.37784399020132,0ddebd4915dd2e264e24b7b25047d24f86c3cdf63930a1e6df77585e0b97de02
1,1000,naive_current,3,150,20.21262768206881,19.955047031030162,20.471589058716646,0ddebd4915dd2e264e24b7b25047d24f86c3cdf63930a1e6df77585e0b97de02
1,1000,naive_current,3,160,21.261340962217233,20.985616996299612,21.53889313192267,0ddebd4915dd2e264e24b7b25047d24f86c3cdf63930a1e6df77585e0b97de02
1,1000,naive_current,3,170,22.350976323824156,22.039135912300491,22.667850652551486,0ddebd4915dd2e264e24b7b25047d24f86c3cdf63930a1e6df77585e0b97de02
1,1000,naive_current,3,180,23.379961904365178,23.047681156479275,23.706836016572957,0ddebd4915dd2e264e24b7b25047d24f86c3cdf63930a1e6df77585e0b97de02
1,1000,naive_current,3,190,24.384110253450238,24.048979257559349,24.717665560405845,0ddebd4915dd2e264e24b7b25047d24f86c3cdf63930a1e6df77585e0b97de02
1,1000,naive_current,3,200,25.391984379720341,25.052684715635088,25.736519896199614,0ddebd4915dd2e264e24b7b25047d24f86c3cdf63930a1e6df77585e0b97de02
1,1000,naive_current,3,210,26.320465549707531,25.97053432071084,26.668159323208727,0ddebd4915dd2e264e24b7b25047d24f86c3cdf63930a1e6df77585e0b97de02
1,1000,naive_current,3,220,27.259858888431637,26.88313143596087,27.630704937260234,0ddebd4915dd2e264e24b7b25047d24f86c3cdf63930a1e6df77585e0b97de02
1,1000,naive_current,3,230,28.172120331692039,27.78465956649346,28.549079056344951,0ddebd4915dd2e264e24b7b25047d24f86c3cdf63930a1e6df77585e0b97de02
1,1000,naive_current,3,240,29.053004546762505,28.654463672818444,29.443095625921291,0ddebd4915dd2e264e24b7b25047d24f86c3cdf63930a1e6df77585e0b97de02
1,1000,naive_current,3,250,29.921790139138448,29.499852607878378,30.342682754882773,0ddebd4915dd2e264e24b7b25047d24f86c3cdf63930a1e6df77585e0b97de02
1,1000,naive_current,3,260,30.821324548479655,30.355160333678612,31.279187836692703,0ddebd4915dd2e264e24b7b25047d24f86c3cdf63930a1e6df77585e0b97de02
1,1000,naive_current,3,270,31.778465484160652,31.294334362565532,32.263746492932903,0ddebd4915dd2e264e24b7b25047d24f86c3cdf63930a1e6df77585e0b97de02
1,1000,naive_current,3,280,32.642946719626082,32.159201740347577,33.119541164094301,0ddebd4915dd2e264e24b7b25047d24f86c3cdf63930a1e6df77585e0b97de02
1,1000,naive_current,3,290,33.488333086626596,32.990175988374062,33.990774827729666,0ddebd4915dd2e264e24b7b25047d24f86c3cdf63930a1e6df77585e0b97de02
1,1000,naive_current,3,300,34.265797819493848,33.719743795963232,34.802264305358229,0ddebd4915dd2e264e24b7b25047d24f86c3cdf63930a1e6df77585e0b97de02
1,1000,naive_current,3,310,35.071962013392778,34.495905686582347,35.648509232281498,0ddebd4915dd2e264e24b7b25047d24f86c3cdf63930a1e6df77585e0b97de02
1,1000,naive_current,3,320,35.887180117129255,35.282633908303687,36.487726441991938,0ddebd4915dd2e264e24b7b25047d24f86c3cdf63930a1e6df77585e0b97de02
1,1000,naive_current,3,330,36.733226672213952,36.141997285896302,37.320203008972719,0ddebd4915dd2e264e24b7b25047d24f86c3cdf63930a1e6df77585e0b97de02
1,1000,naive_current,3,340,37.490866252101185,36.888264787806484,38.087849432421891,0ddebd4915dd2e264e24b7b25047d24f86c3cdf63930a1e6df77585e0b97de02
1,1000,naive_current,3,350,38.263974174909187,37.657642601910879,38.868923740618321,0ddebd4915dd2e264e24b7b25047d24f86c3cdf63930a1e6df77585e0b97de02
1,1000,naive_current,3,360,39.105231848923992,38.47773378430302,39.734823026741005,0ddebd4915dd2e264e24b7b25047d24f86c3cdf63930a1e6df77585e0b97de02
1,1000,naive_current,3,370,39.941573496360462,39.30287762826984,40.584505437821619,0ddebd4915dd2e264e24b7b25047d24f86c3cdf63930a1e6df77585e0b97de02
1,1000,naive_current,3,380,40.683415862200825,40.015578169152441,41.357656520839114,0ddebd4915dd2e264e24b7b25047d24f86c3cdf63930a1e6df77585e0b97de02
1,1000,naive_current,3,390,41.470400908281505,40.785664939562238,42.163156584298612,0ddebd4915dd2e264e24b7b25047d24f86c3cdf63930a1e6df77585e0b97de02
1,1000,naive_current,3,400,42.216775438185138,41.532349165665252,42.912866678619118,0ddebd4915dd2e264e24b7b25047d24f86c3cdf63930a1e6df77585e0b97de02
1,1000,naive_current,3,410,42.97197542136103,42.274086941502972,43.679224750249951,0ddebd4915dd2e264e24b7b25047d24f86c3cdf63930a1e6df77585e0b97de02
1,1000,naive_current,3,420,43.737597520912814,43.025766061366923,44.46061662194689,0ddebd4915dd2e264e24b7b25047d24f86c3cdf63930a1e6df77585e0b97de02
1,1000,naive_current,3,430,44.521496114281824,43.786971192590002,45.265986256175253,0ddebd4915dd2e264e24b7b25047d24f86c3cdf63930a1e6df77585e0b97de02
1,1000,naive_current,3,440,45.246715707248185,44.520367973781823,45.981851281624422,0ddebd4915dd2e264e24b7b25047d24f86c3cdf63930a1e6df77585e0b97de02
1,1000,naive_current,3,450,46.036920989672062,45.305309092147816,46.784655126366012,0ddebd4915dd2e264e24b7b25047d24f86c3cdf63930a1e6df77585e0b97de02
1,1000,naive_current,3,460,46.786810641381599,46.017671989969763,47.5733834534064,0ddebd4915dd2e264e24b7b25047d24f86c3cdf63930a1e6df77585e0b97de02
1,1000,naive_current,3,470,47.522715649592641,46.754300802547,48.310613117023962,0ddebd4915dd2e264e24b7b25047d24f86c3cdf63930a1e6df77585e0b97de02
1,1000,naive_current,3,480,48.312125973546671,47.553720940446134,49.097108499415832,0ddebd4915dd2e264e24b7b25047d24f86c3cdf63930a1e6df77585e0b97de02
1,1000,naive_current,3,490,48.985056745355216,48.232389038083831,49.759269247810195,0ddebd4915dd2e264e24b7b25047d24f86c3cdf63930a1e6df77585e0b97de02
1,1000,naive_current,3,500,49.70796103688879,48.938934436373941,50.501919383837418,0ddebd4915dd2e264e24b7b25047d24f86c3cdf63930a1e6df77585e0b97de02
1,1000,naive_current,3,510,50.433436049117709,49.674735415291543,51.215922467044905,0ddebd4915dd2e264e24b7b25047d24f86c3cdf63930a1e6df77585e0b97de02
1,1000,naive_current,3,520,51.106963929164095,50.339821777472075,51.902973314517439,0ddebd4915dd2e264e24b7b25047d24f86c3cdf63930a1e6df77585e0b97de02
1,1000,naive_current,3,530,51.815567337689572,51.01639985631315,52.641186710982709,0ddebd4915dd2e264e24b7b25047d24f86c3cdf63930a1e6df77585e0b97de02
1,1000,naive_current,3,540,52.486676459311774,51.678289270404846,53.325790382294187,0ddebd4915dd2e264e24b7b25047d24f86c3cdf63930a1e6df77585e0b97de02
1,1000,naive_current,3,550,53.179278906070209,52.367616998333482,54.031505251282844,0ddebd4915dd2e264e24b7b25047d24f86c3cdf63930a1e6df77585e0b97de02
1,1000,naive_current,3,560,53.874496765344119,53.051977821516232,54.744294538244361,0ddebd4915dd2e264e24b7b25047d24f86c3cdf63930a1e6df77585e0b97de02
1,1000,naive_current,3,570,54.522548241933556,53.686361287315165,55.421320197659959,0ddebd4915dd2e264e24b7b25047d24f86c3cdf63930a1e6df77585e0b97de02
1,1000,naive_current,3,580,55.168803174110451,54.32121140389058,56.081139256575106,0ddebd4915dd2e264e24b7b25047d24f86c3cdf63930a1e6df77585e0b97de02
1,1000,naive_current,3,590,55.802338545476175,54.946174756970436,56.704182944956919,0ddebd4915dd2e264e24b7b25047d24f86c3cdf63930a1e6df77585e0b97de02
1,1000,naive_current,3,600,56.51144899422745,55.653183012968086,57.412479236741213,0ddebd4915dd2e264e24b7b25047d24f86c3cdf63930a1e6df77585e0b97de02
1,1000,naive_current,3,610,57.157058671914804,56.288419882370974,58.077965745175028,0ddebd4915dd2e264e24b7b25047d24f86c3cdf63930a1e6df77585e0b97de02
1,1000,naive_current,3,620,57.811757092991847,56.941387985779144,58.748585597593568,0ddebd4915dd2e264e24b7b25047d24f86c3cdf63930a1e6df77585e0b97de02
1,1000,naive_current,3,630,58.545019231083195,57.642493070106582,59.503340235248963,0ddebd4915dd2e264e24b7b25047d24f86c3cdf63930a1e6df77585e0b97de02
1,1000,naive_current,3,640,59.158022015102425,58.269731493728699,60.103238856620735,0ddebd4915dd2e264e24b7b25047d24f86c3cdf63930a1e6df77585e0b97de02
1,1000,naive_current,3,650,59.829892536350741,58.923341374056484,60.794549799658661,0ddebd4915dd2e264e24b7b25047d24f86c3cdf63930a1e6df77585e0b97de02
1,1000,naive_current,3,660,60.444422129654384,59.52439169476083,61.404696975585189,0ddebd4915dd2e264e24b7b25047d24f86c3cdf63930a1e6df77585e0b97de02
1,1000,naive_current,3,670,61.033682312042671,60.089883047502859,62.015243816739087,0ddebd4915dd2e264e24b7b25047d24f86c3cdf63930a1e6df77585e0b97de02
1,1000,naive_current,3,680,61.711003545014307,60.781315034579656,62.696582821681183,0ddebd4915dd2e264e24b7b25047d24f86c3cdf63930a1e6df77585e0b97de02
1,1000,naive_current,3,690,62.30220327583713,61.368716077917377,63.311102881490505,0ddebd4915dd2e264e24b7b25047d24f86c3cdf63930a1e6df77585e0b97de02
1,1000,naive_current,3,700,62.879677163680569,61.936490117406144,63.876786661229147,0ddebd4915dd2e264e24b7b25047d24f86c3cdf63930a1e6df77585e0b97de02
1,1000,naive_current,3,710,63.476193472600862,62.519877263558406,64.490298513624154,0ddebd4915dd2e264e24b7b25047d24f86c3cdf63930a1e6df77585e0b97de02
1,1000,naive_current,3,720,64.01807255270144,63.062029576966474,65.036496310208292,0ddebd4915dd2e264e24b7b25047d24f86c3cdf63930a1e6df77585e0b97de02
1,1000,naive_current,3,730,64.627234624310503,63.659316877707781,65.66090059788479,0ddebd4915dd2e264e24b7b25047d24f86c3cdf63930a1e6df77585e0b97de02
1,1000,naive_current,3,740,65.252409902609372,64.277418429959411,66.292059187261557,0ddebd4915dd2e264e24b7b25047d24f86c3cdf63930a1e6df77585e0b97de02
1,1000,naive_current,3,750,65.826660057947748,64.85665678357114,66.870806758593005,0ddebd4915dd2e264e24b7b25047d24f86c3cdf63930a1e6df77585e0b97de02
1,1000,naive_current,3,760,66.373874890517214,65.394689740311648,67.411504719113395,0ddebd4915dd2e264e24b7b25047d24f86c3cdf63930a1e6df77585e0b97de02
1,1000,naive_current,3,770,67.03809807435448,66.049120078599572,68.099814500749275,0ddebd4915dd2e264e24b7b25047d24f86c3cdf63930a1e6df77585e0b97de02
1,1000,naive_current,3,780,67.676368326243107,66.677002428829908,68.73445354039734,0ddebd4915dd2e264e24b7b25047d24f86c3cdf63930a1e6df77585e0b97de02
1,1000,naive_current,3,790,68.270959888998163,67.261492106211193,69.322735218404972,0ddebd4915dd2e264e24b7b25047d24f86c3cdf63930a1e6df77585e0b97de02
1,1000,naive_current,3,800,68.891291834798125,67.887470151097716,69.936435455239248,0ddebd4915dd2e264e24b7b25047d24f86c3cdf63930a1e6df77585e0b97de02
1,1000,naive_current,3,810,69.489824029942667,68.44939637491305,70.590650811193115,0ddebd4915dd2e264e24b7b25047d24f86c3cdf63930a1e6df77585e0b97de02
1,1000,naive_current,3,820,70.056261279220948,69.009459581373235,71.153131895898184,0ddebd4915dd2e264e24b7b25047d24f86c3cdf63930a1e6df77585e0b97de02
1,1000,naive_current,3,830,70.671562806357457,69.629436605591266,71.772717504480525,0ddebd4915dd2e264e24b7b25047d24f86c3cdf63930a1e6df77585e0b97de02
1,1000,naive_current,3,840,71.230195687663766,70.183829339303216,72.341525670274763,0ddebd4915dd2e264e24b7b25047d24f86c3cdf63930a1e6df77585e0b97de02
1,1000,naive_current,3,850,71.826189186221711,70.767582705802056,72.946203533978746,0ddebd4915dd2e264e24b7b25047d24f86c3cdf63930a1e6df77585e0b97de02
1,1000,naive_current,3,860,72.407935721848133,71.326017309884918,73.554942299672732,0ddebd4915dd2e264e24b7b25047d24f86c3cdf63930a1e6df77585e0b97de02
1,1000,naive_current,3,870,72.982503789097422,71.90474028143278,74.141745268201021,0ddebd4915dd2e264e24b7b25047d24f86c3cdf63930a1e6df77585e0b97de02
1,1000,naive_current,3,880,73.575067303852578,72.497768292247656,74.73848976216253,0ddebd4915dd2e264e24b7b25047d24f86c3cdf63930a1e6df77585e0b97de02
1,1000,naive_current,3,890,74.11339117253678,73.031037039624849,75.269910789502461,0ddebd4915dd2e264e24b7b25047d24f86c3cdf63930a1e6df77585e0b97de02
1,1000,naive_current,3,900,74.57301260424633,73.477627811558534,75.742097566390811,0ddebd4915dd2e264e24b7b25047d24f86c3cdf63930a1e6df77585e0b97de02
1,1000,naive_current,3,910,75.129925157503095,74.008652066459504,76.335154368313781,0ddebd4915dd2e264e24b7b25047d24f86c3cdf63930a1e6df77585e0b97de02
1,1000,naive_current,3,920,75.687980441266234,74.535363854006562,76.918079324731522,0ddebd4915dd2e264e24b7b25047d24f86c3cdf63930a1e6df77585e0b97de02
1,1000,naive_current,3,930,76.222958279470205,75.069188228798296,77.462017015495306,0ddebd4915dd2e264e24b7b25047d24f86c3cdf63930a1e6df77585e0b97de02
1,1000,naive_current,3,940,76.831289522734281,75.641429556977101,78.111526319642692,0ddebd4915dd2e264e24b7b25047d24f86c3cdf63930a1e6df77585e0b97de02
1,1000,naive_current,3,950,77.33508725655966,76.134244635903087,78.624935230683406,0ddebd4915dd2e264e24b7b25047d24f86c3cdf63930a1e6df77585e0b97de02
1,1000,naive_current,3,960,77.938765898171553,76.717179756224596,79.256541659293561,0ddebd4915dd2e264e24b7b25047d24f86c3cdf63930a1e6df77585e0b97de02
1,1000,naive_current,3,970,78.443093682602751,77.223099682149268,79.767887497553829,0ddebd4915dd2e264e24b7b25047d24f86c3cdf63930a1e6df77585e0b97de02
1,1000,naive_current,3,980,79.036470014886461,77.795622376021953,80.37362934380873,0ddebd4915dd2e264e24b7b25047d24f86c3cdf63930a1e6df77585e0b97de02
1,1000,naive_current,3,990,79.580675800988459,78.334733204926337,80.920318729582064,0ddebd4915dd2e264e24b7b25047d24f86c3cdf63930a1e6df77585e0b97de02
1,1000,naive_current,3,1000,80.097461674796662,78.829846473289422,81.445150278373063,0ddebd4915dd2e264e24b7b25047d24f86c3cdf63930a1e6df77585e0b97de02
2,1000,transport_hessian,0,1,0.20563860590878671,0.17032620160315537,0.24177502205275281,0ddebd4915dd2e264e24b7b25047d24f86c3cdf63930a1e6df77585e0b97de02
2,1000,transport_hessian,0,10,1.7874348415025889,1.7089268556537265,1.8669265386938976,0ddebd4915dd2e264e24b7b25047d24f86c3cdf63930a1e6df77585e0b97de02
2,1000,transport_hessian,0,20,3.5878037886848908,3.4845486648240231,3.6928906841061657,0ddebd4915dd2e264e24b7b25047d24f86c3cdf63930a1e6df77585e0b97de02
2,1000,transport_hessian,0,30,5.3798342534764867,5.2708361151781942,5.4839741157466939,0ddebd4915dd2e264e24b7b25047d24f86c3cdf63930a1e6df77585e0b97de02
2,1000,transport_hessian,0,40,6.9239184513896168,6.7849090077844902,7.0608687873291638,0ddebd4915dd2e264e24b7b25047d24f86c3cdf63930a1e6df77585e0b97de02
2,1000,transport_hessian,0,50,8.4082948107162103,8.2805639484059306,8.5292776110159547,0ddebd4915dd2e264e24b7b25047d24f86c3cdf63930a1e6df77585e0b97de02
2,1000,transport_hessian,0,60,9.7983149551386717,9.6371965917837166,9.9591197703516432,0ddebd4915dd2e264e24b7b25047d24f86c3cdf63930a1e6df77585e0b97de02
2,1000,transport_hessian,0,70,11.13084088638783,10.950104631276075,11.309992108409881,0ddebd4915dd2e264e24b7b25047d24f86c3cdf63930a1e6df77585e0b97de02
2,1000,transport_hessian,0,80,12.399268112760602,12.215166443929398,12.582649248378063,0ddebd4915dd2e264e24b7b25047d24f86c3cdf63930a1e6df77585e0b97de02
2,1000,transport_hessian,0,90,13.713307237015719,13.505536798242261,13.915060422195747,0ddebd4915dd2e264e24b7b25047d24f86c3cdf63930a1e6df77585e0b97de02
2,1000,transport_hessian,0,100,14.988847159999972,14.766398986848483,15.201609646574523,0ddebd4915dd2e264e24b7b25047d24f86c3cdf63930a1e6df77585e0b97de02
2,1000,transport_hessian,0,110,16.269417466888804,16.054112943160298,16.481722661566028,0ddebd4915dd2e264e24b7b25047d24f86c3cdf63930a1e6df77585e0b97de02
2,1000,transport_hessian,0,120,17.44616159136228,17.208560819347646,17.672900130838812,0ddebd4915dd2e264e24b7b25047d24f86c3cdf63930a1e6df77585e0b97de02
2,1000,transport_hessian,0,130,18.662277705427115,18.411495185108539,18.910063296352181,0ddebd4915dd2e264e24b7b25047d24f86c3cdf63930a1e6df77585e0b97de02
2,1000,transport_hessian,0,140,19.801767944597227,19.530151657617576,20.070311072024449,0ddebd4915dd2e264e24b7b25047d24f86c3cdf63930a1e6df77585e0b97de02
2,1000,transport_hessian,0,150,20.996879327960819,20.701495920354169,21.298821341107484,0ddebd4915dd2e264e24b7b25047d24f86c3cdf63930a1e6df77585e0b97de02
2,1000,transport_hessian,0,160,22.157335377517846,21.83288121696112,22.482637483823396,0ddebd4915dd2e264e24b7b25047d24f86c3cdf63930a1e6df77585e0b97de02
2,1000,transport_hessian,0,170,23.337722864077332,22.979122575935275,23.698190762753761,0ddebd4915dd2e264e24b7b25047d24f86c3cdf63930a1e6df77585e0b97de02
2,1000,transport_hessian,0,180,24.35908333231253,23.988075753057654,24.726134662356337,0ddebd4915dd2e264e24b7b25047d24f86c3cdf63930a1e6df77585e0b97de02
2,1000,transport_hessian,0,190,25.435777012645449,25.04039650943016,25.821296822220496,0ddebd4915dd2e264e24b7b25047d24f86c3cdf63930a1e6df77585e0b97de02
2,1000,transport_hessian,0,200,26.581524910353419,26.169069972858967,26.982161659249662,0ddebd4915dd2e264e24b7b25047d24f86c3cdf63930a1e6df77585e0b97de02
2,1000,transport_hessian,0,210,27.611033077118009,27.155714628788473,28.054337108382356,0ddebd4915dd2e264e24b7b25047d24f86c3cdf63930a1e6df77585e0b97de02
2,1000,transport_hessian,0,220,28.667667551090446,28.195113698888584,29.125363215094993,0ddebd4915dd2e264e24b7b25047d24f86c3cdf63930a1e6df77585e0b97de02
2,1000,transport_hessian,0,230,29.777936264111286,29.288866693598919,30.242974916153141,0ddebd4915dd2e264e24b7b25047d24f86c3cdf63930a1e6df77585e0b97de02
2,1000,transport_hessian,0,240,30.842537088092662,30.346455983363281,31.322939475804734,0ddebd4915dd2e264e24b7b25047d24f86c3cdf63930a1e6df77585e0b97de02
2,1000,transport_hessian,0,250,31.862940019257103,31.349105775897524,32.357977783509128,0ddebd4915dd2e264e24b7b25047d24f86c3cdf63930a1e6df77585e0b97de02
2,1000,transport_hessian,0,260,32.879449408932508,32.356854089077558,33.378957629761807,0ddebd4915dd2e264e24b7b25047d24f86c3cdf63930a1e6df77585e0b97de02
2,1000,transport_hessian,0,270,33.992257025687984,33.43798822213401,34.5300533805434,0ddebd4915dd2e264e24b7b25047d24f86c3cdf63930a1e6df77585e0b97de02
2,1000,transport_hessian,0,280,35.045982385841022,34.463758476480017,35.619096163641032,0ddebd4915dd2e264e24b7b25047d24f86c3cdf63930a1e6df77585e0b97de02
2,1000,transport_hessian,0,290,36.069193483786506,35.480308916242713,36.645759942298284,0ddebd4915dd2e264e24b7b25047d24f86c3cdf63930a1e6df77585e0b97de02
2,1000,transport_hessian,0,300,37.035330031957983,36.428000118948681,37.629253929739676,0ddebd4915dd2e264e24b7b25047d24f86c3cdf63930a1e6df77585e0b97de02
2,1000,transport_hessian,0,310,37.971680651281716,37.341259062992592,38.591552333926458,0ddebd4915dd2e264e24b7b25047d24f86c3cdf63930a1e6df77585e0b97de02
2,1000,transport_hessian,0,320,38.968619752789621,38.33618531322751,39.599424471738558,0ddebd4915dd2e264e24b7b25047d24f86c3cdf63930a1e6df77585e0b97de02
2,1000,transport_hessian,0,330,39.974064912343472,39.318275965495957,40.617629343856883,0ddebd4915dd2e264e24b7b25047d24f86c3cdf63930a1e6df77585e0b97de02
2,1000,transport_hessian,0,340,40.99235488167681,40.327527999011089,41.647429716164503,0ddebd4915dd2e264e24b7b25047d24f86c3cdf63930a1e6df77585e0b97de02
2,1000,transport_hessian,0,350,41.915637637953751,41.240215077755067,42.59459939220028,0ddebd4915dd2e264e24b7b25047d24f86c3cdf63930a1e6df77585e0b97de02
2,1000,transport_hessian,0,360,42.794719249042352,42.078499379462052,43.504981324251872,0ddebd4915dd2e264e24b7b25047d24f86c3cdf63930a1e6df77585e0b97de02
2,1000,transport_hessian,0,370,43.715805853644099,42.999099129335271,44.427966340336916,0ddebd4915dd2e264e24b7b25047d24f86c3cdf63930a1e6df77585e0b97de02
2,1000,transport_hessian,0,380,44.590815643243083,43.847952019452414,45.33093831612841,0ddebd4915dd2e264e24b7b25047d24f86c3cdf63930a1e6df77585e0b97de02
2,1000,transport_hessian,0,390,45.486044976090994,44.730256776432306,46.234298254011549,0ddebd4915dd2e264e24b7b25047d24f86c3cdf63930a1e6df77585e0b97de02
2,1000,transport_hessian,0,400,46.364705945875791,45.593786929147377,47.11292312859193,0ddebd4915dd2e264e24b7b25047d24f86c3cdf63930a1e6df77585e0b97de02
2,1000,transport_hessian,0,410,47.332748945123996,46.540976339500347,48.114399991912208,0ddebd4915dd2e264e24b7b25047d24f86c3cdf63930a1e6df77585e0b97de02
2,1000,transport_hessian,0,420,48.257792111541605,47.447288457533695,49.06175650420974,0ddebd4915dd2e264e24b7b25047d24f86c3cdf63930a1e6df77585e0b97de02
2,1000,transport_hessian,0,430,49.109483468157094,48.292242591066149,49.91679225682843,0ddebd4915dd2e264e24b7b25047d24f86c3cdf63930a1e6df77585e0b97de02
2,1000,transport_hessian,0,440,50.015087403826925,49.170414195052381,50.84262157435839,0ddebd4915dd2e264e24b7b25047d24f86c3cdf63930a1e6df77585e0b97de02
2,1000,transport_hessian,0,450,50.90669860649438,50.064872185057432,51.732276413295814,0ddebd4915dd2e264e24b7b25047d24f86c3cdf63930a1e6df77585e0b97de02
2,1000,transport_hessian,0,460,51.756353791468392,50.921744193880009,52.589121422426949,0ddebd4915dd2e264e24b7b25047d24f86c3cdf63930a1e6df77585e0b97de02
2,1000,transport_hessian,0,470,52.634342486131033,51.778736761831524,53.496914551919772,0ddebd4915dd2e264e24b7b25047d24f86c3cdf63930a1e6df77585e0b97de02
2,1000,transport_hessian,0,480,53.515167612004618,52.645179625540592,54.39612489870143,0ddebd4915dd2e264e24b7b25047d24f86c3cdf63930a1e6df77585e0b97de02
2,1000,transport_hessian,0,490,54.449875444912635,53.545958771192481,55.369438605610299,0ddebd4915dd2e264e24b7b25047d24f86c3cdf63930a1e6df77585e0b97de02
2,1000,transport_hessian,0,500,55.323690294686067,54.409902009410004,56.243828095028803,0ddebd4915dd2e264e24b7b25047d24f86c3cdf63930a1e6df77585e0b97de02
2,1000,transport_hessian,0,510,56.169975996380487,55.250784948868329,57.09155503333136,0ddebd4915dd2e264e24b7b25047d24f86c3cdf63930a1e6df77585e0b97de02
2,1000,transport_hessian,0,520,57.126131407280027,56.189804852473976,58.067234427056,0ddebd4915dd2e264e24b7b25047d24f86c3cdf63930a1e6df77585e0b97de02
2,1000,transport_hessian,0,530,57.970129888722269,57.006700412685611,58.939030653540598,0ddebd4915dd2e264e24b7b25047d24f86c3cdf63930a1e6df77585e0b97de02
2,1000,transport_hessian,0,540,58.843737949457335,57.85846668272881,59.828905998391917,0ddebd4915dd2e264e24b7b25047d24f86c3cdf63930a1e6df77585e0b97de02
2,1000,transport_hessian,0,550,59.675403992562316,58.685806542040176,60.663053425712008,0ddebd4915dd2e264e24b7b25047d24f86c3cdf63930a1e6df77585e0b97de02
2,1000,transport_hessian,0,560,60.467978538205841,59.483696812531541,61.453746895751657,0ddebd4915dd2e264e24b7b25047d24f86c3cdf63930a1e6df77585e0b97de02
2,1000,transport_hessian,0,570,61.262439790853215,60.292609041981073,62.247013255653719,0ddebd4915dd2e264e24b7b25047d24f86c3cdf63930a1e6df77585e0b97de02
2,1000,transport_hessian,0,580,62.114846863298638,61.165411673095598,63.090878485430665,0ddebd4915dd2e264e24b7b25047d24f86c3cdf63930a1e6df77585e0b97de02
2,1000,transport_hessian,0,590,62.907025817822394,61.945508948034679,63.887242243419173,0ddebd4915dd2e264e24b7b25047d24f86c3cdf63930a1e6df77585e0b97de02
2,1000,transport_hessian,0,600,63.691927880928631,62.716035279988603,64.682762132707524,0ddebd4915dd2e264e24b7b25047d24f86c3cdf63930a1e6df77585e0b97de02
2,1000,transport_hessian,0,610,64.525612804828867,63.523062190016311,65.542277933742895,0ddebd4915dd2e264e24b7b25047d24f86c3cdf63930a1e6df77585e0b97de02
2,1000,transport_hessian,0,620,65.306141227658472,64.295604771281504,66.333975200752718,0ddebd4915dd2e264e24b7b25047d24f86c3cdf63930a1e6df77585e0b97de02
2,1000,transport_hessian,0,630,66.155461378847804,65.155301614080699,67.165699783186966,0ddebd4915dd2e264e24b7b25047d24f86c3cdf63930a1e6df77585e0b97de02
2,1000,transport_hessian,0,640,67.010024496534811,65.992218271533588,68.034723501358911,0ddebd4915dd2e264e24b7b25047d24f86c3cdf63930a1e6df77585e0b97de02
2,1000,transport_hessian,0,650,67.782327059204547,66.749245171424164,68.827735396396989,0ddebd4915dd2e264e24b7b25047d24f86c3cdf63930a1e6df77585e0b97de02
2,1000,transport_hessian,0,660,68.581128050812495,67.540532280974773,69.634847059516133,0ddebd4915dd2e264e24b7b25047d24f86c3cdf63930a1e6df77585e0b97de02
2,1000,transport_hessian,0,670,69.360206061062115,68.335201955693222,70.402689784825981,0ddebd4915dd2e264e24b7b25047d24f86c3cdf63930a1e6df77585e0b97de02
2,1000,transport_hessian,0,680,70.264339180522057,69.241268050860228,71.320099492479684,0ddebd4915dd2e264e24b7b25047d24f86c3cdf63930a1e6df77585e0b97de02
2,1000,transport_hessian,0,690,71.017521008818846,70.007036851427543,72.05892589814782,0ddebd4915dd2e264e24b7b25047d24f86c3cdf63930a1e6df77585e0b97de02
2,1000,transport_hessian,0,700,71.762191047269283,70.727789020156109,72.831419592902932,0ddebd4915dd2e264e24b7b25047d24f86c3cdf63930a1e6df77585e0b97de02
2,1000,transport_hessian,0,710,72.52766847088958,71.461059900634993,73.623292968424352,0ddebd4915dd2e264e24b7b25047d24f86c3cdf63930a1e6df77585e0b97de02
2,1000,transport_hessian,0,720,73.242545715476169,72.165353062875113,74.348260377326909,0ddebd4915dd2e264e24b7b25047d24f86c3cdf63930a1e6df77585e0b97de02
2,1000,transport_hessian,0,730,74.063060572736546,72.976171039329571,75.190355709789003,0ddebd4915dd2e264e24b7b25047d24f86c3cdf63930a1e6df77585e0b97de02
2,1000,transport_hessian,0,740,74.912398250757292,73.790271822483035,76.076954800425597,0ddebd4915dd2e264e24b7b25047d24f86c3cdf63930a1e6df77585e0b97de02
2,1000,transport_hessian,0,750,75.635983722096029,74.494552756989194,76.822853006685037,0ddebd4915dd2e264e24b7b25047d24f86c3cdf63930a1e6df77585e0b97de02
2,1000,transport_hessian,0,760,76.331158335056656,75.213857780465673,77.504518334793033,0ddebd4915dd2e264e24b7b25047d24f86c3cdf63930a1e6df77585e0b97de02
2,1000,transport_hessian,0,770,77.090851173716359,75.943020928245531,78.294126312556557,0ddebd4915dd2e264e24b7b25047d24f86c3cdf63930a1e6df77585e0b97de02
2,1000,transport_hessian,0,780,77.848358068183984,76.680968056912732,79.057527498824214,0ddebd4915dd2e264e24b7b25047d24f86c3cdf63930a1e6df77585e0b97de02
2,1000,transport_hessian,0,790,78.704122533398873,77.506303577876636,79.929885442501671,0ddebd4915dd2e264e24b7b25047d24f86c3cdf63930a1e6df77585e0b97de02
2,1000,transport_hessian,0,800,79.423708545608903,78.220207471930109,80.668632875114866,0ddebd4915dd2e264e24b7b25047d24f86c3cdf63930a1e6df77585e0b97de02
2,1000,transport_hessian,0,810,80.174989071066278,78.953346685623572,81.441350781579757,0ddebd4915dd2e264e24b7b25047d24f86c3cdf63930a1e6df77585e0b97de02
2,1000,transport_hessian,0,820,80.982705934011321,79.722571006117917,82.279410687256117,0ddebd4915dd2e264e24b7b25047d24f86c3cdf63930a1e6df77585e0b97de02
2,1000,transport_hessian,0,830,81.745351012803809,80.460668570078809,83.084545398107664,0ddebd4915dd2e264e24b7b25047d24f86c3cdf63930a1e6df77585e0b97de02
2,1000,transport_hessian,0,840,82.538316708276184,81.264693009016568,83.875387293069849,0ddebd4915dd2e264e24b7b25047d24f86c3cdf63930a1e6df77585e0b97de02
2,1000,transport_hessian,0,850,83.253289753566676,81.966722254521059,84.581204526100194,0ddebd4915dd2e264e24b7b25047d24f86c3cdf63930a1e6df77585e0b97de02
2,1000,transport_hessian,0,860,83.884551549229784,82.576167712653159,85.237049981607328,0ddebd4915dd2e264e24b7b25047d24f86c3cdf63930a1e6df77585e0b97de02
2,1000,transport_hessian,0,870,84.673027561572383,83.354804174506995,86.038607052597243,0ddebd4915dd2e264e24b7b25047d24f86c3cdf63930a1e6df77585e0b97de02
2,1000,transport_hessian,0,880,85.447276019856815,84.116372915267405,86.822543212356052,0ddebd4915dd2e264e24b7b25047d24f86c3cdf63930a1e6df77585e0b97de02
2,1000,transport_hessian,0,890,86.190850848200512,84.852529836948662,87.563630401294915,0ddebd4915dd2e264e24b7b25047d24f86c3cdf63930a1e6df77585e0b97de02
2,1000,transport_hessian,0,900,86.928665036903894,85.573621918987783,88.325010722742377,0ddebd4915dd2e264e24b7b25047d24f86c3cdf63930a1e6df77585e0b97de02
2,1000,transport_hessian,0,910,87.643642221294016,86.279552409277031,89.042353939218216,0ddebd4915dd2e264e24b7b25047d24f86c3cdf63930a1e6df77585e0b97de02
2,1000,transport_hessian,0,920,88.389549322610804,87.005295279714872,89.818613016701789,0ddebd4915dd2e264e24b7b25047d24f86c3cdf63930a1e6df77585e0b97de02
2,1000,transport_hessian,0,930,89.090659661892076,87.688446952958117,90.528192817831425,0ddebd4915dd2e264e24b7b25047d24f86c3cdf63930a1e6df77585e0b97de02
2,1000,transport_hessian,0,940,89.8238908799256,88.384821852038684,91.290027637060533,0ddebd4915dd2e264e24b7b25047d24f86c3cdf63930a1e6df77585e0b97de02
2,1000,transport_hessian,0,950,90.549835560594587,89.111285834347001,92.021862650255926,0ddebd4915dd2e264e24b7b25047d24f86c3cdf63930a1e6df77585e0b97de02
2,1000,transport_hessian,0,960,91.221078947970668,89.782723420248672,92.708358709835636,0ddebd4915dd2e264e24b7b25047d24f86c3cdf63930a1e6df77585e0b97de02
2,1000,transport_hessian,0,970,91.910799114229576,90.469631341558753,93.41140547205724,0ddebd4915dd2e264e24b7b25047d24f86c3cdf63930a1e6df77585e0b97de02
2,1000,transport_hessian,0,980,92.559956459934043,91.119751135198499,94.052030194560174,0ddebd4915dd2e264e24b7b25047d24f86c3cdf63930a1e6df77585e0b97de02
2,1000,transport_hessian,0,990,93.296474079034198,91.838016749875877,94.814786821523768,0ddebd4915dd2e264e24b7b25047d24f86c3cdf63930a1e6df77585e0b97de02
2,1000,transport_hessian,0,1000,93.988890755342766,92.541155683099717,95.500177898209429,0ddebd4915dd2e264e24b7b25047d24f86c3cdf63930a1e6df77585e0b97de02
2,1000,transport_endpoint,1,1,0.20563860590878671,0.17032620160315537,0.24177502205275281,0ddebd4915dd2e264e24b7b25047d24f86c3cdf63930a1e6df77585e0b97de02
2,1000,transport_endpoint,1,10,1.7932700219070181,1.7174819385561937,1.8706681527182021,0ddebd4915dd2e264e24b7b25047d24f86c3cdf63930a1e6df77585e0b97de02
2,1000,transport_endpoint,1,20,3.5713729496359008,3.4698485906406016,3.6748557722474051,0ddebd4915dd2e264e24b7b25047d24f86c3cdf63930a1e6df77585e0b97de02
2,1000,transport_endpoint,1,30,5.358520939057863,5.2534074215932769,5.4610994917591018,0ddebd4915dd2e264e24b7b25047d24f86c3cdf63930a1e6df77585e0b97de02
2,1000,transport_endpoint,1,40,6.8768181524179672,6.7298482537158373,7.0162122939921359,0ddebd4915dd2e264e24b7b25047d24f86c3cdf63930a1e6df77585e0b97de02
2,1000,transport_endpoint,1,50,8.3135490040728204,8.1703518107426163,8.446403022072257,0ddebd4915dd2e264e24b7b25047d24f86c3cdf63930a1e6df77585e0b97de02
2,1000,transport_endpoint,1,60,9.6221771687610698,9.4667945542939957,9.768313105307092,0ddebd4915dd2e264e24b7b25047d24f86c3cdf63930a1e6df77585e0b97de02
2,1000,transport_endpoint,1,70,10.923679984732907,10.753336163442045,11.095181118280863,0ddebd4915dd2e264e24b7b25047d24f86c3cdf63930a1e6df77585e0b97de02
2,1000,transport_endpoint,1,80,12.172094920618642,12.003545961812478,12.343578996732266,0ddebd4915dd2e264e24b7b25047d24f86c3cdf63930a1e6df77585e0b97de02
2,1000,transport_endpoint,1,90,13.378565139218651,13.193939597115453,13.567592658674386,0ddebd4915dd2e264e24b7b25047d24f86c3cdf63930a1e6df77585e0b97de02
2,1000,transport_endpoint,1,100,14.5962346700863,14.394982379076854,14.793488253726416,0ddebd4915dd2e264e24b7b25047d24f86c3cdf63930a1e6df77585e0b97de02
2,1000,transport_endpoint,1,110,15.758833282020086,15.53338529923527,15.98123682390467,0ddebd4915dd2e264e24b7b25047d24f86c3cdf63930a1e6df77585e0b97de02
2,1000,transport_endpoint,1,120,16.85520536164336,16.635658242068374,17.072530054021637,0ddebd4915dd2e264e24b7b25047d24f86c3cdf63930a1e6df77585e0b97de02
2,1000,transport_endpoint,1,130,17.94307546877771,17.691315408678019,18.195827537703021,0ddebd4915dd2e264e24b7b25047d24f86c3cdf63930a1e6df77585e0b97de02
2,1000,transport_endpoint,1,140,18.974105048901595,18.706229738357749,19.234451276223876,0ddebd4915dd2e264e24b7b25047d24f86c3cdf63930a1e6df77585e0b97de02
2,1000,transport_endpoint,1,150,20.095377313503366,19.826095576571287,20.366258972378155,0ddebd4915dd2e264e24b7b25047d24f86c3cdf63930a1e6df77585e0b97de02
2,1000,transport_endpoint,1,160,21.158590715938303,20.862058799915143,21.455224419551733,0ddebd4915dd2e264e24b7b25047d24f86c3cdf63930a1e6df77585e0b97de02
2,1000,transport_endpoint,1,170,22.179558025973812,21.863599038527592,22.49556021205937,0ddebd4915dd2e264e24b7b25047d24f86c3cdf63930a1e6df77585e0b97de02
2,1000,transport_endpoint,1,180,23.312121144342772,22.984685386160542,23.64629785987232,0ddebd4915dd2e264e24b7b25047d24f86c3cdf63930a1e6df77585e0b97de02
2,1000,transport_endpoint,1,190,24.343685373088675,23.999651511236589,24.695049191151824,0ddebd4915dd2e264e24b7b25047d24f86c3cdf63930a1e6df77585e0b97de02
2,1000,transport_endpoint,1,200,25.35018211798938,24.984361377773254,25.718134923154111,0ddebd4915dd2e264e24b7b25047d24f86c3cdf63930a1e6df77585e0b97de02
2,1000,transport_endpoint,1,210,26.276880501400989,25.87674800468859,26.680213360694793,0ddebd4915dd2e264e24b7b25047d24f86c3cdf63930a1e6df77585e0b97de02
2,1000,transport_endpoint,1,220,27.299851897343245,26.881407084334704,27.716974951579378,0ddebd4915dd2e264e24b7b25047d24f86c3cdf63930a1e6df77585e0b97de02
2,1000,transport_endpoint,1,230,28.283043576474032,27.849389105812705,28.709126543343913,0ddebd4915dd2e264e24b7b25047d24f86c3cdf63930a1e6df77585e0b97de02
2,1000,transport_endpoint,1,240,29.157539799816629,28.688924711372287,29.623730904154673,0ddebd4915dd2e264e24b7b25047d24f86c3cdf63930a1e6df77585e0b97de02
2,1000,transport_endpoint,1,250,30.16213415673321,29.664713829071626,30.660569527809631,0ddebd4915dd2e264e24b7b25047d24f86c3cdf63930a1e6df77585e0b97de02
2,1000,transport_endpoint,1,260,31.006180293275925,30.475472900421,31.526868097685085,0ddebd4915dd2e264e24b7b25047d24f86c3cdf63930a1e6df77585e0b97de02
2,1000,transport_endpoint,1,270,31.970192034300762,31.405124944011156,32.535198159638917,0ddebd4915dd2e264e24b7b25047d24f86c3cdf63930a1e6df77585e0b97de02
2,1000,transport_endpoint,1,280,32.915378685750731,32.334030711135235,33.485113562290877,0ddebd4915dd2e264e24b7b25047d24f86c3cdf63930a1e6df77585e0b97de02
2,1000,transport_endpoint,1,290,33.785430018385355,33.187416590494429,34.365707450542232,0ddebd4915dd2e264e24b7b25047d24f86c3cdf63930a1e6df77585e0b97de02
2,1000,transport_endpoint,1,300,34.596684097648705,33.983839184828319,35.194038314396245,0ddebd4915dd2e264e24b7b25047d24f86c3cdf63930a1e6df77585e0b97de02
2,1000,transport_endpoint,1,310,35.476151519769978,34.826366518030291,36.085637911229753,0ddebd4915dd2e264e24b7b25047d24f86c3cdf63930a1e6df77585e0b97de02
2,1000,transport_endpoint,1,320,36.377782122853276,35.68854373973624,37.016666790288532,0ddebd4915dd2e264e24b7b25047d24f86c3cdf63930a1e6df77585e0b97de02
2,1000,transport_endpoint,1,330,37.246936784064516,36.562699961737671,37.896637875921769,0ddebd4915dd2e264e24b7b25047d24f86c3cdf63930a1e6df77585e0b97de02
2,1000,transport_endpoint,1,340,38.159565053721984,37.477281124092876,38.816326448628679,0ddebd4915dd2e264e24b7b25047d24f86c3cdf63930a1e6df77585e0b97de02
2,1000,transport_endpoint,1,350,38.975033574417601,38.277201373681187,39.643221499591718,0ddebd4915dd2e264e24b7b25047d24f86c3cdf63930a1e6df77585e0b97de02
2,1000,transport_endpoint,1,360,39.719577003856593,39.009887300439679,40.403326312423616,0ddebd4915dd2e264e24b7b25047d24f86c3cdf63930a1e6df77585e0b97de02
2,1000,transport_endpoint,1,370,40.503413601153333,39.77650652306199,41.201743971644625,0ddebd4915dd2e264e24b7b25047d24f86c3cdf63930a1e6df77585e0b97de02
2,1000,transport_endpoint,1,380,41.305499921123904,40.563594890137914,42.028115609887486,0ddebd4915dd2e264e24b7b25047d24f86c3cdf63930a1e6df77585e0b97de02
2,1000,transport_endpoint,1,390,42.08526855527235,41.323420836353662,42.831608842831031,0ddebd4915dd2e264e24b7b25047d24f86c3cdf63930a1e6df77585e0b97de02
2,1000,transport_endpoint,1,400,42.809155289076955,42.051217453616935,43.547536909271109,0ddebd4915dd2e264e24b7b25047d24f86c3cdf63930a1e6df77585e0b97de02
2,1000,transport_endpoint,1,410,43.594593678468925,42.803745283890954,44.370180489336512,0ddebd4915dd2e264e24b7b25047d24f86c3cdf63930a1e6df77585e0b97de02
2,1000,transport_endpoint,1,420,44.376049840371437,43.549405760744648,45.181654045792911,0ddebd4915dd2e264e24b7b25047d24f86c3cdf63930a1e6df77585e0b97de02
2,1000,transport_endpoint,1,430,45.1519937385956,44.309856921965974,45.980094507081816,0ddebd4915dd2e264e24b7b25047d24f86c3cdf63930a1e6df77585e0b97de02
2,1000,transport_endpoint,1,440,45.863425084648242,45.01149103696423,46.695456262320967,0ddebd4915dd2e264e24b7b25047d24f86c3cdf63930a1e6df77585e0b97de02
2,1000,transport_endpoint,1,450,46.684994058748359,45.797822451182121,47.543415688853429,0ddebd4915dd2e264e24b7b25047d24f86c3cdf63930a1e6df77585e0b97de02
2,1000,transport_endpoint,1,460,47.459267089697477,46.523915529381703,48.357390116013349,0ddebd4915dd2e264e24b7b25047d24f86c3cdf63930a1e6df77585e0b97de02
2,1000,transport_endpoint,1,470,48.205285837166706,47.241284229957451,49.125848964452572,0ddebd4915dd2e264e24b7b25047d24f86c3cdf63930a1e6df77585e0b97de02
2,1000,transport_endpoint,1,480,48.897663874309771,47.93220922117051,49.817561099429845,0ddebd4915dd2e264e24b7b25047d24f86c3cdf63930a1e6df77585e0b97de02
2,1000,transport_endpoint,1,490,49.654560379649354,48.688356461827063,50.572525265360468,0ddebd4915dd2e264e24b7b25047d24f86c3cdf63930a1e6df77585e0b97de02
2,1000,transport_endpoint,1,500,50.394678948682923,49.413610946346672,51.318141574547269,0ddebd4915dd2e264e24b7b25047d24f86c3cdf63930a1e6df77585e0b97de02
2,1000,transport_endpoint,1,510,51.087046630712663,50.106962168700569,52.027486909394632,0ddebd4915dd2e264e24b7b25047d24f86c3cdf63930a1e6df77585e0b97de02
2,1000,transport_endpoint,1,520,51.842587645101133,50.847225604366344,52.800515212412975,0ddebd4915dd2e264e24b7b25047d24f86c3cdf63930a1e6df77585e0b97de02
2,1000,transport_endpoint,1,530,52.582081964192021,51.545031286422336,53.568977585826197,0ddebd4915dd2e264e24b7b25047d24f86c3cdf63930a1e6df77585e0b97de02
2,1000,transport_endpoint,1,540,53.324246476241996,52.271402476017023,54.349639905082853,0ddebd4915dd2e264e24b7b25047d24f86c3cdf63930a1e6df77585e0b97de02
2,1000,transport_endpoint,1,550,53.951396953929176,52.899794802739265,54.972130406136003,0ddebd4915dd2e264e24b7b25047d24f86c3cdf63930a1e6df77585e0b97de02
2,1000,transport_endpoint,1,560,54.643122860604223,53.582696097488366,55.673593060780171,0ddebd4915dd2e264e24b7b25047d24f86c3cdf63930a1e6df77585e0b97de02
2,1000,transport_endpoint,1,570,55.359261999528016,54.293212159088192,56.397005917441341,0ddebd4915dd2e264e24b7b25047d24f86c3cdf63930a1e6df77585e0b97de02
2,1000,transport_endpoint,1,580,56.037612519138428,54.926948873604573,57.101375263510533,0ddebd4915dd2e264e24b7b25047d24f86c3cdf63930a1e6df77585e0b97de02
2,1000,transport_endpoint,1,590,56.721635749179171,55.599316075891437,57.78962334658921,0ddebd4915dd2e264e24b7b25047d24f86c3cdf63930a1e6df77585e0b97de02
2,1000,transport_endpoint,1,600,57.397019806378921,56.261080138773394,58.493802560173727,0ddebd4915dd2e264e24b7b25047d24f86c3cdf63930a1e6df77585e0b97de02
2,1000,transport_endpoint,1,610,58.06150592513746,56.920412413044581,59.170346390284593,0ddebd4915dd2e264e24b7b25047d24f86c3cdf63930a1e6df77585e0b97de02
2,1000,transport_endpoint,1,620,58.744946626397088,57.590052174190909,59.866304736446828,0ddebd4915dd2e264e24b7b25047d24f86c3cdf63930a1e6df77585e0b97de02
2,1000,transport_endpoint,1,630,59.3849414578576,58.225132647851808,60.500823058848212,0ddebd4915dd2e264e24b7b25047d24f86c3cdf63930a1e6df77585e0b97de02
2,1000,transport_endpoint,1,640,60.084021836236289,58.925958875159395,61.199770690653644,0ddebd4915dd2e264e24b7b25047d24f86c3cdf63930a1e6df77585e0b97de02
2,1000,transport_endpoint,1,650,60.741293834337426,59.560331391033294,61.878237423001302,0ddebd4915dd2e264e24b7b25047d24f86c3cdf63930a1e6df77585e0b97de02
2,1000,transport_endpoint,1,660,61.306368358956114,60.113228759718467,62.455761949854562,0ddebd4915dd2e264e24b7b25047d24f86c3cdf63930a1e6df77585e0b97de02
2,1000,transport_endpoint,1,670,62.013986968511205,60.790359479252096,63.197540165104293,0ddebd4915dd2e264e24b7b25047d24f86c3cdf63930a1e6df77585e0b97de02
2,1000,transport_endpoint,1,680,62.706776457563521,61.483289758591276,63.897908592589992,0ddebd4915dd2e264e24b7b25047d24f86c3cdf63930a1e6df77585e0b97de02
2,1000,transport_endpoint,1,690,63.433766075908167,62.197022279241125,64.646450361478344,0ddebd4915dd2e264e24b7b25047d24f86c3cdf63930a1e6df77585e0b97de02
2,1000,transport_endpoint,1,700,64.074278988112567,62.821942628348857,65.295405372029705,0ddebd4915dd2e264e24b7b25047d24f86c3cdf63930a1e6df77585e0b97de02
2,1000,transport_endpoint,1,710,64.737752293860396,63.459880822860434,65.978746667598699,0ddebd4915dd2e264e24b7b25047d24f86c3cdf63930a1e6df77585e0b97de02
2,1000,transport_endpoint,1,720,65.376518327110205,64.085378023317716,66.638385082763122,0ddebd4915dd2e264e24b7b25047d24f86c3cdf63930a1e6df77585e0b97de02
2,1000,transport_endpoint,1,730,66.039631342366889,64.733967360785243,67.300246642892091,0ddebd4915dd2e264e24b7b25047d24f86c3cdf63930a1e6df77585e0b97de02
2,1000,transport_endpoint,1,740,66.706655257629961,65.385424672664556,67.990014853441068,0ddebd4915dd2e264e24b7b25047d24f86c3cdf63930a1e6df77585e0b97de02
2,1000,transport_endpoint,1,750,67.277334874140081,65.937068827546767,68.576008762948774,0ddebd4915dd2e264e24b7b25047d24f86c3cdf63930a1e6df77585e0b97de02
2,1000,transport_endpoint,1,760,67.874213003948782,66.525054946017462,69.191663797616542,0ddebd4915dd2e264e24b7b25047d24f86c3cdf63930a1e6df77585e0b97de02
2,1000,transport_endpoint,1,770,68.583173131822235,67.191228096534374,69.936201942727166,0ddebd4915dd2e264e24b7b25047d24f86c3cdf63930a1e6df77585e0b97de02
2,1000,transport_endpoint,1,780,69.271897691297767,67.845393954028424,70.654009936885103,0ddebd4915dd2e264e24b7b25047d24f86c3cdf63930a1e6df77585e0b97de02
2,1000,transport_endpoint,1,790,69.914357566567062,68.479726370523167,71.309922293354788,0ddebd4915dd2e264e24b7b25047d24f86c3cdf63930a1e6df77585e0b97de02
2,1000,transport_endpoint,1,800,70.597239779693027,69.15825347567511,71.994417520183347,0ddebd4915dd2e264e24b7b25047d24f86c3cdf63930a1e6df77585e0b97de02
2,1000,transport_endpoint,1,810,71.214446853775456,69.746344423725517,72.651863906233075,0ddebd4915dd2e264e24b7b25047d24f86c3cdf63930a1e6df77585e0b97de02
2,1000,transport_endpoint,1,820,71.811701035894359,70.335436109518824,73.251660552292734,0ddebd4915dd2e264e24b7b25047d24f86c3cdf63930a1e6df77585e0b97de02
2,1000,transport_endpoint,1,830,72.462973151889472,70.969151828320378,73.915943434595135,0ddebd4915dd2e264e24b7b25047d24f86c3cdf63930a1e6df77585e0b97de02
2,1000,transport_endpoint,1,840,73.090390182208537,71.608341005326594,74.54899969037092,0ddebd4915dd2e264e24b7b25047d24f86c3cdf63930a1e6df77585e0b97de02
2,1000,transport_endpoint,1,850,73.600999619745167,72.098090656239577,75.084400031967007,0ddebd4915dd2e264e24b7b25047d24f86c3cdf63930a1e6df77585e0b97de02
2,1000,transport_endpoint,1,860,74.202163476606941,72.677217999454498,75.709863611824645,0ddebd4915dd2e264e24b7b25047d24f86c3cdf63930a1e6df77585e0b97de02
2,1000,transport_endpoint,1,870,74.806907763983475,73.276877710833332,76.328658004877198,0ddebd4915dd2e264e24b7b25047d24f86c3cdf63930a1e6df77585e0b97de02
2,1000,transport_endpoint,1,880,75.411317898630145,73.858757073232354,76.945889223244862,0ddebd4915dd2e264e24b7b25047d24f86c3cdf63930a1e6df77585e0b97de02
2,1000,transport_endpoint,1,890,75.968731343686898,74.411852787571064,77.493319754631855,0ddebd4915dd2e264e24b7b25047d24f86c3cdf63930a1e6df77585e0b97de02
2,1000,transport_endpoint,1,900,76.457905975149458,74.887708353214208,77.983588035105811,0ddebd4915dd2e264e24b7b25047d24f86c3cdf63930a1e6df77585e0b97de02
2,1000,transport_endpoint,1,910,76.972413260935255,75.385144824609043,78.515884145565281,0ddebd4915dd2e264e24b7b25047d24f86c3cdf63930a1e6df77585e0b97de02
2,1000,transport_endpoint,1,920,77.567028179260873,75.975387615443893,79.120138918791753,0ddebd4915dd2e264e24b7b25047d24f86c3cdf63930a1e6df77585e0b97de02
2,1000,transport_endpoint,1,930,78.155164071232662,76.553602660371325,79.701772828188098,0ddebd4915dd2e264e24b7b25047d24f86c3cdf63930a1e6df77585e0b97de02
2,1000,transport_endpoint,1,940,78.68681775384664,77.077544424407506,80.242724585934724,0ddebd4915dd2e264e24b7b25047d24f86c3cdf63930a1e6df77585e0b97de02
2,1000,transport_endpoint,1,950,79.253868942874476,77.639670598217961,80.810365403824989,0ddebd4915dd2e264e24b7b25047d24f86c3cdf63930a1e6df77585e0b97de02
2,1000,transport_endpoint,1,960,79.792084035140206,78.16688617211679,81.372093651022723,0ddebd4915dd2e264e24b7b25047d24f86c3cdf63930a1e6df77585e0b97de02
2,1000,transport_endpoint,1,970,80.235202399931154,78.605927045219588,81.809913771537538,0ddebd4915dd2e264e24b7b25047d24f86c3cdf63930a1e6df77585e0b97de02
2,1000,transport_endpoint,1,980,80.805387316074714,79.168657125465572,82.390672499268859,0ddebd4915dd2e264e24b7b25047d24f86c3cdf63930a1e6df77585e0b97de02
2,1000,transport_endpoint,1,990,81.383051652407062,79.747091767697256,82.966850981913311,0ddebd4915dd2e264e24b7b25047d24f86c3cdf63930a1e6df77585e0b97de02
2,1000,transport_endpoint,1,1000,81.893050375557706,80.258450084714639,83.483354698229718,0ddebd4915dd2e264e24b7b25047d24f86c3cdf63930a1e6df77585e0b97de02
2,1000,frozen_reference,2,1,0.20563860590878671,0.17032620160315537,0.24177502205275281,0ddebd4915dd2e264e24b7b25047d24f86c3cdf63930a1e6df77585e0b97de02
2,1000,frozen_reference,2,10,1.8176951099954448,1.745820438077899,1.8911883666475486,0ddebd4915dd2e264e24b7b25047d24f86c3cdf63930a1e6df77585e0b97de02
2,1000,frozen_reference,2,20,3.6156403953461291,3.5145991852379206,3.7162845508820861,0ddebd4915dd2e264e24b7b25047d24f86c3cdf63930a1e6df77585e0b97de02
2,1000,frozen_reference,2,30,5.3757567993558064,5.2641193540756035,5.4849657872598279,0ddebd4915dd2e264e24b7b25047d24f86c3cdf63930a1e6df77585e0b97de02
2,1000,frozen_reference,2,40,6.8909274656377724,6.7430271163936153,7.0302333688362149,0ddebd4915dd2e264e24b7b25047d24f86c3cdf63930a1e6df77585e0b97de02
2,1000,frozen_reference,2,50,8.3315953937860918,8.1916750730919947,8.4643636284016228,0ddebd4915dd2e264e24b7b25047d24f86c3cdf63930a1e6df77585e0b97de02
2,1000,frozen_reference,2,60,9.6641184133479712,9.5006311400051544,9.8275054796613563,0ddebd4915dd2e264e24b7b25047d24f86c3cdf63930a1e6df77585e0b97de02
2,1000,frozen_reference,2,70,10.968236237479113,10.787471031128367,11.157740852787864,0ddebd4915dd2e264e24b7b25047d24f86c3cdf63930a1e6df77585e0b97de02
2,1000,frozen_reference,2,80,12.225211148402732,12.051119279430832,12.399017854954113,0ddebd4915dd2e264e24b7b25047d24f86c3cdf63930a1e6df77585e0b97de02
2,1000,frozen_reference,2,90,13.447345791878334,13.267104667885187,13.624474645153768,0ddebd4915dd2e264e24b7b25047d24f86c3cdf63930a1e6df77585e0b97de02
2,1000,frozen_reference,2,100,14.667760464697752,14.456564821558295,14.878234482364249,0ddebd4915dd2e264e24b7b25047d24f86c3cdf63930a1e6df77585e0b97de02
2,1000,frozen_reference,2,110,15.880208328573662,15.653088084461665,16.106465721659845,0ddebd4915dd2e264e24b7b25047d24f86c3cdf63930a1e6df77585e0b97de02
2,1000,frozen_reference,2,120,16.962929636472929,16.718629123330878,17.207680865630032,0ddebd4915dd2e264e24b7b25047d24f86c3cdf63930a1e6df77585e0b97de02
2,1000,frozen_reference,2,130,18.058185992804265,17.789216172158703,18.324323619259395,0ddebd4915dd2e264e24b7b25047d24f86c3cdf63930a1e6df77585e0b97de02
2,1000,frozen_reference,2,140,19.113571257170975,18.846666067638537,19.380907680152657,0ddebd4915dd2e264e24b7b25047d24f86c3cdf63930a1e6df77585e0b97de02
2,1000,frozen_reference,2,150,20.195530317955559,19.910080759725652,20.483866902893929,0ddebd4915dd2e264e24b7b25047d24f86c3cdf63930a1e6df77585e0b97de02
2,1000,frozen_reference,2,160,21.262571591148081,20.93785648410914,21.592816878480377,0ddebd4915dd2e264e24b7b25047d24f86c3cdf63930a1e6df77585e0b97de02
2,1000,frozen_reference,2,170,22.327153683497581,21.981838746394203,22.684371805506625,0ddebd4915dd2e264e24b7b25047d24f86c3cdf63930a1e6df77585e0b97de02
2,1000,frozen_reference,2,180,23.449315110475048,23.08284046276782,23.834542323748099,0ddebd4915dd2e264e24b7b25047d24f86c3cdf63930a1e6df77585e0b97de02
2,1000,frozen_reference,2,190,24.450389492740509,24.065262951017715,24.854745338539434,0ddebd4915dd2e264e24b7b25047d24f86c3cdf63930a1e6df77585e0b97de02
2,1000,frozen_reference,2,200,25.483795112552468,25.086502762883182,25.892942285172097,0ddebd4915dd2e264e24b7b25047d24f86c3cdf63930a1e6df77585e0b97de02
2,1000,frozen_reference,2,210,26.393449150484134,25.961956057308338,26.831994052998212,0ddebd4915dd2e264e24b7b25047d24f86c3cdf63930a1e6df77585e0b97de02
2,1000,frozen_reference,2,220,27.397993657531536,26.95123653045275,27.851625621965081,0ddebd4915dd2e264e24b7b25047d24f86c3cdf63930a1e6df77585e0b97de02
2,1000,frozen_reference,2,230,28.368398873595599,27.912823023346711,28.828697837786066,0ddebd4915dd2e264e24b7b25047d24f86c3cdf63930a1e6df77585e0b97de02
2,1000,frozen_reference,2,240,29.240818188154147,28.770604348416036,29.716958297968414,0ddebd4915dd2e264e24b7b25047d24f86c3cdf63930a1e6df77585e0b97de02
2,1000,frozen_reference,2,250,30.230588559092684,29.724048208215301,30.742056299018174,0ddebd4915dd2e264e24b7b25047d24f86c3cdf63930a1e6df77585e0b97de02
2,1000,frozen_reference,2,260,31.075356449084936,30.559683467536512,31.584640075631018,0ddebd4915dd2e264e24b7b25047d24f86c3cdf63930a1e6df77585e0b97de02
2,1000,frozen_reference,2,270,31.989535746976618,31.428697277093903,32.541315727439994,0ddebd4915dd2e264e24b7b25047d24f86c3cdf63930a1e6df77585e0b97de02
2,1000,frozen_reference,2,280,32.912523866152249,32.330643319465452,33.480842267779593,0ddebd4915dd2e264e24b7b25047d24f86c3cdf63930a1e6df77585e0b97de02
2,1000,frozen_reference,2,290,33.796101074223614,33.198435078639555,34.38057476883111,0ddebd4915dd2e264e24b7b25047d24f86c3cdf63930a1e6df77585e0b97de02
2,1000,frozen_reference,2,300,34.622218092517365,34.0096015063816,35.217901103486135,0ddebd4915dd2e264e24b7b25047d24f86c3cdf63930a1e6df77585e0b97de02
2,1000,frozen_reference,2,310,35.511718910876141,34.856876690234323,36.13730303549665,0ddebd4915dd2e264e24b7b25047d24f86c3cdf63930a1e6df77585e0b97de02
2,1000,frozen_reference,2,320,36.394646456690715,35.716522129691292,37.043809611594611,0ddebd4915dd2e264e24b7b25047d24f86c3cdf63930a1e6df77585e0b97de02
2,1000,frozen_reference,2,330,37.28039992394779,36.60517299886066,37.928574209918914,0ddebd4915dd2e264e24b7b25047d24f86c3cdf63930a1e6df77585e0b97de02
2,1000,frozen_reference,2,340,38.193111011519122,37.504856171160334,38.860334498630515,0ddebd4915dd2e264e24b7b25047d24f86c3cdf63930a1e6df77585e0b97de02
2,1000,frozen_reference,2,350,39.026473194812809,38.324384426208177,39.701683237786419,0ddebd4915dd2e264e24b7b25047d24f86c3cdf63930a1e6df77585e0b97de02
2,1000,frozen_reference,2,360,39.758663696163786,39.052703354866509,40.446591781002162,0ddebd4915dd2e264e24b7b25047d24f86c3cdf63930a1e6df77585e0b97de02
2,1000,frozen_reference,2,370,40.555670143020471,39.845941271336279,41.247839639390619,0ddebd4915dd2e264e24b7b25047d24f86c3cdf63930a1e6df77585e0b97de02
2,1000,frozen_reference,2,380,41.329898163391228,40.613904730077195,42.043248528676585,0ddebd4915dd2e264e24b7b25047d24f86c3cdf63930a1e6df77585e0b97de02
2,1000,frozen_reference,2,390,42.111357315610825,41.382233679393778,42.826818243316005,0ddebd4915dd2e264e24b7b25047d24f86c3cdf63930a1e6df77585e0b97de02
2,1000,frozen_reference,2,400,42.792603528878587,42.061400328011814,43.514291860550223,0ddebd4915dd2e264e24b7b25047d24f86c3cdf63930a1e6df77585e0b97de02
2,1000,frozen_reference,2,410,43.5728965319324,42.814617141971873,44.309971032093841,0ddebd4915dd2e264e24b7b25047d24f86c3cdf63930a1e6df77585e0b97de02
2,1000,frozen_reference,2,420,44.311181298866899,43.525827415828189,45.078412403241209,0ddebd4915dd2e264e24b7b25047d24f86c3cdf63930a1e6df77585e0b97de02
2,1000,frozen_reference,2,430,45.058433470760832,44.266650633848649,45.841491193435061,0ddebd4915dd2e264e24b7b25047d24f86c3cdf63930a1e6df77585e0b97de02
2,1000,frozen_reference,2,440,45.804278551287887,44.999951021610265,46.599358013699472,0ddebd4915dd2e264e24b7b25047d24f86c3cdf63930a1e6df77585e0b97de02
2,1000,frozen_reference,2,450,46.657130148129781,45.827101924935477,47.484410068262768,0ddebd4915dd2e264e24b7b25047d24f86c3cdf63930a1e6df77585e0b97de02
2,1000,frozen_reference,2,460,47.396938073244193,46.530202487964019,48.251068433459949,0ddebd4915dd2e264e24b7b25047d24f86c3cdf63930a1e6df77585e0b97de02
2,1000,frozen_reference,2,470,48.195579148142485,47.297679355858996,49.083501558430065,0ddebd4915dd2e264e24b7b25047d24f86c3cdf63930a1e6df77585e0b97de02
2,1000,frozen_reference,2,480,48.952490445421169,48.0498821299106,49.845943791875712,0ddebd4915dd2e264e24b7b25047d24f86c3cdf63930a1e6df77585e0b97de02
2,1000,frozen_reference,2,490,49.691486081656109,48.793026427568869,50.581324117583904,0ddebd4915dd2e264e24b7b25047d24f86c3cdf63930a1e6df77585e0b97de02
2,1000,frozen_reference,2,500,50.444651750763853,49.530403410223123,51.348842388902646,0ddebd4915dd2e264e24b7b25047d24f86c3cdf63930a1e6df77585e0b97de02
2,1000,frozen_reference,2,510,51.101429136155872,50.17224375558083,52.02042770243262,0ddebd4915dd2e264e24b7b25047d24f86c3cdf63930a1e6df77585e0b97de02
2,1000,frozen_reference,2,520,51.81583903469437,50.872918472607836,52.75999435300961,0ddebd4915dd2e264e24b7b25047d24f86c3cdf63930a1e6df77585e0b97de02
2,1000,frozen_reference,2,530,52.558698236548416,51.586232635727434,53.525978064870138,0ddebd4915dd2e264e24b7b25047d24f86c3cdf63930a1e6df77585e0b97de02
2,1000,frozen_reference,2,540,53.252208934562788,52.271012894093076,54.235019429477482,0ddebd4915dd2e264e24b7b25047d24f86c3cdf63930a1e6df77585e0b97de02
2,1000,frozen_reference,2,550,53.86362222059411,52.870897682168156,54.855245408322453,0ddebd4915dd2e264e24b7b25047d24f86c3cdf63930a1e6df77585e0b97de02
2,1000,frozen_reference,2,560,54.569527008511095,53.577154948816265,55.541839934905461,0ddebd4915dd2e264e24b7b25047d24f86c3cdf63930a1e6df77585e0b97de02
2,1000,frozen_reference,2,570,55.275914525655516,54.260859074841768,56.27186738736971,0ddebd4915dd2e264e24b7b25047d24f86c3cdf63930a1e6df77585e0b97de02
2,1000,frozen_reference,2,580,55.993792501031436,54.952101641798734,57.016684746727755,0ddebd4915dd2e264e24b7b25047d24f86c3cdf63930a1e6df77585e0b97de02
2,1000,frozen_reference,2,590,56.683706378011919,55.624108902279929,57.719502980742874,0ddebd4915dd2e264e24b7b25047d24f86c3cdf63930a1e6df77585e0b97de02
2,1000,frozen_reference,2,600,57.344532413280959,56.266563912459944,58.387508742019456,0ddebd4915dd2e264e24b7b25047d24f86c3cdf63930a1e6df77585e0b97de02
2,1000,frozen_reference,2,610,57.9889144361711,56.912587133296263,59.034886613587837,0ddebd4915dd2e264e24b7b25047d24f86c3cdf63930a1e6df77585e0b97de02
2,1000,frozen_reference,2,620,58.695499795079279,57.619955793806511,59.745234874133871,0ddebd4915dd2e264e24b7b25047d24f86c3cdf63930a1e6df77585e0b97de02
2,1000,frozen_reference,2,630,59.318860231350548,58.266826664738488,60.354079426185088,0ddebd4915dd2e264e24b7b25047d24f86c3cdf63930a1e6df77585e0b97de02
2,1000,frozen_reference,2,640,59.964592938510833,58.895620318104392,61.010827659041155,0ddebd4915dd2e264e24b7b25047d24f86c3cdf63930a1e6df77585e0b97de02
2,1000,frozen_reference,2,650,60.584799484914591,59.503073833419279,61.644930915713218,0ddebd4915dd2e264e24b7b25047d24f86c3cdf63930a1e6df77585e0b97de02
2,1000,frozen_reference,2,660,61.151619248106236,60.05631798281123,62.22375509985433,0ddebd4915dd2e264e24b7b25047d24f86c3cdf63930a1e6df77585e0b97de02
2,1000,frozen_reference,2,670,61.838610121661496,60.741335765632172,62.91273294498901,0ddebd4915dd2e264e24b7b25047d24f86c3cdf63930a1e6df77585e0b97de02
2,1000,frozen_reference,2,680,62.505738371677353,61.405000787029344,63.587942084097044,0ddebd4915dd2e264e24b7b25047d24f86c3cdf63930a1e6df77585e0b97de02
2,1000,frozen_reference,2,690,63.209952958252686,62.092329921786046,64.301255738627646,0ddebd4915dd2e264e24b7b25047d24f86c3cdf63930a1e6df77585e0b97de02
2,1000,frozen_reference,2,700,63.86919844840542,62.73104962023384,64.986959164638222,0ddebd4915dd2e264e24b7b25047d24f86c3cdf63930a1e6df77585e0b97de02
2,1000,frozen_reference,2,710,64.57084699884949,63.410980473040667,65.718024511598074,0ddebd4915dd2e264e24b7b25047d24f86c3cdf63930a1e6df77585e0b97de02
2,1000,frozen_reference,2,720,65.186412312780107,64.005693798895976,66.357994528140352,0ddebd4915dd2e264e24b7b25047d24f86c3cdf63930a1e6df77585e0b97de02
2,1000,frozen_reference,2,730,65.84603900415766,64.636346297576154,67.021348402425502,0ddebd4915dd2e264e24b7b25047d24f86c3cdf63930a1e6df77585e0b97de02
2,1000,frozen_reference,2,740,66.495322648514716,65.289074099935377,67.663529294536289,0ddebd4915dd2e264e24b7b25047d24f86c3cdf63930a1e6df77585e0b97de02
2,1000,frozen_reference,2,750,67.047526601590818,65.829392084558407,68.226206255214322,0ddebd4915dd2e264e24b7b25047d24f86c3cdf63930a1e6df77585e0b97de02
2,1000,frozen_reference,2,760,67.661247540954264,66.424240596071641,68.858074843970115,0ddebd4915dd2e264e24b7b25047d24f86c3cdf63930a1e6df77585e0b97de02
2,1000,frozen_reference,2,770,68.298735371687414,67.020427228240692,69.524230826490779,0ddebd4915dd2e264e24b7b25047d24f86c3cdf63930a1e6df77585e0b97de02
2,1000,frozen_reference,2,780,68.995953063766422,67.709207304434727,70.220460700813817,0ddebd4915dd2e264e24b7b25047d24f86c3cdf63930a1e6df77585e0b97de02
2,1000,frozen_reference,2,790,69.604818668404249,68.319257994806918,70.838607677790392,0ddebd4915dd2e264e24b7b25047d24f86c3cdf63930a1e6df77585e0b97de02
2,1000,frozen_reference,2,800,70.229561039379149,68.928103966297869,71.471440280542311,0ddebd4915dd2e264e24b7b25047d24f86c3cdf63930a1e6df77585e0b97de02
2,1000,frozen_reference,2,810,70.864108992734259,69.524733068127148,72.157767670146143,0ddebd4915dd2e264e24b7b25047d24f86c3cdf63930a1e6df77585e0b97de02
2,1000,frozen_reference,2,820,71.49185906656048,70.138481204056447,72.788864715980466,0ddebd4915dd2e264e24b7b25047d24f86c3cdf63930a1e6df77585e0b97de02
2,1000,frozen_reference,2,830,72.098135670835319,70.72771319483617,73.402063919734502,0ddebd4915dd2e264e24b7b25047d24f86c3cdf63930a1e6df77585e0b97de02
2,1000,frozen_reference,2,840,72.746348067975987,71.384798797357647,74.053159130374496,0ddebd4915dd2e264e24b7b25047d24f86c3cdf63930a1e6df77585e0b97de02
2,1000,frozen_reference,2,850,73.250538891944899,71.870723098505138,74.566950546019356,0ddebd4915dd2e264e24b7b25047d24f86c3cdf63930a1e6df77585e0b97de02
2,1000,frozen_reference,2,860,73.855513869272912,72.461345239833932,75.207337410079006,0ddebd4915dd2e264e24b7b25047d24f86c3cdf63930a1e6df77585e0b97de02
2,1000,frozen_reference,2,870,74.489661222750271,73.081948545771809,75.85308771852705,0ddebd4915dd2e264e24b7b25047d24f86c3cdf63930a1e6df77585e0b97de02
2,1000,frozen_reference,2,880,75.10240737128413,73.675335517662646,76.47997306111543,0ddebd4915dd2e264e24b7b25047d24f86c3cdf63930a1e6df77585e0b97de02
2,1000,frozen_reference,2,890,75.682260813939351,74.262287223325174,77.035375552272598,0ddebd4915dd2e264e24b7b25047d24f86c3cdf63930a1e6df77585e0b97de02
2,1000,frozen_reference,2,900,76.152737817045619,74.729528466279362,77.503343542396706,0ddebd4915dd2e264e24b7b25047d24f86c3cdf63930a1e6df77585e0b97de02
2,1000,frozen_reference,2,910,76.694263705554164,75.261285110372029,78.050598793084632,0ddebd4915dd2e264e24b7b25047d24f86c3cdf63930a1e6df77585e0b97de02
2,1000,frozen_reference,2,920,77.252035564544741,75.809370308488681,78.605206852590513,0ddebd4915dd2e264e24b7b25047d24f86c3cdf63930a1e6df77585e0b97de02
2,1000,frozen_reference,2,930,77.837937558710294,76.383643359732233,79.21392013355802,0ddebd4915dd2e264e24b7b25047d24f86c3cdf63930a1e6df77585e0b97de02
2,1000,frozen_reference,2,940,78.394323233704597,76.933202852501708,79.775085083510419,0ddebd4915dd2e264e24b7b25047d24f86c3cdf63930a1e6df77585e0b97de02
2,1000,frozen_reference,2,950,78.991399075601549,77.523221837661723,80.38872427887361,0ddebd4915dd2e264e24b7b25047d24f86c3cdf63930a1e6df77585e0b97de02
2,1000,frozen_reference,2,960,79.530330766468339,78.049540842937333,80.938869943598249,0ddebd4915dd2e264e24b7b25047d24f86c3cdf63930a1e6df77585e0b97de02
2,1000,frozen_reference,2,970,80.007285753684897,78.525326223979803,81.411319135375308,0ddebd4915dd2e264e24b7b25047d24f86c3cdf63930a1e6df77585e0b97de02
2,1000,frozen_reference,2,980,80.582582354501596,79.097960561856837,81.977450661288813,0ddebd4915dd2e264e24b7b25047d24f86c3cdf63930a1e6df77585e0b97de02
2,1000,frozen_reference,2,990,81.175960950711882,79.696273562404372,82.56585816515495,0ddebd4915dd2e264e24b7b25047d24f86c3cdf63930a1e6df77585e0b97de02
2,1000,frozen_reference,2,1000,81.670686275692148,80.18649832486561,83.06986208347702,0ddebd4915dd2e264e24b7b25047d24f86c3cdf63930a1e6df77585e0b97de02
2,1000,naive_current,3,1,0.20563860590878671,0.17032620160315537,0.24177502205275281,0ddebd4915dd2e264e24b7b25047d24f86c3cdf63930a1e6df77585e0b97de02
2,1000,naive_current,3,10,1.7932700219070181,1.7174819385561937,1.8706681527182021,0ddebd4915dd2e264e24b7b25047d24f86c3cdf63930a1e6df77585e0b97de02
2,1000,naive_current,3,20,3.5713729496359008,3.4698485906406016,3.6748557722474051,0ddebd4915dd2e264e24b7b25047d24f86c3cdf63930a1e6df77585e0b97de02
2,1000,naive_current,3,30,5.358520939057863,5.2534074215932769,5.4610994917591018,0ddebd4915dd2e264e24b7b25047d24f86c3cdf63930a1e6df77585e0b97de02
2,1000,naive_current,3,40,6.8768181524179672,6.7298482537158373,7.0162122939921359,0ddebd4915dd2e264e24b7b25047d24f86c3cdf63930a1e6df77585e0b97de02
2,1000,naive_current,3,50,8.3135490040728204,8.1703518107426163,8.446403022072257,0ddebd4915dd2e264e24b7b25047d24f86c3cdf63930a1e6df77585e0b97de02
2,1000,naive_current,3,60,9.6221771687610698,9.4667945542939957,9.768313105307092,0ddebd4915dd2e264e24b7b25047d24f86c3cdf63930a1e6df77585e0b97de02
2,1000,naive_current,3,70,10.923679984732907,10.753336163442045,11.095181118280863,0ddebd4915dd2e264e24b7b25047d24f86c3cdf63930a1e6df77585e0b97de02
2,1000,naive_current,3,80,12.172094920618642,12.003545961812478,12.343578996732266,0ddebd4915dd2e264e24b7b25047d24f86c3cdf63930a1e6df77585e0b97de02
2,1000,naive_current,3,90,13.378565139218651,13.193939597115453,13.567592658674386,0ddebd4915dd2e264e24b7b25047d24f86c3cdf63930a1e6df77585e0b97de02
2,1000,naive_current,3,100,14.5962346700863,14.394982379076854,14.793488253726416,0ddebd4915dd2e264e24b7b25047d24f86c3cdf63930a1e6df77585e0b97de02
2,1000,naive_current,3,110,15.758833282020086,15.53338529923527,15.98123682390467,0ddebd4915dd2e264e24b7b25047d24f86c3cdf63930a1e6df77585e0b97de02
2,1000,naive_current,3,120,16.85520536164336,16.635658242068374,17.072530054021637,0ddebd4915dd2e264e24b7b25047d24f86c3cdf63930a1e6df77585e0b97de02
2,1000,naive_current,3,130,17.94307546877771,17.691315408678019,18.195827537703021,0ddebd4915dd2e264e24b7b25047d24f86c3cdf63930a1e6df77585e0b97de02
2,1000,naive_current,3,140,18.974105048901595,18.706229738357749,19.234451276223876,0ddebd4915dd2e264e24b7b25047d24f86c3cdf63930a1e6df77585e0b97de02
2,1000,naive_current,3,150,20.095377313503366,19.826095576571287,20.366258972378155,0ddebd4915dd2e264e24b7b25047d24f86c3cdf63930a1e6df77585e0b97de02
2,1000,naive_current,3,160,21.158590715938303,20.862058799915143,21.455224419551733,0ddebd4915dd2e264e24b7b25047d24f86c3cdf63930a1e6df77585e0b97de02
2,1000,naive_current,3,170,22.179558025973812,21.863599038527592,22.49556021205937,0ddebd4915dd2e264e24b7b25047d24f86c3cdf63930a1e6df77585e0b97de02
2,1000,naive_current,3,180,23.312121144342772,22.984685386160542,23.64629785987232,0ddebd4915dd2e264e24b7b25047d24f86c3cdf63930a1e6df77585e0b97de02
2,1000,naive_current,3,190,24.343685373088675,23.999651511236589,24.695049191151824,0ddebd4915dd2e264e24b7b25047d24f86c3cdf63930a1e6df77585e0b97de02
2,1000,naive_current,3,200,25.35018211798938,24.984361377773254,25.718134923154111,0ddebd4915dd2e264e24b7b25047d24f86c3cdf63930a1e6df77585e0b97de02
2,1000,naive_current,3,210,26.276880501400989,25.87674800468859,26.680213360694793,0ddebd4915dd2e264e24b7b25047d24f86c3cdf63930a1e6df77585e0b97de02
2,1000,naive_current,3,220,27.299851897343245,26.881407084334704,27.716974951579378,0ddebd4915dd2e264e24b7b25047d24f86c3cdf63930a1e6df77585e0b97de02
2,1000,naive_current,3,230,28.283043576474032,27.849389105812705,28.709126543343913,0ddebd4915dd2e264e24b7b25047d24f86c3cdf63930a1e6df77585e0b97de02
2,1000,naive_current,3,240,29.157539799816629,28.688924711372287,29.623730904154673,0ddebd4915dd2e264e24b7b25047d24f86c3cdf63930a1e6df77585e0b97de02
2,1000,naive_current,3,250,30.16213415673321,29.664713829071626,30.660569527809631,0ddebd4915dd2e264e24b7b25047d24f86c3cdf63930a1e6df77585e0b97de02
2,1000,naive_current,3,260,31.006180293275925,30.475472900421,31.526868097685085,0ddebd4915dd2e264e24b7b25047d24f86c3cdf63930a1e6df77585e0b97de02
2,1000,naive_current,3,270,31.970192034300762,31.405124944011156,32.535198159638917,0ddebd4915dd2e264e24b7b25047d24f86c3cdf63930a1e6df77585e0b97de02
2,1000,naive_current,3,280,32.915378685750731,32.334030711135235,33.485113562290877,0ddebd4915dd2e264e24b7b25047d24f86c3cdf63930a1e6df77585e0b97de02
2,1000,naive_current,3,290,33.785430018385355,33.187416590494429,34.365707450542232,0ddebd4915dd2e264e24b7b25047d24f86c3cdf63930a1e6df77585e0b97de02
2,1000,naive_current,3,300,34.596684097648705,33.983839184828319,35.194038314396245,0ddebd4915dd2e264e24b7b25047d24f86c3cdf63930a1e6df77585e0b97de02
2,1000,naive_current,3,310,35.476151519769978,34.826366518030291,36.085637911229753,0ddebd4915dd2e264e24b7b25047d24f86c3cdf63930a1e6df77585e0b97de02
2,1000,naive_current,3,320,36.377782122853276,35.68854373973624,37.016666790288532,0ddebd4915dd2e264e24b7b25047d24f86c3cdf63930a1e6df77585e0b97de02
2,1000,naive_current,3,330,37.246936784064516,36.562699961737671,37.896637875921769,0ddebd4915dd2e264e24b7b25047d24f86c3cdf63930a1e6df77585e0b97de02
2,1000,naive_current,3,340,38.159565053721984,37.477281124092876,38.816326448628679,0ddebd4915dd2e264e24b7b25047d24f86c3cdf63930a1e6df77585e0b97de02
2,1000,naive_current,3,350,38.975033574417601,38.277201373681187,39.643221499591718,0ddebd4915dd2e264e24b7b25047d24f86c3cdf63930a1e6df77585e0b97de02
2,1000,naive_current,3,360,39.719577003856593,39.009887300439679,40.403326312423616,0ddebd4915dd2e264e24b7b25047d24f86c3cdf63930a1e6df77585e0b97de02
2,1000,naive_current,3,370,40.503413601153333,39.77650652306199,41.201743971644625,0ddebd4915dd2e264e24b7b25047d24f86c3cdf63930a1e6df77585e0b97de02
2,1000,naive_current,3,380,41.305499921123904,40.563594890137914,42.028115609887486,0ddebd4915dd2e264e24b7b25047d24f86c3cdf63930a1e6df77585e0b97de02
2,1000,naive_current,3,390,42.08526855527235,41.323420836353662,42.831608842831031,0ddebd4915dd2e264e24b7b25047d24f86c3cdf63930a1e6df77585e0b97de02
2,1000,naive_current,3,400,42.809155289076955,42.051217453616935,43.547536909271109,0ddebd4915dd2e264e24b7b25047d24f86c3cdf63930a1e6df77585e0b97de02
2,1000,naive_current,3,410,43.594593678468925,42.803745283890954,44.370180489336512,0ddebd4915dd2e264e24b7b25047d24f86c3cdf63930a1e6df77585e0b97de02
2,1000,naive_current,3,420,44.376049840371437,43.549405760744648,45.181654045792911,0ddebd4915dd2e264e24b7b25047d24f86c3cdf63930a1e6df77585e0b97de02
2,1000,naive_current,3,430,45.1519937385956,44.309856921965974,45.980094507081816,0ddebd4915dd2e264e24b7b25047d24f86c3cdf63930a1e6df77585e0b97de02
2,1000,naive_current,3,440,45.863425084648242,45.01149103696423,46.695456262320967,0ddebd4915dd2e264e24b7b25047d24f86c3cdf63930a1e6df77585e0b97de02
2,1000,naive_current,3,450,46.684994058748359,45.797822451182121,47.543415688853429,0ddebd4915dd2e264e24b7b25047d24f86c3cdf63930a1e6df77585e0b97de02
2,1000,naive_current,3,460,47.459267089697477,46.523915529381703,48.357390116013349,0ddebd4915dd2e264e24b7b25047d24f86c3cdf63930a1e6df77585e0b97de02
2,1000,naive_current,3,470,48.205285837166706,47.241284229957451,49.125848964452572,0ddebd4915dd2e264e24b7b25047d24f86c3cdf63930a1e6df77585e0b97de02
2,1000,naive_current,3,480,48.897663874309771,47.93220922117051,49.817561099429845,0ddebd4915dd2e264e24b7b25047d24f86c3cdf63930a1e6df77585e0b97de02
2,1000,naive_current,3,490,49.654560379649354,48.688356461827063,50.572525265360468,0ddebd4915dd2e264e24b7b25047d24f86c3cdf63930a1e6df77585e0b97de02
2,1000,naive_current,3,500,50.394678948682923,49.413610946346672,51.318141574547269,0ddebd4915dd2e264e24b7b25047d24f86c3cdf63930a1e6df77585e0b97de02
2,1000,naive_current,3,510,51.082883301325381,50.100867491821845,52.024980780964405,0ddebd4915dd2e264e24b7b25047d24f86c3cdf63930a1e6df77585e0b97de02
2,1000,naive_current,3,520,51.842964844724477,50.847602803989687,52.800892412036319,0ddebd4915dd2e264e24b7b25047d24f86c3cdf63930a1e6df77585e0b97de02
2,1000,naive_current,3,530,52.577923827849546,51.536718567037113,53.568580568325771,0ddebd4915dd2e264e24b7b25047d24f86c3cdf63930a1e6df77585e0b97de02
2,1000,naive_current,3,540,53.316405816746226,52.264400232806821,54.341444552453538,0ddebd4915dd2e264e24b7b25047d24f86c3cdf63930a1e6df77585e0b97de02
2,1000,naive_current,3,550,53.937693187027492,52.879532229329193,54.967273955053408,0ddebd4915dd2e264e24b7b25047d24f86c3cdf63930a1e6df77585e0b97de02
2,1000,naive_current,3,560,54.639695741554362,53.576114408670207,55.670418173778515,0ddebd4915dd2e264e24b7b25047d24f86c3cdf63930a1e6df77585e0b97de02
2,1000,naive_current,3,570,55.353759561846317,54.284141940752669,56.391847687416487,0ddebd4915dd2e264e24b7b25047d24f86c3cdf63930a1e6df77585e0b97de02
2,1000,naive_current,3,580,56.052909658134539,54.943091373508857,57.115239804100334,0ddebd4915dd2e264e24b7b25047d24f86c3cdf63930a1e6df77585e0b97de02
2,1000,naive_current,3,590,56.74184891965109,55.633498008981014,57.803528016688638,0ddebd4915dd2e264e24b7b25047d24f86c3cdf63930a1e6df77585e0b97de02
2,1000,naive_current,3,600,57.426528429191627,56.305837335504293,58.525863965614441,0ddebd4915dd2e264e24b7b25047d24f86c3cdf63930a1e6df77585e0b97de02
2,1000,naive_current,3,610,58.076807642995625,56.938745765439336,59.18029800694179,0ddebd4915dd2e264e24b7b25047d24f86c3cdf63930a1e6df77585e0b97de02
2,1000,naive_current,3,620,58.762623804986291,57.60770624592999,59.878586353069423,0ddebd4915dd2e264e24b7b25047d24f86c3cdf63930a1e6df77585e0b97de02
2,1000,naive_current,3,630,59.410101905178202,58.257589951260201,60.512701262709761,0ddebd4915dd2e264e24b7b25047d24f86c3cdf63930a1e6df77585e0b97de02
2,1000,naive_current,3,640,60.090548449716216,58.935019631447027,61.202555837547699,0ddebd4915dd2e264e24b7b25047d24f86c3cdf63930a1e6df77585e0b97de02
2,1000,naive_current,3,650,60.740286414069089,59.558320872356227,61.878237423001302,0ddebd4915dd2e264e24b7b25047d24f86c3cdf63930a1e6df77585e0b97de02
2,1000,naive_current,3,660,61.3100413878579,60.115187937423897,62.460215118468575,0ddebd4915dd2e264e24b7b25047d24f86c3cdf63930a1e6df77585e0b97de02
2,1000,naive_current,3,670,62.011891089523189,60.788041860175888,63.196690941652989,0ddebd4915dd2e264e24b7b25047d24f86c3cdf63930a1e6df77585e0b97de02
2,1000,naive_current,3,680,62.705151610177879,61.481685723890806,63.897883558797325,0ddebd4915dd2e264e24b7b25047d24f86c3cdf63930a1e6df77585e0b97de02
2,1000,naive_current,3,690,63.433988886662412,62.197462330480739,64.646667601963728,0ddebd4915dd2e264e24b7b25047d24f86c3cdf63930a1e6df77585e0b97de02
2,1000,naive_current,3,700,64.074151595859632,62.821812773234882,65.295281164583059,0ddebd4915dd2e264e24b7b25047d24f86c3cdf63930a1e6df77585e0b97de02
2,1000,naive_current,3,710,64.741522301025711,63.464429635040133,65.979245793464543,0ddebd4915dd2e264e24b7b25047d24f86c3cdf63930a1e6df77585e0b97de02
2,1000,naive_current,3,720,65.384476285763895,64.093851539814537,66.640855953272549,0ddebd4915dd2e264e24b7b25047d24f86c3cdf63930a1e6df77585e0b97de02
2,1000,naive_current,3,730,66.04178801339043,64.736989787011439,67.302603289005077,0ddebd4915dd2e264e24b7b25047d24f86c3cdf63930a1e6df77585e0b97de02
2,1000,naive_current,3,740,66.717570457049177,65.397949524879934,67.994682732826192,0ddebd4915dd2e264e24b7b25047d24f86c3cdf63930a1e6df77585e0b97de02
2,1000,naive_current,3,750,67.292489148896223,65.959666835305029,68.585638013245074,0ddebd4915dd2e264e24b7b25047d24f86c3cdf63930a1e6df77585e0b97de02
2,1000,naive_current,3,760,67.879826732451349,66.532215924457134,69.194520859757361,0ddebd4915dd2e264e24b7b25047d24f86c3cdf63930a1e6df77585e0b97de02
2,1000,naive_current,3,770,68.583078243259166,67.190850914496139,69.936201942727166,0ddebd4915dd2e264e24b7b25047d24f86c3cdf63930a1e6df77585e0b97de02
2,1000,naive_current,3,780,69.27600912793892,67.850714331881278,70.654881396849461,0ddebd4915dd2e264e24b7b25047d24f86c3cdf63930a1e6df77585e0b97de02
2,1000,naive_current,3,790,69.915206034582923,68.481423306554873,71.310749549670248,0ddebd4915dd2e264e24b7b25047d24f86c3cdf63930a1e6df77585e0b97de02
2,1000,naive_current,3,800,70.595172891694631,69.155092630705028,71.993852749832868,0ddebd4915dd2e264e24b7b25047d24f86c3cdf63930a1e6df77585e0b97de02
2,1000,naive_current,3,810,71.217588603903835,69.754564270909299,72.653909034043977,0ddebd4915dd2e264e24b7b25047d24f86c3cdf63930a1e6df77585e0b97de02
2,1000,naive_current,3,820,71.813735510666348,70.335538599109825,73.253671504411201,0ddebd4915dd2e264e24b7b25047d24f86c3cdf63930a1e6df77585e0b97de02
2,1000,naive_current,3,830,72.463936804373446,70.970139572116437,73.916882995767011,0ddebd4915dd2e264e24b7b25047d24f86c3cdf63930a1e6df77585e0b97de02
2,1000,naive_current,3,840,73.094756842949963,71.615271319780589,74.549193491926019,0ddebd4915dd2e264e24b7b25047d24f86c3cdf63930a1e6df77585e0b97de02
2,1000,naive_current,3,850,73.611699015568604,72.111705972605833,75.089465306485351,0ddebd4915dd2e264e24b7b25047d24f86c3cdf63930a1e6df77585e0b97de02
2,1000,naive_current,3,860,74.208696360725483,72.684421688316846,75.716396495943187,0ddebd4915dd2e264e24b7b25047d24f86c3cdf63930a1e6df77585e0b97de02
2,1000,naive_current,3,870,74.812240657493732,73.284729287530169,76.332200223624397,0ddebd4915dd2e264e24b7b25047d24f86c3cdf63930a1e6df77585e0b97de02
2,1000,naive_current,3,880,75.415050967461099,73.862893781473801,76.947498572875332,0ddebd4915dd2e264e24b7b25047d24f86c3cdf63930a1e6df77585e0b97de02
2,1000,naive_current,3,890,75.96377449692983,74.403312150884588,77.492590712263009,0ddebd4915dd2e264e24b7b25047d24f86c3cdf63930a1e6df77585e0b97de02
2,1000,naive_current,3,900,76.454340821399441,74.884180979095888,77.978987327465234,0ddebd4915dd2e264e24b7b25047d24f86c3cdf63930a1e6df77585e0b97de02
2,1000,naive_current,3,910,76.978847818602873,75.392095109441186,78.52151884394172,0ddebd4915dd2e264e24b7b25047d24f86c3cdf63930a1e6df77585e0b97de02
2,1000,naive_current,3,920,77.569438166162584,75.975938788563994,79.123351776015738,0ddebd4915dd2e264e24b7b25047d24f86c3cdf63930a1e6df77585e0b97de02
2,1000,naive_current,3,930,78.164155325675708,76.563078291014065,79.710770476237599,0ddebd4915dd2e264e24b7b25047d24f86c3cdf63930a1e6df77585e0b97de02
2,1000,naive_current,3,940,78.699682970461907,77.094360870547163,80.252473796398121,0ddebd4915dd2e264e24b7b25047d24f86c3cdf63930a1e6df77585e0b97de02
2,1000,naive_current,3,950,79.256424598570206,77.643514035507494,80.812921059520704,0ddebd4915dd2e264e24b7b25047d24f86c3cdf63930a1e6df77585e0b97de02
2,1000,naive_current,3,960,79.793341260194424,78.168205691045472,81.372125669440734,0ddebd4915dd2e264e24b7b25047d24f86c3cdf63930a1e6df77585e0b97de02
2,1000,naive_current,3,970,80.237217719038568,78.606658373199323,81.811929090644966,0ddebd4915dd2e264e24b7b25047d24f86c3cdf63930a1e6df77585e0b97de02
2,1000,naive_current,3,980,80.805526386699682,79.168799672856181,82.390675976034473,0ddebd4915dd2e264e24b7b25047d24f86c3cdf63930a1e6df77585e0b97de02
2,1000,naive_current,3,990,81.377861976741727,79.739857932278397,82.966693171233558,0ddebd4915dd2e264e24b7b25047d24f86c3cdf63930a1e6df77585e0b97de02
2,1000,naive_current,3,1000,81.882902352988893,80.246886517477407,83.482604722942611,0ddebd4915dd2e264e24b7b25047d24f86c3cdf63930a1e6df77585e0b97de02
